date,taux
2001-01-02,5.520000
2001-01-03,5.630000
2001-01-04,5.620000
2001-01-05,5.610000
2001-01-08,5.660000
2001-01-09,5.650000
2001-01-10,5.680000
2001-01-11,5.700000
2001-01-12,5.720000
2001-01-15,5.720000
2001-01-16,5.700000
2001-01-17,5.660000
2001-01-18,5.670000
2001-01-19,5.710000
2001-01-22,5.730000
2001-01-23,5.750000
2001-01-24,5.780000
2001-01-25,5.730000
2001-01-26,5.740000
2001-01-29,5.760000
2001-01-30,5.740000
2001-01-31,5.720000
2001-02-01,5.660000
2001-02-02,5.690000
2001-02-05,5.670000
2001-02-06,5.660000
2001-02-07,5.670000
2001-02-08,5.650000
2001-02-09,5.630000
2001-02-12,5.660000
2001-02-13,5.660000
2001-02-14,5.690000
2001-02-15,5.720000
2001-02-16,5.700000
2001-02-19,5.710000
2001-02-20,5.710000
2001-02-21,5.730000
2001-02-22,5.750000
2001-02-23,5.750000
2001-02-26,5.730000
2001-02-27,5.650000
2001-02-28,5.660000
2001-03-01,5.630000
2001-03-02,5.650000
2001-03-05,5.640000
2001-03-06,5.650000
2001-03-07,5.610000
2001-03-08,5.610000
2001-03-09,5.600000
2001-03-12,5.560000
2001-03-13,5.590000
2001-03-14,5.560000
2001-03-15,5.570000
2001-03-16,5.560000
2001-03-19,5.580000
2001-03-20,5.560000
2001-03-21,5.600000
2001-03-22,5.580000
2001-03-23,5.640000
2001-03-26,5.710000
2001-03-27,5.790000
2001-03-28,5.790000
2001-03-29,5.820000
2001-03-30,5.780000
2001-04-02,5.850000
2001-04-03,5.780000
2001-04-04,5.800000
2001-04-05,5.840000
2001-04-06,5.800000
2001-04-09,5.820000
2001-04-10,5.880000
2001-04-11,5.880000
2001-04-12,5.890000
2001-04-16,5.940000
2001-04-17,5.930000
2001-04-18,5.890000
2001-04-19,6.020000
2001-04-20,6.020000
2001-04-23,5.960000
2001-04-24,5.980000
2001-04-25,5.970000
2001-04-26,5.940000
2001-04-27,6.010000
2001-04-30,6.020000
2001-05-01,5.990000
2001-05-02,5.980000
2001-05-03,5.910000
2001-05-04,5.940000
2001-05-07,5.960000
2001-05-08,6.010000
2001-05-09,5.960000
2001-05-10,6.000000
2001-05-11,6.070000
2001-05-14,6.100000
2001-05-15,6.110000
2001-05-16,6.090000
2001-05-17,6.050000
2001-05-18,6.030000
2001-05-22,6.040000
2001-05-23,6.040000
2001-05-24,6.060000
2001-05-25,6.050000
2001-05-28,6.040000
2001-05-29,6.020000
2001-05-30,6.030000
2001-05-31,5.940000
2001-06-01,5.900000
2001-06-04,5.860000
2001-06-05,5.850000
2001-06-06,5.870000
2001-06-07,5.930000
2001-06-08,5.920000
2001-06-11,5.870000
2001-06-12,5.840000
2001-06-13,5.880000
2001-06-14,5.870000
2001-06-15,5.890000
2001-06-18,5.920000
2001-06-19,5.950000
2001-06-20,5.930000
2001-06-21,5.870000
2001-06-22,5.840000
2001-06-25,5.870000
2001-06-26,5.920000
2001-06-27,5.890000
2001-06-28,5.960000
2001-06-29,6.010000
2001-07-03,6.020000
2001-07-04,6.020000
2001-07-05,6.030000
2001-07-06,6.020000
2001-07-09,5.990000
2001-07-10,5.980000
2001-07-11,6.000000
2001-07-12,6.000000
2001-07-13,5.990000
2001-07-16,5.970000
2001-07-17,5.970000
2001-07-18,5.900000
2001-07-19,5.930000
2001-07-20,5.910000
2001-07-23,5.890000
2001-07-24,5.900000
2001-07-25,5.940000
2001-07-26,5.900000
2001-07-27,5.860000
2001-07-30,5.870000
2001-07-31,5.890000
2001-08-01,5.910000
2001-08-02,5.940000
2001-08-03,5.930000
2001-08-07,5.910000
2001-08-08,5.840000
2001-08-09,5.840000
2001-08-10,5.810000
2001-08-13,5.790000
2001-08-14,5.790000
2001-08-15,5.810000
2001-08-16,5.790000
2001-08-17,5.750000
2001-08-20,5.770000
2001-08-21,5.760000
2001-08-22,5.750000
2001-08-23,5.730000
2001-08-24,5.750000
2001-08-27,5.740000
2001-08-28,5.720000
2001-08-29,5.670000
2001-08-30,5.710000
2001-08-31,5.700000
2001-09-04,5.810000
2001-09-05,5.810000
2001-09-06,5.730000
2001-09-07,5.690000
2001-09-10,5.730000
2001-09-11,5.690000
2001-09-12,5.680000
2001-09-13,5.720000
2001-09-14,5.650000
2001-09-17,5.700000
2001-09-18,5.800000
2001-09-19,5.840000
2001-09-20,5.890000
2001-09-21,5.910000
2001-09-24,5.910000
2001-09-25,5.900000
2001-09-26,5.860000
2001-09-27,5.800000
2001-09-28,5.800000
2001-10-01,5.780000
2001-10-02,5.720000
2001-10-03,5.710000
2001-10-04,5.720000
2001-10-05,5.710000
2001-10-09,5.770000
2001-10-10,5.790000
2001-10-11,5.830000
2001-10-12,5.840000
2001-10-15,5.810000
2001-10-16,5.750000
2001-10-17,5.710000
2001-10-18,5.700000
2001-10-19,5.740000
2001-10-22,5.760000
2001-10-23,5.760000
2001-10-24,5.720000
2001-10-25,5.690000
2001-10-26,5.680000
2001-10-29,5.640000
2001-10-30,5.570000
2001-10-31,5.310000
2001-11-01,5.310000
2001-11-02,5.410000
2001-11-05,5.330000
2001-11-06,5.310000
2001-11-07,5.280000
2001-11-08,5.300000
2001-11-09,5.290000
2001-11-13,5.340000
2001-11-14,5.450000
2001-11-15,5.580000
2001-11-16,5.630000
2001-11-19,5.610000
2001-11-20,5.670000
2001-11-21,5.720000
2001-11-22,5.720000
2001-11-23,5.710000
2001-11-26,5.670000
2001-11-27,5.620000
2001-11-28,5.590000
2001-11-29,5.500000
2001-11-30,5.510000
2001-12-03,5.470000
2001-12-04,5.480000
2001-12-05,5.640000
2001-12-06,5.680000
2001-12-07,5.760000
2001-12-10,5.730000
2001-12-11,5.690000
2001-12-12,5.650000
2001-12-13,5.700000
2001-12-14,5.740000
2001-12-17,5.750000
2001-12-18,5.710000
2001-12-19,5.650000
2001-12-20,5.640000
2001-12-21,5.650000
2001-12-24,5.690000
2001-12-27,5.690000
2001-12-28,5.710000
2001-12-31,5.650000
2002-01-02,5.700000
2002-01-03,5.670000
2002-01-04,5.680000
2002-01-07,5.630000
2002-01-08,5.640000
2002-01-09,5.600000
2002-01-10,5.580000
2002-01-11,5.530000
2002-01-14,5.540000
2002-01-15,5.560000
2002-01-16,5.580000
2002-01-17,5.650000
2002-01-18,5.610000
2002-01-21,5.620000
2002-01-22,5.630000
2002-01-23,5.680000
2002-01-24,5.700000
2002-01-25,5.710000
2002-01-28,5.690000
2002-01-29,5.650000
2002-01-30,5.680000
2002-01-31,5.680000
2002-02-01,5.670000
2002-02-04,5.600000
2002-02-05,5.600000
2002-02-06,5.620000
2002-02-07,5.640000
2002-02-08,5.630000
2002-02-11,5.650000
2002-02-12,5.690000
2002-02-13,5.700000
2002-02-14,5.700000
2002-02-15,5.650000
2002-02-18,5.670000
2002-02-19,5.700000
2002-02-20,5.680000
2002-02-21,5.660000
2002-02-22,5.630000
2002-02-25,5.660000
2002-02-26,5.720000
2002-02-27,5.690000
2002-02-28,5.710000
2002-03-01,5.780000
2002-03-04,5.810000
2002-03-05,5.810000
2002-03-06,5.820000
2002-03-07,5.870000
2002-03-08,5.910000
2002-03-11,5.890000
2002-03-12,5.890000
2002-03-13,5.900000
2002-03-14,5.980000
2002-03-15,5.930000
2002-03-18,5.900000
2002-03-19,5.890000
2002-03-20,5.950000
2002-03-21,5.960000
2002-03-22,5.970000
2002-03-25,6.000000
2002-03-26,5.960000
2002-03-27,5.980000
2002-03-28,5.970000
2002-04-01,5.980000
2002-04-02,5.950000
2002-04-03,5.930000
2002-04-04,5.900000
2002-04-05,5.880000
2002-04-08,5.930000
2002-04-09,5.910000
2002-04-10,5.920000
2002-04-11,5.890000
2002-04-12,5.870000
2002-04-15,5.840000
2002-04-16,5.870000
2002-04-17,5.930000
2002-04-18,5.930000
2002-04-19,5.940000
2002-04-22,5.950000
2002-04-23,5.940000
2002-04-24,5.920000
2002-04-25,5.910000
2002-04-26,5.900000
2002-04-29,5.910000
2002-04-30,5.900000
2002-05-01,5.870000
2002-05-02,5.890000
2002-05-03,5.850000
2002-05-06,5.830000
2002-05-07,5.840000
2002-05-08,5.910000
2002-05-09,5.880000
2002-05-10,5.880000
2002-05-13,5.940000
2002-05-14,5.980000
2002-05-15,5.990000
2002-05-16,5.950000
2002-05-17,5.970000
2002-05-21,5.900000
2002-05-22,5.890000
2002-05-23,5.870000
2002-05-24,5.840000
2002-05-27,5.860000
2002-05-28,5.830000
2002-05-29,5.780000
2002-05-30,5.770000
2002-05-31,5.790000
2002-06-03,5.780000
2002-06-04,5.810000
2002-06-05,5.840000
2002-06-06,5.810000
2002-06-07,5.810000
2002-06-10,5.800000
2002-06-11,5.780000
2002-06-12,5.770000
2002-06-13,5.730000
2002-06-14,5.670000
2002-06-17,5.700000
2002-06-18,5.710000
2002-06-19,5.670000
2002-06-20,5.710000
2002-06-21,5.680000
2002-06-24,5.710000
2002-06-25,5.670000
2002-06-26,5.740000
2002-06-27,5.790000
2002-06-28,5.810000
2002-07-02,5.740000
2002-07-03,5.750000
2002-07-04,5.760000
2002-07-05,5.820000
2002-07-08,5.810000
2002-07-09,5.790000
2002-07-10,5.760000
2002-07-11,5.770000
2002-07-12,5.720000
2002-07-15,5.770000
2002-07-16,5.790000
2002-07-17,5.780000
2002-07-18,5.760000
2002-07-19,5.680000
2002-07-22,5.650000
2002-07-23,5.660000
2002-07-24,5.730000
2002-07-25,5.680000
2002-07-26,5.740000
2002-07-29,5.800000
2002-07-30,5.790000
2002-07-31,5.730000
2002-08-01,5.700000
2002-08-02,5.690000
2002-08-06,5.700000
2002-08-07,5.700000
2002-08-08,5.700000
2002-08-09,5.650000
2002-08-12,5.610000
2002-08-13,5.560000
2002-08-14,5.590000
2002-08-15,5.600000
2002-08-16,5.640000
2002-08-19,5.590000
2002-08-20,5.520000
2002-08-21,5.540000
2002-08-22,5.610000
2002-08-23,5.560000
2002-08-26,5.540000
2002-08-27,5.590000
2002-08-28,5.580000
2002-08-29,5.540000
2002-08-30,5.510000
2002-09-03,5.400000
2002-09-04,5.400000
2002-09-05,5.390000
2002-09-06,5.430000
2002-09-09,5.420000
2002-09-10,5.410000
2002-09-11,5.430000
2002-09-12,5.400000
2002-09-13,5.370000
2002-09-16,5.390000
2002-09-17,5.350000
2002-09-18,5.380000
2002-09-19,5.360000
2002-09-20,5.380000
2002-09-23,5.350000
2002-09-24,5.360000
2002-09-25,5.430000
2002-09-26,5.440000
2002-09-27,5.430000
2002-09-30,5.440000
2002-10-01,5.490000
2002-10-02,5.460000
2002-10-03,5.460000
2002-10-04,5.500000
2002-10-07,5.490000
2002-10-08,5.500000
2002-10-09,5.500000
2002-10-10,5.520000
2002-10-11,5.560000
2002-10-15,5.670000
2002-10-16,5.700000
2002-10-17,5.700000
2002-10-18,5.680000
2002-10-21,5.740000
2002-10-22,5.720000
2002-10-23,5.720000
2002-10-24,5.700000
2002-10-25,5.700000
2002-10-28,5.710000
2002-10-29,5.660000
2002-10-30,5.630000
2002-10-31,5.560000
2002-11-01,5.570000
2002-11-04,5.590000
2002-11-05,5.660000
2002-11-06,5.640000
2002-11-07,5.550000
2002-11-08,5.510000
2002-11-12,5.510000
2002-11-13,5.520000
2002-11-14,5.590000
2002-11-15,5.550000
2002-11-18,5.510000
2002-11-19,5.490000
2002-11-20,5.510000
2002-11-21,5.570000
2002-11-22,5.580000
2002-11-25,5.560000
2002-11-26,5.510000
2002-11-27,5.580000
2002-11-28,5.570000
2002-11-29,5.530000
2002-12-02,5.570000
2002-12-03,5.540000
2002-12-04,5.510000
2002-12-05,5.510000
2002-12-06,5.510000
2002-12-09,5.470000
2002-12-10,5.480000
2002-12-11,5.460000
2002-12-12,5.470000
2002-12-13,5.470000
2002-12-16,5.480000
2002-12-17,5.470000
2002-12-18,5.430000
2002-12-19,5.410000
2002-12-20,5.420000
2002-12-23,5.440000
2002-12-24,5.420000
2002-12-27,5.370000
2002-12-30,5.360000
2002-12-31,5.360000
2003-01-02,5.450000
2003-01-03,5.460000
2003-01-06,5.480000
2003-01-07,5.450000
2003-01-08,5.450000
2003-01-09,5.500000
2003-01-10,5.490000
2003-01-13,5.510000
2003-01-14,5.500000
2003-01-15,5.490000
2003-01-16,5.480000
2003-01-17,5.470000
2003-01-20,5.450000
2003-01-21,5.430000
2003-01-22,5.440000
2003-01-23,5.440000
2003-01-24,5.440000
2003-01-27,5.440000
2003-01-28,5.450000
2003-01-29,5.490000
2003-01-30,5.500000
2003-01-31,5.470000
2003-02-03,5.490000
2003-02-04,5.480000
2003-02-05,5.520000
2003-02-06,5.490000
2003-02-07,5.500000
2003-02-10,5.530000
2003-02-11,5.520000
2003-02-12,5.520000
2003-02-13,5.480000
2003-02-14,5.520000
2003-02-17,5.520000
2003-02-18,5.520000
2003-02-19,5.500000
2003-02-20,5.480000
2003-02-21,5.510000
2003-02-24,5.500000
2003-02-25,5.490000
2003-02-26,5.460000
2003-02-27,5.450000
2003-02-28,5.440000
2003-03-03,5.440000
2003-03-04,5.430000
2003-03-05,5.390000
2003-03-06,5.390000
2003-03-07,5.380000
2003-03-10,5.370000
2003-03-11,5.350000
2003-03-12,5.350000
2003-03-13,5.440000
2003-03-14,5.430000
2003-03-17,5.500000
2003-03-18,5.520000
2003-03-19,5.580000
2003-03-20,5.600000
2003-03-21,5.660000
2003-03-24,5.590000
2003-03-25,5.590000
2003-03-26,5.580000
2003-03-27,5.600000
2003-03-28,5.570000
2003-03-31,5.550000
2003-04-01,5.590000
2003-04-02,5.610000
2003-04-03,5.610000
2003-04-04,5.620000
2003-04-07,5.620000
2003-04-08,5.560000
2003-04-09,5.530000
2003-04-10,5.520000
2003-04-11,5.530000
2003-04-14,5.560000
2003-04-15,5.550000
2003-04-16,5.530000
2003-04-17,5.530000
2003-04-21,5.510000
2003-04-22,5.520000
2003-04-23,5.530000
2003-04-24,5.490000
2003-04-25,5.450000
2003-04-28,5.430000
2003-04-29,5.440000
2003-04-30,5.410000
2003-05-01,5.400000
2003-05-02,5.430000
2003-05-05,5.430000
2003-05-06,5.390000
2003-05-07,5.350000
2003-05-08,5.360000
2003-05-09,5.370000
2003-05-12,5.370000
2003-05-13,5.350000
2003-05-14,5.280000
2003-05-15,5.270000
2003-05-16,5.240000
2003-05-20,5.160000
2003-05-21,5.130000
2003-05-22,5.060000
2003-05-23,5.050000
2003-05-26,5.010000
2003-05-27,5.090000
2003-05-28,5.120000
2003-05-29,5.020000
2003-05-30,5.000000
2003-06-02,5.050000
2003-06-03,4.990000
2003-06-04,4.990000
2003-06-05,4.990000
2003-06-06,4.960000
2003-06-09,4.910000
2003-06-10,4.840000
2003-06-11,4.870000
2003-06-12,4.820000
2003-06-13,4.740000
2003-06-16,4.820000
2003-06-17,4.910000
2003-06-18,4.950000
2003-06-19,4.970000
2003-06-20,5.010000
2003-06-23,4.960000
2003-06-24,4.940000
2003-06-25,5.030000
2003-06-26,5.100000
2003-06-27,5.130000
2003-06-30,5.090000
2003-07-02,5.090000
2003-07-03,5.170000
2003-07-04,5.160000
2003-07-07,5.260000
2003-07-08,5.250000
2003-07-09,5.230000
2003-07-10,5.220000
2003-07-11,5.230000
2003-07-14,5.270000
2003-07-15,5.380000
2003-07-16,5.300000
2003-07-17,5.280000
2003-07-18,5.300000
2003-07-21,5.370000
2003-07-22,5.340000
2003-07-23,5.320000
2003-07-24,5.350000
2003-07-25,5.370000
2003-07-28,5.410000
2003-07-29,5.410000
2003-07-30,5.400000
2003-07-31,5.440000
2003-08-01,5.400000
2003-08-05,5.450000
2003-08-06,5.420000
2003-08-07,5.400000
2003-08-08,5.380000
2003-08-11,5.440000
2003-08-12,5.460000
2003-08-13,5.530000
2003-08-14,5.530000
2003-08-15,5.470000
2003-08-18,5.410000
2003-08-19,5.320000
2003-08-20,5.350000
2003-08-21,5.390000
2003-08-22,5.380000
2003-08-25,5.410000
2003-08-26,5.400000
2003-08-27,5.440000
2003-08-28,5.380000
2003-08-29,5.350000
2003-09-02,5.410000
2003-09-03,5.440000
2003-09-04,5.390000
2003-09-05,5.340000
2003-09-08,5.370000
2003-09-09,5.340000
2003-09-10,5.320000
2003-09-11,5.350000
2003-09-12,5.330000
2003-09-15,5.340000
2003-09-16,5.360000
2003-09-17,5.320000
2003-09-18,5.310000
2003-09-19,5.290000
2003-09-22,5.280000
2003-09-23,5.260000
2003-09-24,5.230000
2003-09-25,5.200000
2003-09-26,5.160000
2003-09-29,5.220000
2003-09-30,5.140000
2003-10-01,5.140000
2003-10-02,5.180000
2003-10-03,5.290000
2003-10-06,5.270000
2003-10-07,5.320000
2003-10-08,5.310000
2003-10-09,5.350000
2003-10-10,5.330000
2003-10-14,5.410000
2003-10-15,5.470000
2003-10-16,5.500000
2003-10-17,5.430000
2003-10-20,5.390000
2003-10-21,5.370000
2003-10-22,5.330000
2003-10-23,5.380000
2003-10-24,5.320000
2003-10-27,5.350000
2003-10-28,5.340000
2003-10-29,5.380000
2003-10-30,5.410000
2003-10-31,5.350000
2003-11-03,5.410000
2003-11-04,5.380000
2003-11-05,5.410000
2003-11-06,5.450000
2003-11-07,5.470000
2003-11-10,5.470000
2003-11-12,5.470000
2003-11-13,5.390000
2003-11-14,5.350000
2003-11-17,5.350000
2003-11-18,5.300000
2003-11-19,5.330000
2003-11-20,5.290000
2003-11-21,5.260000
2003-11-24,5.290000
2003-11-25,5.270000
2003-11-26,5.290000
2003-11-27,5.310000
2003-11-28,5.330000
2003-12-01,5.350000
2003-12-02,5.320000
2003-12-03,5.340000
2003-12-04,5.350000
2003-12-05,5.270000
2003-12-08,5.300000
2003-12-09,5.340000
2003-12-10,5.320000
2003-12-11,5.280000
2003-12-12,5.270000
2003-12-15,5.260000
2003-12-16,5.240000
2003-12-17,5.210000
2003-12-18,5.170000
2003-12-19,5.190000
2003-12-22,5.190000
2003-12-23,5.220000
2003-12-24,5.170000
2003-12-29,5.180000
2003-12-30,5.200000
2003-12-31,5.200000
2004-01-02,5.310000
2004-01-05,5.330000
2004-01-06,5.270000
2004-01-07,5.260000
2004-01-08,5.290000
2004-01-09,5.200000
2004-01-12,5.190000
2004-01-13,5.160000
2004-01-14,5.130000
2004-01-15,5.120000
2004-01-16,5.150000
2004-01-19,5.160000
2004-01-20,5.160000
2004-01-21,5.110000
2004-01-22,5.050000
2004-01-23,5.150000
2004-01-26,5.180000
2004-01-27,5.160000
2004-01-28,5.230000
2004-01-29,5.230000
2004-01-30,5.170000
2004-02-02,5.190000
2004-02-03,5.170000
2004-02-04,5.180000
2004-02-05,5.180000
2004-02-06,5.100000
2004-02-09,5.090000
2004-02-10,5.120000
2004-02-11,5.070000
2004-02-12,5.100000
2004-02-13,5.090000
2004-02-16,5.090000
2004-02-17,5.080000
2004-02-18,5.110000
2004-02-19,5.120000
2004-02-20,5.150000
2004-02-23,5.130000
2004-02-24,5.100000
2004-02-25,5.090000
2004-02-26,5.100000
2004-02-27,5.050000
2004-03-01,5.020000
2004-03-02,5.020000
2004-03-03,5.050000
2004-03-04,5.050000
2004-03-05,4.980000
2004-03-08,4.950000
2004-03-09,4.950000
2004-03-10,4.970000
2004-03-11,4.970000
2004-03-12,4.990000
2004-03-15,4.960000
2004-03-16,4.940000
2004-03-17,4.910000
2004-03-18,4.920000
2004-03-19,4.930000
2004-03-22,4.890000
2004-03-23,4.900000
2004-03-24,4.890000
2004-03-25,4.900000
2004-03-26,4.980000
2004-03-29,5.030000
2004-03-30,5.040000
2004-03-31,5.040000
2004-04-01,5.050000
2004-04-02,5.170000
2004-04-05,5.200000
2004-04-06,5.190000
2004-04-07,5.160000
2004-04-08,5.160000
2004-04-12,5.190000
2004-04-13,5.250000
2004-04-14,5.270000
2004-04-15,5.270000
2004-04-16,5.230000
2004-04-19,5.260000
2004-04-20,5.310000
2004-04-21,5.270000
2004-04-22,5.230000
2004-04-23,5.270000
2004-04-26,5.270000
2004-04-27,5.260000
2004-04-28,5.310000
2004-04-29,5.320000
2004-04-30,5.240000
2004-05-03,5.220000
2004-05-04,5.250000
2004-05-05,5.270000
2004-05-06,5.260000
2004-05-07,5.360000
2004-05-10,5.350000
2004-05-11,5.340000
2004-05-12,5.420000
2004-05-13,5.440000
2004-05-14,5.390000
2004-05-17,5.330000
2004-05-18,5.350000
2004-05-19,5.390000
2004-05-20,5.360000
2004-05-21,5.380000
2004-05-25,5.390000
2004-05-26,5.320000
2004-05-27,5.270000
2004-05-28,5.300000
2004-05-31,5.310000
2004-06-01,5.320000
2004-06-02,5.390000
2004-06-03,5.390000
2004-06-04,5.460000
2004-06-07,5.460000
2004-06-08,5.430000
2004-06-09,5.440000
2004-06-10,5.440000
2004-06-11,5.470000
2004-06-14,5.490000
2004-06-15,5.390000
2004-06-16,5.430000
2004-06-17,5.420000
2004-06-18,5.440000
2004-06-21,5.420000
2004-06-22,5.440000
2004-06-23,5.380000
2004-06-24,5.350000
2004-06-25,5.360000
2004-06-28,5.410000
2004-06-29,5.390000
2004-06-30,5.330000
2004-07-02,5.260000
2004-07-05,5.270000
2004-07-06,5.290000
2004-07-07,5.300000
2004-07-08,5.290000
2004-07-09,5.270000
2004-07-12,5.280000
2004-07-13,5.290000
2004-07-14,5.290000
2004-07-15,5.290000
2004-07-16,5.220000
2004-07-19,5.190000
2004-07-20,5.230000
2004-07-21,5.250000
2004-07-22,5.240000
2004-07-23,5.220000
2004-07-26,5.220000
2004-07-27,5.300000
2004-07-28,5.290000
2004-07-29,5.280000
2004-07-30,5.240000
2004-08-03,5.180000
2004-08-04,5.180000
2004-08-05,5.180000
2004-08-06,5.090000
2004-08-09,5.130000
2004-08-10,5.180000
2004-08-11,5.140000
2004-08-12,5.120000
2004-08-13,5.110000
2004-08-16,5.140000
2004-08-17,5.110000
2004-08-18,5.150000
2004-08-19,5.120000
2004-08-20,5.120000
2004-08-23,5.170000
2004-08-24,5.180000
2004-08-25,5.150000
2004-08-26,5.130000
2004-08-27,5.130000
2004-08-30,5.110000
2004-08-31,5.090000
2004-09-01,5.080000
2004-09-02,5.120000
2004-09-03,5.160000
2004-09-07,5.160000
2004-09-08,5.110000
2004-09-09,5.130000
2004-09-10,5.120000
2004-09-13,5.110000
2004-09-14,5.100000
2004-09-15,5.100000
2004-09-16,5.050000
2004-09-17,5.070000
2004-09-20,5.030000
2004-09-21,5.040000
2004-09-22,5.030000
2004-09-23,5.040000
2004-09-24,5.030000
2004-09-27,5.010000
2004-09-28,5.000000
2004-09-29,5.040000
2004-09-30,5.080000
2004-10-01,5.120000
2004-10-04,5.110000
2004-10-05,5.090000
2004-10-06,5.130000
2004-10-07,5.150000
2004-10-08,5.090000
2004-10-12,5.060000
2004-10-13,5.050000
2004-10-14,5.020000
2004-10-15,5.040000
2004-10-18,5.020000
2004-10-19,4.990000
2004-10-20,4.970000
2004-10-21,4.970000
2004-10-22,4.940000
2004-10-25,4.940000
2004-10-26,4.950000
2004-10-27,5.000000
2004-10-28,4.970000
2004-10-29,4.940000
2004-11-01,4.970000
2004-11-02,4.950000
2004-11-03,4.940000
2004-11-04,4.950000
2004-11-05,5.000000
2004-11-08,5.000000
2004-11-09,5.020000
2004-11-10,5.000000
2004-11-12,4.940000
2004-11-15,4.960000
2004-11-16,4.970000
2004-11-17,4.920000
2004-11-18,4.920000
2004-11-19,4.970000
2004-11-22,4.960000
2004-11-23,4.930000
2004-11-24,4.900000
2004-11-25,4.880000
2004-11-26,4.900000
2004-11-29,4.960000
2004-11-30,4.980000
2004-12-01,4.950000
2004-12-02,4.970000
2004-12-03,4.880000
2004-12-06,4.860000
2004-12-07,4.860000
2004-12-08,4.820000
2004-12-09,4.890000
2004-12-10,4.860000
2004-12-13,4.840000
2004-12-14,4.810000
2004-12-15,4.790000
2004-12-16,4.840000
2004-12-17,4.870000
2004-12-20,4.850000
2004-12-21,4.840000
2004-12-22,4.880000
2004-12-23,4.850000
2004-12-24,4.860000
2004-12-29,4.920000
2004-12-30,4.870000
2004-12-31,4.830000
2005-01-04,4.850000
2005-01-05,4.840000
2005-01-06,4.830000
2005-01-07,4.860000
2005-01-10,4.870000
2005-01-11,4.830000
2005-01-12,4.830000
2005-01-13,4.770000
2005-01-14,4.770000
2005-01-17,4.760000
2005-01-18,4.760000
2005-01-19,4.730000
2005-01-20,4.750000
2005-01-21,4.740000
2005-01-24,4.720000
2005-01-25,4.740000
2005-01-26,4.740000
2005-01-27,4.740000
2005-01-28,4.700000
2005-01-31,4.710000
2005-02-01,4.720000
2005-02-02,4.730000
2005-02-03,4.750000
2005-02-04,4.670000
2005-02-07,4.630000
2005-02-08,4.610000
2005-02-09,4.580000
2005-02-10,4.630000
2005-02-11,4.640000
2005-02-14,4.610000
2005-02-15,4.620000
2005-02-16,4.640000
2005-02-17,4.660000
2005-02-18,4.710000
2005-02-21,4.730000
2005-02-22,4.730000
2005-02-23,4.760000
2005-02-24,4.770000
2005-02-25,4.710000
2005-02-28,4.750000
2005-03-01,4.740000
2005-03-02,4.750000
2005-03-03,4.740000
2005-03-04,4.700000
2005-03-07,4.680000
2005-03-08,4.700000
2005-03-09,4.790000
2005-03-10,4.790000
2005-03-11,4.830000
2005-03-14,4.810000
2005-03-15,4.850000
2005-03-16,4.810000
2005-03-17,4.780000
2005-03-18,4.770000
2005-03-21,4.790000
2005-03-22,4.830000
2005-03-23,4.820000
2005-03-24,4.820000
2005-03-28,4.840000
2005-03-29,4.810000
2005-03-30,4.770000
2005-03-31,4.710000
2005-04-01,4.680000
2005-04-04,4.690000
2005-04-05,4.720000
2005-04-06,4.700000
2005-04-07,4.740000
2005-04-08,4.710000
2005-04-11,4.650000
2005-04-12,4.620000
2005-04-13,4.650000
2005-04-14,4.650000
2005-04-15,4.610000
2005-04-18,4.620000
2005-04-19,4.590000
2005-04-20,4.590000
2005-04-21,4.630000
2005-04-22,4.610000
2005-04-25,4.600000
2005-04-26,4.600000
2005-04-27,4.590000
2005-04-28,4.560000
2005-04-29,4.580000
2005-05-02,4.570000
2005-05-03,4.550000
2005-05-04,4.570000
2005-05-05,4.580000
2005-05-06,4.630000
2005-05-09,4.610000
2005-05-10,4.570000
2005-05-11,4.540000
2005-05-12,4.520000
2005-05-13,4.470000
2005-05-16,4.490000
2005-05-17,4.480000
2005-05-18,4.460000
2005-05-19,4.500000
2005-05-20,4.500000
2005-05-24,4.450000
2005-05-25,4.460000
2005-05-26,4.450000
2005-05-27,4.420000
2005-05-30,4.410000
2005-05-31,4.370000
2005-06-01,4.280000
2005-06-02,4.290000
2005-06-03,4.340000
2005-06-06,4.310000
2005-06-07,4.260000
2005-06-08,4.290000
2005-06-09,4.290000
2005-06-10,4.350000
2005-06-13,4.370000
2005-06-14,4.400000
2005-06-15,4.390000
2005-06-16,4.360000
2005-06-17,4.350000
2005-06-20,4.350000
2005-06-21,4.310000
2005-06-22,4.250000
2005-06-23,4.240000
2005-06-24,4.230000
2005-06-27,4.220000
2005-06-28,4.250000
2005-06-29,4.290000
2005-06-30,4.210000
2005-07-04,4.310000
2005-07-05,4.350000
2005-07-06,4.320000
2005-07-07,4.320000
2005-07-08,4.320000
2005-07-11,4.330000
2005-07-12,4.360000
2005-07-13,4.350000
2005-07-14,4.330000
2005-07-15,4.310000
2005-07-18,4.340000
2005-07-19,4.320000
2005-07-20,4.320000
2005-07-21,4.360000
2005-07-22,4.290000
2005-07-25,4.280000
2005-07-26,4.300000
2005-07-27,4.310000
2005-07-28,4.270000
2005-07-29,4.270000
2005-08-02,4.340000
2005-08-03,4.320000
2005-08-04,4.320000
2005-08-05,4.370000
2005-08-08,4.380000
2005-08-09,4.370000
2005-08-10,4.400000
2005-08-11,4.360000
2005-08-12,4.300000
2005-08-15,4.320000
2005-08-16,4.260000
2005-08-17,4.290000
2005-08-18,4.250000
2005-08-19,4.230000
2005-08-22,4.240000
2005-08-23,4.230000
2005-08-24,4.200000
2005-08-25,4.160000
2005-08-26,4.160000
2005-08-29,4.150000
2005-08-30,4.130000
2005-08-31,4.120000
2005-09-01,4.100000
2005-09-02,4.100000
2005-09-06,4.140000
2005-09-07,4.190000
2005-09-08,4.190000
2005-09-09,4.150000
2005-09-12,4.190000
2005-09-13,4.160000
2005-09-14,4.170000
2005-09-15,4.190000
2005-09-16,4.230000
2005-09-19,4.210000
2005-09-20,4.210000
2005-09-21,4.170000
2005-09-22,4.180000
2005-09-23,4.220000
2005-09-26,4.240000
2005-09-27,4.230000
2005-09-28,4.210000
2005-09-29,4.240000
2005-09-30,4.220000
2005-10-03,4.240000
2005-10-04,4.200000
2005-10-05,4.190000
2005-10-06,4.200000
2005-10-07,4.190000
2005-10-11,4.230000
2005-10-12,4.290000
2005-10-13,4.300000
2005-10-14,4.300000
2005-10-17,4.310000
2005-10-18,4.300000
2005-10-19,4.330000
2005-10-20,4.300000
2005-10-21,4.260000
2005-10-24,4.270000
2005-10-25,4.320000
2005-10-26,4.370000
2005-10-27,4.350000
2005-10-28,4.350000
2005-10-31,4.350000
2005-11-01,4.350000
2005-11-02,4.360000
2005-11-03,4.360000
2005-11-04,4.370000
2005-11-07,4.340000
2005-11-08,4.300000
2005-11-09,4.340000
2005-11-10,4.310000
2005-11-14,4.330000
2005-11-15,4.290000
2005-11-16,4.240000
2005-11-17,4.230000
2005-11-18,4.250000
2005-11-21,4.230000
2005-11-22,4.200000
2005-11-23,4.180000
2005-11-24,4.180000
2005-11-25,4.170000
2005-11-28,4.150000
2005-11-29,4.180000
2005-11-30,4.180000
2005-12-01,4.180000
2005-12-02,4.210000
2005-12-05,4.240000
2005-12-06,4.180000
2005-12-07,4.200000
2005-12-08,4.170000
2005-12-09,4.220000
2005-12-12,4.240000
2005-12-13,4.230000
2005-12-14,4.190000
2005-12-15,4.170000
2005-12-16,4.120000
2005-12-19,4.110000
2005-12-20,4.120000
2005-12-21,4.120000
2005-12-22,4.090000
2005-12-23,4.070000
2005-12-28,4.020000
2005-12-29,4.040000
2005-12-30,4.050000
2006-01-03,4.060000
2006-01-04,4.060000
2006-01-05,4.080000
2006-01-06,4.100000
2006-01-09,4.110000
2006-01-10,4.150000
2006-01-11,4.150000
2006-01-12,4.140000
2006-01-13,4.100000
2006-01-16,4.090000
2006-01-17,4.060000
2006-01-18,4.060000
2006-01-19,4.100000
2006-01-20,4.110000
2006-01-23,4.130000
2006-01-24,4.160000
2006-01-25,4.200000
2006-01-26,4.230000
2006-01-27,4.230000
2006-01-30,4.250000
2006-01-31,4.240000
2006-02-01,4.260000
2006-02-02,4.250000
2006-02-03,4.210000
2006-02-06,4.230000
2006-02-07,4.240000
2006-02-08,4.250000
2006-02-09,4.240000
2006-02-10,4.270000
2006-02-13,4.260000
2006-02-14,4.270000
2006-02-15,4.270000
2006-02-16,4.250000
2006-02-17,4.180000
2006-02-20,4.170000
2006-02-21,4.190000
2006-02-22,4.150000
2006-02-23,4.170000
2006-02-24,4.170000
2006-02-27,4.170000
2006-02-28,4.150000
2006-03-01,4.170000
2006-03-02,4.200000
2006-03-03,4.240000
2006-03-06,4.290000
2006-03-07,4.250000
2006-03-08,4.240000
2006-03-09,4.240000
2006-03-10,4.260000
2006-03-13,4.260000
2006-03-14,4.200000
2006-03-15,4.220000
2006-03-16,4.160000
2006-03-17,4.180000
2006-03-20,4.180000
2006-03-21,4.200000
2006-03-22,4.190000
2006-03-23,4.200000
2006-03-24,4.160000
2006-03-27,4.180000
2006-03-28,4.210000
2006-03-29,4.230000
2006-03-30,4.280000
2006-03-31,4.260000
2006-04-03,4.290000
2006-04-04,4.310000
2006-04-05,4.320000
2006-04-06,4.370000
2006-04-07,4.440000
2006-04-10,4.430000
2006-04-11,4.410000
2006-04-12,4.440000
2006-04-13,4.490000
2006-04-17,4.470000
2006-04-18,4.470000
2006-04-19,4.520000
2006-04-20,4.550000
2006-04-21,4.520000
2006-04-24,4.490000
2006-04-25,4.550000
2006-04-26,4.570000
2006-04-27,4.550000
2006-04-28,4.520000
2006-05-01,4.550000
2006-05-02,4.520000
2006-05-03,4.510000
2006-05-04,4.500000
2006-05-05,4.490000
2006-05-08,4.490000
2006-05-09,4.510000
2006-05-10,4.510000
2006-05-11,4.520000
2006-05-12,4.520000
2006-05-15,4.470000
2006-05-16,4.430000
2006-05-17,4.450000
2006-05-18,4.390000
2006-05-19,4.390000
2006-05-23,4.370000
2006-05-24,4.350000
2006-05-25,4.340000
2006-05-26,4.360000
2006-05-29,4.350000
2006-05-30,4.400000
2006-05-31,4.500000
2006-06-01,4.440000
2006-06-02,4.370000
2006-06-05,4.380000
2006-06-06,4.360000
2006-06-07,4.380000
2006-06-08,4.400000
2006-06-09,4.420000
2006-06-12,4.410000
2006-06-13,4.380000
2006-06-14,4.420000
2006-06-15,4.450000
2006-06-16,4.440000
2006-06-19,4.460000
2006-06-20,4.520000
2006-06-21,4.550000
2006-06-22,4.600000
2006-06-23,4.640000
2006-06-26,4.670000
2006-06-27,4.630000
2006-06-28,4.670000
2006-06-29,4.630000
2006-06-30,4.610000
2006-07-04,4.640000
2006-07-05,4.650000
2006-07-06,4.620000
2006-07-07,4.540000
2006-07-10,4.510000
2006-07-11,4.490000
2006-07-12,4.520000
2006-07-13,4.520000
2006-07-14,4.510000
2006-07-17,4.500000
2006-07-18,4.550000
2006-07-19,4.490000
2006-07-20,4.480000
2006-07-21,4.460000
2006-07-24,4.450000
2006-07-25,4.470000
2006-07-26,4.450000
2006-07-27,4.440000
2006-07-28,4.410000
2006-07-31,4.370000
2006-08-01,4.370000
2006-08-02,4.390000
2006-08-03,4.390000
2006-08-04,4.360000
2006-08-08,4.350000
2006-08-09,4.360000
2006-08-10,4.380000
2006-08-11,4.410000
2006-08-14,4.420000
2006-08-15,4.370000
2006-08-16,4.330000
2006-08-17,4.320000
2006-08-18,4.290000
2006-08-21,4.270000
2006-08-22,4.260000
2006-08-23,4.260000
2006-08-24,4.260000
2006-08-25,4.250000
2006-08-28,4.250000
2006-08-29,4.240000
2006-08-30,4.200000
2006-08-31,4.190000
2006-09-01,4.170000
2006-09-05,4.220000
2006-09-06,4.240000
2006-09-07,4.220000
2006-09-08,4.200000
2006-09-11,4.240000
2006-09-12,4.200000
2006-09-13,4.210000
2006-09-14,4.220000
2006-09-15,4.190000
2006-09-18,4.200000
2006-09-19,4.160000
2006-09-20,4.160000
2006-09-21,4.110000
2006-09-22,4.090000
2006-09-25,4.010000
2006-09-26,4.050000
2006-09-27,4.070000
2006-09-28,4.080000
2006-09-29,4.090000
2006-10-02,4.060000
2006-10-03,4.070000
2006-10-04,4.050000
2006-10-05,4.090000
2006-10-06,4.160000
2006-10-10,4.180000
2006-10-11,4.200000
2006-10-12,4.210000
2006-10-13,4.230000
2006-10-16,4.220000
2006-10-17,4.240000
2006-10-18,4.220000
2006-10-19,4.240000
2006-10-20,4.240000
2006-10-23,4.270000
2006-10-24,4.270000
2006-10-25,4.240000
2006-10-26,4.180000
2006-10-27,4.140000
2006-10-30,4.130000
2006-10-31,4.080000
2006-11-01,4.060000
2006-11-02,4.090000
2006-11-03,4.170000
2006-11-06,4.160000
2006-11-07,4.110000
2006-11-08,4.100000
2006-11-09,4.100000
2006-11-10,4.080000
2006-11-14,4.070000
2006-11-15,4.090000
2006-11-16,4.110000
2006-11-17,4.080000
2006-11-20,4.090000
2006-11-21,4.070000
2006-11-22,4.060000
2006-11-23,4.070000
2006-11-24,4.050000
2006-11-27,4.040000
2006-11-28,4.000000
2006-11-29,4.020000
2006-11-30,3.990000
2006-12-01,3.960000
2006-12-04,3.970000
2006-12-05,3.970000
2006-12-06,3.990000
2006-12-07,3.980000
2006-12-08,4.010000
2006-12-11,3.980000
2006-12-12,3.970000
2006-12-13,4.040000
2006-12-14,4.050000
2006-12-15,4.080000
2006-12-18,4.110000
2006-12-19,4.090000
2006-12-20,4.080000
2006-12-21,4.030000
2006-12-22,4.060000
2006-12-27,4.100000
2006-12-28,4.130000
2006-12-29,4.140000
2007-01-02,4.120000
2007-01-03,4.100000
2007-01-04,4.060000
2007-01-05,4.090000
2007-01-08,4.100000
2007-01-09,4.110000
2007-01-10,4.130000
2007-01-11,4.160000
2007-01-12,4.180000
2007-01-15,4.190000
2007-01-16,4.190000
2007-01-17,4.210000
2007-01-18,4.180000
2007-01-19,4.180000
2007-01-22,4.170000
2007-01-23,4.210000
2007-01-24,4.220000
2007-01-25,4.250000
2007-01-26,4.240000
2007-01-29,4.260000
2007-01-30,4.270000
2007-01-31,4.220000
2007-02-01,4.230000
2007-02-02,4.220000
2007-02-05,4.210000
2007-02-06,4.170000
2007-02-07,4.160000
2007-02-08,4.150000
2007-02-09,4.210000
2007-02-12,4.240000
2007-02-13,4.260000
2007-02-14,4.190000
2007-02-15,4.160000
2007-02-16,4.150000
2007-02-19,4.140000
2007-02-20,4.120000
2007-02-21,4.140000
2007-02-22,4.170000
2007-02-23,4.150000
2007-02-26,4.100000
2007-02-27,4.040000
2007-02-28,4.090000
2007-03-01,4.090000
2007-03-02,4.080000
2007-03-05,4.080000
2007-03-06,4.080000
2007-03-07,4.040000
2007-03-08,4.060000
2007-03-09,4.110000
2007-03-12,4.100000
2007-03-13,4.070000
2007-03-14,4.110000
2007-03-15,4.110000
2007-03-16,4.120000
2007-03-19,4.150000
2007-03-20,4.160000
2007-03-21,4.180000
2007-03-22,4.210000
2007-03-23,4.210000
2007-03-26,4.210000
2007-03-27,4.190000
2007-03-28,4.210000
2007-03-29,4.210000
2007-03-30,4.200000
2007-04-02,4.200000
2007-04-03,4.220000
2007-04-04,4.190000
2007-04-05,4.210000
2007-04-09,4.240000
2007-04-10,4.220000
2007-04-11,4.230000
2007-04-12,4.240000
2007-04-13,4.250000
2007-04-16,4.260000
2007-04-17,4.220000
2007-04-18,4.220000
2007-04-19,4.230000
2007-04-20,4.260000
2007-04-23,4.220000
2007-04-24,4.200000
2007-04-25,4.200000
2007-04-26,4.240000
2007-04-27,4.270000
2007-04-30,4.190000
2007-05-01,4.200000
2007-05-02,4.230000
2007-05-03,4.250000
2007-05-04,4.240000
2007-05-07,4.210000
2007-05-08,4.210000
2007-05-09,4.220000
2007-05-10,4.210000
2007-05-11,4.210000
2007-05-14,4.240000
2007-05-15,4.240000
2007-05-16,4.240000
2007-05-17,4.280000
2007-05-18,4.280000
2007-05-22,4.300000
2007-05-23,4.350000
2007-05-24,4.360000
2007-05-25,4.370000
2007-05-28,4.390000
2007-05-29,4.420000
2007-05-30,4.390000
2007-05-31,4.380000
2007-06-01,4.380000
2007-06-04,4.350000
2007-06-05,4.390000
2007-06-06,4.390000
2007-06-07,4.500000
2007-06-08,4.520000
2007-06-11,4.560000
2007-06-12,4.660000
2007-06-13,4.600000
2007-06-14,4.600000
2007-06-15,4.530000
2007-06-18,4.550000
2007-06-19,4.530000
2007-06-20,4.550000
2007-06-21,4.600000
2007-06-22,4.580000
2007-06-25,4.550000
2007-06-26,4.550000
2007-06-27,4.560000
2007-06-28,4.560000
2007-06-29,4.490000
2007-07-03,4.480000
2007-07-04,4.510000
2007-07-05,4.570000
2007-07-06,4.630000
2007-07-09,4.590000
2007-07-10,4.500000
2007-07-11,4.550000
2007-07-12,4.600000
2007-07-13,4.570000
2007-07-16,4.530000
2007-07-17,4.560000
2007-07-18,4.540000
2007-07-19,4.540000
2007-07-20,4.500000
2007-07-23,4.500000
2007-07-24,4.500000
2007-07-25,4.490000
2007-07-26,4.450000
2007-07-27,4.430000
2007-07-30,4.470000
2007-07-31,4.450000
2007-08-01,4.450000
2007-08-02,4.430000
2007-08-03,4.400000
2007-08-07,4.410000
2007-08-08,4.470000
2007-08-09,4.460000
2007-08-10,4.480000
2007-08-13,4.460000
2007-08-14,4.430000
2007-08-15,4.470000
2007-08-16,4.460000
2007-08-17,4.470000
2007-08-20,4.460000
2007-08-21,4.450000
2007-08-22,4.490000
2007-08-23,4.470000
2007-08-24,4.430000
2007-08-27,4.390000
2007-08-28,4.370000
2007-08-29,4.440000
2007-08-30,4.420000
2007-08-31,4.460000
2007-09-04,4.440000
2007-09-05,4.390000
2007-09-06,4.400000
2007-09-07,4.360000
2007-09-10,4.340000
2007-09-11,4.390000
2007-09-12,4.390000
2007-09-13,4.400000
2007-09-14,4.380000
2007-09-17,4.350000
2007-09-18,4.370000
2007-09-19,4.480000
2007-09-20,4.550000
2007-09-21,4.470000
2007-09-24,4.480000
2007-09-25,4.480000
2007-09-26,4.500000
2007-09-27,4.480000
2007-09-28,4.440000
2007-10-01,4.420000
2007-10-02,4.420000
2007-10-03,4.450000
2007-10-04,4.400000
2007-10-05,4.490000
2007-10-09,4.500000
2007-10-10,4.480000
2007-10-11,4.490000
2007-10-12,4.530000
2007-10-15,4.520000
2007-10-16,4.500000
2007-10-17,4.480000
2007-10-18,4.430000
2007-10-19,4.380000
2007-10-22,4.380000
2007-10-23,4.390000
2007-10-24,4.370000
2007-10-25,4.390000
2007-10-26,4.370000
2007-10-29,4.360000
2007-10-30,4.360000
2007-10-31,4.380000
2007-11-01,4.340000
2007-11-02,4.380000
2007-11-05,4.360000
2007-11-06,4.390000
2007-11-07,4.360000
2007-11-08,4.380000
2007-11-09,4.330000
2007-11-13,4.350000
2007-11-14,4.310000
2007-11-15,4.250000
2007-11-16,4.260000
2007-11-19,4.220000
2007-11-20,4.260000
2007-11-21,4.230000
2007-11-22,4.220000
2007-11-23,4.210000
2007-11-26,4.140000
2007-11-27,4.210000
2007-11-28,4.230000
2007-11-29,4.150000
2007-11-30,4.160000
2007-12-03,4.090000
2007-12-04,4.100000
2007-12-05,4.160000
2007-12-06,4.160000
2007-12-07,4.200000
2007-12-10,4.220000
2007-12-11,4.110000
2007-12-12,4.160000
2007-12-13,4.260000
2007-12-14,4.250000
2007-12-17,4.170000
2007-12-18,4.140000
2007-12-19,4.090000
2007-12-20,4.110000
2007-12-21,4.170000
2007-12-24,4.180000
2007-12-27,4.180000
2007-12-28,4.120000
2007-12-31,4.100000
2008-01-02,4.060000
2008-01-03,4.080000
2008-01-04,4.080000
2008-01-07,4.060000
2008-01-08,4.050000
2008-01-09,4.070000
2008-01-10,4.090000
2008-01-11,4.060000
2008-01-14,4.070000
2008-01-15,4.040000
2008-01-16,4.090000
2008-01-17,4.060000
2008-01-18,4.080000
2008-01-21,4.060000
2008-01-22,4.120000
2008-01-23,4.180000
2008-01-24,4.220000
2008-01-25,4.140000
2008-01-28,4.140000
2008-01-29,4.180000
2008-01-30,4.190000
2008-01-31,4.180000
2008-02-01,4.130000
2008-02-04,4.160000
2008-02-05,4.110000
2008-02-06,4.150000
2008-02-07,4.220000
2008-02-08,4.190000
2008-02-11,4.160000
2008-02-12,4.200000
2008-02-13,4.250000
2008-02-14,4.270000
2008-02-15,4.200000
2008-02-19,4.280000
2008-02-20,4.250000
2008-02-21,4.220000
2008-02-22,4.230000
2008-02-25,4.250000
2008-02-26,4.210000
2008-02-27,4.180000
2008-02-28,4.090000
2008-02-29,4.090000
2008-03-03,4.080000
2008-03-04,4.110000
2008-03-05,4.130000
2008-03-06,4.080000
2008-03-07,4.070000
2008-03-10,4.040000
2008-03-11,4.060000
2008-03-12,4.020000
2008-03-13,4.030000
2008-03-14,4.020000
2008-03-17,3.970000
2008-03-18,3.990000
2008-03-19,3.940000
2008-03-20,3.940000
2008-03-24,3.980000
2008-03-25,3.940000
2008-03-26,3.960000
2008-03-27,3.970000
2008-03-28,3.950000
2008-03-31,3.940000
2008-04-01,4.020000
2008-04-02,4.050000
2008-04-03,4.030000
2008-04-04,4.000000
2008-04-07,4.050000
2008-04-08,4.090000
2008-04-09,4.050000
2008-04-10,4.100000
2008-04-11,4.060000
2008-04-14,4.080000
2008-04-15,4.140000
2008-04-16,4.150000
2008-04-17,4.150000
2008-04-18,4.140000
2008-04-21,4.120000
2008-04-22,4.120000
2008-04-23,4.160000
2008-04-24,4.190000
2008-04-25,4.210000
2008-04-28,4.190000
2008-04-29,4.170000
2008-04-30,4.080000
2008-05-01,4.060000
2008-05-02,4.100000
2008-05-05,4.110000
2008-05-06,4.170000
2008-05-07,4.160000
2008-05-08,4.130000
2008-05-09,4.080000
2008-05-12,4.060000
2008-05-13,4.070000
2008-05-14,4.060000
2008-05-15,4.040000
2008-05-16,4.040000
2008-05-20,4.020000
2008-05-21,4.060000
2008-05-22,4.120000
2008-05-23,4.080000
2008-05-26,4.090000
2008-05-27,4.100000
2008-05-28,4.120000
2008-05-29,4.140000
2008-05-30,4.130000
2008-06-02,4.080000
2008-06-03,4.090000
2008-06-04,4.100000
2008-06-05,4.160000
2008-06-06,4.110000
2008-06-09,4.120000
2008-06-10,4.170000
2008-06-11,4.160000
2008-06-12,4.200000
2008-06-13,4.220000
2008-06-16,4.200000
2008-06-17,4.180000
2008-06-18,4.160000
2008-06-19,4.190000
2008-06-20,4.150000
2008-06-23,4.130000
2008-06-24,4.050000
2008-06-25,4.050000
2008-06-26,4.080000
2008-06-27,4.060000
2008-06-30,4.080000
2008-07-02,4.070000
2008-07-03,4.070000
2008-07-04,4.050000
2008-07-07,4.030000
2008-07-08,4.040000
2008-07-09,4.050000
2008-07-10,4.050000
2008-07-11,4.090000
2008-07-14,4.050000
2008-07-15,4.060000
2008-07-16,4.120000
2008-07-17,4.140000
2008-07-18,4.150000
2008-07-21,4.150000
2008-07-22,4.170000
2008-07-23,4.160000
2008-07-24,4.130000
2008-07-25,4.160000
2008-07-28,4.120000
2008-07-29,4.140000
2008-07-30,4.160000
2008-07-31,4.100000
2008-08-01,4.060000
2008-08-05,4.100000
2008-08-06,4.110000
2008-08-07,4.070000
2008-08-08,4.050000
2008-08-11,4.050000
2008-08-12,4.030000
2008-08-13,4.030000
2008-08-14,4.010000
2008-08-15,4.000000
2008-08-18,3.980000
2008-08-19,4.020000
2008-08-20,4.030000
2008-08-21,4.040000
2008-08-22,4.060000
2008-08-25,4.020000
2008-08-26,4.000000
2008-08-27,4.010000
2008-08-28,4.000000
2008-08-29,4.010000
2008-09-02,4.000000
2008-09-03,3.980000
2008-09-04,3.950000
2008-09-05,3.950000
2008-09-08,3.940000
2008-09-09,3.940000
2008-09-10,3.940000
2008-09-11,3.960000
2008-09-12,4.050000
2008-09-15,3.910000
2008-09-16,3.950000
2008-09-17,3.950000
2008-09-18,4.030000
2008-09-19,4.140000
2008-09-22,4.100000
2008-09-23,4.100000
2008-09-24,4.130000
2008-09-25,4.130000
2008-09-26,4.140000
2008-09-29,4.020000
2008-09-30,4.230000
2008-10-01,4.180000
2008-10-02,4.140000
2008-10-03,4.090000
2008-10-06,4.000000
2008-10-07,4.070000
2008-10-08,4.130000
2008-10-09,4.160000
2008-10-10,4.260000
2008-10-14,4.280000
2008-10-15,4.190000
2008-10-16,4.230000
2008-10-17,4.230000
2008-10-20,4.220000
2008-10-21,4.180000
2008-10-22,4.090000
2008-10-23,4.100000
2008-10-24,4.130000
2008-10-27,4.120000
2008-10-28,4.200000
2008-10-29,4.270000
2008-10-30,4.240000
2008-10-31,4.280000
2008-11-03,4.290000
2008-11-04,4.250000
2008-11-05,4.230000
2008-11-06,4.240000
2008-11-07,4.230000
2008-11-10,4.240000
2008-11-12,4.230000
2008-11-13,4.300000
2008-11-14,4.220000
2008-11-17,4.150000
2008-11-18,4.130000
2008-11-19,4.080000
2008-11-20,3.950000
2008-11-21,4.040000
2008-11-24,4.060000
2008-11-25,3.970000
2008-11-26,3.940000
2008-11-27,3.930000
2008-11-28,3.900000
2008-12-01,3.750000
2008-12-02,3.770000
2008-12-03,3.790000
2008-12-04,3.740000
2008-12-05,3.760000
2008-12-08,3.770000
2008-12-09,3.740000
2008-12-10,3.750000
2008-12-11,3.740000
2008-12-12,3.760000
2008-12-15,3.740000
2008-12-16,3.650000
2008-12-17,3.540000
2008-12-18,3.450000
2008-12-19,3.450000
2008-12-22,3.470000
2008-12-23,3.490000
2008-12-24,3.490000
2008-12-29,3.400000
2008-12-30,3.420000
2008-12-31,3.450000
2009-01-02,3.540000
2009-01-05,3.640000
2009-01-06,3.650000
2009-01-07,3.700000
2009-01-08,3.660000
2009-01-09,3.630000
2009-01-12,3.600000
2009-01-13,3.560000
2009-01-14,3.430000
2009-01-15,3.480000
2009-01-16,3.540000
2009-01-19,3.600000
2009-01-20,3.560000
2009-01-21,3.620000
2009-01-22,3.610000
2009-01-23,3.650000
2009-01-26,3.720000
2009-01-27,3.670000
2009-01-28,3.720000
2009-01-29,3.810000
2009-01-30,3.770000
2009-02-02,3.690000
2009-02-03,3.750000
2009-02-04,3.790000
2009-02-05,3.720000
2009-02-06,3.770000
2009-02-09,3.800000
2009-02-10,3.720000
2009-02-11,3.690000
2009-02-12,3.650000
2009-02-13,3.670000
2009-02-17,3.550000
2009-02-18,3.580000
2009-02-19,3.630000
2009-02-20,3.590000
2009-02-23,3.570000
2009-02-24,3.600000
2009-02-25,3.690000
2009-02-26,3.700000
2009-02-27,3.700000
2009-03-02,3.620000
2009-03-03,3.630000
2009-03-04,3.680000
2009-03-05,3.560000
2009-03-06,3.610000
2009-03-09,3.630000
2009-03-10,3.710000
2009-03-11,3.660000
2009-03-12,3.640000
2009-03-13,3.600000
2009-03-16,3.610000
2009-03-17,3.640000
2009-03-18,3.530000
2009-03-19,3.560000
2009-03-20,3.610000
2009-03-23,3.610000
2009-03-24,3.690000
2009-03-25,3.740000
2009-03-26,3.640000
2009-03-27,3.660000
2009-03-30,3.590000
2009-03-31,3.570000
2009-04-01,3.550000
2009-04-02,3.610000
2009-04-03,3.660000
2009-04-06,3.710000
2009-04-07,3.660000
2009-04-08,3.620000
2009-04-09,3.650000
2009-04-13,3.650000
2009-04-14,3.630000
2009-04-15,3.680000
2009-04-16,3.700000
2009-04-17,3.750000
2009-04-20,3.650000
2009-04-21,3.690000
2009-04-22,3.720000
2009-04-23,3.760000
2009-04-24,3.760000
2009-04-27,3.760000
2009-04-28,3.800000
2009-04-29,3.820000
2009-04-30,3.840000
2009-05-01,3.830000
2009-05-04,3.850000
2009-05-05,3.840000
2009-05-06,3.870000
2009-05-07,3.930000
2009-05-08,3.930000
2009-05-11,3.880000
2009-05-12,3.900000
2009-05-13,3.860000
2009-05-14,3.850000
2009-05-15,3.860000
2009-05-19,3.900000
2009-05-20,3.890000
2009-05-21,3.980000
2009-05-22,3.970000
2009-05-25,3.980000
2009-05-26,4.080000
2009-05-27,4.190000
2009-05-28,4.070000
2009-05-29,3.990000
2009-06-01,4.030000
2009-06-02,4.010000
2009-06-03,3.960000
2009-06-04,4.000000
2009-06-05,3.980000
2009-06-08,4.010000
2009-06-09,4.030000
2009-06-10,4.110000
2009-06-11,4.000000
2009-06-12,3.940000
2009-06-15,3.940000
2009-06-16,3.900000
2009-06-17,3.900000
2009-06-18,3.960000
2009-06-19,3.970000
2009-06-22,3.910000
2009-06-23,3.880000
2009-06-24,3.910000
2009-06-25,3.910000
2009-06-26,3.890000
2009-06-29,3.900000
2009-06-30,3.860000
2009-07-02,3.850000
2009-07-03,3.850000
2009-07-06,3.870000
2009-07-07,3.850000
2009-07-08,3.840000
2009-07-09,3.870000
2009-07-10,3.860000
2009-07-13,3.900000
2009-07-14,3.980000
2009-07-15,4.020000
2009-07-16,3.950000
2009-07-17,4.010000
2009-07-20,3.960000
2009-07-21,3.970000
2009-07-22,4.010000
2009-07-23,4.050000
2009-07-24,4.060000
2009-07-27,4.070000
2009-07-28,4.050000
2009-07-29,4.050000
2009-07-30,4.050000
2009-07-31,3.950000
2009-08-04,4.010000
2009-08-05,4.060000
2009-08-06,4.020000
2009-08-07,4.070000
2009-08-10,4.030000
2009-08-11,3.980000
2009-08-12,4.000000
2009-08-13,3.980000
2009-08-14,3.950000
2009-08-17,3.890000
2009-08-18,3.900000
2009-08-19,3.900000
2009-08-20,3.890000
2009-08-21,3.960000
2009-08-24,3.910000
2009-08-25,3.900000
2009-08-26,3.900000
2009-08-27,3.900000
2009-08-28,3.910000
2009-08-31,3.890000
2009-09-01,3.880000
2009-09-02,3.860000
2009-09-03,3.870000
2009-09-04,3.890000
2009-09-08,3.930000
2009-09-09,3.940000
2009-09-10,3.870000
2009-09-11,3.860000
2009-09-14,3.900000
2009-09-15,3.890000
2009-09-16,3.880000
2009-09-17,3.870000
2009-09-18,3.910000
2009-09-21,3.930000
2009-09-22,3.940000
2009-09-23,3.930000
2009-09-24,3.900000
2009-09-25,3.880000
2009-09-28,3.860000
2009-09-29,3.860000
2009-09-30,3.840000
2009-10-01,3.810000
2009-10-02,3.820000
2009-10-05,3.800000
2009-10-06,3.840000
2009-10-07,3.840000
2009-10-08,3.890000
2009-10-09,3.960000
2009-10-13,3.940000
2009-10-14,3.980000
2009-10-15,4.000000
2009-10-16,3.950000
2009-10-19,3.970000
2009-10-20,3.930000
2009-10-21,3.940000
2009-10-22,3.940000
2009-10-23,3.980000
2009-10-26,4.020000
2009-10-27,3.980000
2009-10-28,3.960000
2009-10-29,3.980000
2009-10-30,3.920000
2009-11-02,3.940000
2009-11-03,3.940000
2009-11-04,3.990000
2009-11-05,4.030000
2009-11-06,4.030000
2009-11-09,4.020000
2009-11-10,4.020000
2009-11-12,4.030000
2009-11-13,3.990000
2009-11-16,3.930000
2009-11-17,3.910000
2009-11-18,3.950000
2009-11-19,3.920000
2009-11-20,3.930000
2009-11-23,3.930000
2009-11-24,3.850000
2009-11-25,3.850000
2009-11-26,3.820000
2009-11-27,3.840000
2009-11-30,3.840000
2009-12-01,3.870000
2009-12-02,3.880000
2009-12-03,3.870000
2009-12-04,3.910000
2009-12-07,3.900000
2009-12-08,3.930000
2009-12-09,3.960000
2009-12-10,3.990000
2009-12-11,3.990000
2009-12-14,4.010000
2009-12-15,4.000000
2009-12-16,3.990000
2009-12-17,3.970000
2009-12-18,4.010000
2009-12-21,4.080000
2009-12-22,4.120000
2009-12-23,4.070000
2009-12-24,4.080000
2009-12-29,4.090000
2009-12-30,4.070000
2009-12-31,4.080000
2010-01-04,4.100000
2010-01-05,4.080000
2010-01-06,4.140000
2010-01-07,4.150000
2010-01-08,4.110000
2010-01-11,4.140000
2010-01-12,4.090000
2010-01-13,4.140000
2010-01-14,4.090000
2010-01-15,4.050000
2010-01-18,4.040000
2010-01-19,4.040000
2010-01-20,4.010000
2010-01-21,4.000000
2010-01-22,3.990000
2010-01-25,4.000000
2010-01-26,3.970000
2010-01-27,3.960000
2010-01-28,3.930000
2010-01-29,3.940000
2010-02-01,3.980000
2010-02-02,3.990000
2010-02-03,4.040000
2010-02-04,3.990000
2010-02-05,4.000000
2010-02-08,3.990000
2010-02-09,4.010000
2010-02-10,4.040000
2010-02-11,4.060000
2010-02-12,4.060000
2010-02-16,4.060000
2010-02-17,4.080000
2010-02-18,4.080000
2010-02-19,4.070000
2010-02-22,4.090000
2010-02-23,4.030000
2010-02-24,4.050000
2010-02-25,4.020000
2010-02-26,4.020000
2010-03-01,4.020000
2010-03-02,4.000000
2010-03-03,4.010000
2010-03-04,4.010000
2010-03-05,4.060000
2010-03-08,4.100000
2010-03-09,4.110000
2010-03-10,4.120000
2010-03-11,4.080000
2010-03-12,4.090000
2010-03-15,4.060000
2010-03-16,4.020000
2010-03-17,4.040000
2010-03-18,4.020000
2010-03-19,4.050000
2010-03-22,4.030000
2010-03-23,4.030000
2010-03-24,4.090000
2010-03-25,4.080000
2010-03-26,4.080000
2010-03-29,4.100000
2010-03-30,4.100000
2010-03-31,4.070000
2010-04-01,4.050000
2010-04-05,4.120000
2010-04-06,4.110000
2010-04-07,4.070000
2010-04-08,4.100000
2010-04-09,4.060000
2010-04-12,4.060000
2010-04-13,4.080000
2010-04-14,4.110000
2010-04-15,4.100000
2010-04-16,4.080000
2010-04-19,4.060000
2010-04-20,4.070000
2010-04-21,4.060000
2010-04-22,4.090000
2010-04-23,4.070000
2010-04-26,4.060000
2010-04-27,4.010000
2010-04-28,4.040000
2010-04-29,4.050000
2010-04-30,4.010000
2010-05-03,4.000000
2010-05-04,3.950000
2010-05-05,3.930000
2010-05-06,3.870000
2010-05-07,3.880000
2010-05-10,3.930000
2010-05-11,3.930000
2010-05-12,3.940000
2010-05-13,3.870000
2010-05-14,3.820000
2010-05-17,3.880000
2010-05-18,3.820000
2010-05-19,3.810000
2010-05-20,3.750000
2010-05-21,3.770000
2010-05-25,3.700000
2010-05-26,3.680000
2010-05-27,3.750000
2010-05-28,3.710000
2010-05-31,3.730000
2010-06-01,3.710000
2010-06-02,3.770000
2010-06-03,3.780000
2010-06-04,3.710000
2010-06-07,3.710000
2010-06-08,3.730000
2010-06-09,3.760000
2010-06-10,3.830000
2010-06-11,3.810000
2010-06-14,3.840000
2010-06-15,3.830000
2010-06-16,3.780000
2010-06-17,3.750000
2010-06-18,3.760000
2010-06-21,3.760000
2010-06-22,3.710000
2010-06-23,3.690000
2010-06-24,3.700000
2010-06-25,3.680000
2010-06-28,3.680000
2010-06-29,3.650000
2010-06-30,3.650000
2010-07-02,3.650000
2010-07-05,3.630000
2010-07-06,3.640000
2010-07-07,3.690000
2010-07-08,3.720000
2010-07-09,3.750000
2010-07-12,3.750000
2010-07-13,3.780000
2010-07-14,3.780000
2010-07-15,3.770000
2010-07-16,3.720000
2010-07-19,3.740000
2010-07-20,3.760000
2010-07-21,3.730000
2010-07-22,3.770000
2010-07-23,3.780000
2010-07-26,3.770000
2010-07-27,3.800000
2010-07-28,3.770000
2010-07-29,3.750000
2010-07-30,3.690000
2010-08-03,3.690000
2010-08-04,3.720000
2010-08-05,3.670000
2010-08-06,3.650000
2010-08-09,3.650000
2010-08-10,3.630000
2010-08-11,3.600000
2010-08-12,3.630000
2010-08-13,3.600000
2010-08-16,3.550000
2010-08-17,3.570000
2010-08-18,3.550000
2010-08-19,3.520000
2010-08-20,3.530000
2010-08-23,3.530000
2010-08-24,3.500000
2010-08-25,3.470000
2010-08-26,3.430000
2010-08-27,3.490000
2010-08-30,3.430000
2010-08-31,3.440000
2010-09-01,3.500000
2010-09-02,3.520000
2010-09-03,3.570000
2010-09-07,3.470000
2010-09-08,3.530000
2010-09-09,3.560000
2010-09-10,3.550000
2010-09-13,3.540000
2010-09-14,3.520000
2010-09-15,3.540000
2010-09-16,3.550000
2010-09-17,3.500000
2010-09-20,3.500000
2010-09-21,3.480000
2010-09-22,3.430000
2010-09-23,3.410000
2010-09-24,3.420000
2010-09-27,3.380000
2010-09-28,3.330000
2010-09-29,3.330000
2010-09-30,3.350000
2010-10-01,3.390000
2010-10-04,3.370000
2010-10-05,3.390000
2010-10-06,3.380000
2010-10-07,3.420000
2010-10-08,3.400000
2010-10-12,3.430000
2010-10-13,3.440000
2010-10-14,3.450000
2010-10-15,3.490000
2010-10-18,3.480000
2010-10-19,3.450000
2010-10-20,3.460000
2010-10-21,3.440000
2010-10-22,3.440000
2010-10-25,3.430000
2010-10-26,3.460000
2010-10-27,3.500000
2010-10-28,3.480000
2010-10-29,3.440000
2010-11-01,3.470000
2010-11-02,3.480000
2010-11-03,3.490000
2010-11-04,3.470000
2010-11-05,3.490000
2010-11-08,3.500000
2010-11-09,3.570000
2010-11-10,3.590000
2010-11-12,3.630000
2010-11-15,3.710000
2010-11-16,3.680000
2010-11-17,3.670000
2010-11-18,3.660000
2010-11-19,3.620000
2010-11-22,3.580000
2010-11-23,3.600000
2010-11-24,3.650000
2010-11-25,3.630000
2010-11-26,3.570000
2010-11-29,3.520000
2010-11-30,3.480000
2010-12-01,3.580000
2010-12-02,3.600000
2010-12-03,3.640000
2010-12-06,3.600000
2010-12-07,3.680000
2010-12-08,3.680000
2010-12-09,3.690000
2010-12-10,3.710000
2010-12-13,3.660000
2010-12-14,3.750000
2010-12-15,3.740000
2010-12-16,3.680000
2010-12-17,3.600000
2010-12-20,3.580000
2010-12-21,3.550000
2010-12-22,3.560000
2010-12-23,3.560000
2010-12-24,3.560000
2010-12-29,3.540000
2010-12-30,3.550000
2010-12-31,3.520000
2011-01-04,3.570000
2011-01-05,3.660000
2011-01-06,3.640000
2011-01-07,3.610000
2011-01-10,3.600000
2011-01-11,3.640000
2011-01-12,3.680000
2011-01-13,3.670000
2011-01-14,3.690000
2011-01-17,3.680000
2011-01-18,3.710000
2011-01-19,3.690000
2011-01-20,3.740000
2011-01-21,3.740000
2011-01-24,3.750000
2011-01-25,3.720000
2011-01-26,3.750000
2011-01-27,3.720000
2011-01-28,3.710000
2011-01-31,3.730000
2011-02-01,3.770000
2011-02-02,3.790000
2011-02-03,3.800000
2011-02-04,3.820000
2011-02-07,3.800000
2011-02-08,3.850000
2011-02-09,3.810000
2011-02-10,3.830000
2011-02-11,3.830000
2011-02-14,3.840000
2011-02-15,3.840000
2011-02-16,3.850000
2011-02-17,3.850000
2011-02-18,3.850000
2011-02-22,3.790000
2011-02-23,3.750000
2011-02-24,3.720000
2011-02-25,3.700000
2011-02-28,3.700000
2011-03-01,3.700000
2011-03-02,3.740000
2011-03-03,3.800000
2011-03-04,3.770000
2011-03-07,3.800000
2011-03-08,3.840000
2011-03-09,3.790000
2011-03-10,3.740000
2011-03-11,3.750000
2011-03-14,3.730000
2011-03-15,3.720000
2011-03-16,3.680000
2011-03-17,3.720000
2011-03-18,3.710000
2011-03-21,3.730000
2011-03-22,3.700000
2011-03-23,3.700000
2011-03-24,3.700000
2011-03-25,3.700000
2011-03-28,3.700000
2011-03-29,3.740000
2011-03-30,3.720000
2011-03-31,3.750000
2011-04-01,3.770000
2011-04-04,3.760000
2011-04-05,3.770000
2011-04-06,3.820000
2011-04-07,3.840000
2011-04-08,3.850000
2011-04-11,3.870000
2011-04-12,3.820000
2011-04-13,3.790000
2011-04-14,3.770000
2011-04-15,3.720000
2011-04-18,3.680000
2011-04-19,3.710000
2011-04-20,3.760000
2011-04-21,3.740000
2011-04-25,3.710000
2011-04-26,3.680000
2011-04-27,3.740000
2011-04-28,3.700000
2011-04-29,3.690000
2011-05-02,3.690000
2011-05-03,3.640000
2011-05-04,3.600000
2011-05-05,3.570000
2011-05-06,3.580000
2011-05-09,3.580000
2011-05-10,3.640000
2011-05-11,3.620000
2011-05-12,3.620000
2011-05-13,3.590000
2011-05-16,3.580000
2011-05-17,3.560000
2011-05-18,3.610000
2011-05-19,3.590000
2011-05-20,3.560000
2011-05-24,3.520000
2011-05-25,3.500000
2011-05-26,3.480000
2011-05-27,3.500000
2011-05-30,3.490000
2011-05-31,3.490000
2011-06-01,3.450000
2011-06-02,3.500000
2011-06-03,3.470000
2011-06-06,3.490000
2011-06-07,3.520000
2011-06-08,3.490000
2011-06-09,3.520000
2011-06-10,3.480000
2011-06-13,3.460000
2011-06-14,3.500000
2011-06-15,3.420000
2011-06-16,3.390000
2011-06-17,3.390000
2011-06-20,3.420000
2011-06-21,3.420000
2011-06-22,3.420000
2011-06-23,3.370000
2011-06-24,3.360000
2011-06-27,3.420000
2011-06-28,3.470000
2011-06-29,3.530000
2011-06-30,3.550000
2011-07-04,3.530000
2011-07-05,3.520000
2011-07-06,3.500000
2011-07-07,3.490000
2011-07-08,3.410000
2011-07-11,3.360000
2011-07-12,3.360000
2011-07-13,3.380000
2011-07-14,3.400000
2011-07-15,3.350000
2011-07-18,3.360000
2011-07-19,3.340000
2011-07-20,3.390000
2011-07-21,3.430000
2011-07-22,3.390000
2011-07-25,3.400000
2011-07-26,3.370000
2011-07-27,3.350000
2011-07-28,3.340000
2011-07-29,3.290000
2011-08-02,3.160000
2011-08-03,3.190000
2011-08-04,3.090000
2011-08-05,3.220000
2011-08-08,3.110000
2011-08-09,3.070000
2011-08-10,2.990000
2011-08-11,3.070000
2011-08-12,3.090000
2011-08-15,3.130000
2011-08-16,3.110000
2011-08-17,3.050000
2011-08-18,2.960000
2011-08-19,2.960000
2011-08-22,2.950000
2011-08-23,3.010000
2011-08-24,3.080000
2011-08-25,3.040000
2011-08-26,3.010000
2011-08-29,3.060000
2011-08-30,3.020000
2011-08-31,3.100000
2011-09-01,3.030000
2011-09-02,2.960000
2011-09-06,2.910000
2011-09-07,2.950000
2011-09-08,2.890000
2011-09-09,2.810000
2011-09-12,2.810000
2011-09-13,2.830000
2011-09-14,2.850000
2011-09-15,2.910000
2011-09-16,2.920000
2011-09-19,2.870000
2011-09-20,2.860000
2011-09-21,2.760000
2011-09-22,2.680000
2011-09-23,2.700000
2011-09-26,2.770000
2011-09-27,2.820000
2011-09-28,2.830000
2011-09-29,2.840000
2011-09-30,2.770000
2011-10-03,2.690000
2011-10-04,2.710000
2011-10-05,2.730000
2011-10-06,2.800000
2011-10-07,2.820000
2011-10-11,2.870000
2011-10-12,2.950000
2011-10-13,2.890000
2011-10-14,2.970000
2011-10-17,2.880000
2011-10-18,2.910000
2011-10-19,2.940000
2011-10-20,2.930000
2011-10-21,2.980000
2011-10-24,2.990000
2011-10-25,2.920000
2011-10-26,3.020000
2011-10-27,3.130000
2011-10-28,3.060000
2011-10-31,2.920000
2011-11-01,2.790000
2011-11-02,2.810000
2011-11-03,2.860000
2011-11-04,2.830000
2011-11-07,2.810000
2011-11-08,2.810000
2011-11-09,2.730000
2011-11-10,2.760000
2011-11-14,2.740000
2011-11-15,2.740000
2011-11-16,2.720000
2011-11-17,2.710000
2011-11-18,2.740000
2011-11-21,2.720000
2011-11-22,2.680000
2011-11-23,2.630000
2011-11-24,2.630000
2011-11-25,2.660000
2011-11-28,2.670000
2011-11-29,2.670000
2011-11-30,2.690000
2011-12-01,2.690000
2011-12-02,2.680000
2011-12-05,2.660000
2011-12-06,2.680000
2011-12-07,2.630000
2011-12-08,2.580000
2011-12-09,2.650000
2011-12-12,2.620000
2011-12-13,2.570000
2011-12-14,2.540000
2011-12-15,2.520000
2011-12-16,2.460000
2011-12-19,2.420000
2011-12-20,2.460000
2011-12-21,2.490000
2011-12-22,2.500000
2011-12-23,2.550000
2011-12-28,2.500000
2011-12-29,2.500000
2011-12-30,2.490000
2012-01-03,2.550000
2012-01-04,2.570000
2012-01-05,2.550000
2012-01-06,2.520000
2012-01-09,2.520000
2012-01-10,2.540000
2012-01-11,2.510000
2012-01-12,2.540000
2012-01-13,2.510000
2012-01-16,2.510000
2012-01-17,2.500000
2012-01-18,2.530000
2012-01-19,2.570000
2012-01-20,2.630000
2012-01-23,2.660000
2012-01-24,2.670000
2012-01-25,2.640000
2012-01-26,2.620000
2012-01-27,2.600000
2012-01-30,2.550000
2012-01-31,2.500000
2012-02-01,2.520000
2012-02-02,2.550000
2012-02-03,2.610000
2012-02-06,2.570000
2012-02-07,2.620000
2012-02-08,2.640000
2012-02-09,2.640000
2012-02-10,2.620000
2012-02-13,2.640000
2012-02-14,2.600000
2012-02-15,2.590000
2012-02-16,2.610000
2012-02-17,2.640000
2012-02-21,2.660000
2012-02-22,2.640000
2012-02-23,2.640000
2012-02-24,2.640000
2012-02-27,2.620000
2012-02-28,2.600000
2012-02-29,2.600000
2012-03-01,2.610000
2012-03-02,2.580000
2012-03-05,2.580000
2012-03-06,2.550000
2012-03-07,2.570000
2012-03-08,2.590000
2012-03-09,2.590000
2012-03-12,2.580000
2012-03-13,2.630000
2012-03-14,2.700000
2012-03-15,2.740000
2012-03-16,2.770000
2012-03-19,2.810000
2012-03-20,2.810000
2012-03-21,2.770000
2012-03-22,2.730000
2012-03-23,2.720000
2012-03-26,2.720000
2012-03-27,2.670000
2012-03-28,2.670000
2012-03-29,2.640000
2012-03-30,2.660000
2012-04-02,2.660000
2012-04-03,2.730000
2012-04-04,2.680000
2012-04-05,2.680000
2012-04-09,2.630000
2012-04-10,2.550000
2012-04-11,2.580000
2012-04-12,2.600000
2012-04-13,2.550000
2012-04-16,2.570000
2012-04-17,2.610000
2012-04-18,2.590000
2012-04-19,2.580000
2012-04-20,2.610000
2012-04-23,2.590000
2012-04-24,2.620000
2012-04-25,2.650000
2012-04-26,2.610000
2012-04-27,2.630000
2012-04-30,2.610000
2012-05-01,2.610000
2012-05-02,2.590000
2012-05-03,2.590000
2012-05-04,2.540000
2012-05-07,2.540000
2012-05-08,2.500000
2012-05-09,2.510000
2012-05-10,2.500000
2012-05-11,2.470000
2012-05-14,2.440000
2012-05-15,2.450000
2012-05-16,2.450000
2012-05-17,2.420000
2012-05-18,2.430000
2012-05-22,2.440000
2012-05-23,2.400000
2012-05-24,2.400000
2012-05-25,2.350000
2012-05-28,2.370000
2012-05-29,2.390000
2012-05-30,2.330000
2012-05-31,2.290000
2012-06-01,2.210000
2012-06-04,2.230000
2012-06-05,2.280000
2012-06-06,2.350000
2012-06-07,2.360000
2012-06-08,2.360000
2012-06-11,2.330000
2012-06-12,2.370000
2012-06-13,2.350000
2012-06-14,2.370000
2012-06-15,2.330000
2012-06-18,2.340000
2012-06-19,2.360000
2012-06-20,2.360000
2012-06-21,2.320000
2012-06-22,2.360000
2012-06-25,2.300000
2012-06-26,2.320000
2012-06-27,2.320000
2012-06-28,2.290000
2012-06-29,2.330000
2012-07-03,2.320000
2012-07-04,2.300000
2012-07-05,2.310000
2012-07-06,2.290000
2012-07-09,2.270000
2012-07-10,2.270000
2012-07-11,2.280000
2012-07-12,2.240000
2012-07-13,2.250000
2012-07-16,2.250000
2012-07-17,2.260000
2012-07-18,2.240000
2012-07-19,2.270000
2012-07-20,2.240000
2012-07-23,2.210000
2012-07-24,2.200000
2012-07-25,2.220000
2012-07-26,2.270000
2012-07-27,2.330000
2012-07-30,2.290000
2012-07-31,2.270000
2012-08-01,2.290000
2012-08-02,2.250000
2012-08-03,2.310000
2012-08-07,2.370000
2012-08-08,2.350000
2012-08-09,2.330000
2012-08-10,2.320000
2012-08-13,2.330000
2012-08-14,2.370000
2012-08-15,2.460000
2012-08-16,2.490000
2012-08-17,2.480000
2012-08-20,2.480000
2012-08-21,2.470000
2012-08-22,2.410000
2012-08-23,2.400000
2012-08-24,2.410000
2012-08-27,2.380000
2012-08-28,2.360000
2012-08-29,2.370000
2012-08-30,2.340000
2012-08-31,2.340000
2012-09-04,2.310000
2012-09-05,2.330000
2012-09-06,2.400000
2012-09-07,2.430000
2012-09-10,2.420000
2012-09-11,2.440000
2012-09-12,2.490000
2012-09-13,2.470000
2012-09-14,2.540000
2012-09-17,2.520000
2012-09-18,2.490000
2012-09-19,2.460000
2012-09-20,2.420000
2012-09-21,2.420000
2012-09-24,2.390000
2012-09-25,2.380000
2012-09-26,2.330000
2012-09-27,2.350000
2012-09-28,2.320000
2012-10-01,2.320000
2012-10-02,2.320000
2012-10-03,2.320000
2012-10-04,2.370000
2012-10-05,2.400000
2012-10-09,2.400000
2012-10-10,2.400000
2012-10-11,2.400000
2012-10-12,2.390000
2012-10-15,2.410000
2012-10-16,2.440000
2012-10-17,2.500000
2012-10-18,2.480000
2012-10-19,2.430000
2012-10-22,2.450000
2012-10-23,2.420000
2012-10-24,2.420000
2012-10-25,2.460000
2012-10-26,2.410000
2012-10-29,2.380000
2012-10-30,2.400000
2012-10-31,2.380000
2012-11-01,2.380000
2012-11-02,2.360000
2012-11-05,2.350000
2012-11-06,2.380000
2012-11-07,2.340000
2012-11-08,2.310000
2012-11-09,2.310000
2012-11-13,2.290000
2012-11-14,2.290000
2012-11-15,2.310000
2012-11-16,2.290000
2012-11-19,2.330000
2012-11-20,2.350000
2012-11-21,2.350000
2012-11-22,2.360000
2012-11-23,2.360000
2012-11-26,2.340000
2012-11-27,2.310000
2012-11-28,2.300000
2012-11-29,2.290000
2012-11-30,2.290000
2012-12-03,2.300000
2012-12-04,2.300000
2012-12-05,2.290000
2012-12-06,2.300000
2012-12-07,2.310000
2012-12-10,2.310000
2012-12-11,2.330000
2012-12-12,2.370000
2012-12-13,2.400000
2012-12-14,2.380000
2012-12-17,2.400000
2012-12-18,2.420000
2012-12-19,2.420000
2012-12-20,2.410000
2012-12-21,2.370000
2012-12-24,2.370000
2012-12-27,2.350000
2012-12-28,2.340000
2012-12-31,2.360000
2013-01-02,2.420000
2013-01-03,2.480000
2013-01-04,2.480000
2013-01-07,2.490000
2013-01-08,2.470000
2013-01-09,2.470000
2013-01-10,2.520000
2013-01-11,2.500000
2013-01-14,2.500000
2013-01-15,2.480000
2013-01-16,2.460000
2013-01-17,2.510000
2013-01-18,2.490000
2013-01-21,2.510000
2013-01-22,2.500000
2013-01-23,2.470000
2013-01-24,2.480000
2013-01-25,2.530000
2013-01-28,2.540000
2013-01-29,2.570000
2013-01-30,2.570000
2013-01-31,2.570000
2013-02-01,2.630000
2013-02-04,2.590000
2013-02-05,2.620000
2013-02-06,2.600000
2013-02-07,2.600000
2013-02-08,2.570000
2013-02-11,2.590000
2013-02-12,2.610000
2013-02-13,2.640000
2013-02-14,2.610000
2013-02-15,2.630000
2013-02-19,2.640000
2013-02-20,2.640000
2013-02-21,2.610000
2013-02-22,2.580000
2013-02-25,2.530000
2013-02-26,2.530000
2013-02-27,2.530000
2013-02-28,2.520000
2013-03-01,2.490000
2013-03-04,2.500000
2013-03-05,2.510000
2013-03-06,2.550000
2013-03-07,2.580000
2013-03-08,2.620000
2013-03-11,2.630000
2013-03-12,2.610000
2013-03-13,2.610000
2013-03-14,2.620000
2013-03-15,2.590000
2013-03-18,2.560000
2013-03-19,2.520000
2013-03-20,2.560000
2013-03-21,2.520000
2013-03-22,2.530000
2013-03-25,2.530000
2013-03-26,2.540000
2013-03-27,2.490000
2013-03-28,2.500000
2013-04-01,2.490000
2013-04-02,2.500000
2013-04-03,2.450000
2013-04-04,2.420000
2013-04-05,2.360000
2013-04-08,2.370000
2013-04-09,2.390000
2013-04-10,2.440000
2013-04-11,2.430000
2013-04-12,2.390000
2013-04-15,2.360000
2013-04-16,2.380000
2013-04-17,2.360000
2013-04-18,2.350000
2013-04-19,2.360000
2013-04-22,2.370000
2013-04-23,2.380000
2013-04-24,2.380000
2013-04-25,2.400000
2013-04-26,2.370000
2013-04-29,2.370000
2013-04-30,2.370000
2013-05-01,2.350000
2013-05-02,2.350000
2013-05-03,2.440000
2013-05-06,2.470000
2013-05-07,2.480000
2013-05-08,2.460000
2013-05-09,2.450000
2013-05-10,2.510000
2013-05-13,2.530000
2013-05-14,2.560000
2013-05-15,2.530000
2013-05-16,2.490000
2013-05-17,2.530000
2013-05-21,2.530000
2013-05-22,2.570000
2013-05-23,2.570000
2013-05-24,2.560000
2013-05-27,2.600000
2013-05-28,2.660000
2013-05-29,2.650000
2013-05-30,2.640000
2013-05-31,2.630000
2013-06-03,2.600000
2013-06-04,2.640000
2013-06-05,2.620000
2013-06-06,2.620000
2013-06-07,2.720000
2013-06-10,2.750000
2013-06-11,2.720000
2013-06-12,2.750000
2013-06-13,2.690000
2013-06-14,2.680000
2013-06-17,2.690000
2013-06-18,2.700000
2013-06-19,2.750000
2013-06-20,2.800000
2013-06-21,2.900000
2013-06-24,2.930000
2013-06-25,2.970000
2013-06-26,2.960000
2013-06-27,2.900000
2013-06-28,2.890000
2013-07-02,2.860000
2013-07-03,2.860000
2013-07-04,2.860000
2013-07-05,2.970000
2013-07-08,2.920000
2013-07-09,2.930000
2013-07-10,2.960000
2013-07-11,2.920000
2013-07-12,2.920000
2013-07-15,2.920000
2013-07-16,2.920000
2013-07-17,2.900000
2013-07-18,2.920000
2013-07-19,2.890000
2013-07-22,2.880000
2013-07-23,2.920000
2013-07-24,2.980000
2013-07-25,2.970000
2013-07-26,2.950000
2013-07-29,2.980000
2013-07-30,3.020000
2013-07-31,2.970000
2013-08-01,3.040000
2013-08-02,3.000000
2013-08-06,3.030000
2013-08-07,3.010000
2013-08-08,3.000000
2013-08-09,2.990000
2013-08-12,3.020000
2013-08-13,3.090000
2013-08-14,3.090000
2013-08-15,3.150000
2013-08-16,3.180000
2013-08-19,3.210000
2013-08-20,3.150000
2013-08-21,3.210000
2013-08-22,3.210000
2013-08-23,3.160000
2013-08-26,3.120000
2013-08-27,3.040000
2013-08-28,3.090000
2013-08-29,3.060000
2013-08-30,3.070000
2013-09-03,3.150000
2013-09-04,3.180000
2013-09-05,3.250000
2013-09-06,3.230000
2013-09-09,3.220000
2013-09-10,3.280000
2013-09-11,3.260000
2013-09-12,3.260000
2013-09-13,3.250000
2013-09-16,3.280000
2013-09-17,3.260000
2013-09-18,3.210000
2013-09-19,3.220000
2013-09-20,3.200000
2013-09-23,3.170000
2013-09-24,3.110000
2013-09-25,3.090000
2013-09-26,3.100000
2013-09-27,3.080000
2013-09-30,3.070000
2013-10-01,3.080000
2013-10-02,3.090000
2013-10-03,3.090000
2013-10-04,3.120000
2013-10-07,3.110000
2013-10-08,3.110000
2013-10-09,3.120000
2013-10-10,3.150000
2013-10-11,3.140000
2013-10-15,3.180000
2013-10-16,3.150000
2013-10-17,3.120000
2013-10-18,3.100000
2013-10-21,3.120000
2013-10-22,3.070000
2013-10-23,3.030000
2013-10-24,3.030000
2013-10-25,3.020000
2013-10-28,3.020000
2013-10-29,3.010000
2013-10-30,3.010000
2013-10-31,3.010000
2013-11-01,3.080000
2013-11-04,3.060000
2013-11-05,3.100000
2013-11-06,3.110000
2013-11-07,3.090000
2013-11-08,3.160000
2013-11-12,3.190000
2013-11-13,3.160000
2013-11-14,3.110000
2013-11-15,3.120000
2013-11-18,3.080000
2013-11-19,3.100000
2013-11-20,3.180000
2013-11-21,3.200000
2013-11-22,3.150000
2013-11-25,3.130000
2013-11-26,3.100000
2013-11-27,3.140000
2013-11-28,3.140000
2013-11-29,3.150000
2013-12-02,3.180000
2013-12-03,3.180000
2013-12-04,3.250000
2013-12-05,3.280000
2013-12-06,3.280000
2013-12-09,3.250000
2013-12-10,3.170000
2013-12-11,3.210000
2013-12-12,3.220000
2013-12-13,3.210000
2013-12-16,3.210000
2013-12-17,3.190000
2013-12-18,3.220000
2013-12-19,3.210000
2013-12-20,3.180000
2013-12-23,3.180000
2013-12-24,3.200000
2013-12-27,3.250000
2013-12-30,3.210000
2013-12-31,3.240000
2014-01-02,3.210000
2014-01-03,3.220000
2014-01-06,3.190000
2014-01-07,3.160000
2014-01-08,3.210000
2014-01-09,3.190000
2014-01-10,3.110000
2014-01-13,3.090000
2014-01-14,3.120000
2014-01-15,3.120000
2014-01-16,3.080000
2014-01-17,3.060000
2014-01-20,3.050000
2014-01-21,3.050000
2014-01-22,3.050000
2014-01-23,2.990000
2014-01-24,2.970000
2014-01-27,3.000000
2014-01-28,2.990000
2014-01-29,2.940000
2014-01-30,2.950000
2014-01-31,2.920000
2014-02-03,2.890000
2014-02-04,2.930000
2014-02-05,2.980000
2014-02-06,3.020000
2014-02-07,3.000000
2014-02-10,3.010000
2014-02-11,3.050000
2014-02-12,3.070000
2014-02-13,3.050000
2014-02-14,3.050000
2014-02-18,3.040000
2014-02-19,3.050000
2014-02-20,3.050000
2014-02-21,3.020000
2014-02-24,3.020000
2014-02-25,2.990000
2014-02-26,2.960000
2014-02-27,2.930000
2014-02-28,2.940000
2014-03-03,2.930000
2014-03-04,2.980000
2014-03-05,2.970000
2014-03-06,3.020000
2014-03-07,3.040000
2014-03-10,3.030000
2014-03-11,3.020000
2014-03-12,2.980000
2014-03-13,2.930000
2014-03-14,2.920000
2014-03-17,2.950000
2014-03-18,2.940000
2014-03-19,2.980000
2014-03-20,2.990000
2014-03-21,2.950000
2014-03-24,2.940000
2014-03-25,2.970000
2014-03-26,2.960000
2014-03-27,2.930000
2014-03-28,2.940000
2014-03-31,2.960000
2014-04-01,3.010000
2014-04-02,3.040000
2014-04-03,3.030000
2014-04-04,3.000000
2014-04-07,2.970000
2014-04-08,2.960000
2014-04-09,2.990000
2014-04-10,2.970000
2014-04-11,2.930000
2014-04-14,2.940000
2014-04-15,2.920000
2014-04-16,2.910000
2014-04-17,2.950000
2014-04-21,2.950000
2014-04-22,2.940000
2014-04-23,2.930000
2014-04-24,2.930000
2014-04-25,2.930000
2014-04-28,2.970000
2014-04-29,2.960000
2014-04-30,2.930000
2014-05-01,2.900000
2014-05-02,2.880000
2014-05-05,2.900000
2014-05-06,2.890000
2014-05-07,2.900000
2014-05-08,2.890000
2014-05-09,2.890000
2014-05-12,2.920000
2014-05-13,2.890000
2014-05-14,2.830000
2014-05-15,2.800000
2014-05-16,2.790000
2014-05-20,2.810000
2014-05-21,2.840000
2014-05-22,2.860000
2014-05-23,2.840000
2014-05-26,2.850000
2014-05-27,2.840000
2014-05-28,2.760000
2014-05-29,2.780000
2014-05-30,2.780000
2014-06-02,2.810000
2014-06-03,2.850000
2014-06-04,2.860000
2014-06-05,2.850000
2014-06-06,2.840000
2014-06-09,2.840000
2014-06-10,2.860000
2014-06-11,2.860000
2014-06-12,2.830000
2014-06-13,2.830000
2014-06-16,2.810000
2014-06-17,2.840000
2014-06-18,2.810000
2014-06-19,2.830000
2014-06-20,2.840000
2014-06-23,2.860000
2014-06-24,2.820000
2014-06-25,2.820000
2014-06-26,2.800000
2014-06-27,2.800000
2014-06-30,2.780000
2014-07-02,2.850000
2014-07-03,2.840000
2014-07-04,2.850000
2014-07-07,2.830000
2014-07-08,2.790000
2014-07-09,2.780000
2014-07-10,2.790000
2014-07-11,2.770000
2014-07-14,2.770000
2014-07-15,2.770000
2014-07-16,2.750000
2014-07-17,2.690000
2014-07-18,2.710000
2014-07-21,2.670000
2014-07-22,2.660000
2014-07-23,2.670000
2014-07-24,2.710000
2014-07-25,2.670000
2014-07-28,2.670000
2014-07-29,2.640000
2014-07-30,2.700000
2014-07-31,2.700000
2014-08-01,2.660000
2014-08-05,2.650000
2014-08-06,2.650000
2014-08-07,2.620000
2014-08-08,2.620000
2014-08-11,2.640000
2014-08-12,2.670000
2014-08-13,2.640000
2014-08-14,2.620000
2014-08-15,2.580000
2014-08-18,2.620000
2014-08-19,2.620000
2014-08-20,2.650000
2014-08-21,2.640000
2014-08-22,2.630000
2014-08-25,2.600000
2014-08-26,2.600000
2014-08-27,2.570000
2014-08-28,2.560000
2014-08-29,2.560000
2014-09-02,2.640000
2014-09-03,2.630000
2014-09-04,2.660000
2014-09-05,2.670000
2014-09-08,2.680000
2014-09-09,2.700000
2014-09-10,2.720000
2014-09-11,2.720000
2014-09-12,2.760000
2014-09-15,2.760000
2014-09-16,2.770000
2014-09-17,2.790000
2014-09-18,2.790000
2014-09-19,2.760000
2014-09-22,2.740000
2014-09-23,2.720000
2014-09-24,2.730000
2014-09-25,2.680000
2014-09-26,2.680000
2014-09-29,2.650000
2014-09-30,2.670000
2014-10-01,2.600000
2014-10-02,2.620000
2014-10-03,2.610000
2014-10-06,2.600000
2014-10-07,2.550000
2014-10-08,2.550000
2014-10-09,2.570000
2014-10-10,2.540000
2014-10-14,2.490000
2014-10-15,2.450000
2014-10-16,2.490000
2014-10-17,2.520000
2014-10-20,2.520000
2014-10-21,2.530000
2014-10-22,2.530000
2014-10-23,2.560000
2014-10-24,2.550000
2014-10-27,2.550000
2014-10-28,2.580000
2014-10-29,2.590000
2014-10-30,2.580000
2014-10-31,2.590000
2014-11-03,2.590000
2014-11-04,2.570000
2014-11-05,2.590000
2014-11-06,2.630000
2014-11-07,2.600000
2014-11-10,2.610000
2014-11-12,2.620000
2014-11-13,2.610000
2014-11-14,2.590000
2014-11-17,2.580000
2014-11-18,2.560000
2014-11-19,2.600000
2014-11-20,2.570000
2014-11-21,2.550000
2014-11-24,2.520000
2014-11-25,2.490000
2014-11-26,2.480000
2014-11-27,2.450000
2014-11-28,2.410000
2014-12-01,2.440000
2014-12-02,2.500000
2014-12-03,2.490000
2014-12-04,2.460000
2014-12-05,2.480000
2014-12-08,2.420000
2014-12-09,2.410000
2014-12-10,2.380000
2014-12-11,2.370000
2014-12-12,2.310000
2014-12-15,2.320000
2014-12-16,2.290000
2014-12-17,2.340000
2014-12-18,2.390000
2014-12-19,2.340000
2014-12-22,2.340000
2014-12-23,2.420000
2014-12-24,2.430000
2014-12-29,2.380000
2014-12-30,2.360000
2014-12-31,2.330000
2015-01-02,2.300000
2015-01-05,2.250000
2015-01-06,2.210000
2015-01-07,2.210000
2015-01-08,2.270000
2015-01-09,2.230000
2015-01-12,2.180000
2015-01-13,2.170000
2015-01-14,2.130000
2015-01-15,2.060000
2015-01-16,2.100000
2015-01-19,2.080000
2015-01-20,2.060000
2015-01-21,2.040000
2015-01-22,2.060000
2015-01-23,2.020000
2015-01-26,2.030000
2015-01-27,1.980000
2015-01-28,1.930000
2015-01-29,1.940000
2015-01-30,1.840000
2015-02-02,1.830000
2015-02-03,1.890000
2015-02-04,1.870000
2015-02-05,1.940000
2015-02-06,2.020000
2015-02-09,2.010000
2015-02-10,2.040000
2015-02-11,2.050000
2015-02-12,2.040000
2015-02-13,2.070000
2015-02-17,2.130000
2015-02-18,2.110000
2015-02-19,2.090000
2015-02-20,2.070000
2015-02-23,2.020000
2015-02-24,1.960000
2015-02-25,1.950000
2015-02-26,1.960000
2015-02-27,1.920000
2015-03-02,1.990000
2015-03-03,2.030000
2015-03-04,2.100000
2015-03-05,2.120000
2015-03-06,2.230000
2015-03-09,2.210000
2015-03-10,2.170000
2015-03-11,2.130000
2015-03-12,2.120000
2015-03-13,2.110000
2015-03-16,2.080000
2015-03-17,2.050000
2015-03-18,1.980000
2015-03-19,1.950000
2015-03-20,1.940000
2015-03-23,1.950000
2015-03-24,1.940000
2015-03-25,1.970000
2015-03-26,2.040000
2015-03-27,1.990000
2015-03-30,1.990000
2015-03-31,1.990000
2015-04-01,1.950000
2015-04-02,1.960000
2015-04-06,2.000000
2015-04-07,1.990000
2015-04-08,1.980000
2015-04-09,2.030000
2015-04-10,2.040000
2015-04-13,2.030000
2015-04-14,1.980000
2015-04-15,1.990000
2015-04-16,2.020000
2015-04-17,2.020000
2015-04-20,2.040000
2015-04-21,2.050000
2015-04-22,2.090000
2015-04-23,2.080000
2015-04-24,2.050000
2015-04-27,2.060000
2015-04-28,2.150000
2015-04-29,2.190000
2015-04-30,2.180000
2015-05-01,2.240000
2015-05-04,2.290000
2015-05-05,2.320000
2015-05-06,2.390000
2015-05-07,2.330000
2015-05-08,2.300000
2015-05-11,2.400000
2015-05-12,2.390000
2015-05-13,2.430000
2015-05-14,2.410000
2015-05-15,2.330000
2015-05-19,2.430000
2015-05-20,2.410000
2015-05-21,2.350000
2015-05-22,2.350000
2015-05-25,2.360000
2015-05-26,2.280000
2015-05-27,2.250000
2015-05-28,2.240000
2015-05-29,2.200000
2015-06-01,2.230000
2015-06-02,2.300000
2015-06-03,2.370000
2015-06-04,2.330000
2015-06-05,2.390000
2015-06-08,2.390000
2015-06-09,2.440000
2015-06-10,2.480000
2015-06-11,2.410000
2015-06-12,2.390000
2015-06-15,2.360000
2015-06-16,2.340000
2015-06-17,2.360000
2015-06-18,2.390000
2015-06-19,2.330000
2015-06-22,2.400000
2015-06-23,2.420000
2015-06-24,2.380000
2015-06-25,2.410000
2015-06-26,2.460000
2015-06-29,2.350000
2015-06-30,2.310000
2015-07-02,2.370000
2015-07-03,2.340000
2015-07-06,2.280000
2015-07-07,2.220000
2015-07-08,2.170000
2015-07-09,2.240000
2015-07-10,2.330000
2015-07-13,2.340000
2015-07-14,2.320000
2015-07-15,2.270000
2015-07-16,2.260000
2015-07-17,2.240000
2015-07-20,2.260000
2015-07-21,2.250000
2015-07-22,2.220000
2015-07-23,2.170000
2015-07-24,2.150000
2015-07-27,2.120000
2015-07-28,2.170000
2015-07-29,2.200000
2015-07-30,2.160000
2015-07-31,2.120000
2015-08-04,2.110000
2015-08-05,2.140000
2015-08-06,2.120000
2015-08-07,2.090000
2015-08-10,2.140000
2015-08-11,2.090000
2015-08-12,2.090000
2015-08-13,2.090000
2015-08-14,2.080000
2015-08-17,2.080000
2015-08-18,2.100000
2015-08-19,2.050000
2015-08-20,2.020000
2015-08-21,2.010000
2015-08-24,2.010000
2015-08-25,2.090000
2015-08-26,2.200000
2015-08-27,2.200000
2015-08-28,2.190000
2015-08-31,2.230000
2015-09-01,2.180000
2015-09-02,2.210000
2015-09-03,2.220000
2015-09-04,2.200000
2015-09-08,2.240000
2015-09-09,2.260000
2015-09-10,2.260000
2015-09-11,2.230000
2015-09-14,2.210000
2015-09-15,2.310000
2015-09-16,2.330000
2015-09-17,2.290000
2015-09-18,2.220000
2015-09-21,2.290000
2015-09-22,2.230000
2015-09-23,2.240000
2015-09-24,2.220000
2015-09-25,2.270000
2015-09-28,2.190000
2015-09-29,2.180000
2015-09-30,2.210000
2015-10-01,2.200000
2015-10-02,2.180000
2015-10-05,2.220000
2015-10-06,2.220000
2015-10-07,2.250000
2015-10-08,2.300000
2015-10-09,2.310000
2015-10-13,2.250000
2015-10-14,2.210000
2015-10-15,2.240000
2015-10-16,2.260000
2015-10-19,2.260000
2015-10-20,2.330000
2015-10-21,2.270000
2015-10-22,2.260000
2015-10-23,2.300000
2015-10-26,2.240000
2015-10-27,2.230000
2015-10-28,2.260000
2015-10-29,2.320000
2015-10-30,2.300000
2015-11-02,2.330000
2015-11-03,2.350000
2015-11-04,2.360000
2015-11-05,2.380000
2015-11-06,2.410000
2015-11-09,2.420000
2015-11-10,2.400000
2015-11-12,2.390000
2015-11-13,2.340000
2015-11-16,2.340000
2015-11-17,2.350000
2015-11-18,2.350000
2015-11-19,2.320000
2015-11-20,2.320000
2015-11-23,2.330000
2015-11-24,2.320000
2015-11-25,2.290000
2015-11-26,2.280000
2015-11-27,2.290000
2015-11-30,2.290000
2015-12-01,2.230000
2015-12-02,2.230000
2015-12-03,2.330000
2015-12-04,2.290000
2015-12-07,2.230000
2015-12-08,2.240000
2015-12-09,2.230000
2015-12-10,2.230000
2015-12-11,2.160000
2015-12-14,2.210000
2015-12-15,2.220000
2015-12-16,2.220000
2015-12-17,2.160000
2015-12-18,2.110000
2015-12-21,2.110000
2015-12-22,2.130000
2015-12-23,2.160000
2015-12-24,2.140000
2015-12-29,2.170000
2015-12-30,2.160000
2015-12-31,2.150000
2016-01-04,2.130000
2016-01-05,2.130000
2016-01-06,2.080000
2016-01-07,2.070000
2016-01-08,2.060000
2016-01-11,2.090000
2016-01-12,2.050000
2016-01-13,2.020000
2016-01-14,2.050000
2016-01-15,1.980000
2016-01-18,1.990000
2016-01-19,1.990000
2016-01-20,1.940000
2016-01-21,2.010000
2016-01-22,2.090000
2016-01-25,2.060000
2016-01-26,2.080000
2016-01-27,2.050000
2016-01-28,2.050000
2016-01-29,2.030000
2016-02-01,2.050000
2016-02-02,1.950000
2016-02-03,1.970000
2016-02-04,1.970000
2016-02-05,1.950000
2016-02-08,1.870000
2016-02-09,1.870000
2016-02-10,1.820000
2016-02-11,1.830000
2016-02-12,1.930000
2016-02-16,1.960000
2016-02-17,1.960000
2016-02-18,1.920000
2016-02-19,1.920000
2016-02-22,1.930000
2016-02-23,1.930000
2016-02-24,1.930000
2016-02-25,1.920000
2016-02-26,1.960000
2016-02-29,1.970000
2016-03-01,2.030000
2016-03-02,2.050000
2016-03-03,2.030000
2016-03-04,2.070000
2016-03-07,2.080000
2016-03-08,1.990000
2016-03-09,2.050000
2016-03-10,2.070000
2016-03-11,2.110000
2016-03-14,2.100000
2016-03-15,2.080000
2016-03-16,2.080000
2016-03-17,2.080000
2016-03-18,2.080000
2016-03-21,2.100000
2016-03-22,2.090000
2016-03-23,2.030000
2016-03-24,2.050000
2016-03-28,2.040000
2016-03-29,1.970000
2016-03-30,2.000000
2016-03-31,2.000000
2016-04-01,2.010000
2016-04-04,1.990000
2016-04-05,1.930000
2016-04-06,1.960000
2016-04-07,1.920000
2016-04-08,1.950000
2016-04-11,1.960000
2016-04-12,1.990000
2016-04-13,1.970000
2016-04-14,2.000000
2016-04-15,1.970000
2016-04-18,1.990000
2016-04-19,2.010000
2016-04-20,2.030000
2016-04-21,2.050000
2016-04-22,2.070000
2016-04-25,2.100000
2016-04-26,2.100000
2016-04-27,2.060000
2016-04-28,2.050000
2016-04-29,2.070000
2016-05-02,2.120000
2016-05-03,2.070000
2016-05-04,2.030000
2016-05-05,1.990000
2016-05-06,1.980000
2016-05-09,1.960000
2016-05-10,1.960000
2016-05-11,1.960000
2016-05-12,1.980000
2016-05-13,1.950000
2016-05-16,1.980000
2016-05-17,1.970000
2016-05-18,2.010000
2016-05-19,1.970000
2016-05-20,1.990000
2016-05-24,2.000000
2016-05-25,2.010000
2016-05-26,1.980000
2016-05-27,1.990000
2016-05-30,1.980000
2016-05-31,1.960000
2016-06-01,1.950000
2016-06-02,1.900000
2016-06-03,1.840000
2016-06-06,1.880000
2016-06-07,1.880000
2016-06-08,1.860000
2016-06-09,1.840000
2016-06-10,1.790000
2016-06-13,1.790000
2016-06-14,1.780000
2016-06-15,1.760000
2016-06-16,1.760000
2016-06-17,1.770000
2016-06-20,1.840000
2016-06-21,1.880000
2016-06-22,1.870000
2016-06-23,1.920000
2016-06-24,1.810000
2016-06-27,1.720000
2016-06-28,1.720000
2016-06-29,1.760000
2016-06-30,1.720000
2016-07-04,1.670000
2016-07-05,1.600000
2016-07-06,1.560000
2016-07-07,1.550000
2016-07-08,1.550000
2016-07-11,1.560000
2016-07-12,1.650000
2016-07-13,1.620000
2016-07-14,1.670000
2016-07-15,1.750000
2016-07-18,1.730000
2016-07-19,1.710000
2016-07-20,1.750000
2016-07-21,1.750000
2016-07-22,1.730000
2016-07-25,1.730000
2016-07-26,1.730000
2016-07-27,1.690000
2016-07-28,1.680000
2016-07-29,1.640000
2016-08-02,1.670000
2016-08-03,1.670000
2016-08-04,1.640000
2016-08-05,1.680000
2016-08-08,1.680000
2016-08-09,1.620000
2016-08-10,1.600000
2016-08-11,1.640000
2016-08-12,1.620000
2016-08-15,1.640000
2016-08-16,1.660000
2016-08-17,1.670000
2016-08-18,1.660000
2016-08-19,1.690000
2016-08-22,1.640000
2016-08-23,1.640000
2016-08-24,1.640000
2016-08-25,1.670000
2016-08-26,1.680000
2016-08-29,1.630000
2016-08-30,1.630000
2016-08-31,1.630000
2016-09-01,1.620000
2016-09-02,1.660000
2016-09-06,1.630000
2016-09-07,1.610000
2016-09-08,1.700000
2016-09-09,1.770000
2016-09-12,1.790000
2016-09-13,1.860000
2016-09-14,1.830000
2016-09-15,1.840000
2016-09-16,1.830000
2016-09-19,1.820000
2016-09-20,1.790000
2016-09-21,1.780000
2016-09-22,1.730000
2016-09-23,1.700000
2016-09-26,1.660000
2016-09-27,1.640000
2016-09-28,1.640000
2016-09-29,1.620000
2016-09-30,1.660000
2016-10-03,1.670000
2016-10-04,1.730000
2016-10-05,1.770000
2016-10-06,1.800000
2016-10-07,1.820000
2016-10-11,1.840000
2016-10-12,1.840000
2016-10-13,1.800000
2016-10-14,1.870000
2016-10-17,1.840000
2016-10-18,1.840000
2016-10-19,1.850000
2016-10-20,1.830000
2016-10-21,1.790000
2016-10-24,1.810000
2016-10-25,1.810000
2016-10-26,1.820000
2016-10-27,1.880000
2016-10-28,1.890000
2016-10-31,1.850000
2016-11-01,1.850000
2016-11-02,1.830000
2016-11-03,1.850000
2016-11-04,1.810000
2016-11-07,1.870000
2016-11-08,1.920000
2016-11-09,2.030000
2016-11-10,2.070000
2016-11-14,2.190000
2016-11-15,2.170000
2016-11-16,2.120000
2016-11-17,2.170000
2016-11-18,2.210000
2016-11-21,2.210000
2016-11-22,2.180000
2016-11-23,2.180000
2016-11-24,2.180000
2016-11-25,2.150000
2016-11-28,2.110000
2016-11-29,2.100000
2016-11-30,2.160000
2016-12-01,2.250000
2016-12-02,2.230000
2016-12-05,2.220000
2016-12-06,2.230000
2016-12-07,2.210000
2016-12-08,2.270000
2016-12-09,2.340000
2016-12-12,2.390000
2016-12-13,2.370000
2016-12-14,2.380000
2016-12-15,2.410000
2016-12-16,2.420000
2016-12-19,2.390000
2016-12-20,2.400000
2016-12-21,2.400000
2016-12-22,2.410000
2016-12-23,2.390000
2016-12-28,2.340000
2016-12-29,2.320000
2016-12-30,2.310000
2017-01-03,2.330000
2017-01-04,2.300000
2017-01-05,2.260000
2017-01-06,2.310000
2017-01-09,2.290000
2017-01-10,2.280000
2017-01-11,2.280000
2017-01-12,2.260000
2017-01-13,2.310000
2017-01-16,2.290000
2017-01-17,2.280000
2017-01-18,2.320000
2017-01-19,2.370000
2017-01-20,2.380000
2017-01-23,2.320000
2017-01-24,2.390000
2017-01-25,2.450000
2017-01-26,2.450000
2017-01-27,2.430000
2017-01-30,2.430000
2017-01-31,2.410000
2017-02-01,2.410000
2017-02-02,2.410000
2017-02-03,2.430000
2017-02-06,2.380000
2017-02-07,2.360000
2017-02-08,2.290000
2017-02-09,2.350000
2017-02-10,2.370000
2017-02-13,2.410000
2017-02-14,2.440000
2017-02-15,2.460000
2017-02-16,2.430000
2017-02-17,2.410000
2017-02-21,2.420000
2017-02-22,2.420000
2017-02-23,2.400000
2017-02-24,2.330000
2017-02-27,2.360000
2017-02-28,2.340000
2017-03-01,2.390000
2017-03-02,2.400000
2017-03-03,2.410000
2017-03-06,2.410000
2017-03-07,2.420000
2017-03-08,2.460000
2017-03-09,2.490000
2017-03-10,2.480000
2017-03-13,2.520000
2017-03-14,2.490000
2017-03-15,2.420000
2017-03-16,2.450000
2017-03-17,2.410000
2017-03-20,2.390000
2017-03-21,2.370000
2017-03-22,2.340000
2017-03-23,2.340000
2017-03-24,2.300000
2017-03-27,2.280000
2017-03-28,2.310000
2017-03-29,2.280000
2017-03-30,2.320000
2017-03-31,2.310000
2017-04-03,2.260000
2017-04-04,2.260000
2017-04-05,2.240000
2017-04-06,2.230000
2017-04-07,2.260000
2017-04-10,2.260000
2017-04-11,2.220000
2017-04-12,2.200000
2017-04-13,2.160000
2017-04-17,2.180000
2017-04-18,2.110000
2017-04-19,2.130000
2017-04-20,2.150000
2017-04-21,2.130000
2017-04-24,2.150000
2017-04-25,2.190000
2017-04-26,2.160000
2017-04-27,2.180000
2017-04-28,2.160000
2017-05-01,2.180000
2017-05-02,2.130000
2017-05-03,2.140000
2017-05-04,2.140000
2017-05-05,2.150000
2017-05-08,2.190000
2017-05-09,2.230000
2017-05-10,2.260000
2017-05-11,2.240000
2017-05-12,2.230000
2017-05-15,2.240000
2017-05-16,2.230000
2017-05-17,2.100000
2017-05-18,2.080000
2017-05-19,2.100000
2017-05-23,2.130000
2017-05-24,2.110000
2017-05-25,2.090000
2017-05-26,2.070000
2017-05-29,2.040000
2017-05-30,2.060000
2017-05-31,2.050000
2017-06-01,2.050000
2017-06-02,2.010000
2017-06-05,2.020000
2017-06-06,2.000000
2017-06-07,2.020000
2017-06-08,2.030000
2017-06-09,2.040000
2017-06-12,2.070000
2017-06-13,2.110000
2017-06-14,2.040000
2017-06-15,2.050000
2017-06-16,2.040000
2017-06-19,2.040000
2017-06-20,2.010000
2017-06-21,2.000000
2017-06-22,1.990000
2017-06-23,1.970000
2017-06-26,1.960000
2017-06-27,2.030000
2017-06-28,2.060000
2017-06-29,2.110000
2017-06-30,2.130000
2017-07-04,2.190000
2017-07-05,2.160000
2017-07-06,2.210000
2017-07-07,2.260000
2017-07-10,2.260000
2017-07-11,2.250000
2017-07-12,2.230000
2017-07-13,2.250000
2017-07-14,2.240000
2017-07-17,2.250000
2017-07-18,2.230000
2017-07-19,2.250000
2017-07-20,2.250000
2017-07-21,2.250000
2017-07-24,2.270000
2017-07-25,2.360000
2017-07-26,2.350000
2017-07-27,2.420000
2017-07-28,2.450000
2017-07-31,2.470000
2017-08-01,2.380000
2017-08-02,2.360000
2017-08-03,2.320000
2017-08-04,2.350000
2017-08-08,2.370000
2017-08-09,2.340000
2017-08-10,2.290000
2017-08-11,2.290000
2017-08-14,2.320000
2017-08-15,2.340000
2017-08-16,2.310000
2017-08-17,2.290000
2017-08-18,2.290000
2017-08-21,2.290000
2017-08-22,2.320000
2017-08-23,2.300000
2017-08-24,2.310000
2017-08-25,2.300000
2017-08-28,2.300000
2017-08-29,2.270000
2017-08-30,2.270000
2017-08-31,2.260000
2017-09-01,2.300000
2017-09-05,2.270000
2017-09-06,2.340000
2017-09-07,2.330000
2017-09-08,2.350000
2017-09-11,2.380000
2017-09-12,2.400000
2017-09-13,2.420000
2017-09-14,2.420000
2017-09-15,2.430000
2017-09-18,2.440000
2017-09-19,2.440000
2017-09-20,2.450000
2017-09-21,2.460000
2017-09-22,2.450000
2017-09-25,2.430000
2017-09-26,2.450000
2017-09-27,2.490000
2017-09-28,2.500000
2017-09-29,2.470000
2017-10-02,2.500000
2017-10-03,2.500000
2017-10-04,2.490000
2017-10-05,2.480000
2017-10-06,2.490000
2017-10-10,2.480000
2017-10-11,2.460000
2017-10-12,2.440000
2017-10-13,2.390000
2017-10-16,2.380000
2017-10-17,2.360000
2017-10-18,2.370000
2017-10-19,2.350000
2017-10-20,2.370000
2017-10-23,2.370000
2017-10-24,2.390000
2017-10-25,2.380000
2017-10-26,2.380000
2017-10-27,2.340000
2017-10-30,2.310000
2017-10-31,2.300000
2017-11-01,2.300000
2017-11-02,2.280000
2017-11-03,2.270000
2017-11-06,2.250000
2017-11-07,2.220000
2017-11-08,2.240000
2017-11-09,2.270000
2017-11-10,2.300000
2017-11-14,2.280000
2017-11-15,2.240000
2017-11-16,2.290000
2017-11-17,2.280000
2017-11-20,2.300000
2017-11-21,2.260000
2017-11-22,2.250000
2017-11-23,2.230000
2017-11-24,2.230000
2017-11-27,2.220000
2017-11-28,2.200000
2017-11-29,2.230000
2017-11-30,2.230000
2017-12-01,2.200000
2017-12-04,2.220000
2017-12-05,2.190000
2017-12-06,2.150000
2017-12-07,2.160000
2017-12-08,2.160000
2017-12-11,2.160000
2017-12-12,2.160000
2017-12-13,2.150000
2017-12-14,2.150000
2017-12-15,2.100000
2017-12-18,2.140000
2017-12-19,2.190000
2017-12-20,2.240000
2017-12-21,2.250000
2017-12-22,2.250000
2017-12-27,2.200000
2017-12-28,2.240000
2017-12-29,2.260000
2018-01-02,2.320000
2018-01-03,2.290000
2018-01-04,2.320000
2018-01-05,2.360000
2018-01-08,2.360000
2018-01-09,2.400000
2018-01-10,2.380000
2018-01-11,2.380000
2018-01-12,2.370000
2018-01-15,2.370000
2018-01-16,2.350000
2018-01-17,2.340000
2018-01-18,2.350000
2018-01-19,2.370000
2018-01-22,2.370000
2018-01-23,2.350000
2018-01-24,2.370000
2018-01-25,2.340000
2018-01-26,2.330000
2018-01-29,2.340000
2018-01-30,2.370000
2018-01-31,2.360000
2018-02-01,2.410000
2018-02-02,2.430000
2018-02-05,2.430000
2018-02-06,2.460000
2018-02-07,2.470000
2018-02-08,2.490000
2018-02-09,2.500000
2018-02-12,2.480000
2018-02-13,2.470000
2018-02-14,2.500000
2018-02-15,2.500000
2018-02-16,2.460000
2018-02-20,2.470000
2018-02-21,2.480000
2018-02-22,2.450000
2018-02-23,2.400000
2018-02-26,2.400000
2018-02-27,2.430000
2018-02-28,2.370000
2018-03-01,2.330000
2018-03-02,2.360000
2018-03-05,2.370000
2018-03-06,2.390000
2018-03-07,2.410000
2018-03-08,2.400000
2018-03-09,2.440000
2018-03-12,2.420000
2018-03-13,2.380000
2018-03-14,2.320000
2018-03-15,2.290000
2018-03-16,2.290000
2018-03-19,2.300000
2018-03-20,2.330000
2018-03-21,2.370000
2018-03-22,2.290000
2018-03-23,2.310000
2018-03-26,2.350000
2018-03-27,2.280000
2018-03-28,2.250000
2018-03-29,2.230000
2018-04-02,2.250000
2018-04-03,2.290000
2018-04-04,2.330000
2018-04-05,2.340000
2018-04-06,2.310000
2018-04-09,2.290000
2018-04-10,2.310000
2018-04-11,2.320000
2018-04-12,2.380000
2018-04-13,2.340000
2018-04-16,2.370000
2018-04-17,2.340000
2018-04-18,2.380000
2018-04-19,2.420000
2018-04-20,2.440000
2018-04-23,2.440000
2018-04-24,2.440000
2018-04-25,2.470000
2018-04-26,2.440000
2018-04-27,2.410000
2018-04-30,2.400000
2018-05-01,2.420000
2018-05-02,2.440000
2018-05-03,2.400000
2018-05-04,2.400000
2018-05-07,2.410000
2018-05-08,2.420000
2018-05-09,2.440000
2018-05-10,2.430000
2018-05-11,2.410000
2018-05-14,2.450000
2018-05-15,2.510000
2018-05-16,2.510000
2018-05-17,2.530000
2018-05-18,2.490000
2018-05-22,2.490000
2018-05-23,2.450000
2018-05-24,2.420000
2018-05-25,2.380000
2018-05-28,2.340000
2018-05-29,2.250000
2018-05-30,2.280000
2018-05-31,2.250000
2018-06-01,2.270000
2018-06-04,2.310000
2018-06-05,2.300000
2018-06-06,2.350000
2018-06-07,2.330000
2018-06-08,2.360000
2018-06-11,2.360000
2018-06-12,2.330000
2018-06-13,2.330000
2018-06-14,2.290000
2018-06-15,2.250000
2018-06-18,2.240000
2018-06-19,2.200000
2018-06-20,2.220000
2018-06-21,2.200000
2018-06-22,2.200000
2018-06-25,2.180000
2018-06-26,2.180000
2018-06-27,2.160000
2018-06-28,2.200000
2018-06-29,2.200000
2018-07-03,2.190000
2018-07-04,2.200000
2018-07-05,2.180000
2018-07-06,2.160000
2018-07-09,2.210000
2018-07-10,2.210000
2018-07-11,2.190000
2018-07-12,2.200000
2018-07-13,2.190000
2018-07-16,2.190000
2018-07-17,2.170000
2018-07-18,2.200000
2018-07-19,2.170000
2018-07-20,2.220000
2018-07-23,2.270000
2018-07-24,2.270000
2018-07-25,2.300000
2018-07-26,2.320000
2018-07-27,2.330000
2018-07-30,2.340000
2018-07-31,2.330000
2018-08-01,2.370000
2018-08-02,2.380000
2018-08-03,2.360000
2018-08-07,2.380000
2018-08-08,2.370000
2018-08-09,2.350000
2018-08-10,2.310000
2018-08-13,2.320000
2018-08-14,2.340000
2018-08-15,2.280000
2018-08-16,2.270000
2018-08-17,2.270000
2018-08-20,2.260000
2018-08-21,2.270000
2018-08-22,2.260000
2018-08-23,2.260000
2018-08-24,2.260000
2018-08-27,2.290000
2018-08-28,2.310000
2018-08-29,2.320000
2018-08-30,2.300000
2018-08-31,2.250000
2018-09-04,2.250000
2018-09-05,2.260000
2018-09-06,2.250000
2018-09-07,2.300000
2018-09-10,2.300000
2018-09-11,2.340000
2018-09-12,2.350000
2018-09-13,2.350000
2018-09-14,2.360000
2018-09-17,2.350000
2018-09-18,2.400000
2018-09-19,2.430000
2018-09-20,2.430000
2018-09-21,2.440000
2018-09-24,2.450000
2018-09-25,2.470000
2018-09-26,2.420000
2018-09-27,2.410000
2018-09-28,2.410000
2018-10-01,2.480000
2018-10-02,2.450000
2018-10-03,2.510000
2018-10-04,2.540000
2018-10-05,2.580000
2018-10-09,2.560000
2018-10-10,2.550000
2018-10-11,2.500000
2018-10-12,2.500000
2018-10-15,2.520000
2018-10-16,2.520000
2018-10-17,2.530000
2018-10-18,2.520000
2018-10-19,2.520000
2018-10-22,2.520000
2018-10-23,2.490000
2018-10-24,2.470000
2018-10-25,2.480000
2018-10-26,2.430000
2018-10-29,2.430000
2018-10-30,2.480000
2018-10-31,2.520000
2018-11-01,2.520000
2018-11-02,2.570000
2018-11-05,2.550000
2018-11-06,2.560000
2018-11-07,2.550000
2018-11-08,2.560000
2018-11-09,2.530000
2018-11-13,2.490000
2018-11-14,2.460000
2018-11-15,2.430000
2018-11-16,2.420000
2018-11-19,2.420000
2018-11-20,2.410000
2018-11-21,2.410000
2018-11-22,2.420000
2018-11-23,2.390000
2018-11-26,2.410000
2018-11-27,2.390000
2018-11-28,2.410000
2018-11-29,2.410000
2018-11-30,2.390000
2018-12-03,2.350000
2018-12-04,2.270000
2018-12-05,2.240000
2018-12-06,2.230000
2018-12-07,2.230000
2018-12-10,2.210000
2018-12-11,2.220000
2018-12-12,2.270000
2018-12-13,2.320000
2018-12-14,2.280000
2018-12-17,2.220000
2018-12-18,2.180000
2018-12-19,2.130000
2018-12-20,2.140000
2018-12-21,2.180000
2018-12-24,2.150000
2018-12-27,2.160000
2018-12-28,2.150000
2018-12-31,2.180000
2019-01-02,2.130000
2019-01-03,2.070000
2019-01-04,2.130000
2019-01-07,2.150000
2019-01-08,2.170000
2019-01-09,2.180000
2019-01-10,2.180000
2019-01-11,2.160000
2019-01-14,2.170000
2019-01-15,2.200000
2019-01-16,2.220000
2019-01-17,2.220000
2019-01-18,2.250000
2019-01-21,2.230000
2019-01-22,2.190000
2019-01-23,2.190000
2019-01-24,2.160000
2019-01-25,2.190000
2019-01-28,2.180000
2019-01-29,2.170000
2019-01-30,2.170000
2019-01-31,2.140000
2019-02-01,2.180000
2019-02-04,2.200000
2019-02-05,2.180000
2019-02-06,2.170000
2019-02-07,2.140000
2019-02-08,2.140000
2019-02-11,2.150000
2019-02-12,2.170000
2019-02-13,2.180000
2019-02-14,2.140000
2019-02-15,2.150000
2019-02-19,2.140000
2019-02-20,2.140000
2019-02-21,2.170000
2019-02-22,2.140000
2019-02-25,2.140000
2019-02-26,2.120000
2019-02-27,2.160000
2019-02-28,2.190000
2019-03-01,2.200000
2019-03-04,2.170000
2019-03-05,2.160000
2019-03-06,2.110000
2019-03-07,2.070000
2019-03-08,2.060000
2019-03-11,2.050000
2019-03-12,2.020000
2019-03-13,2.040000
2019-03-14,2.050000
2019-03-15,2.020000
2019-03-18,2.010000
2019-03-19,2.010000
2019-03-20,1.990000
2019-03-21,1.970000
2019-03-22,1.890000
2019-03-25,1.850000
2019-03-26,1.860000
2019-03-27,1.840000
2019-03-28,1.850000
2019-03-29,1.900000
2019-04-01,1.970000
2019-04-02,1.950000
2019-04-03,1.990000
2019-04-04,1.970000
2019-04-05,1.970000
2019-04-08,2.000000
2019-04-09,2.010000
2019-04-10,1.980000
2019-04-11,2.010000
2019-04-12,2.060000
2019-04-15,2.050000
2019-04-16,2.080000
2019-04-17,2.090000
2019-04-18,2.050000
2019-04-22,2.080000
2019-04-23,2.060000
2019-04-24,1.990000
2019-04-25,1.990000
2019-04-26,1.980000
2019-04-29,2.000000
2019-04-30,1.990000
2019-05-01,1.960000
2019-05-02,2.010000
2019-05-03,2.010000
2019-05-06,1.980000
2019-05-07,1.940000
2019-05-08,1.950000
2019-05-09,1.930000
2019-05-10,1.960000
2019-05-13,1.900000
2019-05-14,1.920000
2019-05-15,1.900000
2019-05-16,1.910000
2019-05-17,1.920000
2019-05-21,1.970000
2019-05-22,1.960000
2019-05-23,1.880000
2019-05-24,1.870000
2019-05-27,1.850000
2019-05-28,1.820000
2019-05-29,1.820000
2019-05-30,1.810000
2019-05-31,1.770000
2019-06-03,1.710000
2019-06-04,1.740000
2019-06-05,1.740000
2019-06-06,1.740000
2019-06-07,1.720000
2019-06-10,1.760000
2019-06-11,1.770000
2019-06-12,1.750000
2019-06-13,1.720000
2019-06-14,1.700000
2019-06-17,1.690000
2019-06-18,1.670000
2019-06-19,1.680000
2019-06-20,1.690000
2019-06-21,1.720000
2019-06-24,1.710000
2019-06-25,1.690000
2019-06-26,1.730000
2019-06-27,1.710000
2019-06-28,1.680000
2019-07-02,1.680000
2019-07-03,1.650000
2019-07-04,1.660000
2019-07-05,1.740000
2019-07-08,1.730000
2019-07-09,1.730000
2019-07-10,1.750000
2019-07-11,1.790000
2019-07-12,1.790000
2019-07-15,1.780000
2019-07-16,1.790000
2019-07-17,1.740000
2019-07-18,1.730000
2019-07-19,1.730000
2019-07-22,1.720000
2019-07-23,1.730000
2019-07-24,1.700000
2019-07-25,1.720000
2019-07-26,1.730000
2019-07-29,1.740000
2019-07-30,1.740000
2019-07-31,1.700000
2019-08-01,1.630000
2019-08-02,1.610000
2019-08-06,1.430000
2019-08-07,1.470000
2019-08-08,1.490000
2019-08-09,1.520000
2019-08-12,1.450000
2019-08-13,1.460000
2019-08-14,1.330000
2019-08-15,1.300000
2019-08-16,1.340000
2019-08-19,1.410000
2019-08-20,1.400000
2019-08-21,1.450000
2019-08-22,1.510000
2019-08-23,1.430000
2019-08-26,1.460000
2019-08-27,1.390000
2019-08-28,1.370000
2019-08-29,1.400000
2019-08-30,1.420000
2019-09-03,1.400000
2019-09-04,1.400000
2019-09-05,1.530000
2019-09-06,1.500000
2019-09-09,1.550000
2019-09-10,1.620000
2019-09-11,1.630000
2019-09-12,1.670000
2019-09-13,1.710000
2019-09-16,1.670000
2019-09-17,1.630000
2019-09-18,1.590000
2019-09-19,1.580000
2019-09-20,1.540000
2019-09-23,1.520000
2019-09-24,1.480000
2019-09-25,1.570000
2019-09-26,1.540000
2019-09-27,1.540000
2019-09-30,1.530000
2019-10-01,1.510000
2019-10-02,1.490000
2019-10-03,1.440000
2019-10-04,1.420000
2019-10-07,1.470000
2019-10-08,1.470000
2019-10-09,1.510000
2019-10-10,1.580000
2019-10-11,1.640000
2019-10-15,1.670000
2019-10-16,1.670000
2019-10-17,1.670000
2019-10-18,1.650000
2019-10-21,1.660000
2019-10-22,1.630000
2019-10-23,1.620000
2019-10-24,1.630000
2019-10-25,1.660000
2019-10-28,1.750000
2019-10-29,1.740000
2019-10-30,1.600000
2019-10-31,1.580000
2019-11-01,1.600000
2019-11-04,1.690000
2019-11-05,1.740000
2019-11-06,1.680000
2019-11-07,1.740000
2019-11-08,1.730000
2019-11-12,1.740000
2019-11-13,1.690000
2019-11-14,1.620000
2019-11-15,1.620000
2019-11-18,1.620000
2019-11-19,1.580000
2019-11-20,1.540000
2019-11-21,1.580000
2019-11-22,1.580000
2019-11-25,1.580000
2019-11-26,1.540000
2019-11-27,1.580000
2019-11-28,1.570000
2019-11-29,1.550000
2019-12-02,1.610000
2019-12-03,1.550000
2019-12-04,1.620000
2019-12-05,1.680000
2019-12-06,1.680000
2019-12-09,1.710000
2019-12-10,1.700000
2019-12-11,1.680000
2019-12-12,1.750000
2019-12-13,1.680000
2019-12-16,1.730000
2019-12-17,1.720000
2019-12-18,1.750000
2019-12-19,1.710000
2019-12-20,1.660000
2019-12-23,1.670000
2019-12-24,1.670000
2019-12-27,1.660000
2019-12-30,1.710000
2019-12-31,1.760000
2020-01-02,1.700000
2020-01-03,1.620000
2020-01-06,1.680000
2020-01-07,1.690000
2020-01-08,1.740000
2020-01-09,1.720000
2020-01-10,1.700000
2020-01-13,1.710000
2020-01-14,1.690000
2020-01-15,1.650000
2020-01-16,1.680000
2020-01-17,1.680000
2020-01-20,1.680000
2020-01-21,1.620000
2020-01-22,1.580000
2020-01-23,1.550000
2020-01-24,1.490000
2020-01-27,1.440000
2020-01-28,1.490000
2020-01-29,1.450000
2020-01-30,1.460000
2020-01-31,1.420000
2020-02-03,1.410000
2020-02-04,1.460000
2020-02-05,1.510000
2020-02-06,1.480000
2020-02-07,1.440000
2020-02-10,1.420000
2020-02-11,1.460000
2020-02-12,1.510000
2020-02-13,1.510000
2020-02-14,1.490000
2020-02-18,1.450000
2020-02-19,1.460000
2020-02-20,1.420000
2020-02-21,1.380000
2020-02-24,1.310000
2020-02-25,1.320000
2020-02-26,1.350000
2020-02-27,1.320000
2020-02-28,1.300000
2020-03-02,1.340000
2020-03-03,1.230000
2020-03-04,1.270000
2020-03-05,1.170000
2020-03-06,0.960000
2020-03-09,0.710000
2020-03-10,0.950000
2020-03-11,1.020000
2020-03-12,1.090000
2020-03-13,1.330000
2020-03-16,1.260000
2020-03-17,1.410000
2020-03-18,1.470000
2020-03-19,1.430000
2020-03-20,1.280000
2020-03-23,1.260000
2020-03-24,1.310000
2020-03-25,1.360000
2020-03-26,1.340000
2020-03-27,1.280000
2020-03-30,1.320000
2020-03-31,1.320000
2020-04-01,1.210000
2020-04-02,1.230000
2020-04-03,1.230000
2020-04-06,1.270000
2020-04-07,1.340000
2020-04-08,1.350000
2020-04-09,1.330000
2020-04-13,1.330000
2020-04-14,1.400000
2020-04-15,1.320000
2020-04-16,1.260000
2020-04-17,1.290000
2020-04-20,1.280000
2020-04-21,1.220000
2020-04-22,1.230000
2020-04-23,1.200000
2020-04-24,1.180000
2020-04-27,1.210000
2020-04-28,1.160000
2020-04-29,1.150000
2020-04-30,1.120000
2020-05-01,1.070000
2020-05-04,1.120000
2020-05-05,1.110000
2020-05-06,1.160000
2020-05-07,1.130000
2020-05-08,1.160000
2020-05-11,1.190000
2020-05-12,1.150000
2020-05-13,1.120000
2020-05-14,1.070000
2020-05-15,1.080000
2020-05-19,1.150000
2020-05-20,1.110000
2020-05-21,1.100000
2020-05-22,1.060000
2020-05-25,1.040000
2020-05-26,1.080000
2020-05-27,1.100000
2020-05-28,1.140000
2020-05-29,1.110000
2020-06-01,1.120000
2020-06-02,1.130000
2020-06-03,1.210000
2020-06-04,1.260000
2020-06-05,1.310000
2020-06-08,1.260000
2020-06-09,1.200000
2020-06-10,1.120000
2020-06-11,1.060000
2020-06-12,1.060000
2020-06-15,1.010000
2020-06-16,1.060000
2020-06-17,1.030000
2020-06-18,1.000000
2020-06-19,1.000000
2020-06-22,0.990000
2020-06-23,1.010000
2020-06-24,1.020000
2020-06-25,1.010000
2020-06-26,0.990000
2020-06-29,0.980000
2020-06-30,0.990000
2020-07-02,1.010000
2020-07-03,1.010000
2020-07-06,1.010000
2020-07-07,0.990000
2020-07-08,1.090000
2020-07-09,1.080000
2020-07-10,1.070000
2020-07-13,1.060000
2020-07-14,1.050000
2020-07-15,1.040000
2020-07-16,0.990000
2020-07-17,1.000000
2020-07-20,0.980000
2020-07-21,0.980000
2020-07-22,1.000000
2020-07-23,0.990000
2020-07-24,0.970000
2020-07-27,0.990000
2020-07-28,0.940000
2020-07-29,0.950000
2020-07-30,0.920000
2020-07-31,0.920000
2020-08-04,0.890000
2020-08-05,0.940000
2020-08-06,0.920000
2020-08-07,0.950000
2020-08-10,0.980000
2020-08-11,1.060000
2020-08-12,1.090000
2020-08-13,1.140000
2020-08-14,1.130000
2020-08-17,1.090000
2020-08-18,1.070000
2020-08-19,1.090000
2020-08-20,1.080000
2020-08-21,1.070000
2020-08-24,1.070000
2020-08-25,1.100000
2020-08-26,1.120000
2020-08-27,1.190000
2020-08-28,1.200000
2020-08-31,1.170000
2020-09-01,1.100000
2020-09-02,1.060000
2020-09-03,1.040000
2020-09-04,1.100000
2020-09-08,1.080000
2020-09-09,1.100000
2020-09-10,1.080000
2020-09-11,1.060000
2020-09-14,1.060000
2020-09-15,1.080000
2020-09-16,1.110000
2020-09-17,1.090000
2020-09-18,1.100000
2020-09-21,1.080000
2020-09-22,1.080000
2020-09-23,1.080000
2020-09-24,1.080000
2020-09-25,1.070000
2020-09-28,1.100000
2020-09-29,1.080000
2020-09-30,1.110000
2020-10-01,1.100000
2020-10-02,1.110000
2020-10-05,1.170000
2020-10-06,1.140000
2020-10-07,1.200000
2020-10-08,1.200000
2020-10-09,1.230000
2020-10-13,1.190000
2020-10-14,1.180000
2020-10-15,1.150000
2020-10-16,1.160000
2020-10-19,1.170000
2020-10-20,1.220000
2020-10-21,1.210000
2020-10-22,1.250000
2020-10-23,1.240000
2020-10-26,1.210000
2020-10-27,1.190000
2020-10-28,1.170000
2020-10-29,1.220000
2020-10-30,1.250000
2020-11-02,1.230000
2020-11-03,1.270000
2020-11-04,1.190000
2020-11-05,1.200000
2020-11-06,1.220000
2020-11-09,1.320000
2020-11-10,1.330000
2020-11-12,1.270000
2020-11-13,1.280000
2020-11-16,1.290000
2020-11-17,1.250000
2020-11-18,1.250000
2020-11-19,1.220000
2020-11-20,1.170000
2020-11-23,1.190000
2020-11-24,1.220000
2020-11-25,1.220000
2020-11-26,1.210000
2020-11-27,1.180000
2020-11-30,1.170000
2020-12-01,1.230000
2020-12-02,1.280000
2020-12-03,1.260000
2020-12-04,1.340000
2020-12-07,1.310000
2020-12-08,1.290000
2020-12-09,1.300000
2020-12-10,1.280000
2020-12-11,1.270000
2020-12-14,1.280000
2020-12-15,1.290000
2020-12-16,1.300000
2020-12-17,1.300000
2020-12-18,1.290000
2020-12-21,1.280000
2020-12-22,1.250000
2020-12-23,1.280000
2020-12-24,1.260000
2020-12-29,1.250000
2020-12-30,1.240000
2020-12-31,1.210000
2021-01-04,1.220000
2021-01-05,1.280000
2021-01-06,1.360000
2021-01-07,1.400000
2021-01-08,1.420000
2021-01-11,1.450000
2021-01-12,1.470000
2021-01-13,1.440000
2021-01-14,1.490000
2021-01-15,1.440000
2021-01-18,1.440000
2021-01-19,1.440000
2021-01-20,1.470000
2021-01-21,1.500000
2021-01-22,1.470000
2021-01-25,1.440000
2021-01-26,1.460000
2021-01-27,1.450000
2021-01-28,1.480000
2021-01-29,1.470000
2021-02-01,1.460000
2021-02-02,1.480000
2021-02-03,1.520000
2021-02-04,1.540000
2021-02-05,1.590000
2021-02-08,1.590000
2021-02-09,1.580000
2021-02-10,1.580000
2021-02-11,1.590000
2021-02-12,1.630000
2021-02-16,1.710000
2021-02-17,1.690000
2021-02-18,1.730000
2021-02-19,1.800000
2021-02-22,1.820000
2021-02-23,1.860000
2021-02-24,1.880000
2021-02-25,1.910000
2021-02-26,1.760000
2021-03-01,1.770000
2021-03-02,1.780000
2021-03-03,1.820000
2021-03-04,1.900000
2021-03-05,1.880000
2021-03-08,1.910000
2021-03-09,1.840000
2021-03-10,1.840000
2021-03-11,1.880000
2021-03-12,2.020000
2021-03-15,2.000000
2021-03-16,2.030000
2021-03-17,2.080000
2021-03-18,2.080000
2021-03-19,2.050000
2021-03-22,2.020000
2021-03-23,1.960000
2021-03-24,1.910000
2021-03-25,1.910000
2021-03-26,1.950000
2021-03-29,1.990000
2021-03-30,1.950000
2021-03-31,1.970000
2021-04-01,1.950000
2021-04-05,1.980000
2021-04-06,1.910000
2021-04-07,1.940000
2021-04-08,1.900000
2021-04-09,1.920000
2021-04-12,1.930000
2021-04-13,1.930000
2021-04-14,1.960000
2021-04-15,1.890000
2021-04-16,1.980000
2021-04-19,2.020000
2021-04-20,2.010000
2021-04-21,2.010000
2021-04-22,2.030000
2021-04-23,2.050000
2021-04-26,2.070000
2021-04-27,2.100000
2021-04-28,2.070000
2021-04-29,2.090000
2021-04-30,2.080000
2021-05-03,2.060000
2021-05-04,2.070000
2021-05-05,2.060000
2021-05-06,2.070000
2021-05-07,2.070000
2021-05-10,2.110000
2021-05-11,2.140000
2021-05-12,2.190000
2021-05-13,2.180000
2021-05-14,2.180000
2021-05-17,2.190000
2021-05-18,2.180000
2021-05-19,2.180000
2021-05-20,2.150000
2021-05-21,2.150000
2021-05-25,2.070000
2021-05-26,2.040000
2021-05-27,2.060000
2021-05-28,2.060000
2021-05-31,2.030000
2021-06-01,2.030000
2021-06-02,2.020000
2021-06-03,2.040000
2021-06-04,1.980000
2021-06-07,1.990000
2021-06-08,1.970000
2021-06-09,1.950000
2021-06-10,1.940000
2021-06-11,1.940000
2021-06-14,1.960000
2021-06-15,1.940000
2021-06-16,1.950000
2021-06-17,1.880000
2021-06-18,1.810000
2021-06-21,1.850000
2021-06-22,1.860000
2021-06-23,1.860000
2021-06-24,1.840000
2021-06-25,1.890000
2021-06-28,1.870000
2021-06-29,1.870000
2021-06-30,1.840000
2021-07-02,1.840000
2021-07-05,1.840000
2021-07-06,1.790000
2021-07-07,1.760000
2021-07-08,1.740000
2021-07-09,1.820000
2021-07-12,1.820000
2021-07-13,1.850000
2021-07-14,1.810000
2021-07-15,1.780000
2021-07-16,1.770000
2021-07-19,1.690000
2021-07-20,1.750000
2021-07-21,1.800000
2021-07-22,1.760000
2021-07-23,1.780000
2021-07-26,1.790000
2021-07-27,1.740000
2021-07-28,1.730000
2021-07-29,1.740000
2021-07-30,1.760000
2021-08-03,1.690000
2021-08-04,1.700000
2021-08-05,1.700000
2021-08-06,1.750000
2021-08-09,1.790000
2021-08-10,1.800000
2021-08-11,1.820000
2021-08-12,1.810000
2021-08-13,1.760000
2021-08-16,1.740000
2021-08-17,1.740000
2021-08-18,1.740000
2021-08-19,1.710000
2021-08-20,1.720000
2021-08-23,1.740000
2021-08-24,1.770000
2021-08-25,1.820000
2021-08-26,1.780000
2021-08-27,1.750000
2021-08-30,1.740000
2021-08-31,1.790000
2021-09-01,1.740000
2021-09-02,1.720000
2021-09-03,1.750000
2021-09-07,1.790000
2021-09-08,1.770000
2021-09-09,1.740000
2021-09-10,1.800000
2021-09-13,1.780000
2021-09-14,1.740000
2021-09-15,1.770000
2021-09-16,1.770000
2021-09-17,1.820000
2021-09-20,1.760000
2021-09-21,1.780000
2021-09-22,1.750000
2021-09-23,1.830000
2021-09-24,1.900000
2021-09-27,1.910000
2021-09-28,1.970000
2021-09-29,1.980000
2021-10-01,1.960000
2021-10-04,1.970000
2021-10-05,2.010000
2021-10-06,1.990000
2021-10-07,2.040000
2021-10-08,2.080000
2021-10-12,2.050000
2021-10-13,2.020000
2021-10-14,1.970000
2021-10-15,1.990000
2021-10-18,1.960000
2021-10-19,2.000000
2021-10-20,2.030000
2021-10-21,2.080000
2021-10-22,2.050000
2021-10-25,2.050000
2021-10-26,2.010000
2021-10-27,1.920000
2021-10-28,1.950000
2021-10-29,2.020000
2021-11-01,2.040000
2021-11-02,2.050000
2021-11-03,2.050000
2021-11-04,2.010000
2021-11-05,1.960000
2021-11-08,1.980000
2021-11-09,1.950000
2021-11-10,2.010000
2021-11-12,2.030000
2021-11-15,2.070000
2021-11-16,2.110000
2021-11-17,2.050000
2021-11-18,2.050000
2021-11-19,2.000000
2021-11-22,2.090000
2021-11-23,2.140000
2021-11-24,2.070000
2021-11-25,2.070000
2021-11-26,2.010000
2021-11-29,1.940000
2021-11-30,1.890000
2021-12-01,1.820000
2021-12-02,1.790000
2021-12-03,1.740000
2021-12-06,1.790000
2021-12-07,1.830000
2021-12-08,1.840000
2021-12-09,1.820000
2021-12-10,1.810000
2021-12-13,1.750000
2021-12-14,1.790000
2021-12-15,1.740000
2021-12-16,1.690000
2021-12-17,1.660000
2021-12-20,1.730000
2021-12-21,1.760000
2021-12-22,1.720000
2021-12-23,1.750000
2021-12-24,1.760000
2021-12-29,1.760000
2021-12-30,1.720000
2021-12-31,1.680000
2022-01-04,1.820000
2022-01-05,1.850000
2022-01-06,1.930000
2022-01-07,1.970000
2022-01-10,1.960000
2022-01-11,1.950000
2022-01-12,1.980000
2022-01-13,1.960000
2022-01-14,2.010000
2022-01-17,2.040000
2022-01-18,2.100000
2022-01-19,2.080000
2022-01-20,2.060000
2022-01-21,1.990000
2022-01-24,2.040000
2022-01-25,2.050000
2022-01-26,2.070000
2022-01-27,2.000000
2022-01-28,2.000000
2022-01-31,2.050000
2022-02-01,2.080000
2022-02-02,2.040000
2022-02-03,2.070000
2022-02-04,2.100000
2022-02-07,2.090000
2022-02-08,2.140000
2022-02-09,2.140000
2022-02-10,2.200000
2022-02-11,2.130000
2022-02-14,2.190000
2022-02-15,2.220000
2022-02-16,2.210000
2022-02-17,2.170000
2022-02-18,2.150000
2022-02-22,2.180000
2022-02-23,2.230000
2022-02-24,2.200000
2022-02-25,2.180000
2022-02-28,2.120000
2022-03-01,1.990000
2022-03-02,2.050000
2022-03-03,2.020000
2022-03-04,1.960000
2022-03-07,2.020000
2022-03-08,2.110000
2022-03-09,2.190000
2022-03-10,2.240000
2022-03-11,2.290000
2022-03-14,2.420000
2022-03-15,2.490000
2022-03-16,2.390000
2022-03-17,2.400000
2022-03-18,2.380000
2022-03-21,2.470000
2022-03-22,2.560000
2022-03-23,2.420000
2022-03-24,2.460000
2022-03-25,2.550000
2022-03-28,2.480000
2022-03-29,2.460000
2022-03-30,2.410000
2022-03-31,2.370000
2022-04-01,2.370000
2022-04-04,2.370000
2022-04-05,2.450000
2022-04-06,2.450000
2022-04-07,2.520000
2022-04-08,2.580000
2022-04-11,2.660000
2022-04-12,2.610000
2022-04-13,2.610000
2022-04-14,2.710000
2022-04-18,2.740000
2022-04-19,2.780000
2022-04-20,2.770000
2022-04-21,2.820000
2022-04-22,2.820000
2022-04-25,2.780000
2022-04-26,2.720000
2022-04-27,2.790000
2022-04-28,2.750000
2022-04-29,2.810000
2022-05-02,2.870000
2022-05-03,2.880000
2022-05-04,2.860000
2022-05-05,2.950000
2022-05-06,3.040000
2022-05-09,2.970000
2022-05-10,2.970000
2022-05-11,2.950000
2022-05-12,2.900000
2022-05-13,2.930000
2022-05-16,2.910000
2022-05-17,3.020000
2022-05-18,2.910000
2022-05-19,2.860000
2022-05-20,2.810000
2022-05-24,2.790000
2022-05-25,2.760000
2022-05-26,2.810000
2022-05-27,2.780000
2022-05-30,2.800000
2022-05-31,2.850000
2022-06-01,2.880000
2022-06-02,2.900000
2022-06-03,2.950000
2022-06-06,3.100000
2022-06-07,3.110000
2022-06-08,3.180000
2022-06-09,3.140000
2022-06-10,3.190000
2022-06-13,3.310000
2022-06-14,3.400000
2022-06-15,3.350000
2022-06-16,3.290000
2022-06-17,3.300000
2022-06-20,3.310000
2022-06-21,3.400000
2022-06-22,3.330000
2022-06-23,3.270000
2022-06-24,3.300000
2022-06-27,3.350000
2022-06-28,3.300000
2022-06-29,3.210000
2022-06-30,3.140000
2022-07-04,3.090000
2022-07-05,3.030000
2022-07-06,3.100000
2022-07-07,3.140000
2022-07-08,3.170000
2022-07-11,3.140000
2022-07-12,3.090000
2022-07-13,3.030000
2022-07-14,3.040000
2022-07-15,3.010000
2022-07-18,3.040000
2022-07-19,3.030000
2022-07-20,3.040000
2022-07-21,2.900000
2022-07-22,2.820000
2022-07-25,2.850000
2022-07-26,2.820000
2022-07-27,2.830000
2022-07-28,2.750000
2022-07-29,2.770000
2022-08-02,2.830000
2022-08-03,2.770000
2022-08-04,2.760000
2022-08-05,2.810000
2022-08-08,2.760000
2022-08-09,2.780000
2022-08-10,2.760000
2022-08-11,2.880000
2022-08-12,2.850000
2022-08-15,2.840000
2022-08-16,2.840000
2022-08-17,2.890000
2022-08-18,2.890000
2022-08-19,2.930000
2022-08-22,3.000000
2022-08-23,3.020000
2022-08-24,3.060000
2022-08-25,3.000000
2022-08-26,2.980000
2022-08-29,3.010000
2022-08-30,2.980000
2022-08-31,3.020000
2022-09-01,3.090000
2022-09-02,3.040000
2022-09-06,3.150000
2022-09-07,3.130000
2022-09-08,3.200000
2022-09-09,3.150000
2022-09-12,3.160000
2022-09-13,3.160000
2022-09-14,3.100000
2022-09-15,3.050000
2022-09-16,3.060000
2022-09-19,3.040000
2022-09-20,3.020000
2022-09-21,2.940000
2022-09-22,3.000000
2022-09-23,2.960000
2022-09-26,3.030000
2022-09-27,3.180000
2022-09-28,2.970000
2022-09-29,3.090000
2022-10-03,3.130000
2022-10-04,3.120000
2022-10-05,3.220000
2022-10-06,3.220000
2022-10-07,3.250000
2022-10-11,3.340000
2022-10-12,3.370000
2022-10-13,3.330000
2022-10-14,3.400000
2022-10-17,3.410000
2022-10-18,3.350000
2022-10-19,3.530000
2022-10-20,3.670000
2022-10-21,3.680000
2022-10-24,3.650000
2022-10-25,3.580000
2022-10-26,3.420000
2022-10-27,3.320000
2022-10-28,3.300000
2022-10-31,3.320000
2022-11-01,3.260000
2022-11-02,3.330000
2022-11-03,3.390000
2022-11-04,3.500000
2022-11-07,3.620000
2022-11-08,3.520000
2022-11-09,3.470000
2022-11-10,3.260000
2022-11-14,3.270000
2022-11-15,3.230000
2022-11-16,3.140000
2022-11-17,3.180000
2022-11-18,3.210000
2022-11-21,3.140000
2022-11-22,3.080000
2022-11-23,2.970000
2022-11-24,2.950000
2022-11-25,2.940000
2022-11-28,2.960000
2022-11-29,3.010000
2022-11-30,3.010000
2022-12-01,2.870000
2022-12-02,2.790000
2022-12-05,2.830000
2022-12-06,2.770000
2022-12-07,2.740000
2022-12-08,2.740000
2022-12-09,2.810000
2022-12-12,2.870000
2022-12-13,2.840000
2022-12-14,2.850000
2022-12-15,2.810000
2022-12-16,2.870000
2022-12-19,2.970000
2022-12-20,3.040000
2022-12-21,3.040000
2022-12-22,3.090000
2022-12-23,3.160000
2022-12-28,3.280000
2022-12-29,3.240000
2022-12-30,3.280000
2023-01-03,3.210000
2023-01-04,3.140000
2023-01-05,3.150000
2023-01-06,3.090000
2023-01-09,3.100000
2023-01-10,3.130000
2023-01-11,3.030000
2023-01-12,2.930000
2023-01-13,2.920000
2023-01-16,2.910000
2023-01-17,2.920000
2023-01-18,2.840000
2023-01-19,2.850000
2023-01-20,2.930000
2023-01-23,2.990000
2023-01-24,2.970000
2023-01-25,2.910000
2023-01-26,2.930000
2023-01-27,2.950000
2023-01-30,2.960000
2023-01-31,2.980000
2023-02-01,2.930000
2023-02-02,2.930000
2023-02-03,3.000000
2023-02-06,3.080000
2023-02-07,3.120000
2023-02-08,3.070000
2023-02-09,3.100000
2023-02-10,3.170000
2023-02-13,3.110000
2023-02-14,3.170000
2023-02-15,3.260000
2023-02-16,3.280000
2023-02-17,3.250000
2023-02-21,3.330000
2023-02-22,3.300000
2023-02-23,3.250000
2023-02-24,3.280000
2023-02-27,3.260000
2023-02-28,3.200000
2023-03-01,3.250000
2023-03-02,3.330000
2023-03-03,3.190000
2023-03-06,3.220000
2023-03-07,3.170000
2023-03-08,3.110000
2023-03-09,3.050000
2023-03-10,2.770000
2023-03-13,2.800000
2023-03-14,2.790000
2023-03-15,2.880000
2023-03-16,2.960000
2023-03-17,2.900000
2023-03-20,2.930000
2023-03-21,2.990000
2023-03-22,2.930000
2023-03-23,2.930000
2023-03-24,2.890000
2023-03-27,3.030000
2023-03-28,3.040000
2023-03-29,3.040000
2023-03-30,3.030000
2023-03-31,3.020000
2023-04-03,2.960000
2023-04-04,2.930000
2023-04-05,2.950000
2023-04-06,2.940000
2023-04-10,2.990000
2023-04-11,2.990000
2023-04-12,3.000000
2023-04-13,3.070000
2023-04-14,3.130000
2023-04-17,3.160000
2023-04-18,3.140000
2023-04-19,3.130000
2023-04-20,3.070000
2023-04-21,3.030000
2023-04-24,3.010000
2023-04-25,2.920000
2023-04-26,2.970000
2023-04-27,3.050000
2023-04-28,2.960000
2023-05-01,3.070000
2023-05-02,2.960000
2023-05-03,2.930000
2023-05-04,2.970000
2023-05-05,3.050000
2023-05-08,3.110000
2023-05-09,3.080000
2023-05-10,3.040000
2023-05-11,2.970000
2023-05-12,2.970000
2023-05-15,3.030000
2023-05-16,3.090000
2023-05-17,3.100000
2023-05-18,3.160000
2023-05-19,3.150000
2023-05-23,3.230000
2023-05-24,3.270000
2023-05-25,3.300000
2023-05-26,3.290000
2023-05-29,3.260000
2023-05-30,3.220000
2023-05-31,3.140000
2023-06-01,3.090000
2023-06-02,3.160000
2023-06-05,3.200000
2023-06-06,3.180000
2023-06-07,3.280000
2023-06-08,3.270000
2023-06-09,3.250000
2023-06-12,3.230000
2023-06-13,3.330000
2023-06-14,3.270000
2023-06-15,3.210000
2023-06-16,3.190000
2023-06-19,3.250000
2023-06-20,3.190000
2023-06-21,3.220000
2023-06-22,3.290000
2023-06-23,3.200000
2023-06-26,3.160000
2023-06-27,3.170000
2023-06-28,3.110000
2023-06-29,3.180000
2023-06-30,3.090000
2023-07-04,3.120000
2023-07-05,3.210000
2023-07-06,3.250000
2023-07-07,3.330000
2023-07-10,3.310000
2023-07-11,3.330000
2023-07-12,3.260000
2023-07-13,3.220000
2023-07-14,3.230000
2023-07-17,3.270000
2023-07-18,3.260000
2023-07-19,3.200000
2023-07-20,3.320000
2023-07-21,3.260000
2023-07-24,3.330000
2023-07-25,3.340000
2023-07-26,3.290000
2023-07-27,3.420000
2023-07-28,3.330000
2023-07-31,3.290000
2023-08-01,3.410000
2023-08-02,3.440000
2023-08-03,3.580000
2023-08-04,3.450000
2023-08-08,3.420000
2023-08-09,3.410000
2023-08-10,3.470000
2023-08-11,3.480000
2023-08-14,3.520000
2023-08-15,3.580000
2023-08-16,3.610000
2023-08-17,3.590000
2023-08-18,3.530000
2023-08-21,3.590000
2023-08-22,3.610000
2023-08-23,3.470000
2023-08-24,3.510000
2023-08-25,3.500000
2023-08-28,3.480000
2023-08-29,3.410000
2023-08-30,3.410000
2023-08-31,3.380000
2023-09-01,3.410000
2023-09-05,3.520000
2023-09-06,3.500000
2023-09-07,3.480000
2023-09-08,3.480000
2023-09-11,3.510000
2023-09-12,3.510000
2023-09-13,3.520000
2023-09-14,3.530000
2023-09-15,3.560000
2023-09-18,3.560000
2023-09-19,3.630000
2023-09-20,3.630000
2023-09-21,3.720000
2023-09-22,3.690000
2023-09-25,3.800000
2023-09-26,3.810000
2023-09-27,3.870000
2023-09-28,3.860000
2023-09-29,3.810000
2023-10-03,3.990000
2023-10-04,3.910000
2023-10-05,3.900000
2023-10-06,3.900000
2023-10-10,3.760000
2023-10-11,3.680000
2023-10-12,3.790000
2023-10-13,3.700000
2023-10-16,3.740000
2023-10-17,3.760000
2023-10-18,3.790000
2023-10-19,3.930000
2023-10-20,3.870000
2023-10-23,3.770000
2023-10-24,3.750000
2023-10-25,3.880000
2023-10-26,3.760000
2023-10-27,3.730000
2023-10-30,3.810000
2023-10-31,3.850000
2023-11-01,3.740000
2023-11-02,3.640000
2023-11-03,3.560000
2023-11-06,3.610000
2023-11-07,3.560000
2023-11-08,3.500000
2023-11-09,3.640000
2023-11-10,3.610000
2023-11-14,3.500000
2023-11-15,3.550000
2023-11-16,3.510000
2023-11-17,3.490000
2023-11-20,3.470000
2023-11-21,3.460000
2023-11-22,3.470000
2023-11-23,3.520000
2023-11-24,3.500000
2023-11-27,3.410000
2023-11-28,3.380000
2023-11-29,3.340000
2023-11-30,3.360000
2023-12-01,3.230000
2023-12-04,3.260000
2023-12-05,3.160000
2023-12-06,3.110000
2023-12-07,3.130000
2023-12-08,3.180000
2023-12-11,3.210000
2023-12-12,3.200000
2023-12-13,3.090000
2023-12-14,2.970000
2023-12-15,2.910000
2023-12-18,2.970000
2023-12-19,2.940000
2023-12-20,2.900000
2023-12-21,2.970000
2023-12-22,3.060000
2023-12-27,2.960000
2023-12-28,3.010000
2023-12-29,3.020000
2024-01-02,3.100000
2024-01-03,3.070000
2024-01-04,3.140000
2024-01-05,3.190000
2024-01-08,3.140000
2024-01-09,3.130000
2024-01-10,3.180000
2024-01-11,3.180000
2024-01-12,3.190000
2024-01-15,3.180000
2024-01-16,3.310000
2024-01-17,3.370000
2024-01-18,3.420000
2024-01-19,3.430000
2024-01-22,3.390000
2024-01-23,3.410000
2024-01-24,3.460000
2024-01-25,3.450000
2024-01-26,3.480000
2024-01-29,3.390000
2024-01-30,3.320000
2024-01-31,3.270000
2024-02-01,3.200000
2024-02-02,3.290000
2024-02-05,3.380000
2024-02-06,3.320000
2024-02-07,3.370000
2024-02-08,3.440000
2024-02-09,3.410000
2024-02-12,3.430000
2024-02-13,3.470000
2024-02-14,3.420000
2024-02-15,3.410000
2024-02-16,3.430000
2024-02-20,3.380000
2024-02-21,3.420000
2024-02-22,3.400000
2024-02-23,3.320000
2024-02-26,3.340000
2024-02-27,3.410000
2024-02-28,3.400000
2024-02-29,3.350000
2024-03-01,3.320000
2024-03-04,3.340000
2024-03-05,3.250000
2024-03-06,3.230000
2024-03-07,3.250000
2024-03-08,3.240000
2024-03-11,3.270000
2024-03-12,3.300000
2024-03-13,3.330000
2024-03-14,3.400000
2024-03-15,3.400000
2024-03-18,3.460000
2024-03-19,3.420000
2024-03-20,3.400000
2024-03-21,3.430000
2024-03-22,3.370000
2024-03-25,3.400000
2024-03-26,3.400000
2024-03-27,3.350000
2024-03-28,3.340000
2024-04-01,3.480000
2024-04-02,3.500000
2024-04-03,3.500000
2024-04-04,3.460000
2024-04-05,3.500000
2024-04-08,3.530000
2024-04-09,3.470000
2024-04-10,3.570000
2024-04-11,3.600000
2024-04-12,3.540000
2024-04-15,3.630000
2024-04-16,3.650000
2024-04-17,3.610000
2024-04-18,3.660000
2024-04-19,3.640000
2024-04-22,3.660000
2024-04-23,3.660000
2024-04-24,3.700000
2024-04-25,3.730000
2024-04-26,3.700000
2024-04-29,3.630000
2024-04-30,3.680000
2024-05-01,3.630000
2024-05-02,3.620000
2024-05-03,3.550000
2024-05-06,3.500000
2024-05-07,3.460000
2024-05-08,3.510000
2024-05-09,3.500000
2024-05-10,3.550000
2024-05-13,3.530000
2024-05-14,3.530000
2024-05-15,3.440000
2024-05-16,3.430000
2024-05-17,3.480000
2024-05-21,3.450000
2024-05-22,3.460000
2024-05-23,3.490000
2024-05-24,3.470000
2024-05-27,3.480000
2024-05-28,3.550000
2024-05-29,3.610000
2024-05-30,3.540000
2024-05-31,3.470000
2024-06-03,3.350000
2024-06-04,3.310000
2024-06-05,3.280000
2024-06-06,3.310000
2024-06-07,3.380000
2024-06-10,3.420000
2024-06-11,3.400000
2024-06-12,3.340000
2024-06-13,3.260000
2024-06-14,3.210000
2024-06-17,3.230000
2024-06-18,3.190000
2024-06-19,3.210000
2024-06-20,3.250000
2024-06-21,3.260000
2024-06-24,3.260000
2024-06-25,3.260000
2024-06-26,3.350000
2024-06-27,3.360000
2024-06-28,3.390000
2024-07-02,3.500000
2024-07-03,3.470000
2024-07-04,3.500000
2024-07-05,3.430000
2024-07-08,3.400000
2024-07-09,3.420000
2024-07-10,3.400000
2024-07-11,3.380000
2024-07-12,3.360000
2024-07-15,3.400000
2024-07-16,3.340000
2024-07-17,3.320000
2024-07-18,3.340000
2024-07-19,3.380000
2024-07-22,3.400000
2024-07-23,3.390000
2024-07-24,3.420000
2024-07-25,3.410000
2024-07-26,3.370000
2024-07-29,3.330000
2024-07-30,3.280000
2024-07-31,3.220000
2024-08-01,3.170000
2024-08-02,3.090000
2024-08-06,3.190000
2024-08-07,3.230000
2024-08-08,3.240000
2024-08-09,3.180000
2024-08-12,3.160000
2024-08-13,3.130000
2024-08-14,3.100000
2024-08-15,3.150000
2024-08-16,3.140000
2024-08-19,3.140000
2024-08-20,3.080000
2024-08-21,3.090000
2024-08-22,3.150000
2024-08-23,3.120000
2024-08-26,3.150000
2024-08-27,3.150000
2024-08-28,3.180000
2024-08-29,3.220000
2024-08-30,3.260000
2024-09-03,3.180000
2024-09-04,3.130000
2024-09-05,3.110000
2024-09-06,3.110000
2024-09-09,3.080000
2024-09-10,3.060000
2024-09-11,3.080000
2024-09-12,3.080000
2024-09-13,3.090000
2024-09-16,3.060000
2024-09-17,3.080000
2024-09-18,3.130000
2024-09-19,3.140000
2024-09-20,3.130000
2024-09-23,3.140000
2024-09-24,3.150000
2024-09-25,3.200000
2024-09-26,3.200000
2024-09-27,3.130000
2024-10-01,3.120000
2024-10-02,3.200000
2024-10-03,3.260000
2024-10-04,3.330000
2024-10-07,3.350000
2024-10-08,3.350000
2024-10-09,3.360000
2024-10-10,3.360000
2024-10-11,3.350000
2024-10-15,3.280000
2024-10-16,3.240000
2024-10-17,3.310000
2024-10-18,3.290000
2024-10-21,3.380000
2024-10-22,3.370000
2024-10-23,3.410000
2024-10-24,3.360000
2024-10-25,3.390000
2024-10-28,3.390000
2024-10-29,3.370000
2024-10-30,3.340000
2024-10-31,3.280000
2024-11-01,3.340000
2024-11-04,3.280000
2024-11-05,3.280000
2024-11-06,3.340000
2024-11-07,3.240000
2024-11-08,3.200000
2024-11-12,3.240000
2024-11-13,3.310000
2024-11-14,3.280000
2024-11-15,3.300000
2024-11-18,3.320000
2024-11-19,3.380000
2024-11-20,3.430000
2024-11-21,3.490000
2024-11-22,3.440000
2024-11-25,3.320000
2024-11-26,3.280000
2024-11-27,3.260000
2024-11-28,3.240000
2024-11-29,3.130000
2024-12-02,3.100000
2024-12-03,3.170000
2024-12-04,3.140000
2024-12-05,3.140000
2024-12-06,3.100000
2024-12-09,3.160000
2024-12-10,3.160000
2024-12-11,3.190000
2024-12-12,3.240000
2024-12-13,3.260000
2024-12-16,3.270000
2024-12-17,3.220000
2024-12-18,3.260000
2024-12-19,3.390000
2024-12-20,3.340000
2024-12-23,3.360000
2024-12-24,3.370000
2024-12-27,3.400000
2024-12-30,3.340000
2024-12-31,3.330000
2025-01-02,3.330000
2025-01-03,3.350000
2025-01-06,3.350000
2025-01-07,3.410000
2025-01-08,3.430000
2025-01-09,3.470000
2025-01-10,3.540000
2025-01-13,3.580000
2025-01-14,3.620000
2025-01-15,3.530000
2025-01-16,3.450000
2025-01-17,3.420000
2025-01-20,3.400000
2025-01-21,3.370000
2025-01-22,3.430000
2025-01-23,3.460000
2025-01-24,3.420000
2025-01-27,3.340000
2025-01-28,3.350000
2025-01-29,3.340000
2025-01-30,3.280000
2025-01-31,3.240000
2025-02-03,3.160000
2025-02-04,3.180000
2025-02-05,3.140000
2025-02-06,3.150000
2025-02-07,3.260000
2025-02-10,3.260000
2025-02-11,3.290000
2025-02-12,3.360000
2025-02-13,3.290000
2025-02-14,3.290000
2025-02-18,3.360000
2025-02-19,3.360000
2025-02-20,3.390000
2025-02-21,3.290000
2025-02-24,3.270000
2025-02-25,3.190000
2025-02-26,3.180000
2025-02-27,3.180000
2025-02-28,3.120000
2025-03-03,3.050000
2025-03-04,3.110000
2025-03-05,3.190000
2025-03-06,3.300000
2025-03-07,3.270000
2025-03-10,3.240000
2025-03-11,3.260000
2025-03-12,3.320000
2025-03-13,3.290000
2025-03-14,3.300000
2025-03-17,3.260000
2025-03-18,3.260000
2025-03-19,3.230000
2025-03-20,3.240000
2025-03-21,3.250000
2025-03-24,3.290000
2025-03-25,3.300000
2025-03-26,3.360000
2025-03-27,3.340000
2025-03-28,3.280000
2025-03-31,3.230000
2025-04-01,3.180000
2025-04-02,3.200000
2025-04-03,3.240000
2025-04-04,3.190000
2025-04-07,3.350000
2025-04-08,3.420000
2025-04-09,3.450000
2025-04-10,3.530000
2025-04-11,3.550000
2025-04-14,3.550000
2025-04-15,3.430000
2025-04-16,3.400000
2025-04-17,3.450000
2025-04-21,3.580000
2025-04-22,3.530000
2025-04-23,3.550000
2025-04-24,3.510000
2025-04-25,3.510000
2025-04-28,3.500000
2025-04-29,3.460000
2025-04-30,3.420000
2025-05-01,3.450000
2025-05-02,3.500000
2025-05-05,3.500000
2025-05-06,3.480000
2025-05-07,3.420000
2025-05-08,3.500000
2025-05-09,3.470000
2025-05-12,3.500000
2025-05-13,3.520000
2025-05-14,3.560000
2025-05-15,3.480000
2025-05-16,3.480000
2025-05-20,3.600000
2025-05-21,3.680000
2025-05-22,3.650000
2025-05-23,3.630000
2025-05-26,3.610000
2025-05-27,3.540000
2025-05-28,3.540000
2025-05-29,3.500000
2025-05-30,3.470000
2025-06-02,3.500000
2025-06-03,3.540000
2025-06-04,3.510000
2025-06-05,3.520000
2025-06-06,3.590000
2025-06-09,3.630000
2025-06-10,3.610000
2025-06-11,3.630000
2025-06-12,3.620000
2025-06-13,3.650000
2025-06-16,3.690000
2025-06-17,3.670000
2025-06-18,3.630000
2025-06-19,3.620000
2025-06-20,3.590000
2025-06-23,3.570000
2025-06-24,3.570000
2025-06-25,3.630000
2025-06-26,3.610000
2025-06-27,3.600000
2025-06-30,3.560000
2025-07-02,3.640000
2025-07-03,3.670000
2025-07-04,3.640000
2025-07-07,3.700000
2025-07-08,3.720000
2025-07-09,3.680000
2025-07-10,3.710000
2025-07-11,3.810000
2025-07-14,3.830000
2025-07-15,3.900000
2025-07-16,3.880000
2025-07-17,3.880000
2025-07-18,3.880000
2025-07-21,3.830000
2025-07-22,3.810000
2025-07-23,3.870000
2025-07-24,3.860000
2025-07-25,3.830000
2025-07-28,3.840000
2025-07-29,3.790000
2025-07-30,3.800000
2025-07-31,3.750000
2025-08-01,3.700000
2025-08-05,3.710000
2025-08-06,3.740000
2025-08-07,3.740000
2025-08-08,3.750000
2025-08-11,3.760000
2025-08-12,3.810000
2025-08-13,3.770000
2025-08-14,3.800000
2025-08-15,3.860000
2025-08-18,3.900000
2025-08-19,3.850000
2025-08-20,3.850000
2025-08-21,3.880000
2025-08-22,3.840000
2025-08-25,3.880000
2025-08-26,3.870000
2025-08-27,3.880000
2025-08-28,3.850000
2025-08-29,3.820000
2025-09-02,3.890000
2025-09-03,3.840000
2025-09-04,3.810000
2025-09-05,3.740000
2025-09-08,3.660000
2025-09-09,3.670000
2025-09-10,3.620000
2025-09-11,3.600000
2025-09-12,3.610000
2025-09-15,3.600000
2025-09-16,3.590000
2025-09-17,3.610000
2025-09-18,3.630000
2025-09-19,3.640000
2025-09-22,3.660000
2025-09-23,3.660000
2025-09-24,3.670000
2025-09-25,3.670000
2025-09-26,3.670000
2025-09-29,3.610000
2025-10-01,3.670000
2025-10-02,3.660000
2025-10-03,3.670000
2025-10-06,3.710000
2025-10-07,3.700000
2025-10-08,3.720000
2025-10-09,3.720000
2025-10-10,3.680000
2025-10-14,3.630000
2025-10-15,3.620000
2025-10-16,3.590000
2025-10-17,3.580000
2025-10-20,3.560000
2025-10-21,3.560000
2025-10-22,3.560000
2025-10-23,3.580000
2025-10-24,3.580000
2025-10-27,3.530000
2025-10-28,3.510000
2025-10-29,3.590000
2025-10-30,3.580000
2025-10-31,3.580000
2025-11-03,3.610000
2025-11-04,3.610000
2025-11-05,3.610000
2025-11-06,3.560000
2025-11-07,3.610000
2025-11-10,3.620000
2025-11-12,3.580000
2025-11-13,3.620000
2025-11-14,3.650000
2025-11-17,3.670000
2025-11-18,3.700000
2025-11-19,3.700000
2025-11-20,3.670000
2025-11-21,3.660000
2025-11-24,3.640000
2025-11-25,3.610000
2025-11-26,3.590000
2025-11-27,3.580000
2025-11-28,3.590000
2025-12-01,3.690000
2025-12-02,3.700000
2025-12-03,3.700000
2025-12-04,3.740000
2025-12-05,3.850000
2025-12-08,3.840000
2025-12-09,3.870000
2025-12-10,3.850000
2025-12-11,3.850000
2025-12-12,3.880000
2025-12-15,3.850000
2025-12-16,3.840000
2025-12-17,3.870000
2025-12-18,3.860000
2025-12-19,3.890000
2025-12-22,3.880000
2025-12-23,3.830000
2025-12-24,3.810000
2025-12-29,3.810000
2025-12-30,3.840000
2025-12-31,3.850000
2026-01-02,3.920000
2026-01-05,3.880000
2026-01-06,3.890000
2026-01-07,3.840000
2026-01-08,3.850000
2026-01-09,3.820000
2026-01-12,3.840000
2026-01-13,3.860000
2026-01-14,3.810000
2026-01-15,3.790000
2026-01-16,3.800000
2026-01-19,3.820000
2026-01-20,3.870000
2026-01-21,3.850000
2026-01-22,3.830000
2026-01-23,3.840000
2026-01-26,3.800000
2026-01-27,3.850000
2026-01-28,3.860000
2026-01-29,3.860000
2026-01-30,3.880000
2026-02-02,3.880000
2026-02-03,3.880000
2026-02-04,3.880000
2026-02-05,3.860000
2026-02-06,3.850000
2026-02-09,3.850000
2026-02-10,3.810000
2026-02-11,3.790000
2026-02-12,3.740000
2026-02-13,3.720000
2026-02-17,3.710000
2026-02-18,3.710000
2026-02-19,3.710000
2026-02-20,3.700000
2026-02-23,3.680000
2026-02-24,3.680000
2026-02-25,3.690000
2026-02-26,3.660000
2026-02-27,3.630000
2026-03-02,3.700000
2026-03-03,3.720000
2026-03-04,3.740000
2026-03-05,3.790000
2026-03-06,3.860000
2026-03-09,3.810000
2026-03-10,3.850000
2026-03-11,3.930000
2026-03-12,3.960000
2026-03-13,3.940000
2026-03-16,3.880000
2026-03-17,3.850000
2026-03-18,3.890000
2026-03-19,3.850000
2026-03-20,3.950000
2026-03-23,3.920000
2026-03-24,3.970000
2026-03-25,3.880000
2026-03-26,3.920000
2026-03-27,3.940000
2026-03-30,3.900000
2026-03-31,3.880000
2026-04-01,3.930000
2026-04-02,3.920000
2026-04-06,3.880000
2026-04-07,3.910000
2026-04-08,3.880000
2026-04-09,3.890000
2026-04-10,3.910000
2026-04-13,3.900000
2026-04-14,3.870000
2026-04-15,3.900000
2026-04-16,3.930000
2026-04-17,3.880000
2026-04-20,3.880000
2026-04-21,3.910000
2026-04-22,3.900000
2026-04-23,3.900000
2026-04-24,3.870000
2026-04-27,3.910000
2026-04-28,3.910000
2026-04-29,3.960000
2026-04-30,3.930000
2026-05-01,3.900000
2026-05-04,3.960000
2026-05-05,3.950000
2026-05-06,3.890000
2026-05-07,3.900000
2026-05-08,3.850000
2026-05-11,3.900000
2026-05-12,3.940000
2026-05-13,3.930000
2026-05-14,3.910000
2026-05-15,4.020000
2026-05-19,4.040000
2026-05-20,3.940000
2026-05-21,3.910000
2026-05-22,3.900000
2026-05-25,3.840000
2026-05-26,3.840000
2026-05-27,3.830000
2026-05-28,3.800000
2026-05-29,3.790000
2026-06-01,3.810000
2026-06-02,3.790000
2026-06-03,3.800000
2026-06-04,3.800000
2026-06-05,3.830000
2026-06-08,3.920000
2026-06-09,3.880000
2026-06-10,3.880000
2026-06-11,3.810000
2026-06-12,3.820000
2026-06-15,3.840000
2026-06-16,3.810000
2026-06-17,3.820000
2026-06-18,3.800000
2026-06-19,3.810000
2026-06-22,3.850000
2026-06-23,3.830000
2026-06-24,3.760000
2026-06-25,3.790000
2026-06-26,3.800000
2026-06-29,3.770000
2026-06-30,3.770000
2026-07-02,3.860000
2026-07-03,3.860000
2026-07-06,3.840000
2026-07-07,3.900000
2026-07-08,3.950000
2026-07-09,3.930000
2026-07-10,3.920000
2026-07-13,3.950000
2026-07-14,3.970000
2026-07-15,3.950000
2026-07-16,3.940000
2026-07-17,3.960000
2026-07-20,3.980000
2026-07-21,3.980000
2026-07-22,4.000000
2026-07-23,4.020000
2026-07-24,3.980000
2026-07-27,3.940000
2026-07-28,3.910000
2026-07-29,3.990000
2026-07-30,3.990000
2026-07-31,4.040000
2026-08-04,3.960000
2026-08-05,3.970000
2026-08-06,4.020000
2026-08-07,4.040000
2026-08-10,4.100000
2026-08-11,4.100000
2026-08-12,4.090000
2026-08-13,4.040000
2026-08-14,4.090000
2026-08-17,4.140000
2026-08-18,4.130000
2026-08-19,4.090000
2026-08-20,4.150000
2026-08-21,4.170000
2026-08-24,4.110000
2026-08-25,4.060000
2026-08-26,4.090000
2026-08-27,4.130000
2026-08-28,4.140000
2026-08-31,4.140000
2026-09-01,4.150000
2026-09-02,4.180000
2026-09-03,4.160000
2026-09-04,4.150000
2026-09-08,4.190000
2026-09-09,4.210000
2026-09-10,4.280000
2026-09-11,4.280000
2026-09-14,4.270000
2026-09-15,4.290000
2026-09-16,4.250000
2026-09-17,4.170000
2026-09-18,4.190000
2026-09-21,4.160000
2026-09-22,4.150000
2026-09-23,4.250000
2026-09-24,4.270000
2026-09-25,4.240000
2026-09-28,4.250000
2026-09-29,4.300000
2026-10-01,4.280000
2026-10-02,4.280000
2026-10-05,4.310000
2026-10-06,4.280000
2026-10-07,4.300000
2026-10-08,4.290000
