date,taux
1974-09-24,9.362000
1974-09-25,9.364000
1974-09-26,9.366000
1974-09-27,9.367000
1974-09-28,9.369000
1974-09-30,9.373000
1974-10-01,9.374000
1974-10-02,9.376000
1974-10-03,9.378000
1974-10-04,9.379000
1974-10-05,9.381000
1974-10-07,9.385000
1974-10-08,9.386000
1974-10-09,9.388000
1974-10-11,9.391000
1974-10-12,9.393000
1974-10-14,9.396000
1974-10-15,9.398000
1974-10-16,9.400000
1974-10-17,9.401000
1974-10-18,9.403000
1974-10-21,9.408000
1974-10-22,9.410000
1974-10-23,9.411000
1974-10-24,9.413000
1974-10-25,9.415000
1974-10-26,9.416000
1974-10-28,9.419000
1974-10-29,9.421000
1974-10-30,9.423000
1974-10-31,9.424000
1974-11-01,9.426000
1974-11-02,9.428000
1974-11-05,9.432000
1974-11-06,9.434000
1974-11-07,9.435000
1974-11-08,9.437000
1974-11-09,9.439000
1974-11-11,9.442000
1974-11-12,9.443000
1974-11-13,9.445000
1974-11-14,9.446000
1974-11-15,9.448000
1974-11-18,9.452000
1974-11-19,9.459000
1974-11-20,9.473000
1974-11-21,9.506000
1974-11-22,9.512000
1974-11-25,9.517000
1974-11-26,9.518000
1974-11-27,9.520000
1974-11-28,9.521000
1974-11-29,9.523000
1974-11-30,9.524000
1974-12-02,9.527000
1974-12-03,9.528000
1974-12-04,9.530000
1974-12-05,9.531000
1974-12-06,9.533000
1974-12-07,9.534000
1974-12-09,9.537000
1974-12-10,9.538000
1974-12-11,9.540000
1974-12-12,9.541000
1974-12-13,9.543000
1974-12-14,9.544000
1974-12-16,9.547000
1974-12-17,9.548000
1974-12-18,9.550000
1974-12-19,9.551000
1974-12-20,9.552000
1974-12-23,9.556000
1974-12-24,9.558000
1974-12-25,9.559000
1974-12-26,9.560000
1974-12-27,9.562000
1974-12-28,9.563000
1975-01-04,9.572000
1975-01-06,9.575000
1975-01-07,9.576000
1975-01-08,9.578000
1975-01-09,9.579000
1975-01-10,9.580000
1975-01-11,9.581000
1975-01-13,9.584000
1975-01-14,9.585000
1975-01-16,9.588000
1975-01-17,9.589000
1975-01-20,9.593000
1975-01-21,9.594000
1975-01-22,9.595000
1975-01-23,9.596000
1975-01-24,9.598000
1975-01-25,9.599000
1975-01-27,9.601000
1975-01-28,9.602000
1975-01-29,9.604000
1975-01-30,9.605000
1975-01-31,9.606000
1975-02-01,9.607000
1975-02-03,9.610000
1975-02-04,9.611000
1975-02-05,9.612000
1975-02-06,9.613000
1975-02-07,9.614000
1975-02-08,9.615000
1975-02-10,9.618000
1975-02-12,9.620000
1975-02-13,9.619000
1975-02-14,9.620000
1975-02-17,9.623000
1975-02-18,9.625000
1975-02-19,9.632000
1975-02-20,9.646000
1975-02-21,9.647000
1975-02-22,9.588000
1975-02-24,9.593000
1975-02-25,9.595000
1975-02-26,9.597000
1975-02-27,9.600000
1975-02-28,9.564000
1975-03-01,9.567000
1975-03-03,9.573000
1975-03-04,9.576000
1975-03-05,9.579000
1975-03-06,9.582000
1975-03-07,9.585000
1975-03-08,9.588000
1975-03-10,9.593000
1975-03-11,9.596000
1975-03-12,9.599000
1975-03-13,9.602000
1975-03-14,9.605000
1975-03-17,9.613000
1975-03-18,9.616000
1975-03-19,9.619000
1975-03-20,9.622000
1975-03-22,9.627000
1975-03-24,9.633000
1975-03-25,9.636000
1975-03-26,9.638000
1975-03-27,9.641000
1975-03-28,9.644000
1975-03-29,9.647000
1975-03-31,9.652000
1975-04-01,9.655000
1975-04-02,9.658000
1975-04-03,9.660000
1975-04-04,9.663000
1975-04-05,9.666000
1975-04-07,9.671000
1975-04-08,9.674000
1975-04-09,9.676000
1975-04-10,9.679000
1975-04-11,9.682000
1975-04-12,9.684000
1975-04-14,9.690000
1975-04-15,9.692000
1975-04-16,9.695000
1975-04-17,9.697000
1975-04-18,9.700000
1975-04-21,9.695000
1975-04-22,9.698000
1975-04-23,9.701000
1975-04-24,9.704000
1975-04-25,9.707000
1975-04-26,9.710000
1975-04-28,9.716000
1975-04-30,9.722000
1975-05-01,9.725000
1975-05-02,9.728000
1975-05-06,9.739000
1975-05-07,9.742000
1975-05-08,9.745000
1975-05-09,9.748000
1975-05-10,9.750000
1975-05-12,9.756000
1975-05-13,9.756000
1975-05-14,9.759000
1975-05-15,9.763000
1975-05-16,9.766000
1975-05-19,9.775000
1975-05-20,9.760000
1975-05-21,9.646000
1975-05-22,9.460000
1975-05-23,9.441000
1975-05-24,9.445000
1975-05-26,9.452000
1975-05-27,9.455000
1975-05-28,9.458000
1975-05-29,9.462000
1975-05-30,9.465000
1975-05-31,9.468000
1975-06-02,9.475000
1975-06-03,9.478000
1975-06-04,9.482000
1975-06-05,9.485000
1975-06-06,9.488000
1975-06-07,9.492000
1975-06-09,9.467000
1975-06-10,9.470000
1975-06-11,9.474000
1975-06-12,9.477000
1975-06-13,9.480000
1975-06-14,9.452000
1975-06-16,9.459000
1975-06-17,9.462000
1975-06-18,9.466000
1975-06-19,9.469000
1975-06-20,9.472000
1975-06-23,9.482000
1975-06-24,9.485000
1975-06-25,9.488000
1975-06-26,9.492000
1975-06-27,9.495000
1975-06-28,9.498000
1975-06-30,9.505000
1975-07-01,9.508000
1975-07-02,9.511000
1975-07-03,9.514000
1975-07-04,9.518000
1975-07-05,9.521000
1975-07-07,9.527000
1975-07-08,9.530000
1975-07-09,9.534000
1975-07-10,9.537000
1975-07-11,9.540000
1975-07-12,9.543000
1975-07-14,9.549000
1975-07-15,9.553000
1975-07-16,9.556000
1975-07-17,9.559000
1975-07-18,9.562000
1975-07-21,9.571000
1975-07-22,9.574000
1975-07-23,9.577000
1975-07-24,9.581000
1975-07-25,9.584000
1975-07-26,9.587000
1975-07-28,9.593000
1975-07-29,9.536000
1975-07-30,9.508000
1975-07-31,9.479000
1975-08-01,9.483000
1975-08-02,9.486000
1975-08-04,9.493000
1975-08-05,9.496000
1975-08-06,9.499000
1975-08-07,9.503000
1975-08-08,9.506000
1975-08-09,9.509000
1975-08-11,9.516000
1975-08-12,9.519000
1975-08-13,9.522000
1975-08-14,9.525000
1975-08-15,9.529000
1975-08-18,9.538000
1975-08-19,9.541000
1975-08-20,9.527000
1975-08-21,9.536000
1975-08-22,9.533000
1975-08-23,9.536000
1975-08-25,9.542000
1975-08-26,9.546000
1975-08-27,9.549000
1975-08-28,9.552000
1975-08-29,9.555000
1975-08-30,9.559000
1975-09-01,9.565000
1975-09-02,9.568000
1975-09-03,9.571000
1975-09-04,9.575000
1975-09-05,9.578000
1975-09-06,9.581000
1975-09-08,9.587000
1975-09-09,9.591000
1975-09-10,9.594000
1975-09-11,9.586000
1975-09-12,9.589000
1975-09-13,9.592000
1975-09-16,9.602000
1975-09-17,9.606000
1975-09-18,9.609000
1975-09-19,9.612000
1975-09-22,9.622000
1975-09-23,9.625000
1975-09-25,9.632000
1975-09-26,9.533000
1975-09-27,9.537000
1975-09-29,9.544000
1975-09-30,9.547000
1975-10-01,9.551000
1975-10-02,9.554000
1975-10-03,9.557000
1975-10-04,9.561000
1975-10-06,9.568000
1975-10-07,9.571000
1975-10-08,9.575000
1975-10-09,9.459000
1975-10-11,9.466000
1975-10-13,9.472000
1975-10-14,9.442000
1975-10-15,9.446000
1975-10-16,9.449000
1975-10-17,9.453000
1975-10-20,9.463000
1975-10-21,9.467000
1975-10-22,9.471000
1975-10-23,9.474000
1975-10-24,9.477000
1975-10-25,9.481000
1975-10-27,9.488000
1975-10-28,9.491000
1975-10-29,9.495000
1975-10-30,9.468000
1975-10-31,9.472000
1975-11-01,9.475000
1975-11-04,9.484000
1975-11-05,9.487000
1975-11-06,9.491000
1975-11-07,9.495000
1975-11-08,9.498000
1975-11-10,9.505000
1975-11-11,9.509000
1975-11-12,9.512000
1975-11-13,9.516000
1975-11-14,9.519000
1975-11-17,9.529000
1975-11-18,9.532000
1975-11-19,9.541000
1975-11-20,9.557000
1975-11-21,9.560000
1975-11-22,9.540000
1975-11-25,9.550000
1975-11-26,9.554000
1975-11-27,9.558000
1975-11-28,9.561000
1975-11-29,9.565000
1975-12-01,9.507000
1975-12-02,9.478000
1975-12-03,9.481000
1975-12-04,9.479000
1975-12-05,9.456000
1975-12-06,9.460000
1975-12-08,9.467000
1975-12-09,9.471000
1975-12-10,9.474000
1975-12-11,9.478000
1975-12-12,9.481000
1975-12-13,9.485000
1975-12-15,9.492000
1975-12-16,9.495000
1975-12-17,9.499000
1975-12-18,9.471000
1975-12-19,9.474000
1975-12-22,9.485000
1975-12-23,9.488000
1975-12-24,9.428000
1975-12-25,9.396000
1975-12-26,9.341000
1975-12-27,9.313000
1976-01-05,9.346000
1976-01-06,9.350000
1976-01-07,9.353000
1976-01-08,9.357000
1976-01-09,9.361000
1976-01-10,9.365000
1976-01-12,9.313000
1976-01-13,9.259000
1976-01-14,9.209000
1976-01-16,9.130000
1976-01-19,9.087000
1976-01-20,9.062000
1976-01-21,9.008000
1976-01-22,8.955000
1976-01-23,8.842000
1976-01-24,8.792000
1976-01-26,8.744000
1976-01-27,8.691000
1976-01-28,8.696000
1976-01-29,8.643000
1976-01-30,8.646000
1976-01-31,8.649000
1976-02-02,8.598000
1976-02-03,8.601000
1976-02-04,8.604000
1976-02-05,8.607000
1976-02-06,8.609000
1976-02-07,8.555000
1976-02-09,8.504000
1976-02-10,8.507000
1976-02-12,8.513000
1976-02-13,8.516000
1976-02-14,8.519000
1976-02-16,8.525000
1976-02-17,8.528000
1976-02-18,8.531000
1976-02-19,8.539000
1976-02-20,8.554000
1976-02-23,8.557000
1976-02-24,8.560000
1976-02-25,8.563000
1976-02-26,8.566000
1976-02-27,8.569000
1976-02-28,8.571000
1976-03-01,8.564000
1976-03-02,8.567000
1976-03-03,8.569000
1976-03-04,8.572000
1976-03-05,8.575000
1976-03-06,8.578000
1976-03-08,8.583000
1976-03-09,8.586000
1976-03-10,8.589000
1976-03-11,8.592000
1976-03-12,8.594000
1976-03-13,8.597000
1976-03-15,8.603000
1976-03-16,8.606000
1976-03-17,8.608000
1976-03-18,8.611000
1976-03-19,8.614000
1976-03-22,8.622000
1976-03-23,8.625000
1976-03-24,8.628000
1976-03-25,8.631000
1976-03-26,8.633000
1976-03-27,8.636000
1976-03-29,8.642000
1976-03-30,8.645000
1976-03-31,8.647000
1976-04-01,8.592000
1976-04-02,8.592000
1976-04-03,8.592000
1976-04-05,8.598000
1976-04-06,8.601000
1976-04-07,8.599000
1976-04-08,8.602000
1976-04-09,8.605000
1976-04-10,8.608000
1976-04-12,8.614000
1976-04-13,8.617000
1976-04-14,8.618000
1976-04-15,8.621000
1976-04-16,8.598000
1976-04-19,8.607000
1976-04-20,8.610000
1976-04-21,8.613000
1976-04-22,8.616000
1976-04-23,8.565000
1976-04-24,8.568000
1976-04-26,8.573000
1976-04-27,8.576000
1976-04-28,8.579000
1976-04-30,8.585000
1976-05-01,8.588000
1976-05-04,8.597000
1976-05-06,8.602000
1976-05-07,8.605000
1976-05-08,8.608000
1976-05-10,8.614000
1976-05-11,8.617000
1976-05-12,8.619000
1976-05-13,8.622000
1976-05-14,8.625000
1976-05-17,8.634000
1976-05-18,8.637000
1976-05-19,8.639000
1976-05-20,8.635000
1976-05-21,8.621000
1976-05-22,8.613000
1976-05-24,8.619000
1976-05-25,8.622000
1976-05-26,8.624000
1976-05-27,8.627000
1976-05-28,8.630000
1976-05-29,8.633000
1976-05-31,8.639000
1976-06-01,8.642000
1976-06-02,8.645000
1976-06-03,8.647000
1976-06-04,8.650000
1976-06-05,8.653000
1976-06-07,8.659000
1976-06-08,8.662000
1976-06-09,8.665000
1976-06-10,8.668000
1976-06-11,8.670000
1976-06-12,8.673000
1976-06-14,8.679000
1976-06-15,8.682000
1976-06-16,8.685000
1976-06-17,8.688000
1976-06-18,8.691000
1976-06-21,8.699000
1976-06-22,8.702000
1976-06-23,8.705000
1976-06-24,8.707000
1976-06-25,8.710000
1976-06-26,8.707000
1976-06-28,8.713000
1976-06-29,8.711000
1976-06-30,8.714000
1976-07-01,8.693000
1976-07-02,8.696000
1976-07-03,8.699000
1976-07-05,8.705000
1976-07-06,8.708000
1976-07-07,8.711000
1976-07-08,8.714000
1976-07-09,8.716000
1976-07-10,8.719000
1976-07-12,8.725000
1976-07-13,8.728000
1976-07-14,8.731000
1976-07-15,8.735000
1976-07-16,8.738000
1976-07-19,8.747000
1976-07-20,8.750000
1976-07-21,8.753000
1976-07-22,8.755000
1976-07-23,8.726000
1976-07-24,8.703000
1976-07-26,8.651000
1976-07-27,8.654000
1976-07-28,8.657000
1976-07-29,8.660000
1976-07-30,8.634000
1976-07-31,8.637000
1976-08-02,8.639000
1976-08-03,8.638000
1976-08-04,8.614000
1976-08-05,8.616000
1976-08-06,8.618000
1976-08-07,8.621000
1976-08-09,8.628000
1976-08-10,8.631000
1976-08-11,8.607000
1976-08-12,8.609000
1976-08-13,8.613000
1976-08-14,8.617000
1976-08-16,8.624000
1976-08-17,8.628000
1976-08-18,8.631000
1976-08-19,8.635000
1976-08-20,8.632000
1976-08-23,8.575000
1976-08-24,8.570000
1976-08-25,8.552000
1976-08-26,8.547000
1976-08-27,8.521000
1976-08-28,8.524000
1976-08-30,8.502000
1976-08-31,8.505000
1976-09-01,8.509000
1976-09-02,8.512000
1976-09-03,8.516000
1976-09-04,8.519000
1976-09-06,8.504000
1976-09-07,8.507000
1976-09-08,8.511000
1976-09-09,8.507000
1976-09-10,8.488000
1976-09-11,8.492000
1976-09-13,8.499000
1976-09-14,8.502000
1976-09-16,8.509000
1976-09-17,8.512000
1976-09-20,8.523000
1976-09-21,8.526000
1976-09-22,8.530000
1976-09-24,8.537000
1976-09-25,8.540000
1976-09-27,8.547000
1976-09-28,8.551000
1976-09-29,8.554000
1976-09-30,8.558000
1976-10-01,8.561000
1976-10-02,8.565000
1976-10-04,8.572000
1976-10-05,8.575000
1976-10-06,8.578000
1976-10-07,8.581000
1976-10-08,8.584000
1976-10-09,8.562000
1976-10-12,8.572000
1976-10-13,8.575000
1976-10-14,8.579000
1976-10-15,8.582000
1976-10-18,8.593000
1976-10-19,8.596000
1976-10-20,8.600000
1976-10-21,8.577000
1976-10-22,8.581000
1976-10-23,8.555000
1976-10-25,8.562000
1976-10-26,8.565000
1976-10-27,8.569000
1976-10-28,8.543000
1976-10-29,8.547000
1976-10-30,8.550000
1976-11-01,8.557000
1976-11-02,8.560000
1976-11-04,8.567000
1976-11-05,8.571000
1976-11-06,8.574000
1976-11-08,8.581000
1976-11-09,8.584000
1976-11-10,8.560000
1976-11-11,8.564000
1976-11-12,8.567000
1976-11-13,8.570000
1976-11-15,8.548000
1976-11-16,8.552000
1976-11-17,8.555000
1976-11-18,8.530000
1976-11-19,8.538000
1976-11-22,8.531000
1976-11-24,8.537000
1976-11-25,8.539000
1976-11-26,8.542000
1976-11-27,8.545000
1976-11-29,8.551000
1976-11-30,8.526000
1976-12-01,8.500000
1976-12-02,8.503000
1976-12-03,8.507000
1976-12-04,8.510000
1976-12-06,8.516000
1976-12-07,8.491000
1976-12-08,8.494000
1976-12-09,8.497000
1976-12-10,8.500000
1976-12-11,8.503000
1976-12-13,8.509000
1976-12-14,8.512000
1976-12-15,8.518000
1976-12-16,8.496000
1976-12-17,8.500000
1976-12-20,8.513000
1976-12-21,8.517000
1976-12-22,8.492000
1976-12-23,8.499000
1976-12-24,8.503000
1976-12-25,8.478000
1976-12-27,8.489000
1976-12-28,8.493000
1977-01-04,8.518000
1977-01-05,8.522000
1977-01-06,8.526000
1977-01-07,8.496000
1977-01-08,8.499000
1977-01-10,8.473000
1977-01-11,8.476000
1977-01-12,8.445000
1977-01-13,8.448000
1977-01-14,8.452000
1977-01-17,8.434000
1977-01-18,8.437000
1977-01-19,8.441000
1977-01-20,8.390000
1977-01-21,8.358000
1977-01-22,8.334000
1977-01-24,8.340000
1977-01-25,8.343000
1977-01-26,8.345000
1977-01-27,8.321000
1977-01-28,8.324000
1977-01-29,8.327000
1977-01-31,8.334000
1977-02-01,8.337000
1977-02-02,8.340000
1977-02-03,8.344000
1977-02-04,8.347000
1977-02-05,8.349000
1977-02-07,8.303000
1977-02-08,8.254000
1977-02-09,8.257000
1977-02-10,8.260000
1977-02-12,8.267000
1977-02-14,8.220000
1977-02-15,8.159000
1977-02-16,8.099000
1977-02-17,8.102000
1977-02-18,8.105000
1977-02-21,8.087000
1977-02-22,8.089000
1977-02-23,8.092000
1977-02-24,8.095000
1977-02-25,8.098000
1977-02-26,8.101000
1977-02-28,8.106000
1977-03-01,8.109000
1977-03-02,8.112000
1977-03-03,8.116000
1977-03-04,8.119000
1977-03-05,8.122000
1977-03-07,8.128000
1977-03-08,8.131000
1977-03-09,8.134000
1977-03-10,8.137000
1977-03-11,8.139000
1977-03-12,8.141000
1977-03-14,8.148000
1977-03-15,8.150000
1977-03-16,8.153000
1977-03-17,8.156000
1977-03-18,8.159000
1977-03-22,8.170000
1977-03-23,8.173000
1977-03-24,8.150000
1977-03-25,8.152000
1977-03-26,8.155000
1977-03-28,8.159000
1977-03-29,8.163000
1977-03-30,8.165000
1977-03-31,8.168000
1977-04-01,8.044000
1977-04-02,7.996000
1977-04-04,7.949000
1977-04-05,7.852000
1977-04-06,7.852000
1977-04-07,7.853000
1977-04-08,7.855000
1977-04-09,7.857000
1977-04-11,7.911000
1977-04-12,7.812000
1977-04-13,7.762000
1977-04-14,7.761000
1977-04-15,7.762000
1977-04-18,7.664000
1977-04-19,7.612000
1977-04-20,7.612000
1977-04-21,7.615000
1977-04-22,7.617000
1977-04-23,7.619000
1977-04-25,7.624000
1977-04-26,7.522000
1977-04-27,7.522000
1977-04-28,7.474000
1977-04-30,7.477000
1977-05-02,7.481000
1977-05-04,7.481000
1977-05-06,7.479000
1977-05-07,7.481000
1977-05-09,7.485000
1977-05-10,7.486000
1977-05-11,7.488000
1977-05-12,7.489000
1977-05-13,7.491000
1977-05-14,7.495000
1977-05-16,7.495000
1977-05-17,7.447000
1977-05-18,7.355000
1977-05-19,7.355000
1977-05-20,7.340000
1977-05-23,7.202000
1977-05-24,7.204000
1977-05-25,7.205000
1977-05-26,7.199000
1977-05-27,7.203000
1977-05-28,7.204000
1977-05-30,7.215000
1977-05-31,7.146000
1977-06-01,7.147000
1977-06-02,7.149000
1977-06-03,7.151000
1977-06-04,7.153000
1977-06-06,7.147000
1977-06-07,7.141000
1977-06-08,7.077000
1977-06-09,7.086000
1977-06-10,7.088000
1977-06-11,7.089000
1977-06-13,7.092000
1977-06-14,7.094000
1977-06-15,7.095000
1977-06-16,7.097000
1977-06-17,7.098000
1977-06-20,7.102000
1977-06-21,7.104000
1977-06-22,7.105000
1977-06-23,7.107000
1977-06-24,7.108000
1977-06-25,7.110000
1977-06-27,7.113000
1977-06-28,7.115000
1977-06-29,7.043000
1977-06-30,7.026000
1977-07-01,6.999000
1977-07-02,7.003000
1977-07-04,6.958000
1977-07-05,6.923000
1977-07-06,6.895000
1977-07-07,6.896000
1977-07-08,6.897000
1977-07-09,6.895000
1977-07-11,6.851000
1977-07-12,6.802000
1977-07-13,6.785000
1977-07-14,6.760000
1977-07-15,6.743000
1977-07-18,6.647000
1977-07-19,6.626000
1977-07-20,6.543000
1977-07-21,6.534000
1977-07-22,6.535000
1977-07-23,6.531000
1977-07-25,6.531000
1977-07-26,6.531000
1977-07-27,6.532000
1977-07-28,6.532000
1977-07-29,6.529000
1977-07-30,6.528000
1977-08-01,6.535000
1977-08-02,6.535000
1977-08-03,6.536000
1977-08-04,6.536000
1977-08-05,6.530000
1977-08-06,6.527000
1977-08-08,6.549000
1977-08-09,6.549000
1977-08-10,6.552000
1977-08-11,6.556000
1977-08-12,6.559000
1977-08-13,6.559000
1977-08-15,6.560000
1977-08-16,6.561000
1977-08-17,6.608000
1977-08-18,6.629000
1977-08-19,6.630000
1977-08-22,6.620000
1977-08-23,6.644000
1977-08-24,6.638000
1977-08-25,6.649000
1977-08-26,6.650000
1977-08-27,6.650000
1977-08-29,6.651000
1977-08-30,6.637000
1977-08-31,6.621000
1977-09-01,6.622000
1977-09-02,6.623000
1977-09-03,6.623000
1977-09-05,6.625000
1977-09-06,6.625000
1977-09-07,6.648000
1977-09-08,6.675000
1977-09-09,6.678000
1977-09-10,6.671000
1977-09-12,6.695000
1977-09-13,6.695000
1977-09-14,6.708000
1977-09-16,6.709000
1977-09-19,6.711000
1977-09-20,6.711000
1977-09-21,6.712000
1977-09-22,6.712000
1977-09-24,6.713000
1977-09-26,6.714000
1977-09-27,6.715000
1977-09-28,6.716000
1977-09-29,6.716000
1977-09-30,6.717000
1977-10-01,6.717000
1977-10-03,6.718000
1977-10-04,6.719000
1977-10-05,6.720000
1977-10-06,6.723000
1977-10-07,6.727000
1977-10-08,6.726000
1977-10-11,6.727000
1977-10-12,6.775000
1977-10-13,6.776000
1977-10-14,6.776000
1977-10-17,6.776000
1977-10-18,6.777000
1977-10-19,6.777000
1977-10-20,6.778000
1977-10-21,6.792000
1977-10-22,6.793000
1977-10-24,6.780000
1977-10-25,6.752000
1977-10-26,6.745000
1977-10-27,6.668000
1977-10-28,6.655000
1977-10-29,6.494000
1977-10-31,6.490000
1977-11-01,6.482000
1977-11-02,6.483000
1977-11-04,6.483000
1977-11-05,6.483000
1977-11-07,6.483000
1977-11-08,6.484000
1977-11-09,6.484000
1977-11-10,6.484000
1977-11-11,6.484000
1977-11-12,6.484000
1977-11-14,6.487000
1977-11-15,6.487000
1977-11-16,6.458000
1977-11-17,6.451000
1977-11-18,6.451000
1977-11-21,6.471000
1977-11-22,6.477000
1977-11-24,6.464000
1977-11-25,6.450000
1977-11-26,6.450000
1977-11-28,6.449000
1977-11-29,6.436000
1977-11-30,6.422000
1977-12-01,6.409000
1977-12-02,6.409000
1977-12-03,6.408000
1977-12-05,6.408000
1977-12-06,6.414000
1977-12-07,6.396000
1977-12-08,6.395000
1977-12-09,6.395000
1977-12-10,6.394000
1977-12-12,6.393000
1977-12-13,6.438000
1977-12-14,6.482000
1977-12-15,6.482000
1977-12-16,6.390000
1977-12-19,6.389000
1977-12-20,6.368000
1977-12-21,6.346000
1977-12-22,6.325000
1977-12-23,6.309000
1977-12-24,6.297000
1977-12-26,6.197000
1977-12-27,6.150000
1977-12-28,6.105000
1978-01-04,6.097000
1978-01-05,6.096000
1978-01-06,6.095000
1978-01-07,6.094000
1978-01-09,6.091000
1978-01-10,6.090000
1978-01-11,6.089000
1978-01-12,6.088000
1978-01-13,6.087000
1978-01-14,6.086000
1978-01-17,5.987000
1978-01-18,5.874000
1978-01-19,5.872000
1978-01-20,5.870000
1978-01-23,5.865000
1978-01-24,5.863000
1978-01-25,5.864000
1978-01-26,5.866000
1978-01-27,5.868000
1978-01-28,5.868000
1978-01-30,5.642000
1978-01-31,5.640000
1978-02-01,5.638000
1978-02-02,5.636000
1978-02-03,5.634000
1978-02-04,5.641000
1978-02-06,5.638000
1978-02-07,5.720000
1978-02-08,5.673000
1978-02-09,5.713000
1978-02-10,5.710000
1978-02-13,5.705000
1978-02-14,5.707000
1978-02-15,5.781000
1978-02-16,5.822000
1978-02-17,5.820000
1978-02-20,5.880000
1978-02-21,5.897000
1978-02-22,5.864000
1978-02-23,5.858000
1978-02-24,5.825000
1978-02-25,5.792000
1978-02-27,5.707000
1978-02-28,5.690000
1978-03-01,5.688000
1978-03-02,5.686000
1978-03-03,5.694000
1978-03-04,5.690000
1978-03-06,5.686000
1978-03-07,5.684000
1978-03-08,5.672000
1978-03-09,5.667000
1978-03-10,5.658000
1978-03-11,5.656000
1978-03-13,5.636000
1978-03-14,5.639000
1978-03-15,5.629000
1978-03-16,5.615000
1978-03-17,5.610000
1978-03-20,5.597000
1978-03-22,5.593000
1978-03-23,5.590000
1978-03-24,5.597000
1978-03-25,5.577000
1978-03-27,5.572000
1978-03-28,5.569000
1978-03-29,5.567000
1978-03-30,5.564000
1978-03-31,5.559000
1978-04-01,5.556000
1978-04-03,5.547000
1978-04-04,5.514000
1978-04-05,5.493000
1978-04-06,5.466000
1978-04-07,5.480000
1978-04-08,5.512000
1978-04-10,5.523000
1978-04-11,5.536000
1978-04-12,5.531000
1978-04-13,5.529000
1978-04-14,5.526000
1978-04-17,5.517000
1978-04-18,5.514000
1978-04-19,5.511000
1978-04-20,5.520000
1978-04-21,5.534000
1978-04-22,5.532000
1978-04-24,5.544000
1978-04-25,5.541000
1978-04-26,5.538000
1978-04-27,5.536000
1978-04-28,5.533000
1978-05-01,5.525000
1978-05-02,5.522000
1978-05-04,5.516000
1978-05-06,5.511000
1978-05-08,5.505000
1978-05-09,5.502000
1978-05-10,5.499000
1978-05-11,5.496000
1978-05-12,5.489000
1978-05-13,5.486000
1978-05-15,5.480000
1978-05-16,5.401000
1978-05-17,5.398000
1978-05-18,5.395000
1978-05-19,5.391000
1979-08-22,7.632000
1979-08-23,7.632000
1979-08-24,7.632000
1979-08-25,7.683000
1979-08-27,7.683000
1979-08-28,7.683000
1979-08-29,7.735000
1979-08-30,7.735000
1979-08-31,7.735000
1979-09-01,7.735000
1979-09-03,7.735000
1979-09-04,7.735000
1979-09-05,7.732000
1979-09-06,7.732000
1979-09-07,7.732000
1979-09-08,7.732000
1979-09-10,7.732000
1979-09-11,7.732000
1979-09-12,7.733000
1979-09-13,7.733000
1979-09-14,7.733000
1979-09-17,7.733000
1979-09-18,7.733000
1979-09-19,7.734000
1979-09-20,7.734000
1979-09-21,7.734000
1979-09-22,7.734000
1979-09-25,7.735000
1979-09-26,7.735000
1979-09-27,7.735000
1979-09-28,7.735000
1979-09-29,7.736000
1979-10-01,7.736000
1979-10-02,7.736000
1979-10-03,7.736000
1979-10-04,7.737000
1979-10-05,7.737000
1979-10-06,7.737000
1979-10-08,7.738000
1979-10-09,7.817000
1979-10-11,7.871000
1979-10-12,7.950000
1979-10-13,8.031000
1979-10-15,8.035000
1979-10-16,8.089000
1979-10-17,8.090000
1979-10-18,8.106000
1979-10-19,8.085000
1979-10-22,8.087000
1979-10-23,8.169000
1979-10-24,8.225000
1979-10-25,8.251000
1979-10-26,8.252000
1979-10-27,8.253000
1979-10-29,8.255000
1979-10-30,8.256000
1979-10-31,8.257000
1979-11-01,8.258000
1979-11-02,8.259000
1979-11-05,8.262000
1979-11-06,8.263000
1979-11-07,8.264000
1979-11-08,8.319000
1979-11-09,8.375000
1979-11-10,8.376000
1979-11-12,8.378000
1979-11-13,8.379000
1979-11-14,8.435000
1979-11-15,8.436000
1979-11-16,8.437000
1979-11-19,8.439000
1979-11-20,8.437000
1979-11-21,8.449000
1979-11-22,8.440000
1979-11-24,8.504000
1979-11-26,8.514000
1979-11-27,8.516000
1979-11-28,8.517000
1979-11-29,8.518000
1979-11-30,8.515000
1979-12-01,8.516000
1979-12-03,8.519000
1979-12-04,8.520000
1979-12-05,8.522000
1979-12-06,8.523000
1979-12-07,8.525000
1979-12-08,8.526000
1979-12-10,8.529000
1979-12-11,8.530000
1979-12-12,8.532000
1979-12-13,8.533000
1979-12-14,8.535000
1979-12-17,8.539000
1979-12-18,8.541000
1979-12-19,8.542000
1979-12-20,8.544000
1979-12-21,8.545000
1979-12-22,8.547000
1979-12-24,8.550000
1979-12-25,8.551000
1979-12-26,8.553000
1979-12-27,8.554000
1979-12-28,8.556000
1980-01-04,8.567000
1980-01-05,8.568000
1980-01-07,8.572000
1980-01-08,8.498000
1980-01-09,8.500000
1980-01-10,8.501000
1980-01-11,8.503000
1980-01-12,8.505000
1980-01-14,8.508000
1980-01-16,8.512000
1980-01-17,8.394000
1980-01-18,8.396000
1980-01-21,8.401000
1980-01-22,8.404000
1980-01-23,8.406000
1980-01-24,8.408000
1980-01-25,8.410000
1980-01-26,8.411000
1980-01-28,8.415000
1980-01-29,8.417000
1980-01-30,8.419000
1980-01-31,8.421000
1980-02-01,8.422000
1980-02-02,8.424000
1980-02-04,8.428000
1980-02-05,8.430000
1980-02-06,8.431000
1980-02-07,8.516000
1980-02-08,8.546000
1980-02-09,8.548000
1980-02-12,8.554000
1980-02-13,8.612000
1980-02-14,8.614000
1980-02-15,8.672000
1980-02-18,8.764000
1980-02-19,8.885000
1980-02-20,8.986000
1980-02-21,9.174000
1980-02-22,9.326000
1980-02-23,9.333000
1980-02-25,9.338000
1980-02-26,9.335000
1980-02-27,9.337000
1980-02-28,9.340000
1980-02-29,9.329000
1980-03-01,9.332000
1980-03-03,9.340000
1980-03-04,9.737000
1980-03-05,9.740000
1980-03-06,9.742000
1980-03-07,10.021000
1980-03-08,10.309000
1980-03-10,10.596000
1980-03-11,10.870000
1980-03-12,10.874000
1980-03-13,10.878000
1980-03-14,10.882000
1980-03-17,10.894000
1980-03-18,10.897000
1980-03-19,10.901000
1980-03-21,10.909000
1980-03-22,10.913000
1980-03-24,10.921000
1980-03-25,10.912000
1980-03-26,10.916000
1980-03-27,10.920000
1980-03-28,10.924000
1980-03-29,10.929000
1980-03-31,10.937000
1980-04-01,11.236000
1980-04-02,11.536000
1980-04-03,11.840000
1980-04-04,12.145000
1980-04-05,12.116000
1980-04-07,12.127000
1980-04-08,12.133000
1980-04-09,12.139000
1980-04-10,12.084000
1980-04-11,11.969000
1980-04-12,11.854000
1980-04-14,11.865000
1980-04-15,11.873000
1980-04-16,11.878000
1980-04-17,11.884000
1980-04-18,11.889000
1980-04-21,11.906000
1980-04-22,11.732000
1980-04-23,11.559000
1980-04-24,11.384000
1980-04-25,10.799000
1980-04-26,10.804000
1980-04-28,10.814000
1980-04-30,10.823000
1980-05-01,10.726000
1980-05-02,10.637000
1980-05-06,10.459000
1980-05-07,10.185000
1980-05-08,9.998000
1980-05-09,9.817000
1980-05-10,9.724000
1980-05-12,9.542000
1980-05-13,9.447000
1980-05-14,9.359000
1980-05-15,9.265000
1980-05-16,9.172000
1980-05-19,9.181000
1980-05-20,9.177000
1980-05-21,9.234000
1980-05-22,9.245000
1980-05-23,9.223000
1980-05-24,9.227000
1980-05-26,9.128000
1980-05-27,9.036000
1980-05-28,9.039000
1980-05-29,9.042000
1980-05-30,9.045000
1980-05-31,9.027000
1980-06-02,9.033000
1980-06-03,8.936000
1980-06-04,8.934000
1980-06-05,8.838000
1980-06-06,8.841000
1980-06-07,8.844000
1980-06-09,8.850000
1980-06-10,8.855000
1980-06-11,8.862000
1980-06-12,8.846000
1980-06-13,8.845000
1980-06-14,8.848000
1980-06-16,8.860000
1980-06-17,8.761000
1980-06-18,8.764000
1980-06-19,8.767000
1980-06-20,8.770000
1980-06-23,8.778000
1980-06-24,8.781000
1980-06-25,8.784000
1980-06-26,8.787000
1980-06-27,8.789000
1980-06-28,8.792000
1980-06-30,8.798000
1980-07-01,8.801000
1980-07-02,8.804000
1980-07-03,8.806000
1980-07-04,8.808000
1980-07-05,8.811000
1980-07-07,8.816000
1980-07-08,8.819000
1980-07-09,8.823000
1980-07-10,8.826000
1980-07-11,8.830000
1980-07-12,8.833000
1980-07-14,8.839000
1980-07-15,8.863000
1980-07-16,8.867000
1980-07-17,8.870000
1980-07-18,8.910000
1980-07-21,8.961000
1980-07-22,8.998000
1980-07-23,9.045000
1980-07-24,9.092000
1980-07-25,9.095000
1980-07-26,9.135000
1980-07-28,9.180000
1980-07-29,9.184000
1980-07-30,9.187000
1980-07-31,9.191000
1980-08-01,9.194000
1980-08-02,9.232000
1980-08-04,9.321000
1980-08-05,9.325000
1980-08-06,9.329000
1980-08-07,9.332000
1980-08-08,9.336000
1980-08-09,9.369000
1980-08-11,9.376000
1980-08-12,9.380000
1980-08-13,9.384000
1980-08-14,9.388000
1980-08-15,9.392000
1980-08-18,9.404000
1980-08-19,9.408000
1980-08-20,9.405000
1980-08-21,9.336000
1980-08-22,9.379000
1980-08-23,9.382000
1980-08-25,9.388000
1980-08-26,9.392000
1980-08-27,9.395000
1980-08-28,9.398000
1980-08-29,9.431000
1980-08-30,9.435000
1980-09-01,9.441000
1980-09-02,9.472000
1980-09-03,9.476000
1980-09-04,9.381000
1980-09-05,9.384000
1980-09-06,9.387000
1980-09-08,9.394000
1980-09-09,9.332000
1980-09-10,9.336000
1980-09-11,9.333000
1980-09-12,9.380000
1980-09-13,9.383000
1980-09-16,9.408000
1980-09-17,9.471000
1980-09-18,9.474000
1980-09-19,9.478000
1980-09-22,9.489000
1980-09-24,9.549000
1980-09-25,9.553000
1980-09-26,9.557000
1980-09-27,9.560000
1980-09-29,9.544000
1980-09-30,9.548000
1980-10-01,9.659000
1980-10-02,9.662000
1980-10-03,9.666000
1980-10-04,9.670000
1980-10-06,9.678000
1980-10-07,9.682000
1980-10-08,9.686000
1980-10-09,9.690000
1980-10-11,9.698000
1980-10-13,9.706000
1980-10-14,9.710000
1980-10-15,9.660000
1980-10-16,9.570000
1980-10-17,9.573000
1980-10-20,9.390000
1980-10-21,9.393000
1980-10-22,9.397000
1980-10-23,9.401000
1980-10-24,9.297000
1980-10-25,9.301000
1980-10-27,9.308000
1980-10-28,9.312000
1980-10-29,9.316000
1980-10-30,9.319000
1980-10-31,9.323000
1980-11-01,9.326000
1980-11-04,9.302000
1980-11-05,9.300000
1980-11-06,9.304000
1980-11-07,9.302000
1980-11-08,9.306000
1980-11-10,9.302000
1980-11-11,9.305000
1980-11-12,9.303000
1980-11-13,9.307000
1980-11-14,9.305000
1980-11-17,9.305000
1980-11-18,9.309000
1980-11-19,9.312000
1980-11-20,9.328000
1980-11-21,9.245000
1980-11-22,9.306000
1980-11-25,9.397000
1980-11-26,9.485000
1980-11-27,9.578000
1980-11-28,9.673000
1980-11-29,9.670000
1980-12-01,9.677000
1980-12-02,9.681000
1980-12-03,9.684000
1980-12-04,9.687000
1980-12-05,9.685000
1980-12-06,9.689000
1980-12-08,9.696000
1980-12-09,9.700000
1980-12-10,9.705000
1980-12-11,9.705000
1980-12-12,9.706000
1980-12-13,9.709000
1980-12-15,9.716000
1980-12-16,9.720000
1980-12-17,9.723000
1980-12-18,9.727000
1980-12-19,9.730000
1980-12-22,9.740000
1980-12-23,9.744000
1980-12-24,9.746000
1980-12-25,9.750000
1980-12-26,9.753000
1980-12-27,9.757000
1981-01-05,9.735000
1981-01-06,9.649000
1981-01-07,9.653000
1981-01-08,9.169000
1981-01-09,8.980000
1981-01-10,8.984000
1981-01-12,8.837000
1981-01-13,8.840000
1981-01-14,8.843000
1981-01-16,8.884000
1981-01-19,8.915000
1981-01-20,8.918000
1981-01-21,8.921000
1981-01-22,8.885000
1981-01-23,8.888000
1981-01-24,8.869000
1981-01-26,8.875000
1981-01-27,8.850000
1981-01-28,8.825000
1981-01-29,8.750000
1981-01-30,8.753000
1981-01-31,8.653000
1981-02-02,8.659000
1981-02-03,8.656000
1981-02-04,8.659000
1981-02-05,8.559000
1981-02-06,8.562000
1981-02-07,8.566000
1981-02-09,8.572000
1981-02-10,8.608000
1981-02-12,8.614000
1981-02-13,8.707000
1981-02-14,8.710000
1981-02-16,8.750000
1981-02-17,8.753000
1981-02-18,8.756000
1981-02-19,8.713000
1981-02-20,8.727000
1981-02-23,8.742000
1981-02-24,8.744000
1981-02-25,8.747000
1981-02-26,8.750000
1981-02-27,8.752000
1981-02-28,8.754000
1981-03-02,8.749000
1981-03-03,8.751000
1981-03-04,8.753000
1981-03-05,8.704000
1981-03-06,8.706000
1981-03-07,8.627000
1981-03-09,8.610000
1981-03-10,8.557000
1981-03-11,8.531000
1981-03-12,8.481000
1981-03-13,8.387000
1981-03-14,8.340000
1981-03-16,8.152000
1981-03-17,8.150000
1981-03-18,8.106000
1981-03-19,8.098000
1981-03-20,8.095000
1981-03-23,8.097000
1981-03-24,8.099000
1981-03-25,8.101000
1981-03-26,8.098000
1981-03-27,8.104000
1981-03-28,8.007000
1981-03-30,8.006000
1981-03-31,8.008000
1981-04-01,8.013000
1981-04-02,7.874000
1981-04-03,7.876000
1981-04-04,7.878000
1981-04-06,7.882000
1981-04-07,7.885000
1981-04-08,7.875000
1981-04-09,7.878000
1981-04-10,7.880000
1981-04-11,7.882000
1981-04-13,7.971000
1981-04-14,7.973000
1981-04-15,7.975000
1981-04-16,7.977000
1981-04-17,7.979000
1981-04-20,7.986000
1981-04-21,7.988000
1981-04-22,7.991000
1981-04-23,7.993000
1981-04-24,7.996000
1981-04-25,7.998000
1981-04-27,8.003000
1981-04-28,8.005000
1981-04-30,8.026000
1981-05-01,8.056000
1981-05-02,8.058000
1981-05-06,8.061000
1981-05-07,8.107000
1981-05-08,8.126000
1981-05-09,8.128000
1981-05-11,8.133000
1981-05-12,8.219000
1981-05-13,8.317000
1981-05-14,8.454000
1981-05-15,8.502000
1981-05-18,8.510000
1981-05-19,8.513000
1981-05-20,8.488000
1981-05-21,8.511000
1981-05-22,8.690000
1981-05-23,8.697000
1981-05-25,8.702000
1981-05-26,8.705000
1981-05-27,8.697000
1981-05-28,8.699000
1981-05-29,8.701000
1981-05-30,8.702000
1981-06-01,8.705000
1981-06-02,8.702000
1981-06-03,8.705000
1981-06-04,8.708000
1981-06-05,8.745000
1981-06-06,8.748000
1981-06-08,8.754000
1981-06-09,8.756000
1981-06-10,8.758000
1981-06-11,8.761000
1981-06-12,8.763000
1981-06-13,8.766000
1981-06-15,8.756000
1981-06-16,8.757000
1981-06-17,8.759000
1981-06-18,8.762000
1981-06-19,8.765000
1981-06-22,8.772000
1981-06-23,8.752000
1981-06-24,8.754000
1981-06-25,8.757000
1981-06-26,8.759000
1981-06-27,8.664000
1981-06-29,8.669000
1981-06-30,8.613000
1981-07-01,8.615000
1981-07-02,8.522000
1981-07-03,8.524000
1981-07-04,8.527000
1981-07-06,8.526000
1981-07-07,8.522000
1981-07-08,8.524000
1981-07-09,8.525000
1981-07-10,8.527000
1981-07-11,8.523000
1981-07-13,8.527000
1981-07-14,8.524000
1981-07-15,8.526000
1981-07-16,8.528000
1981-07-17,8.525000
1981-07-20,8.525000
1981-07-21,8.528000
1981-07-22,8.530000
1981-07-23,8.430000
1981-07-24,8.432000
1981-07-25,8.434000
1981-07-27,8.432000
1981-07-28,8.432000
1981-07-29,8.475000
1981-07-30,8.477000
1981-07-31,8.474000
1981-08-01,8.473000
1981-08-03,8.521000
1981-08-04,8.523000
1981-08-05,8.526000
1981-08-06,8.528000
1981-08-07,8.531000
1981-08-08,8.533000
1981-08-10,8.538000
1981-08-11,8.541000
1981-08-12,8.526000
1981-08-13,8.528000
1981-08-14,8.531000
1981-08-17,8.527000
1981-08-18,8.530000
1981-08-19,8.533000
1981-08-20,8.517000
1981-08-21,8.464000
1981-08-22,8.465000
1981-08-24,8.502000
1981-08-25,8.503000
1981-08-26,8.503000
1981-08-27,8.503000
1981-08-28,8.625000
1981-08-29,8.628000
1981-08-31,8.622000
1981-09-01,8.625000
1981-09-02,8.628000
1981-09-03,8.572000
1981-09-04,8.578000
1981-09-05,8.582000
1981-09-07,8.492000
1981-09-08,8.498000
1981-09-09,8.500000
1981-09-10,8.502000
1981-09-11,8.504000
1981-09-12,8.510000
1981-09-14,8.510000
1981-09-16,8.461000
1981-09-17,8.462000
1981-09-18,8.466000
1981-09-21,8.467000
1981-09-22,8.462000
1981-09-24,8.464000
1981-09-25,8.465000
1981-09-26,8.463000
1981-09-28,8.468000
1981-09-29,8.471000
1981-09-30,8.474000
1981-10-01,8.471000
1981-10-02,8.477000
1981-10-03,8.479000
1981-10-05,8.427000
1981-10-06,8.430000
1981-10-07,8.431000
1981-10-08,8.433000
1981-10-09,8.381000
1981-10-12,8.388000
1981-10-13,8.333000
1981-10-14,8.336000
1981-10-15,8.332000
1981-10-16,8.333000
1981-10-19,8.334000
1981-10-20,8.336000
1981-10-21,8.338000
1981-10-22,8.339000
1981-10-23,8.341000
1981-10-24,8.344000
1981-10-26,8.349000
1981-10-27,8.341000
1981-10-28,8.343000
1981-10-29,8.346000
1981-10-30,8.348000
1981-10-31,8.250000
1981-11-02,8.250000
1981-11-04,8.250000
1981-11-05,8.253000
1981-11-06,8.205000
1981-11-07,8.208000
1981-11-09,8.213000
1981-11-10,8.210000
1981-11-11,8.213000
1981-11-12,8.166000
1981-11-13,8.124000
1981-11-14,8.120000
1981-11-16,8.123000
1981-11-17,8.125000
1981-11-18,8.121000
1981-11-19,8.034000
1981-11-20,8.048000
1981-11-24,7.967000
1981-11-25,7.973000
1981-11-26,7.968000
1981-11-27,7.920000
1981-11-28,7.920000
1981-11-30,7.917000
1981-12-01,7.918000
1981-12-02,7.855000
1981-12-03,7.746000
1981-12-04,7.658000
1981-12-05,7.658000
1981-12-07,7.642000
1981-12-08,7.608000
1981-12-09,7.584000
1981-12-10,7.557000
1981-12-11,7.558000
1981-12-12,7.558000
1981-12-14,7.578000
1981-12-15,7.578000
1981-12-16,7.579000
1981-12-17,7.578000
1981-12-18,7.579000
1981-12-21,7.607000
1981-12-22,7.607000
1981-12-23,7.558000
1981-12-24,7.559000
1981-12-25,7.559000
1981-12-26,7.560000
1981-12-28,7.514000
1982-01-04,7.497000
1982-01-05,7.497000
1982-01-06,7.498000
1982-01-07,7.474000
1982-01-08,7.414000
1982-01-09,7.362000
1982-01-11,7.312000
1982-01-12,7.312000
1982-01-13,7.312000
1982-01-14,7.313000
1982-01-18,7.312000
1982-01-19,7.343000
1982-01-20,7.343000
1982-01-21,7.364000
1982-01-22,7.364000
1982-01-23,7.364000
1982-01-25,7.411000
1982-01-26,7.459000
1982-01-27,7.459000
1982-01-28,7.460000
1982-01-29,7.461000
1982-01-30,7.435000
1982-02-01,7.437000
1982-02-02,7.469000
1982-02-03,7.535000
1982-02-04,7.535000
1982-02-05,7.535000
1982-02-06,7.536000
1982-02-08,7.537000
1982-02-09,7.587000
1982-02-10,7.614000
1982-02-12,7.636000
1982-02-13,7.637000
1982-02-15,7.637000
1982-02-16,7.638000
1982-02-17,7.622000
1982-02-18,7.589000
1982-02-19,7.503000
1982-02-22,7.401000
1982-02-23,7.418000
1982-02-24,7.419000
1982-02-25,7.421000
1982-02-26,7.420000
1982-02-27,7.419000
1982-03-01,7.425000
1982-03-02,7.387000
1982-03-03,7.334000
1982-03-04,7.308000
1982-03-05,7.224000
1982-03-06,7.227000
1982-03-08,7.139000
1982-03-09,7.131000
1982-03-10,7.128000
1982-03-11,7.126000
1982-03-12,7.126000
1982-03-13,7.126000
1982-03-15,7.124000
1982-03-16,7.079000
1982-03-17,7.082000
1982-03-18,7.039000
1982-03-19,7.036000
1982-03-23,7.079000
1982-03-24,7.079000
1982-03-25,7.079000
1982-03-26,7.084000
1982-03-27,7.084000
1982-03-29,7.128000
1982-03-30,7.128000
1982-03-31,7.128000
1982-04-01,7.190000
1982-04-02,7.190000
1982-04-03,7.189000
1982-04-05,7.188000
1982-04-06,7.215000
1982-04-07,7.214000
1982-04-08,7.214000
1982-04-09,7.213000
1982-04-10,7.213000
1982-04-12,7.212000
1982-04-13,7.190000
1982-04-14,7.190000
1982-04-15,7.190000
1982-04-16,7.139000
1982-04-19,7.138000
1982-04-20,7.139000
1982-04-21,7.124000
1982-04-22,7.123000
1982-04-23,7.123000
1982-04-24,7.123000
1982-04-26,7.122000
1982-04-27,7.122000
1982-04-28,7.121000
1982-04-30,7.120000
1982-05-01,7.113000
1982-05-04,7.112000
1982-05-06,7.111000
1982-05-07,7.079000
1982-05-08,7.078000
1982-05-10,7.077000
1982-05-11,7.082000
1982-05-12,7.081000
1982-05-13,7.080000
1982-05-14,7.101000
1982-05-17,7.110000
1982-05-18,7.169000
1982-05-19,7.217000
1982-05-20,7.214000
1982-05-21,7.218000
1982-05-22,7.220000
1982-05-24,7.260000
1982-05-25,7.351000
1982-05-26,7.444000
1982-05-27,7.538000
1982-05-28,7.538000
1982-05-29,7.555000
1982-05-31,7.597000
1982-06-01,7.641000
1982-06-02,7.693000
1982-06-03,7.778000
1982-06-04,7.844000
1982-06-05,7.913000
1982-06-07,7.913000
1982-06-08,7.914000
1982-06-09,7.962000
1982-06-10,7.960000
1982-06-11,7.962000
1982-06-12,7.964000
1982-06-14,7.966000
1982-06-15,7.965000
1982-06-16,7.961000
1982-06-17,8.036000
1982-06-18,8.050000
1982-06-21,8.051000
1982-06-22,8.051000
1982-06-23,8.053000
1982-06-24,8.057000
1982-06-25,8.104000
1982-06-26,8.103000
1982-06-28,8.134000
1982-06-29,8.135000
1982-06-30,8.138000
1982-07-01,8.153000
1982-07-02,8.157000
1982-07-03,8.159000
1982-07-05,8.163000
1982-07-06,8.164000
1982-07-07,8.165000
1982-07-08,8.166000
1982-07-09,8.169000
1982-07-10,8.124000
1982-07-12,8.078000
1982-07-13,8.064000
1982-07-14,8.065000
1982-07-15,8.066000
1982-07-16,8.081000
1982-07-19,8.038000
1982-07-20,8.039000
1982-07-21,8.040000
1982-07-22,7.990000
1982-07-23,7.992000
1982-07-24,7.993000
1982-07-26,7.994000
1982-07-27,7.994000
1982-07-28,7.995000
1982-07-29,7.996000
1982-07-30,7.998000
1982-07-31,7.999000
1982-08-02,8.001000
1982-08-03,7.969000
1982-08-04,7.970000
1982-08-05,7.970000
1982-08-06,7.970000
1982-08-07,7.998000
1982-08-09,8.000000
1982-08-10,8.000000
1982-08-11,8.050000
1982-08-12,8.095000
1982-08-13,8.097000
1982-08-14,8.098000
1982-08-16,8.100000
1982-08-17,8.101000
1982-08-18,8.053000
1982-08-19,7.960000
1982-08-20,7.941000
1982-08-23,7.959000
1982-08-24,7.967000
1982-08-25,7.994000
1982-08-26,7.969000
1982-08-27,7.967000
1982-08-28,7.967000
1982-08-30,7.967000
1982-08-31,7.986000
1982-09-01,7.956000
1982-09-02,7.956000
1982-09-03,7.956000
1982-09-04,7.957000
1982-09-06,7.958000
1982-09-07,7.959000
1982-09-08,7.959000
1982-09-09,7.960000
1982-09-10,7.970000
1982-09-11,7.988000
1982-09-13,7.990000
1982-09-14,7.990000
1982-09-16,8.005000
1982-09-17,8.006000
1982-09-20,8.016000
1982-09-21,8.045000
1982-09-22,8.037000
1982-09-24,8.020000
1982-09-25,8.020000
1982-09-27,8.022000
1982-09-28,8.055000
1982-09-29,8.027000
1982-09-30,8.028000
1982-10-01,8.028000
1982-10-02,8.049000
1982-10-04,8.055000
1982-10-05,8.087000
1982-10-06,8.113000
1982-10-07,8.099000
1982-10-08,8.056000
1982-10-09,8.037000
1982-10-12,8.049000
1982-10-13,8.054000
1982-10-14,8.055000
1982-10-15,8.056000
1982-10-18,8.042000
1982-10-19,8.043000
1982-10-20,8.043000
1982-10-21,8.033000
1982-10-22,8.013000
1982-10-23,8.014000
1982-10-25,8.015000
1982-10-26,8.015000
1982-10-27,8.016000
1982-10-28,8.016000
1982-10-29,8.001000
1982-10-30,7.991000
1982-11-01,7.991000
1982-11-02,7.969000
1982-11-04,7.970000
1982-11-05,7.971000
1982-11-06,7.956000
1982-11-08,7.957000
1982-11-09,7.931000
1982-11-10,7.932000
1982-11-11,7.932000
1982-11-12,7.933000
1982-11-13,7.934000
1982-11-15,7.935000
1982-11-16,7.935000
1982-11-17,7.936000
1982-11-18,7.937000
1982-11-19,7.943000
1982-11-22,7.837000
1982-11-24,7.837000
1982-11-25,7.840000
1982-11-26,7.840000
1982-11-27,7.826000
1982-11-29,7.795000
1982-11-30,7.750000
1982-12-01,7.624000
1982-12-02,7.536000
1982-12-03,7.518000
1982-12-04,7.503000
1982-12-06,7.514000
1982-12-07,7.428000
1982-12-08,7.304000
1982-12-09,7.317000
1982-12-10,7.402000
1982-12-11,7.403000
1982-12-13,7.420000
1982-12-14,7.401000
1982-12-15,7.342000
1982-12-16,7.282000
1982-12-17,7.299000
1982-12-20,7.257000
1982-12-21,7.239000
1982-12-22,7.116000
1982-12-23,7.116000
1982-12-24,7.015000
1982-12-25,7.065000
1982-12-27,7.063000
1982-12-28,7.065000
1983-01-04,6.917000
1983-01-05,6.922000
1983-01-06,6.941000
1983-01-07,6.939000
1983-01-08,6.938000
1983-01-10,6.871000
1983-01-11,6.824000
1983-01-12,6.808000
1983-01-13,6.729000
1983-01-14,6.698000
1983-01-17,6.699000
1983-01-18,6.719000
1983-01-19,6.800000
1983-01-20,6.856000
1983-01-21,6.918000
1983-01-22,7.106000
1983-01-24,7.298000
1983-01-25,7.348000
1983-01-26,7.160000
1983-01-27,7.164000
1983-01-28,7.061000
1983-01-29,7.091000
1983-01-31,7.143000
1983-02-01,7.143000
1983-02-02,7.063000
1983-02-03,7.069000
1983-02-04,7.068000
1983-02-05,7.068000
1983-02-07,7.067000
1983-02-08,7.050000
1983-02-09,7.034000
1983-02-10,7.024000
1983-02-12,7.007000
1983-02-14,6.990000
1983-02-15,6.968000
1983-02-16,6.941000
1983-02-17,6.951000
1983-02-18,6.998000
1983-02-21,7.016000
1983-02-22,7.035000
1983-02-23,7.060000
1983-02-24,7.030000
1983-02-25,6.996000
1983-02-26,6.956000
1983-02-28,6.957000
1983-03-01,6.981000
1983-03-02,6.981000
1983-03-03,6.980000
1983-03-04,7.008000
1983-03-05,7.023000
1983-03-07,7.027000
1983-03-08,7.065000
1983-03-09,7.115000
1983-03-10,7.112000
1983-03-11,7.150000
1983-03-12,7.177000
1983-03-14,7.175000
1983-03-15,7.176000
1983-03-16,7.156000
1983-03-17,7.161000
1983-03-18,7.092000
1983-03-22,7.050000
1983-03-23,7.050000
1983-03-24,7.050000
1983-03-25,7.005000
1983-03-26,7.002000
1983-03-28,7.000000
1983-03-29,7.004000
1983-03-30,7.003000
1983-03-31,7.002000
1983-04-01,6.979000
1983-04-02,6.958000
1983-04-04,6.961000
1983-04-05,6.960000
1983-04-06,6.959000
1983-04-07,6.929000
1983-04-08,6.929000
1983-04-09,6.907000
1983-04-11,6.911000
1983-04-12,6.888000
1983-04-13,6.885000
1983-04-14,6.889000
1983-04-15,6.888000
1983-04-18,6.890000
1983-04-19,6.889000
1983-04-20,6.888000
1983-04-21,6.907000
1983-04-22,6.892000
1983-04-23,6.891000
1983-04-25,6.864000
1983-04-26,6.863000
1983-04-27,6.862000
1983-04-28,6.845000
1983-04-30,6.843000
1983-05-02,6.846000
1983-05-04,6.829000
1983-05-06,6.799000
1983-05-07,6.771000
1983-05-09,6.754000
1983-05-10,6.753000
1983-05-11,6.752000
1983-05-12,6.771000
1983-05-13,6.770000
1983-05-14,6.774000
1983-05-16,6.794000
1983-05-17,6.804000
1983-05-18,6.824000
1983-05-19,6.834000
1983-05-20,6.814000
1983-05-23,6.931000
1983-05-24,6.946000
1983-05-25,6.928000
1983-05-26,6.926000
1983-05-27,6.955000
1983-05-28,6.971000
1983-05-30,6.989000
1983-05-31,6.989000
1983-06-01,7.017000
1983-06-02,6.993000
1983-06-03,6.993000
1983-06-04,6.990000
1983-06-06,6.976000
1983-06-07,6.976000
1983-06-08,7.001000
1983-06-09,7.001000
1983-06-10,6.976000
1983-06-11,6.929000
1983-06-13,6.934000
1983-06-14,6.914000
1983-06-15,6.910000
1983-06-16,6.930000
1983-06-17,6.906000
1983-06-20,6.877000
1983-06-21,6.866000
1983-06-22,6.865000
1983-06-23,6.864000
1983-06-24,6.849000
1983-06-25,6.839000
1983-06-27,6.842000
1983-06-28,6.852000
1983-06-29,6.861000
1983-06-30,6.851000
1983-07-01,6.835000
1983-07-02,6.834000
1983-07-04,6.833000
1983-07-05,6.837000
1983-07-06,6.856000
1983-07-07,6.837000
1983-07-08,6.856000
1983-07-09,6.855000
1983-07-11,6.859000
1983-07-12,6.858000
1983-07-13,6.857000
1983-07-14,6.862000
1983-07-15,6.861000
1983-07-18,6.854000
1983-07-19,6.834000
1983-07-20,6.829000
1983-07-21,6.828000
1983-07-22,6.858000
1983-07-23,6.867000
1983-07-25,6.885000
1983-07-26,6.884000
1983-07-27,6.899000
1983-07-28,6.913000
1983-07-29,6.955000
1983-07-30,6.985000
1983-08-01,7.016000
1983-08-02,7.015000
1983-08-03,7.015000
1983-08-04,7.015000
1983-08-05,7.020000
1983-08-06,7.019000
1983-08-08,7.018000
1983-08-09,7.038000
1983-08-10,7.048000
1983-08-11,7.096000
1983-08-12,7.079000
1983-08-15,7.035000
1983-08-16,7.034000
1983-08-17,7.034000
1983-08-18,7.022000
1983-08-19,7.033000
1983-08-20,7.007000
1983-08-22,7.003000
1983-08-23,6.977000
1983-08-24,6.967000
1983-08-25,6.985000
1983-08-26,6.984000
1983-08-27,6.984000
1983-08-29,6.999000
1983-08-30,6.990000
1983-08-31,6.972000
1983-09-01,6.976000
1983-09-02,6.956000
1983-09-03,6.939000
1983-09-05,6.941000
1983-09-06,6.922000
1983-09-07,6.921000
1983-09-08,6.891000
1983-09-09,6.857000
1983-09-12,6.834000
1983-09-13,6.860000
1983-09-14,6.876000
1983-09-16,6.875000
1983-09-17,6.852000
1983-09-19,6.828000
1983-09-20,6.828000
1983-09-21,6.818000
1983-09-22,6.817000
1983-09-24,6.782000
1983-09-26,6.758000
1983-09-27,6.758000
1983-09-28,6.784000
1983-09-29,6.784000
1983-09-30,6.769000
1983-10-01,6.739000
1983-10-03,6.713000
1983-10-04,6.723000
1983-10-05,6.706000
1983-10-06,6.659000
1983-10-07,6.638000
1983-10-11,6.668000
1983-10-12,6.707000
1983-10-13,6.736000
1983-10-14,6.801000
1983-10-15,6.785000
1983-10-17,6.747000
1983-10-18,6.736000
1983-10-19,6.766000
1983-10-20,6.749000
1983-10-21,6.707000
1983-10-22,6.711000
1983-10-24,6.698000
1983-10-25,6.702000
1983-10-26,6.679000
1983-10-27,6.673000
1983-10-28,6.651000
1983-10-29,6.649000
1983-10-31,6.651000
1983-11-01,6.650000
1983-11-02,6.643000
1983-11-04,6.640000
1983-11-05,6.644000
1983-11-07,6.641000
1983-11-08,6.644000
1983-11-09,6.653000
1983-11-10,6.651000
1983-11-11,6.671000
1983-11-14,6.672000
1983-11-15,6.671000
1983-11-16,6.669000
1983-11-17,6.673000
1983-11-18,6.646000
1983-11-19,6.629000
1983-11-21,6.551000
1983-11-22,6.558000
1983-11-24,6.576000
1983-11-25,6.602000
1983-11-26,6.591000
1983-11-28,6.588000
1983-11-29,6.592000
1983-11-30,6.566000
1983-12-01,6.564000
1983-12-02,6.568000
1983-12-03,6.567000
1983-12-05,6.565000
1983-12-06,6.568000
1983-12-07,6.567000
1983-12-08,6.530000
1983-12-09,6.484000
1983-12-12,6.523000
1983-12-13,6.523000
1983-12-14,6.530000
1983-12-15,6.524000
1983-12-16,6.501000
1983-12-17,6.490000
1983-12-19,6.492000
1983-12-20,6.467000
1983-12-21,6.449000
1983-12-22,6.430000
1983-12-23,6.404000
1983-12-24,6.401000
1983-12-26,6.405000
1983-12-27,6.403000
1983-12-28,6.383000
1984-01-04,6.391000
1984-01-05,6.408000
1984-01-06,6.457000
1984-01-07,6.441000
1984-01-09,6.469000
1984-01-10,6.498000
1984-01-11,6.498000
1984-01-12,6.461000
1984-01-13,6.446000
1984-01-17,6.439000
1984-01-18,6.422000
1984-01-19,6.370000
1984-01-20,6.374000
1984-01-21,6.373000
1984-01-23,6.376000
1984-01-24,6.375000
1984-01-25,6.375000
1984-01-26,6.358000
1984-01-27,6.310000
1984-01-28,6.293000
1984-01-30,6.291000
1984-01-31,6.295000
1984-02-01,6.283000
1984-02-02,6.292000
1984-02-03,6.276000
1984-02-04,6.259000
1984-02-06,6.252000
1984-02-07,6.230000
1984-02-08,6.224000
1984-02-09,6.202000
1984-02-10,6.227000
1984-02-13,6.240000
1984-02-14,6.271000
1984-02-15,6.270000
1984-02-16,6.264000
1984-02-17,6.253000
1984-02-18,6.263000
1984-02-20,6.295000
1984-02-21,6.326000
1984-02-22,6.328000
1984-02-23,6.327000
1984-02-24,6.349000
1984-02-25,6.348000
1984-02-27,6.370000
1984-02-28,6.391000
1984-02-29,6.399000
1984-03-01,6.413000
1984-03-02,6.414000
1984-03-03,6.406000
1984-03-05,6.394000
1984-03-06,6.394000
1984-03-07,6.382000
1984-03-08,6.381000
1984-03-09,6.378000
1984-03-12,6.381000
1984-03-13,6.386000
1984-03-14,6.368000
1984-03-15,6.296000
1984-03-16,6.314000
1984-03-17,6.314000
1984-03-19,6.315000
1984-03-21,6.319000
1984-03-22,6.302000
1984-03-23,6.304000
1984-03-24,6.305000
1984-03-26,6.301000
1984-03-27,6.293000
1984-03-28,6.286000
1984-03-29,6.285000
1984-03-30,6.283000
1984-03-31,6.285000
1984-04-02,6.256000
1984-04-03,6.275000
1984-04-04,6.311000
1984-04-05,6.319000
1984-04-06,6.352000
1984-04-07,6.330000
1984-04-09,6.332000
1984-04-10,6.310000
1984-04-11,6.263000
1984-04-12,6.246000
1984-04-13,6.245000
1984-04-16,6.256000
1984-04-17,6.252000
1984-04-18,6.225000
1984-04-19,6.234000
1984-04-20,6.238000
1984-04-21,6.216000
1984-04-23,6.207000
1984-04-24,6.221000
1984-04-25,6.219000
1984-04-26,6.238000
1984-04-27,6.257000
1984-04-28,6.308000
1984-05-01,6.361000
1984-05-02,6.380000
1984-05-04,6.340000
1984-05-07,6.430000
1984-05-08,6.486000
1984-05-09,6.480000
1984-05-10,6.510000
1984-05-11,6.508000
1984-05-14,6.541000
1984-05-15,6.561000
1984-05-16,6.570000
1984-05-17,6.590000
1984-05-18,6.669000
1984-05-19,6.646000
1984-05-21,6.615000
1984-05-22,6.627000
1984-05-23,6.651000
1984-05-24,6.647000
1984-05-25,6.674000
1984-05-26,6.769000
1984-05-28,6.780000
1984-05-29,6.793000
1984-05-30,6.922000
1984-05-31,6.958000
1984-06-01,6.894000
1984-06-02,6.835000
1984-06-04,6.837000
1984-06-05,6.816000
1984-06-06,6.835000
1984-06-07,6.828000
1984-06-08,6.796000
1984-06-11,6.779000
1984-06-12,6.766000
1984-06-13,6.775000
1984-06-14,6.769000
1984-06-15,6.769000
1984-06-16,6.767000
1984-06-18,6.770000
1984-06-19,6.770000
1984-06-20,6.788000
1984-06-21,6.796000
1984-06-22,6.799000
1984-06-23,6.817000
1984-06-25,6.844000
1984-06-26,6.825000
1984-06-27,6.809000
1984-06-28,6.810000
1984-06-29,6.789000
1984-06-30,6.783000
1984-07-02,6.780000
1984-07-03,6.788000
1984-07-04,6.772000
1984-07-05,6.761000
1984-07-06,6.764000
1984-07-07,6.763000
1984-07-09,6.751000
1984-07-10,6.714000
1984-07-11,6.696000
1984-07-12,6.686000
1984-07-13,6.669000
1984-07-16,6.640000
1984-07-17,6.650000
1984-07-18,6.669000
1984-07-19,6.679000
1984-07-20,6.709000
1984-07-21,6.739000
1984-07-23,6.769000
1984-07-24,6.763000
1984-07-25,6.752000
1984-07-26,6.731000
1984-07-27,6.736000
1984-07-28,6.756000
1984-07-30,6.755000
1984-07-31,6.749000
1984-08-01,6.759000
1984-08-02,6.748000
1984-08-03,6.722000
1984-08-04,6.675000
1984-08-06,6.658000
1984-08-07,6.699000
1984-08-08,6.687000
1984-08-09,6.671000
1984-08-10,6.660000
1984-08-13,6.673000
1984-08-14,6.635000
1984-08-15,6.586000
1984-08-16,6.585000
1984-08-17,6.547000
1984-08-18,6.509000
1984-08-20,6.504000
1984-08-21,6.495000
1984-08-22,6.495000
1984-08-23,6.496000
1984-08-24,6.484000
1984-08-25,6.483000
1984-08-27,6.484000
1984-08-28,6.481000
1984-08-29,6.471000
1984-08-30,6.461000
1984-08-31,6.460000
1984-09-01,6.453000
1984-09-03,6.411000
1984-09-04,6.396000
1984-09-05,6.395000
1984-09-06,6.405000
1984-09-07,6.389000
1984-09-10,6.389000
1984-09-11,6.368000
1984-09-12,6.339000
1984-09-13,6.342000
1984-09-14,6.323000
1984-09-17,6.322000
1984-09-18,6.324000
1984-09-19,6.324000
1984-09-20,6.286000
1984-09-21,6.297000
1984-09-22,6.306000
1984-09-25,6.319000
1984-09-26,6.355000
1984-09-27,6.349000
1984-09-28,6.350000
1984-09-29,6.348000
1984-10-01,6.331000
1984-10-02,6.335000
1984-10-03,6.323000
1984-10-04,6.319000
1984-10-05,6.324000
1984-10-06,6.315000
1984-10-08,6.319000
1984-10-09,6.357000
1984-10-11,6.330000
1984-10-12,6.320000
1984-10-15,6.316000
1984-10-16,6.316000
1984-10-17,6.335000
1984-10-18,6.319000
1984-10-19,6.279000
1984-10-20,6.223000
1984-10-22,6.195000
1984-10-23,6.179000
1984-10-24,6.178000
1984-10-25,6.214000
1984-10-26,6.226000
1984-10-27,6.224000
1984-10-29,6.227000
1984-10-30,6.214000
1984-10-31,6.218000
1984-11-01,6.197000
1984-11-02,6.171000
1984-11-05,6.166000
1984-11-06,6.184000
1984-11-07,6.162000
1984-11-08,6.191000
1984-11-09,6.174000
1984-11-12,6.194000
1984-11-13,6.188000
1984-11-14,6.186000
1984-11-15,6.226000
1984-11-16,6.235000
1984-11-17,6.234000
1984-11-19,6.273000
1984-11-20,6.258000
1984-11-21,6.264000
1984-11-22,6.246000
1984-11-24,6.243000
1984-11-26,6.232000
1984-11-27,6.206000
1984-11-28,6.197000
1984-11-29,6.167000
1984-11-30,6.158000
1984-12-01,6.165000
1984-12-03,6.157000
1984-12-04,6.133000
1984-12-05,6.112000
1984-12-06,6.138000
1984-12-07,6.143000
1984-12-10,6.160000
1984-12-11,6.169000
1984-12-12,6.188000
1984-12-13,6.147000
1984-12-14,6.149000
1984-12-15,6.147000
1984-12-17,6.134000
1984-12-18,6.117000
1984-12-19,6.084000
1984-12-20,6.069000
1984-12-21,6.048000
1984-12-22,6.045000
1984-12-24,6.046000
1984-12-25,6.036000
1984-12-26,6.022000
1984-12-27,6.011000
1984-12-28,5.989000
1985-01-04,5.997000
1985-01-05,6.020000
1985-01-07,6.025000
1985-01-08,5.982000
1985-01-09,5.951000
1985-01-10,5.955000
1985-01-11,5.953000
1985-01-14,5.954000
1985-01-16,5.947000
1985-01-17,5.945000
1985-01-18,5.944000
1985-01-19,5.937000
1985-01-21,5.915000
1985-01-22,5.919000
1985-01-23,5.917000
1985-01-24,5.916000
1985-01-25,5.900000
1985-01-26,5.888000
1985-01-28,5.881000
1985-01-29,5.885000
1985-01-30,5.883000
1985-01-31,5.893000
1985-02-01,5.922000
1985-02-02,5.941000
1985-02-04,5.970000
1985-02-05,6.020000
1985-02-06,6.040000
1985-02-07,6.138000
1985-02-08,6.352000
1985-02-12,6.499000
1985-02-13,6.558000
1985-02-14,6.519000
1985-02-15,6.434000
1985-02-16,6.386000
1985-02-18,6.390000
1985-02-19,6.405000
1985-02-20,6.455000
1985-02-21,6.437000
1985-02-22,6.544000
1985-02-23,6.639000
1985-02-25,6.593000
1985-02-26,6.547000
1985-02-27,6.550000
1985-02-28,6.583000
1985-03-01,6.576000
1985-03-02,6.544000
1985-03-04,6.492000
1985-03-05,6.532000
1985-03-06,6.573000
1985-03-07,6.622000
1985-03-08,6.556000
1985-03-11,6.558000
1985-03-12,6.537000
1985-03-13,6.541000
1985-03-14,6.548000
1985-03-15,6.579000
1985-03-16,6.579000
1985-03-18,6.584000
1985-03-19,6.604000
1985-03-20,6.586000
1985-03-22,6.545000
1985-03-23,6.564000
1985-03-25,6.549000
1985-03-26,6.544000
1985-03-27,6.505000
1985-03-28,6.489000
1985-03-29,6.486000
1985-03-30,6.506000
1985-04-01,6.513000
1985-04-02,6.522000
1985-04-03,6.511000
1985-04-04,6.506000
1985-04-05,6.515000
1985-04-06,6.524000
1985-04-08,6.523000
1985-04-09,6.523000
1985-04-10,6.538000
1985-04-11,6.525000
1985-04-12,6.494000
1985-04-15,6.478000
1985-04-16,6.488000
1985-04-17,6.499000
1985-04-18,6.509000
1985-04-19,6.463000
1985-04-20,6.484000
1985-04-22,6.477000
1985-04-23,6.477000
1985-04-24,6.477000
1985-04-25,6.486000
1985-04-26,6.506000
1985-04-27,6.500000
1985-04-30,6.498000
1985-05-01,6.483000
1985-05-02,6.482000
1985-05-04,6.470000
1985-05-07,6.474000
1985-05-08,6.462000
1985-05-09,6.456000
1985-05-10,6.455000
1985-05-13,6.448000
1985-05-14,6.426000
1985-05-15,6.430000
1985-05-16,6.430000
1985-05-17,6.450000
1985-05-18,6.450000
1985-05-20,6.414000
1985-05-21,6.464000
1985-05-22,6.438000
1985-05-23,6.443000
1985-05-24,6.420000
1985-05-25,6.401000
1985-05-27,6.400000
1985-05-28,6.412000
1985-05-29,6.408000
1985-05-30,6.407000
1985-05-31,6.411000
1985-06-01,6.397000
1985-06-03,6.401000
1985-06-04,6.360000
1985-06-05,6.330000
1985-06-06,6.331000
1985-06-07,6.355000
1985-06-10,6.374000
1985-06-11,6.376000
1985-06-12,6.383000
1985-06-13,6.401000
1985-06-14,6.383000
1985-06-15,6.362000
1985-06-17,6.361000
1985-06-18,6.358000
1985-06-19,6.362000
1985-06-20,6.371000
1985-06-21,6.349000
1985-06-22,6.317000
1985-06-24,6.319000
1985-06-25,6.325000
1985-06-26,6.313000
1985-06-27,6.310000
1985-06-28,6.319000
1985-06-29,6.317000
1985-07-01,6.305000
1985-07-02,6.290000
1985-07-03,6.289000
1985-07-04,6.287000
1985-07-05,6.287000
1985-07-06,6.261000
1985-07-08,6.240000
1985-07-09,6.254000
1985-07-10,6.235000
1985-07-11,6.216000
1985-07-12,6.209000
1985-07-15,6.190000
1985-07-16,6.208000
1985-07-17,6.207000
1985-07-18,6.207000
1985-07-19,6.180000
1985-07-20,6.168000
1985-07-22,6.176000
1985-07-23,6.159000
1985-07-24,6.167000
1985-07-25,6.187000
1985-07-26,6.205000
1985-07-27,6.250000
1985-07-29,6.263000
1985-07-30,6.320000
1985-07-31,6.293000
1985-08-01,6.273000
1985-08-02,6.272000
1985-08-03,6.275000
1985-08-05,6.273000
1985-08-06,6.262000
1985-08-07,6.267000
1985-08-08,6.235000
1985-08-09,6.238000
1985-08-12,6.225000
1985-08-13,6.219000
1985-08-14,6.218000
1985-08-15,6.201000
1985-08-16,6.179000
1985-08-17,6.163000
1985-08-19,6.145000
1985-08-20,6.142000
1985-08-21,6.130000
1985-08-22,6.102000
1985-08-23,6.109000
1985-08-24,6.118000
1985-08-26,6.134000
1985-08-27,6.117000
1985-08-28,6.093000
1985-08-29,6.077000
1985-08-30,6.100000
1985-08-31,6.127000
1985-09-02,6.136000
1985-09-03,6.135000
1985-09-04,6.136000
1985-09-05,6.117000
1985-09-06,6.145000
1985-09-07,6.173000
1985-09-09,6.162000
1985-09-10,6.153000
1985-09-11,6.162000
1985-09-12,6.171000
1985-09-13,6.156000
1985-09-17,6.130000
1985-09-18,6.140000
1985-09-19,6.159000
1985-09-20,6.140000
1985-09-21,6.139000
1985-09-24,6.070000
1985-09-25,6.045000
1985-09-26,6.098000
1985-09-27,6.094000
1985-09-28,6.075000
1985-09-30,6.064000
1985-10-01,6.044000
1985-10-02,6.020000
1985-10-03,6.041000
1985-10-04,6.086000
1985-10-05,6.150000
1985-10-07,6.179000
1985-10-08,6.152000
1985-10-09,6.152000
1985-10-11,6.171000
1985-10-14,6.165000
1985-10-15,6.153000
1985-10-16,6.162000
1985-10-17,6.151000
1985-10-18,6.131000
1985-10-19,6.114000
1985-10-21,6.114000
1985-10-22,6.133000
1985-10-23,6.133000
1985-10-24,6.162000
1985-10-25,6.638000
1985-10-26,6.765000
1985-10-28,6.907000
1985-10-29,6.861000
1985-10-30,6.831000
1985-10-31,6.831000
1985-11-01,6.967000
1985-11-02,6.920000
1985-11-05,6.873000
1985-11-06,6.858000
1985-11-07,6.809000
1985-11-08,6.895000
1985-11-11,6.961000
1985-11-12,6.976000
1985-11-13,7.081000
1985-11-14,7.224000
1985-11-15,7.252000
1985-11-16,7.253000
1985-11-18,7.293000
1985-11-19,7.327000
1985-11-20,7.235000
1985-11-21,7.017000
1985-11-22,6.932000
1985-11-25,6.884000
1985-11-26,6.786000
1985-11-27,6.796000
1985-11-28,6.758000
1985-11-29,6.748000
1985-11-30,6.739000
1985-12-02,6.740000
1985-12-03,6.737000
1985-12-04,6.689000
1985-12-05,6.638000
1985-12-06,6.638000
1985-12-07,6.619000
1985-12-09,6.600000
1985-12-10,6.539000
1985-12-11,6.459000
1985-12-12,6.459000
1985-12-13,6.460000
1985-12-16,6.270000
1985-12-17,6.230000
1985-12-18,6.214000
1985-12-19,6.214000
1985-12-20,6.121000
1985-12-21,6.123000
1985-12-23,6.093000
1985-12-24,6.057000
1985-12-25,6.041000
1985-12-26,6.011000
1985-12-27,5.932000
1985-12-28,5.912000
1986-01-04,5.916000
1986-01-06,5.923000
1986-01-07,5.923000
1986-01-08,5.887000
1986-01-09,5.922000
1986-01-10,5.994000
1986-01-13,5.994000
1986-01-14,5.996000
1986-01-16,6.003000
1986-01-17,6.013000
1986-01-18,6.039000
1986-01-20,6.136000
1986-01-21,6.137000
1986-01-22,6.143000
1986-01-23,6.148000
1986-01-24,6.154000
1986-01-25,6.036000
1986-01-27,6.056000
1986-01-28,6.056000
1986-01-29,5.995000
1986-01-30,5.941000
1986-01-31,5.866000
1986-02-01,5.866000
1986-02-03,5.850000
1986-02-04,5.860000
1986-02-05,5.875000
1986-02-06,5.881000
1986-02-07,5.892000
1986-02-10,5.911000
1986-02-12,5.874000
1986-02-13,5.895000
1986-02-14,5.852000
1986-02-15,5.857000
1986-02-17,5.845000
1986-02-18,5.829000
1986-02-19,5.823000
1986-02-20,5.748000
1986-02-21,5.740000
1986-02-22,5.667000
1986-02-24,5.619000
1986-02-25,5.562000
1986-02-26,5.519000
1986-02-27,5.418000
1986-02-28,5.329000
1986-03-01,5.333000
1986-03-03,5.332000
1986-03-04,5.311000
1986-03-05,5.310000
1986-03-06,5.250000
1986-03-07,5.201000
1986-03-10,5.171000
1986-03-11,5.055000
1986-03-12,4.959000
1986-03-13,4.928000
1986-03-14,4.957000
1986-03-15,4.928000
1986-03-17,4.901000
1986-03-18,4.900000
1986-03-19,4.918000
1986-03-20,4.898000
1986-03-22,4.843000
1986-03-24,4.820000
1986-03-25,4.822000
1986-03-26,4.812000
1986-03-27,4.790000
1986-03-28,4.813000
1986-03-29,4.842000
1986-03-31,4.834000
1986-04-01,4.842000
1986-04-02,4.841000
1986-04-03,4.859000
1986-04-04,4.960000
1986-04-05,4.964000
1986-04-07,4.958000
1986-04-08,4.973000
1986-04-09,4.974000
1986-04-10,4.973000
1986-04-11,4.922000
1986-04-14,4.879000
1986-04-15,4.878000
1986-04-16,4.859000
1986-04-17,4.812000
1986-04-18,4.740000
1986-04-19,4.702000
1986-04-21,4.654000
1986-04-22,4.633000
1986-04-23,4.615000
1986-04-24,4.613000
1986-04-25,4.611000
1986-04-26,4.595000
1986-04-28,4.617000
1986-04-30,4.634000
1986-05-01,4.683000
1986-05-02,4.676000
1986-05-06,4.673000
1986-05-07,4.661000
1986-05-08,4.664000
1986-05-09,4.642000
1986-05-12,4.652000
1986-05-13,4.644000
1986-05-14,4.611000
1986-05-15,4.594000
1986-05-16,4.613000
1986-05-17,4.611000
1986-05-19,4.612000
1986-05-20,4.617000
1986-05-21,4.717000
1986-05-22,4.716000
1986-05-23,4.722000
1986-05-24,4.742000
1986-05-26,4.741000
1986-05-27,4.762000
1986-05-28,4.807000
1986-05-29,4.960000
1986-05-30,4.991000
1986-05-31,5.015000
1986-06-02,5.063000
1986-06-03,5.152000
1986-06-04,5.152000
1986-06-05,5.174000
1986-06-06,5.184000
1986-06-07,5.135000
1986-06-09,5.156000
1986-06-10,5.172000
1986-06-11,5.171000
1986-06-12,5.193000
1986-06-13,5.173000
1986-06-16,5.150000
1986-06-17,5.165000
1986-06-18,5.172000
1986-06-19,5.178000
1986-06-20,5.197000
1986-06-21,5.200000
1986-06-23,5.216000
1986-06-24,5.207000
1986-06-25,5.170000
1986-06-26,5.151000
1986-06-27,5.087000
1986-06-28,4.998000
1986-06-30,4.950000
1986-07-01,4.920000
1986-07-02,4.973000
1986-07-03,4.952000
1986-07-04,4.941000
1986-07-05,4.913000
1986-07-07,4.900000
1986-07-08,4.917000
1986-07-09,4.921000
1986-07-10,4.900000
1986-07-11,4.889000
1986-07-14,4.890000
1986-07-15,4.891000
1986-07-16,4.903000
1986-07-17,4.902000
1986-07-18,4.901000
1986-07-19,4.874000
1986-07-21,4.871000
1986-07-22,4.875000
1986-07-23,4.883000
1986-07-24,4.867000
1986-07-25,4.870000
1986-07-26,4.874000
1986-07-28,4.892000
1986-07-29,4.896000
1986-07-30,4.900000
1986-07-31,4.884000
1986-08-01,4.878000
1986-08-02,4.882000
1986-08-04,4.874000
1986-08-05,4.888000
1986-08-06,4.897000
1986-08-07,4.896000
1986-08-08,4.899000
1986-08-11,4.895000
1986-08-12,4.894000
1986-08-13,4.892000
1986-08-14,4.885000
1986-08-15,4.874000
1986-08-18,4.859000
1986-08-19,4.852000
1986-08-20,4.821000
1986-08-21,4.792000
1986-08-22,4.702000
1986-08-23,4.627000
1986-08-25,4.650000
1986-08-26,4.639000
1986-08-27,4.641000
1986-08-28,4.652000
1986-08-29,4.644000
1986-08-30,4.642000
1986-09-01,4.635000
1986-09-02,4.638000
1986-09-03,4.691000
1986-09-04,4.679000
1986-09-05,4.676000
1986-09-06,4.763000
1986-09-08,4.768000
1986-09-09,4.782000
1986-09-10,4.779000
1986-09-11,4.778000
1986-09-12,4.841000
1986-09-16,4.844000
1986-09-17,4.818000
1986-09-18,4.822000
1986-09-19,4.805000
1986-09-22,4.795000
1986-09-24,4.773000
1986-09-25,4.781000
1986-09-26,4.810000
1986-09-27,4.808000
1986-09-29,4.820000
1986-09-30,4.846000
1986-10-01,4.884000
1986-10-02,4.875000
1986-10-03,4.870000
1986-10-04,4.858000
1986-10-06,4.848000
1986-10-07,4.846000
1986-10-08,4.857000
1986-10-09,4.865000
1986-10-13,4.892000
1986-10-14,4.879000
1986-10-15,4.877000
1986-10-16,4.876000
1986-10-17,4.910000
1986-10-20,4.956000
1986-10-21,4.954000
1986-10-22,4.983000
1986-10-23,4.917000
1986-10-24,4.911000
1986-10-25,4.888000
1986-10-27,4.890000
1986-10-28,4.889000
1986-10-29,4.857000
1986-10-30,4.659000
1986-10-31,4.657000
1986-11-01,4.640000
1986-11-04,4.660000
1986-11-05,4.648000
1986-11-06,4.630000
1986-11-07,4.629000
1986-11-10,4.648000
1986-11-11,4.635000
1986-11-12,4.617000
1986-11-13,4.615000
1986-11-14,4.634000
1986-11-17,4.655000
1986-11-18,4.637000
1986-11-19,4.639000
1986-11-20,4.647000
1986-11-21,4.661000
1986-11-22,4.615000
1986-11-25,4.614000
1986-11-26,4.628000
1986-11-27,4.643000
1986-11-28,4.642000
1986-11-29,4.640000
1986-12-01,4.655000
1986-12-02,4.648000
1986-12-03,4.625000
1986-12-04,4.579000
1986-12-05,4.539000
1986-12-06,4.542000
1986-12-08,4.538000
1986-12-09,4.552000
1986-12-10,4.550000
1986-12-11,4.559000
1986-12-12,4.562000
1986-12-15,4.561000
1986-12-16,4.548000
1986-12-17,4.541000
1986-12-18,4.531000
1986-12-19,4.538000
1986-12-22,4.533000
1986-12-23,4.524000
1986-12-24,4.506000
1986-12-25,4.459000
1986-12-26,4.449000
1986-12-27,4.435000
1987-01-05,4.431000
1987-01-06,4.415000
1987-01-07,4.384000
1987-01-08,4.356000
1987-01-09,4.357000
1987-01-12,4.300000
1987-01-13,4.283000
1987-01-14,4.279000
1987-01-16,4.238000
1987-01-19,4.196000
1987-01-20,4.163000
1987-01-21,4.139000
1987-01-22,4.094000
1987-01-23,4.029000
1987-01-24,4.042000
1987-01-26,4.003000
1987-01-27,3.973000
1987-01-28,3.946000
1987-01-29,3.914000
1987-01-30,3.942000
1987-01-31,3.981000
1987-02-02,3.953000
1987-02-03,3.954000
1987-02-04,3.942000
1987-02-05,3.924000
1987-02-06,3.916000
1987-02-07,3.934000
1987-02-09,3.922000
1987-02-10,3.895000
1987-02-12,3.914000
1987-02-13,3.947000
1987-02-16,3.968000
1987-02-17,3.995000
1987-02-18,4.028000
1987-02-19,3.979000
1987-02-20,3.970000
1987-02-23,3.976000
1987-02-24,3.967000
1987-02-25,3.931000
1987-02-26,3.931000
1987-02-27,3.931000
1987-02-28,3.925000
1987-03-02,3.856000
1987-03-03,3.857000
1987-03-04,3.825000
1987-03-05,3.819000
1987-03-06,3.817000
1987-03-07,3.812000
1987-03-09,3.811000
1987-03-10,3.805000
1987-03-11,3.780000
1987-03-12,3.734000
1987-03-13,3.697000
1987-03-16,3.628000
1987-03-17,3.627000
1987-03-18,3.626000
1987-03-19,3.628000
1987-03-20,3.628000
1987-03-23,3.547000
1987-03-24,3.546000
1987-03-25,3.543000
1987-03-26,3.542000
1987-03-27,3.543000
1987-03-28,3.512000
1987-03-30,3.508000
1987-03-31,3.506000
1987-04-01,3.497000
1987-04-02,3.470000
1987-04-03,3.472000
1987-04-04,3.452000
1987-04-06,3.450000
1987-04-07,3.436000
1987-04-08,3.396000
1987-04-09,3.375000
1987-04-10,3.375000
1987-04-13,3.346000
1987-04-14,3.346000
1987-04-15,3.310000
1987-04-16,3.308000
1987-04-17,3.307000
1987-04-20,3.313000
1987-04-21,3.311000
1987-04-22,3.311000
1987-04-23,3.311000
1987-04-24,3.283000
1987-04-25,3.249000
1987-04-27,3.249000
1987-04-28,3.256000
1987-04-30,3.256000
1987-05-01,3.217000
1987-05-02,3.157000
1987-05-06,3.154000
1987-05-07,3.144000
1987-05-08,3.157000
1987-05-11,3.170000
1987-05-12,3.124000
1987-05-13,3.127000
1987-05-14,3.129000
1987-05-15,3.232000
1987-05-18,3.283000
1987-05-19,3.294000
1987-05-20,3.279000
1987-05-21,3.279000
1987-05-22,3.259000
1987-05-23,3.255000
1987-05-25,3.255000
1987-05-26,3.256000
1987-05-27,3.246000
1987-05-28,3.246000
1987-05-29,3.257000
1987-05-30,3.307000
1987-06-01,3.348000
1987-06-02,3.347000
1987-06-03,3.347000
1987-06-04,3.348000
1987-06-05,3.352000
1987-06-06,3.353000
1987-06-08,3.342000
1987-06-09,3.342000
1987-06-10,3.323000
1987-06-11,3.324000
1987-06-12,3.312000
1987-06-15,3.333000
1987-06-16,3.360000
1987-06-17,3.391000
1987-06-18,3.391000
1987-06-19,3.470000
1987-06-22,3.593000
1987-06-23,3.604000
1987-06-24,3.614000
1987-06-25,3.625000
1987-06-26,3.693000
1987-06-27,3.696000
1987-06-29,3.715000
1987-06-30,3.725000
1987-07-01,3.700000
1987-07-02,3.728000
1987-07-03,3.770000
1987-07-04,3.869000
1987-07-06,3.968000
1987-07-07,3.970000
1987-07-08,4.070000
1987-07-09,4.119000
1987-07-10,4.149000
1987-07-13,4.122000
1987-07-14,4.099000
1987-07-15,4.120000
1987-07-16,4.119000
1987-07-17,4.141000
1987-07-20,4.144000
1987-07-21,4.145000
1987-07-22,4.147000
1987-07-23,4.143000
1987-07-24,4.124000
1987-07-25,4.076000
1987-07-27,4.078000
1987-07-28,4.023000
1987-07-29,4.028000
1987-07-30,4.033000
1987-07-31,4.038000
1987-08-01,4.015000
1987-08-03,4.045000
1987-08-04,4.090000
1987-08-05,4.070000
1987-08-06,4.046000
1987-08-07,4.031000
1987-08-10,4.046000
1987-08-11,4.071000
1987-08-12,4.053000
1987-08-13,4.053000
1987-08-14,4.057000
1987-08-17,4.073000
1987-08-18,4.049000
1987-08-19,4.034000
1987-08-20,4.008000
1987-08-21,3.968000
1987-08-22,3.923000
1987-08-24,3.909000
1987-08-25,3.945000
1987-08-26,3.909000
1987-08-27,3.893000
1987-08-28,3.929000
1987-08-29,3.941000
1987-08-31,3.947000
1987-09-01,3.951000
1987-09-02,3.928000
1987-09-03,3.984000
1987-09-04,3.988000
1987-09-05,4.019000
1987-09-07,4.039000
1987-09-08,4.065000
1987-09-09,4.052000
1987-09-10,4.057000
1987-09-11,4.056000
1987-09-14,4.062000
1987-09-16,4.059000
1987-09-17,4.063000
1987-09-18,4.087000
1987-09-21,4.171000
1987-09-22,4.203000
1987-09-24,4.261000
1987-09-25,4.368000
1987-09-26,4.444000
1987-09-28,4.526000
1987-09-29,4.835000
1987-09-30,4.850000
1987-10-01,4.874000
1987-10-02,4.872000
1987-10-03,4.924000
1987-10-05,5.032000
1987-10-06,5.028000
1987-10-07,5.032000
1987-10-08,5.033000
1987-10-09,5.089000
1987-10-12,5.099000
1987-10-13,5.080000
1987-10-14,5.085000
1987-10-15,5.120000
1987-10-16,5.091000
1987-10-19,5.064000
1987-10-20,5.019000
1987-10-21,4.949000
1987-10-22,4.904000
1987-10-23,4.863000
1987-10-24,4.797000
1987-10-26,4.703000
1987-10-27,4.707000
1987-10-28,4.630000
1987-10-29,4.485000
1987-10-30,4.238000
1987-10-31,4.188000
1987-11-02,4.174000
1987-11-04,4.184000
1987-11-05,4.134000
1987-11-06,4.039000
1987-11-07,3.943000
1987-11-09,3.953000
1987-11-10,3.937000
1987-11-11,3.938000
1987-11-12,3.943000
1987-11-13,3.998000
1987-11-16,4.038000
1987-11-17,4.043000
1987-11-18,4.048000
1987-11-19,4.048000
1987-11-20,4.031000
1987-11-24,4.050000
1987-11-25,4.005000
1987-11-26,4.009000
1987-11-27,4.014000
1987-11-28,3.991000
1987-11-30,4.001000
1987-12-01,4.006000
1987-12-02,3.988000
1987-12-03,3.993000
1987-12-04,3.998000
1987-12-05,4.004000
1987-12-07,3.982000
1987-12-08,3.987000
1987-12-09,3.982000
1987-12-10,3.985000
1987-12-11,3.971000
1987-12-14,3.986000
1987-12-15,3.977000
1987-12-16,3.974000
1987-12-17,3.843000
1987-12-18,3.847000
1987-12-21,3.862000
1987-12-22,3.867000
1987-12-23,3.831000
1987-12-24,3.836000
1987-12-25,3.836000
1987-12-26,3.841000
1987-12-28,3.804000
1988-01-04,3.825000
1988-01-05,3.830000
1988-01-06,3.835000
1988-01-07,3.840000
1988-01-08,3.835000
1988-01-11,3.825000
1988-01-12,3.819000
1988-01-13,3.825000
1988-01-14,3.800000
1988-01-18,3.778000
1988-01-19,3.760000
1988-01-20,3.765000
1988-01-21,3.770000
1988-01-22,3.775000
1988-01-23,3.751000
1988-01-25,3.765000
1988-01-26,3.769000
1988-01-27,3.775000
1988-01-28,3.766000
1988-01-29,3.727000
1988-01-30,3.731000
1988-02-01,3.717000
1988-02-02,3.721000
1988-02-03,3.725000
1988-02-04,3.730000
1988-02-05,3.720000
1988-02-06,3.725000
1988-02-08,3.739000
1988-02-09,3.745000
1988-02-10,3.700000
1988-02-12,3.710000
1988-02-15,3.730000
1988-02-16,3.710000
1988-02-17,3.714000
1988-02-18,3.719000
1988-02-19,3.724000
1988-02-22,3.715000
1988-02-23,3.720000
1988-02-24,3.725000
1988-02-25,3.730000
1988-02-26,3.735000
1988-02-27,3.695000
1988-02-29,3.700000
1988-03-01,3.705000
1988-03-02,3.685000
1988-03-03,3.690000
1988-03-04,3.665000
1988-03-05,3.629000
1988-03-07,3.555000
1988-03-08,3.560000
1988-03-09,3.565000
1988-03-10,3.554000
1988-03-11,3.560000
1988-03-14,3.575000
1988-03-15,3.571000
1988-03-16,3.524000
1988-03-17,3.529000
1988-03-18,3.517000
1988-03-22,3.539000
1988-03-23,3.524000
1988-03-24,3.501000
1988-03-25,3.506000
1988-03-26,3.511000
1988-03-28,3.525000
1988-03-29,3.497000
1988-03-30,3.491000
1988-03-31,3.496000
1988-04-01,3.504000
1988-04-02,3.487000
1988-04-04,3.478000
1988-04-05,3.483000
1988-04-06,3.430000
1988-04-07,3.435000
1988-04-08,3.440000
1988-04-11,3.459000
1988-04-12,3.449000
1988-04-13,3.464000
1988-04-14,3.468000
1988-04-15,3.477000
1988-04-18,3.463000
1988-04-19,3.472000
1988-04-20,3.442000
1988-04-21,3.447000
1988-04-22,3.453000
1988-04-23,3.439000
1988-04-25,3.448000
1988-04-26,3.453000
1988-04-27,3.463000
1988-04-28,3.433000
1988-04-30,3.447000
1988-05-02,3.457000
1988-05-06,3.481000
1988-05-07,3.466000
1988-05-09,3.481000
1988-05-10,3.495000
1988-05-11,3.524000
1988-05-12,3.529000
1988-05-13,3.538000
1988-05-16,3.563000
1988-05-17,3.566000
1988-05-18,3.601000
1988-05-19,3.691000
1988-05-20,3.745000
1988-05-23,3.815000
1988-05-24,3.814000
1988-05-25,3.819000
1988-05-26,3.849000
1988-05-27,3.874000
1988-05-28,3.879000
1988-05-30,3.867000
1988-05-31,3.871000
1988-06-01,3.876000
1988-06-02,3.847000
1988-06-03,3.851000
1988-06-04,3.835000
1988-06-06,3.817000
1988-06-07,3.826000
1988-06-08,3.831000
1988-06-09,3.846000
1988-06-10,3.833000
1988-06-13,3.849000
1988-06-14,3.867000
1988-06-15,3.883000
1988-06-16,3.909000
1988-06-17,3.906000
1988-06-20,3.952000
1988-06-21,3.957000
1988-06-22,4.004000
1988-06-23,4.014000
1988-06-24,4.029000
1988-06-25,4.075000
1988-06-27,4.137000
1988-06-28,4.090000
1988-06-29,4.145000
1988-06-30,4.143000
1988-07-01,4.218000
1988-07-02,4.275000
1988-07-04,4.363000
1988-07-05,4.368000
1988-07-06,4.348000
1988-07-07,4.325000
1988-07-08,4.379000
1988-07-11,4.394000
1988-07-12,4.375000
1988-07-13,4.362000
1988-07-14,4.337000
1988-07-15,4.313000
1988-07-18,4.269000
1988-07-19,4.226000
1988-07-20,4.231000
1988-07-21,4.275000
1988-07-22,4.251000
1988-07-23,4.207000
1988-07-25,4.217000
1988-07-26,4.222000
1988-07-27,4.227000
1988-07-28,4.183000
1988-07-29,4.163000
1988-07-30,4.148000
1988-08-01,4.158000
1988-08-02,4.158000
1988-08-03,4.183000
1988-08-04,4.188000
1988-08-05,4.193000
1988-08-06,4.157000
1988-08-08,4.167000
1988-08-09,4.172000
1988-08-10,4.378000
1988-08-11,4.367000
1988-08-12,4.372000
1988-08-15,4.377000
1988-08-16,4.382000
1988-08-17,4.336000
1988-08-18,4.341000
1988-08-19,4.346000
1988-08-22,4.361000
1988-08-23,4.427000
1988-08-24,4.407000
1988-08-25,4.412000
1988-08-26,4.468000
1988-08-27,4.469000
1988-08-29,4.474000
1988-08-30,4.479000
1988-08-31,4.484000
1988-09-01,4.588000
1988-09-02,4.573000
1988-09-03,4.531000
1988-09-05,4.457000
1988-09-06,4.462000
1988-09-07,4.415000
1988-09-08,4.420000
1988-09-09,4.394000
1988-09-12,4.407000
1988-09-13,4.412000
1988-09-14,4.417000
1988-09-16,4.354000
1988-09-19,4.369000
1988-09-20,4.394000
1988-09-21,4.369000
1988-09-22,4.349000
1988-09-24,4.359000
1988-09-26,4.369000
1988-09-27,4.333000
1988-09-28,4.325000
1988-09-29,4.331000
1988-09-30,4.308000
1988-10-01,4.263000
1988-10-03,4.253000
1988-10-04,4.227000
1988-10-05,4.216000
1988-10-06,4.221000
1988-10-07,4.196000
1988-10-11,4.136000
1988-10-12,4.042000
1988-10-13,4.039000
1988-10-14,4.044000
1988-10-17,4.059000
1988-10-18,4.041000
1988-10-19,4.026000
1988-10-20,4.031000
1988-10-21,4.036000
1988-10-22,4.046000
1988-10-24,4.029000
1988-10-25,4.035000
1988-10-26,4.040000
1988-10-27,4.055000
1988-10-28,4.034000
1988-10-29,4.029000
1988-10-31,4.039000
1988-11-01,4.017000
1988-11-02,4.022000
1988-11-04,4.032000
1988-11-05,4.037000
1988-11-07,4.034000
1988-11-08,4.019000
1988-11-09,4.004000
1988-11-10,3.977000
1988-11-11,3.962000
1988-11-14,3.962000
1988-11-15,3.967000
1988-11-16,3.944000
1988-11-17,3.949000
1988-11-18,3.954000
1988-11-21,3.948000
1988-11-22,3.925000
1988-11-24,3.935000
1988-11-25,3.950000
1988-11-26,3.970000
1988-11-28,3.940000
1988-11-29,3.945000
1988-11-30,3.940000
1988-12-01,3.945000
1988-12-02,3.933000
1988-12-03,3.938000
1988-12-05,3.947000
1988-12-06,3.907000
1988-12-07,3.933000
1988-12-08,3.938000
1988-12-09,3.932000
1988-12-12,3.902000
1988-12-13,3.907000
1988-12-14,3.912000
1988-12-15,3.917000
1988-12-16,3.941000
1988-12-19,3.915000
1988-12-20,3.920000
1988-12-21,3.926000
1988-12-22,3.931000
1988-12-23,3.909000
1988-12-24,3.914000
1988-12-26,3.924000
1988-12-27,3.929000
1988-12-28,3.897000
1989-01-04,3.933000
1989-01-05,3.958000
1989-01-06,3.968000
1989-01-09,3.963000
1989-01-10,3.930000
1989-01-11,3.947000
1989-01-12,3.950000
1989-01-13,3.955000
1989-01-17,3.964000
1989-01-18,3.969000
1989-01-19,4.007000
1989-01-20,3.989000
1989-01-23,4.004000
1989-01-24,3.960000
1989-01-25,3.965000
1989-01-26,3.970000
1989-01-27,3.975000
1989-01-28,3.960000
1989-01-30,3.980000
1989-01-31,4.016000
1989-02-01,4.006000
1989-02-02,4.011000
1989-02-03,4.016000
1989-02-06,4.034000
1989-02-07,4.039000
1989-02-08,4.039000
1989-02-09,4.054000
1989-02-10,4.022000
1989-02-13,4.046000
1989-02-14,4.062000
1989-02-15,4.076000
1989-02-16,4.092000
1989-02-17,4.117000
1989-02-20,4.202000
1989-02-21,4.309000
1989-02-22,4.365000
1989-02-23,4.427000
1989-02-27,4.519000
1989-02-28,4.524000
1989-03-01,4.529000
1989-03-02,4.550000
1989-03-03,4.555000
1989-03-06,4.567000
1989-03-07,4.593000
1989-03-08,4.597000
1989-03-09,4.581000
1989-03-10,4.549000
1989-03-13,4.579000
1989-03-14,4.634000
1989-03-15,4.680000
1989-03-16,4.688000
1989-03-17,4.670000
1989-03-20,4.734000
1989-03-22,4.702000
1989-03-23,4.705000
1989-03-24,4.710000
1989-03-27,4.722000
1989-03-28,4.727000
1989-03-29,4.732000
1989-03-30,4.727000
1989-03-31,4.702000
1989-04-03,4.717000
1989-04-04,4.719000
1989-04-05,4.722000
1989-04-06,4.737000
1989-04-07,4.742000
1989-04-10,4.752000
1989-04-11,4.758000
1989-04-12,4.763000
1989-04-13,4.765000
1989-04-14,4.758000
1989-04-17,4.769000
1989-04-18,4.774000
1989-04-19,4.736000
1989-04-20,4.741000
1989-04-21,4.762000
1989-04-24,4.777000
1989-04-25,4.777000
1989-04-26,4.765000
1989-04-27,4.770000
1989-04-28,4.775000
1989-05-01,4.785000
1989-05-02,4.766000
1989-05-08,4.786000
1989-05-09,4.811000
1989-05-10,4.852000
1989-05-11,4.851000
1989-05-12,4.858000
1989-05-15,4.868000
1989-05-16,4.899000
1989-05-17,4.885000
1989-05-18,4.901000
1989-05-19,4.942000
1989-05-22,4.928000
1989-05-23,5.001000
1989-05-24,5.024000
1989-05-25,5.043000
1989-05-26,5.020000
1989-05-29,5.089000
1989-05-30,5.092000
1989-05-31,5.097000
1989-06-01,5.090000
1989-06-02,5.091000
1989-06-05,5.090000
1989-06-06,5.074000
1989-06-07,5.077000
1989-06-08,5.061000
1989-06-09,5.065000
1989-06-12,5.063000
1989-06-13,5.065000
1989-06-14,5.071000
1989-06-15,5.098000
1989-06-16,5.087000
1989-06-19,5.136000
1989-06-20,5.139000
1989-06-21,5.129000
1989-06-22,5.103000
1989-06-23,5.096000
1989-06-26,5.091000
1989-06-27,5.093000
1989-06-28,5.109000
1989-06-29,5.111000
1989-06-30,5.108000
1989-07-03,5.108000
1989-07-04,5.110000
1989-07-05,5.107000
1989-07-06,5.101000
1989-07-07,5.107000
1989-07-10,5.119000
1989-07-11,5.105000
1989-07-12,5.122000
1989-07-13,5.124000
1989-07-14,5.123000
1989-07-17,5.126000
1989-07-18,5.120000
1989-07-19,5.112000
1989-07-20,5.117000
1989-07-21,5.095000
1989-07-24,5.087000
1989-07-25,5.079000
1989-07-26,5.063000
1989-07-27,5.036000
1989-07-28,5.030000
1989-07-31,5.011000
1989-08-01,4.979000
1989-08-02,4.974000
1989-08-03,4.979000
1989-08-04,4.984000
1989-08-07,4.950000
1989-08-08,4.950000
1989-08-09,4.955000
1989-08-10,4.960000
1989-08-11,4.950000
1989-08-14,4.976000
1989-08-15,4.981000
1989-08-16,4.986000
1989-08-17,4.967000
1989-08-18,4.968000
1989-08-21,4.978000
1989-08-22,4.963000
1989-08-23,4.968000
1989-08-24,4.969000
1989-08-25,4.973000
1989-08-28,4.961000
1989-08-29,4.965000
1989-08-30,4.970000
1989-08-31,4.948000
1989-09-01,4.963000
1989-09-04,4.984000
1989-09-05,5.006000
1989-09-06,5.058000
1989-09-07,5.094000
1989-09-08,5.146000
1989-09-11,5.236000
1989-09-12,5.239000
1989-09-13,5.273000
1989-09-14,5.264000
1989-09-18,5.306000
1989-09-19,5.309000
1989-09-20,5.310000
1989-09-21,5.292000
1989-09-22,5.270000
1989-09-25,5.236000
1989-09-26,5.221000
1989-09-27,5.221000
1989-09-28,5.226000
1989-09-29,5.214000
1989-10-02,5.225000
1989-10-03,5.256000
1989-10-04,5.299000
1989-10-05,5.291000
1989-10-06,5.332000
1989-10-09,5.322000
1989-10-11,5.401000
1989-10-12,5.466000
1989-10-13,5.488000
1989-10-16,5.448000
1989-10-17,5.451000
1989-10-18,5.455000
1989-10-19,5.506000
1989-10-20,5.494000
1989-10-23,5.514000
1989-10-24,5.545000
1989-10-25,5.550000
1989-10-26,5.539000
1989-10-27,5.575000
1989-10-30,5.590000
1989-10-31,5.628000
1989-11-01,5.732000
1989-11-02,5.784000
1989-11-06,5.869000
1989-11-07,5.953000
1989-11-08,5.953000
1989-11-09,5.958000
1989-11-10,5.938000
1989-11-13,5.948000
1989-11-14,5.948000
1989-11-15,5.945000
1989-11-16,5.923000
1989-11-17,5.928000
1989-11-20,5.920000
1989-11-21,5.924000
1989-11-22,5.924000
1989-11-24,5.908000
1989-11-27,5.900000
1989-11-28,5.902000
1989-11-29,5.906000
1989-11-30,5.906000
1989-12-01,5.901000
1989-12-04,5.906000
1989-12-05,5.907000
1989-12-06,5.898000
1989-12-07,5.898000
1989-12-08,5.904000
1989-12-11,5.888000
1989-12-12,5.892000
1989-12-13,5.883000
1989-12-14,5.875000
1989-12-15,5.874000
1989-12-18,5.883000
1989-12-19,5.915000
1989-12-20,5.967000
1989-12-21,6.019000
1989-12-22,6.009000
1989-12-25,6.017000
1989-12-26,6.017000
1989-12-27,6.008000
1989-12-28,6.009000
1989-12-29,6.008000
1990-01-04,6.098000
1990-01-05,6.101000
1990-01-08,6.146000
1990-01-09,6.247000
1990-01-10,6.314000
1990-01-11,6.314000
1990-01-12,6.375000
1990-01-16,6.478000
1990-01-17,6.468000
1990-01-18,6.570000
1990-01-19,6.570000
1990-01-22,6.567000
1990-01-23,6.567000
1990-01-24,6.620000
1990-01-25,6.573000
1990-01-26,6.540000
1990-01-29,6.545000
1990-01-30,6.566000
1990-01-31,6.595000
1990-02-01,6.595000
1990-02-02,6.627000
1990-02-05,6.660000
1990-02-06,6.660000
1990-02-07,6.666000
1990-02-08,6.668000
1990-02-09,6.668000
1990-02-13,6.673000
1990-02-14,6.692000
1990-02-15,6.692000
1990-02-16,6.730000
1990-02-19,6.778000
1990-02-20,6.828000
1990-02-21,6.828000
1990-02-22,6.828000
1990-02-23,6.875000
1990-02-26,6.897000
1990-02-27,6.952000
1990-02-28,6.974000
1990-03-01,6.993000
1990-03-02,7.089000
1990-03-05,7.111000
1990-03-06,7.142000
1990-03-07,7.180000
1990-03-08,7.219000
1990-03-09,7.245000
1990-03-12,7.267000
1990-03-13,7.295000
1990-03-14,7.335000
1990-03-15,7.335000
1990-03-16,7.334000
1990-03-19,7.384000
1990-03-20,7.384000
1990-03-22,7.382000
1990-03-23,7.355000
1990-03-26,7.355000
1990-03-27,7.392000
1990-03-28,7.393000
1990-03-29,7.356000
1990-03-30,7.356000
1990-04-02,7.373000
1990-04-03,7.373000
1990-04-04,7.373000
1990-04-05,7.354000
1990-04-06,7.334000
1990-04-09,7.296000
1990-04-10,7.267000
1990-04-11,7.267000
1990-04-12,7.245000
1990-04-13,7.250000
1990-04-16,7.219000
1990-04-17,7.218000
1990-04-18,7.215000
1990-04-19,7.215000
1990-04-20,7.188000
1990-04-23,7.165000
1990-04-24,7.135000
1990-04-25,7.139000
1990-04-26,7.117000
1990-04-27,7.117000
1990-05-01,7.117000
1990-05-02,7.100000
1990-05-07,7.053000
1990-05-08,7.033000
1990-05-09,7.017000
1990-05-10,6.974000
1990-05-11,6.895000
1990-05-14,6.832000
1990-05-15,6.784000
1990-05-16,6.786000
1990-05-17,6.748000
1990-05-18,6.721000
1990-05-21,6.733000
1990-05-22,6.712000
1990-05-23,6.701000
1990-05-24,6.685000
1990-05-25,6.617000
1990-05-28,6.611000
1990-05-29,6.632000
1990-05-30,6.616000
1990-05-31,6.605000
1990-06-01,6.589000
1990-06-04,6.595000
1990-06-05,6.595000
1990-06-06,6.584000
1990-06-07,6.589000
1990-06-08,6.611000
1990-06-11,6.631000
1990-06-12,6.631000
1990-06-13,6.631000
1990-06-14,6.631000
1990-06-15,6.663000
1990-06-18,6.664000
1990-06-19,6.686000
1990-06-20,6.687000
1990-06-21,6.709000
1990-06-22,6.741000
1990-06-25,6.800000
1990-06-26,6.851000
1990-06-27,6.851000
1990-06-28,6.892000
1990-06-29,6.951000
1990-07-02,6.973000
1990-07-03,7.026000
1990-07-04,7.026000
1990-07-05,7.026000
1990-07-06,7.007000
1990-07-09,7.023000
1990-07-10,7.120000
1990-07-11,7.084000
1990-07-12,7.085000
1990-07-13,7.085000
1990-07-16,7.090000
1990-07-17,7.079000
1990-07-18,7.080000
1990-07-19,7.087000
1990-07-20,7.125000
1990-07-23,7.198000
1990-07-24,7.225000
1990-07-25,7.226000
1990-07-26,7.226000
1990-07-27,7.308000
1990-07-30,7.363000
1990-07-31,7.410000
1990-08-01,7.379000
1990-08-02,7.400000
1990-08-03,7.450000
1990-08-06,7.503000
1990-08-07,7.508000
1990-08-08,7.511000
1990-08-09,7.515000
1990-08-10,7.507000
1990-08-13,7.537000
1990-08-14,7.538000
1990-08-15,7.537000
1990-08-16,7.560000
1990-08-17,7.574000
1990-08-20,7.578000
1990-08-21,7.606000
1990-08-22,7.704000
1990-08-23,7.847000
1990-08-24,7.891000
1990-08-27,7.886000
1990-08-28,7.899000
1990-08-29,7.961000
1990-08-30,7.962000
1990-08-31,7.900000
1990-09-03,7.900000
1990-09-04,7.900000
1990-09-05,7.899000
1990-09-06,7.974000
1990-09-07,7.975000
1990-09-10,7.996000
1990-09-11,8.143000
1990-09-12,8.160000
1990-09-13,8.198000
1990-09-14,8.255000
1990-09-17,8.389000
1990-09-18,8.437000
1990-09-19,8.412000
1990-09-20,8.393000
1990-09-21,8.393000
1990-09-25,8.411000
1990-09-26,8.411000
1990-09-27,8.411000
1990-09-28,8.405000
1990-10-01,8.362000
1990-10-02,8.256000
1990-10-03,8.226000
1990-10-04,8.171000
1990-10-05,8.076000
1990-10-08,7.978000
1990-10-09,7.943000
1990-10-11,7.895000
1990-10-12,7.864000
1990-10-15,7.829000
1990-10-16,7.767000
1990-10-17,7.674000
1990-10-18,7.622000
1990-10-19,7.587000
1990-10-22,7.549000
1990-10-23,7.509000
1990-10-24,7.509000
1990-10-25,7.462000
1990-10-26,7.479000
1990-10-29,7.432000
1990-10-30,7.411000
1990-10-31,7.405000
1990-11-01,7.405000
1990-11-02,7.384000
1990-11-05,7.356000
1990-11-06,7.356000
1990-11-07,7.356000
1990-11-08,7.373000
1990-11-09,7.395000
1990-11-13,7.390000
1990-11-14,7.390000
1990-11-15,7.389000
1990-11-16,7.390000
1990-11-19,7.325000
1990-11-20,7.323000
1990-11-21,7.313000
1990-11-22,7.293000
1990-11-26,7.226000
1990-11-27,7.258000
1990-11-28,7.259000
1990-11-29,7.259000
1990-11-30,7.259000
1990-12-03,7.242000
1990-12-04,7.264000
1990-12-05,7.248000
1990-12-06,7.264000
1990-12-07,7.248000
1990-12-10,7.205000
1990-12-11,7.179000
1990-12-12,7.158000
1990-12-13,7.093000
1990-12-14,7.059000
1990-12-17,7.013000
1990-12-18,6.983000
1990-12-19,6.959000
1990-12-20,6.959000
1990-12-21,6.998000
1990-12-25,7.011000
1990-12-26,7.049000
1990-12-27,7.054000
1990-12-28,7.054000
1991-01-04,7.005000
1991-01-07,7.038000
1991-01-08,7.065000
1991-01-09,7.059000
1991-01-10,7.034000
1991-01-11,7.006000
1991-01-14,7.039000
1991-01-16,7.066000
1991-01-17,7.011000
1991-01-18,6.995000
1991-01-21,7.027000
1991-01-22,7.021000
1991-01-23,6.999000
1991-01-24,6.993000
1991-01-25,6.971000
1991-01-28,6.956000
1991-01-29,6.926000
1991-01-30,6.904000
1991-01-31,6.898000
1991-02-01,6.911000
1991-02-04,6.923000
1991-02-05,6.921000
1991-02-06,6.898000
1991-02-07,6.898000
1991-02-08,6.886000
1991-02-12,6.858000
1991-02-13,6.819000
1991-02-14,6.797000
1991-02-15,6.769000
1991-02-18,6.741000
1991-02-19,6.707000
1991-02-20,6.679000
1991-02-21,6.661000
1991-02-22,6.644000
1991-02-25,6.617000
1991-02-26,6.598000
1991-02-27,6.611000
1991-02-28,6.645000
1991-03-01,6.749000
1991-03-04,6.803000
1991-03-05,6.786000
1991-03-06,6.788000
1991-03-07,6.800000
1991-03-08,6.795000
1991-03-11,6.816000
1991-03-12,6.807000
1991-03-13,6.816000
1991-03-14,6.815000
1991-03-15,6.815000
1991-03-18,6.815000
1991-03-19,6.816000
1991-03-20,6.809000
1991-03-22,6.764000
1991-03-25,6.771000
1991-03-26,6.788000
1991-03-27,6.815000
1991-03-28,6.815000
1991-03-29,6.804000
1991-04-01,6.833000
1991-04-02,6.834000
1991-04-03,6.837000
1991-04-04,6.848000
1991-04-05,6.823000
1991-04-08,6.823000
1991-04-09,6.834000
1991-04-10,6.863000
1991-04-11,6.902000
1991-04-12,6.917000
1991-04-15,6.918000
1991-04-16,6.882000
1991-04-17,6.882000
1991-04-18,6.862000
1991-04-19,6.862000
1991-04-22,6.893000
1991-04-23,6.914000
1991-04-24,6.945000
1991-04-25,6.944000
1991-04-26,6.940000
1991-04-30,6.941000
1991-05-01,6.925000
1991-05-02,6.921000
1991-05-07,6.933000
1991-05-08,6.944000
1991-05-09,6.954000
1991-05-10,6.934000
1991-05-13,6.924000
1991-05-14,6.913000
1991-05-15,6.919000
1991-05-16,6.908000
1991-05-17,6.895000
1991-05-20,6.890000
1991-05-21,6.879000
1991-05-22,6.875000
1991-05-23,6.859000
1991-05-24,6.850000
1991-05-27,6.846000
1991-05-28,6.830000
1991-05-29,6.830000
1991-05-30,6.803000
1991-05-31,6.757000
1991-06-03,6.762000
1991-06-04,6.751000
1991-06-05,6.751000
1991-06-06,6.751000
1991-06-07,6.762000
1991-06-10,6.816000
1991-06-11,6.851000
1991-06-12,6.894000
1991-06-13,6.900000
1991-06-14,6.904000
1991-06-17,6.915000
1991-06-18,6.943000
1991-06-19,6.981000
1991-06-20,6.983000
1991-06-21,6.975000
1991-06-24,7.005000
1991-06-25,6.997000
1991-06-26,6.997000
1991-06-27,7.008000
1991-06-28,7.019000
1991-07-01,6.933000
1991-07-02,6.950000
1991-07-03,6.955000
1991-07-04,6.934000
1991-07-05,6.914000
1991-07-08,6.898000
1991-07-09,6.877000
1991-07-10,6.882000
1991-07-11,6.857000
1991-07-12,6.846000
1991-07-15,6.824000
1991-07-16,6.825000
1991-07-17,6.818000
1991-07-18,6.818000
1991-07-19,6.807000
1991-07-22,6.807000
1991-07-23,6.796000
1991-07-24,6.780000
1991-07-25,6.769000
1991-07-26,6.735000
1991-07-29,6.735000
1991-07-30,6.707000
1991-07-31,6.702000
1991-08-01,6.698000
1991-08-02,6.681000
1991-08-05,6.653000
1991-08-06,6.649000
1991-08-07,6.637000
1991-08-08,6.642000
1991-08-09,6.620000
1991-08-12,6.619000
1991-08-13,6.580000
1991-08-14,6.552000
1991-08-15,6.553000
1991-08-16,6.514000
1991-08-19,6.554000
1991-08-20,6.509000
1991-08-21,6.481000
1991-08-22,6.461000
1991-08-23,6.454000
1991-08-26,6.455000
1991-08-27,6.453000
1991-08-28,6.453000
1991-08-29,6.407000
1991-08-30,6.376000
1991-09-02,6.363000
1991-09-03,6.345000
1991-09-04,6.320000
1991-09-05,6.323000
1991-09-06,6.268000
1991-09-09,6.224000
1991-09-10,6.171000
1991-09-11,6.124000
1991-09-12,6.051000
1991-09-13,5.972000
1991-09-17,5.980000
1991-09-18,5.980000
1991-09-19,5.970000
1991-09-20,5.922000
1991-09-24,5.901000
1991-09-25,5.893000
1991-09-26,5.878000
1991-09-27,5.830000
1991-09-30,5.785000
1991-10-01,5.747000
1991-10-02,5.739000
1991-10-03,5.695000
1991-10-04,5.680000
1991-10-07,5.683000
1991-10-08,5.718000
1991-10-09,5.757000
1991-10-11,5.762000
1991-10-14,5.770000
1991-10-15,5.770000
1991-10-16,5.732000
1991-10-17,5.683000
1991-10-18,5.687000
1991-10-21,5.652000
1991-10-22,5.653000
1991-10-23,5.629000
1991-10-24,5.591000
1991-10-25,5.579000
1991-10-28,5.588000
1991-10-29,5.588000
1991-10-30,5.593000
1991-10-31,5.576000
1991-11-01,5.578000
1991-11-05,5.588000
1991-11-06,5.608000
1991-11-07,5.614000
1991-11-08,5.594000
1991-11-11,5.594000
1991-11-12,5.574000
1991-11-13,5.579000
1991-11-14,5.570000
1991-11-15,5.546000
1991-11-18,5.541000
1991-11-19,5.541000
1991-11-20,5.587000
1991-11-21,5.553000
1991-11-22,5.559000
1991-11-25,5.564000
1991-11-26,5.543000
1991-11-27,5.548000
1991-11-28,5.548000
1991-11-29,5.543000
1991-12-02,5.514000
1991-12-03,5.498000
1991-12-04,5.483000
1991-12-05,5.437000
1991-12-06,5.401000
1991-12-09,5.411000
1991-12-10,5.358000
1991-12-11,5.358000
1991-12-12,5.342000
1991-12-13,5.316000
1991-12-16,5.325000
1991-12-17,5.327000
1991-12-18,5.320000
1991-12-19,5.289000
1991-12-20,5.291000
1991-12-24,5.240000
1991-12-25,5.212000
1991-12-26,5.181000
1991-12-27,5.155000
1991-12-30,5.103000
1992-01-06,5.020000
1992-01-07,4.922000
1992-01-08,4.927000
1992-01-09,4.879000
1992-01-10,4.879000
1992-01-13,4.890000
1992-01-14,4.863000
1992-01-16,4.868000
1992-01-17,4.769000
1992-01-20,4.727000
1992-01-21,4.655000
1992-01-22,4.489000
1992-01-23,4.494000
1992-01-24,4.509000
1992-01-27,4.514000
1992-01-28,4.556000
1992-01-29,4.556000
1992-01-30,4.582000
1992-01-31,4.606000
1992-02-03,4.644000
1992-02-04,4.689000
1992-02-05,4.682000
1992-02-06,4.675000
1992-02-07,4.679000
1992-02-10,4.702000
1992-02-12,4.750000
1992-02-13,4.734000
1992-02-14,4.749000
1992-02-17,4.736000
1992-02-18,4.741000
1992-02-19,4.763000
1992-02-20,4.743000
1992-02-21,4.741000
1992-02-24,4.744000
1992-02-25,4.706000
1992-02-26,4.687000
1992-02-27,4.670000
1992-02-28,4.663000
1992-03-02,4.645000
1992-03-03,4.655000
1992-03-04,4.678000
1992-03-05,4.653000
1992-03-06,4.659000
1992-03-09,4.669000
1992-03-10,4.655000
1992-03-11,4.641000
1992-03-12,4.643000
1992-03-13,4.644000
1992-03-16,4.646000
1992-03-17,4.642000
1992-03-18,4.652000
1992-03-19,4.651000
1992-03-23,4.649000
1992-03-24,4.653000
1992-03-25,4.650000
1992-03-26,4.632000
1992-03-27,4.622000
1992-03-30,4.639000
1992-03-31,4.644000
1992-04-01,4.635000
1992-04-02,4.664000
1992-04-03,4.667000
1992-04-06,4.663000
1992-04-07,4.683000
1992-04-08,4.668000
1992-04-09,4.649000
1992-04-10,4.534000
1992-04-13,4.541000
1992-04-14,4.544000
1992-04-15,4.512000
1992-04-16,4.515000
1992-04-17,4.517000
1992-04-20,4.526000
1992-04-21,4.497000
1992-04-22,4.501000
1992-04-23,4.507000
1992-04-24,4.509000
1992-04-27,4.520000
1992-04-28,4.509000
1992-04-30,4.520000
1992-05-01,4.520000
1992-05-06,4.502000
1992-05-07,4.508000
1992-05-08,4.509000
1992-05-11,4.507000
1992-05-12,4.506000
1992-05-13,4.511000
1992-05-14,4.526000
1992-05-15,4.547000
1992-05-18,4.557000
1992-05-19,4.577000
1992-05-20,4.633000
1992-05-21,4.615000
1992-05-22,4.651000
1992-05-25,4.662000
1992-05-26,4.693000
1992-05-27,4.712000
1992-05-28,4.738000
1992-05-29,4.738000
1992-06-01,4.727000
1992-06-02,4.732000
1992-06-03,4.701000
1992-06-04,4.705000
1992-06-05,4.675000
1992-06-08,4.654000
1992-06-09,4.649000
1992-06-10,4.628000
1992-06-11,4.595000
1992-06-12,4.599000
1992-06-15,4.579000
1992-06-16,4.545000
1992-06-17,4.528000
1992-06-18,4.533000
1992-06-19,4.535000
1992-06-22,4.529000
1992-06-23,4.521000
1992-06-24,4.503000
1992-06-25,4.467000
1992-06-26,4.438000
1992-06-29,4.448000
1992-06-30,4.453000
1992-07-01,4.412000
1992-07-02,4.401000
1992-07-03,4.355000
1992-07-06,4.335000
1992-07-07,4.320000
1992-07-08,4.274000
1992-07-09,4.249000
1992-07-10,4.223000
1992-07-13,4.228000
1992-07-14,4.198000
1992-07-15,4.203000
1992-07-16,4.208000
1992-07-17,4.177000
1992-07-20,4.176000
1992-07-21,4.130000
1992-07-22,4.034000
1992-07-23,4.039000
1992-07-24,4.039000
1992-07-27,3.982000
1992-07-28,3.915000
1992-07-29,3.868000
1992-07-30,3.873000
1992-07-31,3.871000
1992-08-03,3.881000
1992-08-04,3.865000
1992-08-05,3.870000
1992-08-06,3.861000
1992-08-07,3.845000
1992-08-10,3.808000
1992-08-11,3.741000
1992-08-12,3.683000
1992-08-13,3.635000
1992-08-14,3.561000
1992-08-17,3.507000
1992-08-18,3.468000
1992-08-19,3.430000
1992-08-20,3.435000
1992-08-21,3.508000
1992-08-24,3.521000
1992-08-25,3.526000
1992-08-26,3.532000
1992-08-27,3.524000
1992-08-28,3.610000
1992-08-31,3.776000
1992-09-01,3.795000
1992-09-02,3.848000
1992-09-03,3.830000
1992-09-04,3.743000
1992-09-07,3.633000
1992-09-08,3.637000
1992-09-09,3.646000
1992-09-10,3.674000
1992-09-11,3.728000
1992-09-14,3.729000
1992-09-16,3.750000
1992-09-17,3.762000
1992-09-18,3.737000
1992-09-21,3.728000
1992-09-22,3.712000
1992-09-24,3.682000
1992-09-25,3.633000
1992-09-28,3.626000
1992-09-29,3.631000
1992-09-30,3.637000
1992-10-01,3.577000
1992-10-02,3.518000
1992-10-05,3.524000
1992-10-06,3.484000
1992-10-07,3.510000
1992-10-08,3.545000
1992-10-09,3.529000
1992-10-12,3.536000
1992-10-13,3.521000
1992-10-14,3.513000
1992-10-15,3.552000
1992-10-16,3.548000
1992-10-19,3.561000
1992-10-20,3.594000
1992-10-21,3.597000
1992-10-22,3.589000
1992-10-23,3.574000
1992-10-26,3.565000
1992-10-27,3.560000
1992-10-28,3.554000
1992-10-29,3.547000
1992-10-30,3.508000
1992-11-02,3.499000
1992-11-04,3.480000
1992-11-05,3.468000
1992-11-06,3.469000
1992-11-09,3.465000
1992-11-10,3.450000
1992-11-11,3.454000
1992-11-12,3.455000
1992-11-13,3.440000
1992-11-16,3.465000
1992-11-17,3.480000
1992-11-18,3.505000
1992-11-19,3.500000
1992-11-20,3.525000
1992-11-24,3.540000
1992-11-25,3.555000
1992-11-26,3.548000
1992-11-27,3.572000
1992-11-30,3.616000
1992-12-01,3.602000
1992-12-02,3.572000
1992-12-03,3.557000
1992-12-04,3.524000
1992-12-07,3.514000
1992-12-08,3.519000
1992-12-09,3.519000
1992-12-10,3.534000
1992-12-11,3.557000
1992-12-14,3.601000
1992-12-15,3.602000
1992-12-16,3.617000
1992-12-17,3.599000
1992-12-18,3.602000
1992-12-21,3.614000
1992-12-22,3.617000
1992-12-24,3.604000
1992-12-25,3.609000
1992-12-28,3.619000
1992-12-29,3.607000
1992-12-30,3.612000
1993-01-04,3.627000
1993-01-05,3.612000
1993-01-06,3.587000
1993-01-07,3.556000
1993-01-08,3.542000
1993-01-11,3.557000
1993-01-12,3.527000
1993-01-13,3.522000
1993-01-14,3.480000
1993-01-18,3.465000
1993-01-19,3.450000
1993-01-20,3.455000
1993-01-21,3.431000
1993-01-22,3.431000
1993-01-25,3.425000
1993-01-26,3.388000
1993-01-27,3.390000
1993-01-28,3.388000
1993-01-29,3.372000
1993-02-01,3.376000
1993-02-02,3.324000
1993-02-03,3.308000
1993-02-04,3.252000
1993-02-05,3.183000
1993-02-08,3.167000
1993-02-09,3.162000
1993-02-10,3.146000
1993-02-12,3.155000
1993-02-15,3.180000
1993-02-16,3.208000
1993-02-17,3.202000
1993-02-18,3.170000
1993-02-19,3.125000
1993-02-22,3.109000
1993-02-23,3.114000
1993-02-24,3.069000
1993-02-25,3.077000
1993-02-26,3.077000
1993-03-01,3.065000
1993-03-02,3.041000
1993-03-03,3.042000
1993-03-04,3.048000
1993-03-05,3.011000
1993-03-08,3.034000
1993-03-09,3.090000
1993-03-10,3.093000
1993-03-11,3.082000
1993-03-12,3.087000
1993-03-15,3.129000
1993-03-16,3.134000
1993-03-17,3.120000
1993-03-18,3.145000
1993-03-19,3.151000
1993-03-22,3.163000
1993-03-23,3.200000
1993-03-24,3.240000
1993-03-25,3.397000
1993-03-26,3.425000
1993-03-29,3.496000
1993-03-30,3.450000
1993-03-31,3.446000
1993-04-01,3.400000
1993-04-02,3.405000
1993-04-05,3.434000
1993-04-06,3.417000
1993-04-07,3.423000
1993-04-08,3.428000
1993-04-09,3.399000
1993-04-12,3.368000
1993-04-13,3.373000
1993-04-14,3.346000
1993-04-15,3.319000
1993-04-16,3.331000
1993-04-19,3.341000
1993-04-20,3.290000
1993-04-21,3.294000
1993-04-22,3.265000
1993-04-23,3.252000
1993-04-26,3.240000
1993-04-27,3.272000
1993-04-28,3.328000
1993-04-30,3.314000
1993-05-06,3.313000
1993-05-07,3.315000
1993-05-10,3.335000
1993-05-11,3.321000
1993-05-12,3.326000
1993-05-13,3.311000
1993-05-14,3.315000
1993-05-17,3.302000
1993-05-18,3.344000
1993-05-19,3.367000
1993-05-20,3.391000
1993-05-21,3.363000
1993-05-24,3.408000
1993-05-25,3.432000
1993-05-26,3.432000
1993-05-27,3.418000
1993-05-28,3.442000
1993-05-31,3.457000
1993-06-01,3.441000
1993-06-02,3.426000
1993-06-03,3.401000
1993-06-04,3.362000
1993-06-07,3.342000
1993-06-08,3.337000
1993-06-10,3.312000
1993-06-11,3.307000
1993-06-14,3.291000
1993-06-15,3.276000
1993-06-16,3.254000
1993-06-17,3.228000
1993-06-18,3.213000
1993-06-21,3.213000
1993-06-22,3.238000
1993-06-23,3.231000
1993-06-24,3.163000
1993-06-25,3.142000
1993-06-28,3.114000
1993-06-29,3.099000
1993-06-30,3.094000
1993-07-01,3.062000
1993-07-02,3.067000
1993-07-05,3.082000
1993-07-06,3.062000
1993-07-07,3.077000
1993-07-08,3.082000
1993-07-09,3.077000
1993-07-12,3.062000
1993-07-13,3.067000
1993-07-14,3.072000
1993-07-15,3.077000
1993-07-16,3.066000
1993-07-19,3.076000
1993-07-20,3.080000
1993-07-21,3.085000
1993-07-22,3.065000
1993-07-23,3.040000
1993-07-26,3.050000
1993-07-27,3.024000
1993-07-28,3.014000
1993-07-29,2.998000
1993-07-30,2.977000
1993-08-02,2.931000
1993-08-03,2.924000
1993-08-04,2.929000
1993-08-05,2.939000
1993-08-06,2.936000
1993-08-09,2.951000
1993-08-10,2.951000
1993-08-11,2.935000
1993-08-12,2.929000
1993-08-13,2.940000
1993-08-16,2.955000
1993-08-17,2.915000
1993-08-18,2.919000
1993-08-19,2.951000
1993-08-20,3.056000
1993-08-23,2.991000
1993-08-24,2.959000
1993-08-25,2.932000
1993-08-26,2.886000
1993-08-27,2.892000
1993-08-30,2.902000
1993-08-31,2.836000
1993-09-01,2.830000
1993-09-02,2.838000
1993-09-03,2.825000
1993-09-06,2.794000
1993-09-07,2.794000
1993-09-08,2.777000
1993-09-09,2.728000
1993-09-10,2.725000
1993-09-13,2.747000
1993-09-14,2.760000
1993-09-16,2.758000
1993-09-17,2.761000
1993-09-20,2.754000
1993-09-21,2.635000
1993-09-22,2.639000
1993-09-24,2.640000
1993-09-27,2.625000
1993-09-28,2.632000
1993-09-29,2.637000
1993-09-30,2.608000
1993-10-01,2.595000
1993-10-04,2.580000
1993-10-05,2.514000
1993-10-06,2.529000
1993-10-07,2.508000
1993-10-08,2.476000
1993-10-12,2.452000
1993-10-13,2.446000
1993-10-14,2.450000
1993-10-15,2.445000
1993-10-18,2.472000
1993-10-19,2.453000
1993-10-20,2.407000
1993-10-21,2.346000
1993-10-22,2.289000
1993-10-25,2.252000
1993-10-26,2.209000
1993-10-27,2.188000
1993-10-28,2.192000
1993-10-29,2.137000
1993-11-01,2.139000
1993-11-02,2.129000
1993-11-04,2.098000
1993-11-05,2.095000
1993-11-08,2.110000
1993-11-09,2.082000
1993-11-10,2.049000
1993-11-11,2.072000
1993-11-12,2.090000
1993-11-15,2.079000
1993-11-16,2.112000
1993-11-17,2.131000
1993-11-18,2.098000
1993-11-19,2.073000
1993-11-22,2.073000
1993-11-24,2.050000
1993-11-25,1.951000
1993-11-26,1.873000
1993-11-29,1.850000
1993-11-30,1.754000
1993-12-01,1.729000
1993-12-02,1.734000
1993-12-03,1.719000
1993-12-06,1.729000
1993-12-07,1.743000
1993-12-08,1.748000
1993-12-09,1.711000
1993-12-10,1.729000
1993-12-13,1.744000
1993-12-14,1.734000
1993-12-15,1.788000
1993-12-16,1.808000
1993-12-17,1.816000
1993-12-20,1.782000
1993-12-21,1.727000
1993-12-22,1.693000
1993-12-24,1.661000
1993-12-27,1.667000
1993-12-28,1.675000
1993-12-29,1.636000
1993-12-30,1.640000
1994-01-04,1.679000
1994-01-05,1.684000
1994-01-06,1.689000
1994-01-07,1.665000
1994-01-10,1.708000
1994-01-11,1.740000
1994-01-12,1.818000
1994-01-13,1.833000
1994-01-14,1.941000
1994-01-17,1.935000
1994-01-18,1.985000
1994-01-19,1.992000
1994-01-20,1.997000
1994-01-21,1.980000
1994-01-24,1.891000
1994-01-25,2.027000
1994-01-26,2.097000
1994-01-27,2.101000
1994-01-28,2.126000
1994-01-31,2.272000
1994-02-01,2.256000
1994-02-02,2.212000
1994-02-03,2.169000
1994-02-04,2.154000
1994-02-07,2.179000
1994-02-08,2.197000
1994-02-09,2.175000
1994-02-10,2.165000
1994-02-14,2.122000
1994-02-15,2.032000
1994-02-16,2.067000
1994-02-17,2.176000
1994-02-18,2.211000
1994-02-21,2.278000
1994-02-22,2.293000
1994-02-23,2.284000
1994-02-24,2.357000
1994-02-25,2.445000
1994-02-28,2.520000
1994-03-01,2.621000
1994-03-02,2.783000
1994-03-03,2.677000
1994-03-04,2.623000
1994-03-07,2.662000
1994-03-08,2.613000
1994-03-09,2.608000
1994-03-10,2.563000
1994-03-11,2.516000
1994-03-14,2.524000
1994-03-15,2.568000
1994-03-16,2.582000
1994-03-17,2.616000
1994-03-18,2.606000
1994-03-22,2.771000
1994-03-23,2.706000
1994-03-24,2.710000
1994-03-25,2.714000
1994-03-28,2.681000
1994-03-29,2.613000
1994-03-30,2.597000
1994-03-31,2.526000
1994-04-01,2.515000
1994-04-04,2.526000
1994-04-05,2.541000
1994-04-06,2.593000
1994-04-07,2.714000
1994-04-08,2.749000
1994-04-11,2.820000
1994-04-12,2.796000
1994-04-13,2.757000
1994-04-14,2.737000
1994-04-15,2.680000
1994-04-18,2.675000
1994-04-19,2.748000
1994-04-20,2.750000
1994-04-21,2.744000
1994-04-22,2.664000
1994-04-25,2.665000
1994-04-26,2.658000
1994-04-27,2.610000
1994-04-28,2.574000
1994-05-02,2.520000
1994-05-06,2.552000
1994-05-09,2.535000
1994-05-10,2.486000
1994-05-11,2.448000
1994-05-12,2.428000
1994-05-13,2.394000
1994-05-16,2.397000
1994-05-17,2.421000
1994-05-18,2.403000
1994-05-19,2.392000
1994-05-20,2.379000
1994-05-23,2.391000
1994-05-24,2.372000
1994-05-25,2.369000
1994-05-26,2.311000
1994-05-27,2.299000
1994-05-30,2.334000
1994-05-31,2.391000
1994-06-01,2.485000
1994-06-02,2.530000
1994-06-03,2.515000
1994-06-06,2.550000
1994-06-07,2.653000
1994-06-08,2.599000
1994-06-09,2.599000
1994-06-10,2.556000
1994-06-13,2.640000
1994-06-14,2.654000
1994-06-15,2.649000
1994-06-16,2.637000
1994-06-17,2.741000
1994-06-20,2.885000
1994-06-21,2.837000
1994-06-22,2.740000
1994-06-23,2.693000
1994-06-24,2.646000
1994-06-27,2.594000
1994-06-28,2.679000
1994-06-29,2.601000
1994-06-30,2.586000
1994-07-01,2.440000
1994-07-04,2.505000
1994-07-05,2.600000
1994-07-06,2.549000
1994-07-07,2.554000
1994-07-08,2.474000
1994-07-11,2.543000
1994-07-12,2.497000
1994-07-13,2.528000
1994-07-14,2.553000
1994-07-15,2.508000
1994-07-18,2.518000
1994-07-19,2.518000
1994-07-20,2.583000
1994-07-21,2.612000
1994-07-22,2.643000
1994-07-25,2.652000
1994-07-26,2.687000
1994-07-27,2.655000
1994-07-28,2.649000
1994-07-29,2.659000
1994-08-01,2.658000
1994-08-02,2.692000
1994-08-03,2.765000
1994-08-04,2.816000
1994-08-05,2.864000
1994-08-08,2.883000
1994-08-09,2.978000
1994-08-10,2.988000
1994-08-11,2.965000
1994-08-12,2.969000
1994-08-15,2.942000
1994-08-16,2.947000
1994-08-17,2.985000
1994-08-18,2.928000
1994-08-19,2.885000
1994-08-22,2.928000
1994-08-23,2.922000
1994-08-24,2.934000
1994-08-25,2.971000
1994-08-26,2.985000
1994-08-29,3.043000
1994-08-30,3.105000
1994-08-31,3.102000
1994-09-01,3.052000
1994-09-02,3.033000
1994-09-05,3.024000
1994-09-06,3.024000
1994-09-07,3.003000
1994-09-08,2.987000
1994-09-09,2.957000
1994-09-12,2.972000
1994-09-13,2.978000
1994-09-14,2.985000
1994-09-16,2.989000
1994-09-19,3.009000
1994-09-20,2.983000
1994-09-21,2.956000
1994-09-22,2.937000
1994-09-26,2.922000
1994-09-27,2.910000
1994-09-28,2.893000
1994-09-29,2.897000
1994-09-30,2.908000
1994-10-03,2.959000
1994-10-04,2.982000
1994-10-05,3.023000
1994-10-06,3.054000
1994-10-07,3.131000
1994-10-11,3.165000
1994-10-12,3.189000
1994-10-13,3.243000
1994-10-14,3.202000
1994-10-17,3.183000
1994-10-18,3.213000
1994-10-19,3.227000
1994-10-20,3.243000
1994-10-21,3.205000
1994-10-24,3.271000
1994-10-25,3.252000
1994-10-26,3.244000
1994-10-27,3.243000
1994-10-28,3.238000
1994-10-31,3.218000
1994-11-01,3.208000
1994-11-02,3.203000
1994-11-04,3.239000
1994-11-07,3.242000
1994-11-08,3.242000
1994-11-09,3.247000
1994-11-10,3.233000
1994-11-11,3.173000
1994-11-14,3.183000
1994-11-15,3.171000
1994-11-16,3.186000
1994-11-17,3.187000
1994-11-18,3.174000
1994-11-21,3.170000
1994-11-22,3.130000
1994-11-24,3.036000
1994-11-25,3.034000
1994-11-28,3.069000
1994-11-29,3.074000
1994-11-30,3.084000
1994-12-01,3.038000
1994-12-02,3.028000
1994-12-05,3.068000
1994-12-06,3.043000
1994-12-07,2.993000
1994-12-08,3.018000
1994-12-09,2.972000
1994-12-12,2.967000
1994-12-13,2.940000
1994-12-14,2.935000
1994-12-15,2.975000
1994-12-16,2.980000
1994-12-19,2.997000
1994-12-20,2.984000
1994-12-21,2.966000
1994-12-22,2.962000
1994-12-26,2.972000
1994-12-27,2.958000
1994-12-28,2.933000
1994-12-29,2.917000
1994-12-30,2.922000
1995-01-04,2.993000
1995-01-05,3.013000
1995-01-06,3.013000
1995-01-09,3.023000
1995-01-10,2.976000
1995-01-11,2.920000
1995-01-12,2.869000
1995-01-13,2.905000
1995-01-17,2.979000
1995-01-18,2.902000
1995-01-19,2.897000
1995-01-20,2.881000
1995-01-23,2.821000
1995-01-24,2.785000
1995-01-25,2.800000
1995-01-26,2.800000
1995-01-27,2.790000
1995-01-30,2.804000
1995-01-31,2.818000
1995-02-01,2.846000
1995-02-02,2.898000
1995-02-03,2.875000
1995-02-06,2.865000
1995-02-07,2.848000
1995-02-08,2.837000
1995-02-09,2.825000
1995-02-10,2.806000
1995-02-13,2.821000
1995-02-14,2.805000
1995-02-15,2.798000
1995-02-16,2.797000
1995-02-17,2.794000
1995-02-20,2.792000
1995-02-21,2.793000
1995-02-22,2.792000
1995-02-23,2.712000
1995-02-24,2.712000
1995-02-27,2.661000
1995-02-28,2.657000
1995-03-01,2.659000
1995-03-02,2.661000
1995-03-03,2.637000
1995-03-06,2.599000
1995-03-07,2.487000
1995-03-08,2.438000
1995-03-09,2.484000
1995-03-10,2.471000
1995-03-13,2.367000
1995-03-14,2.372000
1995-03-15,2.363000
1995-03-16,2.310000
1995-03-17,2.271000
1995-03-20,2.294000
1995-03-22,2.259000
1995-03-23,2.188000
1995-03-24,2.190000
1995-03-27,2.206000
1995-03-28,2.085000
1995-03-29,2.063000
1995-03-30,2.065000
1995-03-31,1.969000
1995-04-03,1.821000
1995-04-04,1.785000
1995-04-05,1.839000
1995-04-06,1.835000
1995-04-07,1.808000
1995-04-10,1.890000
1995-04-11,1.895000
1995-04-12,1.916000
1995-04-13,1.788000
1995-04-14,1.674000
1995-04-17,1.645000
1995-04-18,1.550000
1995-04-19,1.602000
1995-04-20,1.609000
1995-04-21,1.698000
1995-04-24,1.705000
1995-04-25,1.733000
1995-04-26,1.681000
1995-04-27,1.727000
1995-04-28,1.755000
1995-05-01,1.811000
1995-05-02,1.746000
1995-05-08,1.712000
1995-05-09,1.665000
1995-05-10,1.648000
1995-05-11,1.599000
1995-05-12,1.664000
1995-05-15,1.678000
1995-05-16,1.654000
1995-05-17,1.592000
1995-05-18,1.578000
1995-05-19,1.527000
1995-05-22,1.459000
1995-05-23,1.422000
1995-05-24,1.393000
1995-05-25,1.312000
1995-05-26,1.207000
1995-05-29,1.193000
1995-05-30,1.121000
1995-05-31,1.026000
1995-06-01,0.997000
1995-06-02,1.151000
1995-06-05,1.098000
1995-06-06,1.026000
1995-06-07,1.069000
1995-06-08,1.151000
1995-06-09,1.132000
1995-06-12,1.145000
1995-06-13,1.115000
1995-06-14,1.164000
1995-06-15,1.208000
1995-06-16,1.190000
1995-06-19,1.193000
1995-06-20,1.226000
1995-06-21,1.157000
1995-06-22,1.078000
1995-06-23,1.063000
1995-06-26,1.053000
1995-06-27,1.057000
1995-06-28,1.097000
1995-06-29,1.076000
1995-06-30,1.126000
1995-07-03,1.096000
1995-07-04,1.097000
1995-07-05,1.067000
1995-07-06,1.087000
1995-07-07,0.902000
1995-07-10,0.970000
1995-07-11,0.966000
1995-07-12,0.992000
1995-07-13,0.997000
1995-07-14,1.075000
1995-07-17,1.065000
1995-07-18,1.079000
1995-07-19,1.051000
1995-07-20,0.995000
1995-07-21,1.001000
1995-07-24,1.022000
1995-07-25,1.004000
1995-07-26,0.983000
1995-07-27,0.934000
1995-07-28,0.898000
1995-07-31,0.932000
1995-08-01,0.903000
1995-08-02,0.987000
1995-08-03,1.002000
1995-08-04,1.012000
1995-08-07,0.996000
1995-08-08,1.042000
1995-08-09,1.050000
1995-08-10,1.079000
1995-08-11,1.119000
1995-08-14,1.161000
1995-08-15,1.218000
1995-08-16,1.583000
1995-08-17,1.525000
1995-08-18,1.477000
1995-08-21,1.381000
1995-08-22,1.336000
1995-08-23,1.259000
1995-08-24,1.221000
1995-08-25,1.179000
1995-08-28,1.124000
1995-08-29,1.177000
1995-08-30,1.153000
1995-08-31,1.028000
1995-09-01,0.971000
1995-09-04,0.890000
1995-09-05,0.957000
1995-09-06,0.976000
1995-09-07,0.948000
1995-09-08,0.858000
1995-09-11,0.843000
1995-09-12,0.848000
1995-09-13,0.819000
1995-09-14,0.785000
1995-09-18,0.809000
1995-09-19,0.819000
1995-09-20,0.761000
1995-09-21,0.746000
1995-09-22,0.741000
1995-09-25,0.736000
1995-09-26,0.651000
1995-09-27,0.656000
1995-09-28,0.625000
1995-09-29,0.574000
1995-10-02,0.558000
1995-10-03,0.532000
1995-10-04,0.507000
1995-10-05,0.522000
1995-10-06,0.553000
1995-10-09,0.553000
1995-10-11,0.560000
1995-10-12,0.547000
1995-10-13,0.509000
1995-10-16,0.477000
1995-10-17,0.381000
1995-10-18,0.397000
1995-10-19,0.371000
1995-10-20,0.318000
1995-10-23,0.354000
1995-10-24,0.421000
1995-10-25,0.532000
1995-10-26,0.394000
1995-10-27,0.434000
1995-10-30,0.495000
1995-10-31,0.510000
1995-11-01,0.539000
1995-11-02,0.577000
1995-11-06,0.583000
1995-11-07,0.580000
1995-11-08,0.543000
1995-11-09,0.476000
1995-11-10,0.414000
1995-11-13,0.434000
1995-11-14,0.438000
1995-11-15,0.406000
1995-11-16,0.410000
1995-11-17,0.374000
1995-11-20,0.367000
1995-11-21,0.364000
1995-11-22,0.350000
1995-11-24,0.332000
1995-11-27,0.321000
1995-11-28,0.349000
1995-11-29,0.354000
1995-11-30,0.377000
1995-12-01,0.392000
1995-12-04,0.440000
1995-12-05,0.487000
1995-12-06,0.516000
1995-12-07,0.469000
1995-12-08,0.440000
1995-12-11,0.415000
1995-12-12,0.410000
1995-12-13,0.458000
1995-12-14,0.417000
1995-12-15,0.427000
1995-12-18,0.452000
1995-12-19,0.445000
1995-12-20,0.455000
1995-12-21,0.498000
1995-12-22,0.537000
1995-12-25,0.629000
1995-12-26,0.655000
1995-12-27,0.723000
1995-12-28,0.735000
1995-12-29,0.739000
1996-01-04,0.953000
1996-01-05,0.914000
1996-01-08,0.933000
1996-01-09,0.898000
1996-01-10,0.805000
1996-01-11,0.790000
1996-01-12,0.825000
1996-01-16,0.869000
1996-01-17,0.811000
1996-01-18,0.816000
1996-01-19,0.880000
1996-01-22,0.882000
1996-01-23,0.890000
1996-01-24,0.902000
1996-01-25,0.901000
1996-01-26,0.873000
1996-01-29,0.878000
1996-01-30,0.914000
1996-01-31,0.942000
1996-02-01,0.957000
1996-02-02,0.963000
1996-02-05,0.963000
1996-02-06,0.967000
1996-02-07,0.963000
1996-02-08,0.948000
1996-02-09,0.949000
1996-02-13,0.991000
1996-02-14,1.015000
1996-02-15,1.131000
1996-02-16,1.146000
1996-02-19,1.155000
1996-02-20,1.182000
1996-02-21,1.238000
1996-02-22,1.249000
1996-02-23,1.249000
1996-02-26,1.324000
1996-02-27,1.348000
1996-02-28,1.372000
1996-02-29,1.313000
1996-03-01,1.153000
1996-03-04,1.051000
1996-03-05,1.056000
1996-03-06,1.017000
1996-03-07,0.993000
1996-03-08,0.982000
1996-03-11,0.976000
1996-03-12,0.981000
1996-03-13,0.943000
1996-03-14,0.903000
1996-03-15,0.913000
1996-03-18,0.957000
1996-03-19,0.990000
1996-03-21,1.053000
1996-03-22,1.081000
1996-03-25,1.126000
1996-03-26,1.208000
1996-03-27,1.091000
1996-03-28,1.080000
1996-03-29,1.021000
1996-04-01,0.976000
1996-04-02,0.970000
1996-04-03,1.130000
1996-04-04,1.096000
1996-04-05,1.111000
1996-04-08,1.219000
1996-04-09,1.234000
1996-04-10,1.185000
1996-04-11,1.181000
1996-04-12,1.197000
1996-04-15,1.182000
1996-04-16,1.222000
1996-04-17,1.263000
1996-04-18,1.260000
1996-04-19,1.233000
1996-04-22,1.225000
1996-04-23,1.210000
1996-04-24,1.224000
1996-04-25,1.267000
1996-04-26,1.347000
1996-04-30,1.361000
1996-05-01,1.374000
1996-05-02,1.415000
1996-05-07,1.425000
1996-05-08,1.451000
1996-05-09,1.414000
1996-05-10,1.348000
1996-05-13,1.344000
1996-05-14,1.407000
1996-05-15,1.351000
1996-05-16,1.226000
1996-05-17,1.237000
1996-05-20,1.284000
1996-05-21,1.246000
1996-05-22,1.189000
1996-05-23,1.151000
1996-05-24,1.156000
1996-05-27,1.197000
1996-05-28,1.158000
1996-05-29,1.164000
1996-05-30,1.173000
1996-05-31,1.106000
1996-06-03,1.111000
1996-06-04,1.116000
1996-06-05,1.077000
1996-06-06,1.082000
1996-06-07,1.213000
1996-06-10,1.266000
1996-06-11,1.259000
1996-06-12,1.196000
1996-06-13,1.201000
1996-06-14,1.206000
1996-06-17,1.190000
1996-06-18,1.200000
1996-06-19,1.264000
1996-06-20,1.300000
1996-06-21,1.285000
1996-06-24,1.270000
1996-06-25,1.275000
1996-06-26,1.262000
1996-06-27,1.287000
1996-06-28,1.147000
1996-07-01,1.165000
1996-07-02,1.201000
1996-07-03,1.237000
1996-07-04,1.243000
1996-07-05,1.276000
1996-07-08,1.361000
1996-07-09,1.371000
1996-07-10,1.354000
1996-07-11,1.337000
1996-07-12,1.332000
1996-07-15,1.415000
1996-07-16,1.469000
1996-07-17,1.461000
1996-07-18,1.486000
1996-07-19,1.437000
1996-07-22,1.407000
1996-07-23,1.420000
1996-07-24,1.335000
1996-07-25,1.317000
1996-07-26,1.270000
1996-07-29,1.279000
1996-07-30,1.309000
1996-07-31,1.297000
1996-08-01,1.320000
1996-08-02,1.306000
1996-08-05,1.298000
1996-08-06,1.275000
1996-08-07,1.181000
1996-08-08,1.154000
1996-08-09,1.149000
1996-08-12,1.109000
1996-08-13,1.104000
1996-08-14,1.104000
1996-08-15,1.099000
1996-08-16,1.066000
1996-08-19,1.025000
1996-08-20,1.030000
1996-08-21,1.006000
1996-08-22,1.006000
1996-08-23,0.987000
1996-08-26,1.011000
1996-08-27,1.024000
1996-08-28,0.863000
1996-08-29,0.806000
1996-08-30,0.779000
1996-09-02,0.808000
1996-09-03,0.875000
1996-09-04,0.889000
1996-09-05,0.937000
1996-09-06,0.951000
1996-09-09,0.879000
1996-09-10,0.894000
1996-09-11,0.874000
1996-09-12,0.878000
1996-09-13,0.883000
1996-09-17,0.829000
1996-09-18,0.849000
1996-09-19,0.844000
1996-09-20,0.849000
1996-09-24,0.859000
1996-09-25,0.830000
1996-09-26,0.853000
1996-09-27,0.907000
1996-09-30,0.854000
1996-10-01,0.850000
1996-10-02,0.847000
1996-10-03,0.783000
1996-10-04,0.737000
1996-10-07,0.727000
1996-10-08,0.718000
1996-10-09,0.709000
1996-10-11,0.714000
1996-10-14,0.749000
1996-10-15,0.735000
1996-10-16,0.758000
1996-10-17,0.749000
1996-10-18,0.752000
1996-10-21,0.707000
1996-10-22,0.697000
1996-10-23,0.698000
1996-10-24,0.678000
1996-10-25,0.683000
1996-10-28,0.685000
1996-10-29,0.697000
1996-10-30,0.640000
1996-10-31,0.621000
1996-11-01,0.621000
1996-11-05,0.591000
1996-11-06,0.649000
1996-11-07,0.709000
1996-11-08,0.755000
1996-11-11,0.772000
1996-11-12,0.759000
1996-11-13,0.677000
1996-11-14,0.668000
1996-11-15,0.670000
1996-11-18,0.667000
1996-11-19,0.667000
1996-11-20,0.702000
1996-11-21,0.702000
1996-11-22,0.690000
1996-11-25,0.713000
1996-11-26,0.691000
1996-11-27,0.646000
1996-11-28,0.604000
1996-11-29,0.609000
1996-12-02,0.590000
1996-12-03,0.608000
1996-12-04,0.613000
1996-12-05,0.604000
1996-12-06,0.645000
1996-12-09,0.636000
1996-12-10,0.640000
1996-12-11,0.655000
1996-12-12,0.645000
1996-12-13,0.621000
1996-12-16,0.601000
1996-12-17,0.572000
1996-12-18,0.581000
1996-12-19,0.532000
1996-12-20,0.508000
1996-12-24,0.546000
1996-12-25,0.571000
1996-12-26,0.613000
1996-12-27,0.635000
1996-12-30,0.669000
1997-01-06,0.734000
1997-01-07,0.707000
1997-01-08,0.646000
1997-01-09,0.632000
1997-01-10,0.607000
1997-01-13,0.592000
1997-01-14,0.610000
1997-01-16,0.603000
1997-01-17,0.618000
1997-01-20,0.606000
1997-01-21,0.601000
1997-01-22,0.599000
1997-01-23,0.608000
1997-01-24,0.572000
1997-01-27,0.552000
1997-01-28,0.571000
1997-01-29,0.592000
1997-01-30,0.561000
1997-01-31,0.556000
1997-02-03,0.563000
1997-02-04,0.568000
1997-02-05,0.548000
1997-02-06,0.549000
1997-02-07,0.530000
1997-02-10,0.552000
1997-02-12,0.557000
1997-02-13,0.540000
1997-02-14,0.540000
1997-02-17,0.550000
1997-02-18,0.546000
1997-02-19,0.527000
1997-02-20,0.560000
1997-02-21,0.546000
1997-02-24,0.556000
1997-02-25,0.562000
1997-02-26,0.552000
1997-02-27,0.548000
1997-02-28,0.563000
1997-03-03,0.572000
1997-03-04,0.583000
1997-03-05,0.593000
1997-03-06,0.537000
1997-03-07,0.546000
1997-03-10,0.561000
1997-03-11,0.570000
1997-03-12,0.555000
1997-03-13,0.517000
1997-03-14,0.502000
1997-03-17,0.521000
1997-03-18,0.574000
1997-03-19,0.598000
1997-03-21,0.686000
1997-03-24,0.773000
1997-03-25,0.748000
1997-03-26,0.693000
1997-03-27,0.739000
1997-03-28,0.707000
1997-03-31,0.696000
1997-04-01,0.691000
1997-04-02,0.652000
1997-04-03,0.671000
1997-04-04,0.656000
1997-04-07,0.649000
1997-04-08,0.671000
1997-04-09,0.675000
1997-04-10,0.675000
1997-04-11,0.709000
1997-04-14,0.725000
1997-04-15,0.704000
1997-04-16,0.673000
1997-04-17,0.704000
1997-04-18,0.709000
1997-04-21,0.734000
1997-04-22,0.743000
1997-04-23,0.760000
1997-04-24,0.781000
1997-04-25,0.879000
1997-04-28,0.915000
1997-04-30,0.939000
1997-05-01,0.896000
1997-05-02,0.872000
1997-05-06,0.966000
1997-05-07,0.959000
1997-05-08,0.987000
1997-05-09,1.048000
1997-05-12,1.061000
1997-05-13,1.024000
1997-05-14,1.042000
1997-05-15,1.042000
1997-05-16,1.031000
1997-05-19,1.006000
1997-05-20,1.006000
1997-05-21,1.089000
1997-05-22,1.068000
1997-05-23,1.087000
1997-05-26,1.131000
1997-05-27,1.207000
1997-05-28,1.281000
1997-05-29,1.230000
1997-05-30,1.141000
1997-06-02,1.166000
1997-06-03,1.195000
1997-06-04,1.160000
1997-06-05,1.170000
1997-06-06,1.152000
1997-06-09,1.106000
1997-06-10,1.097000
1997-06-11,0.983000
1997-06-12,1.016000
1997-06-13,0.982000
1997-06-16,0.963000
1997-06-17,0.929000
1997-06-18,0.949000
1997-06-19,0.940000
1997-06-20,0.945000
1997-06-23,0.950000
1997-06-24,0.911000
1997-06-25,1.046000
1997-06-26,1.031000
1997-06-27,0.949000
1997-06-30,0.939000
1997-07-01,0.919000
1997-07-02,0.900000
1997-07-03,0.879000
1997-07-04,0.854000
1997-07-07,0.874000
1997-07-08,0.879000
1997-07-09,0.865000
1997-07-10,0.866000
1997-07-11,0.868000
1997-07-14,0.873000
1997-07-15,0.878000
1997-07-16,0.858000
1997-07-17,0.847000
1997-07-18,0.850000
1997-07-22,0.860000
1997-07-23,0.829000
1997-07-24,0.814000
1997-07-25,0.783000
1997-07-28,0.790000
1997-07-29,0.793000
1997-07-30,0.750000
1997-07-31,0.728000
1997-08-01,0.713000
1997-08-04,0.734000
1997-08-05,0.739000
1997-08-06,0.763000
1997-08-07,0.734000
1997-08-08,0.722000
1997-08-11,0.726000
1997-08-12,0.734000
1997-08-13,0.717000
1997-08-14,0.681000
1997-08-15,0.693000
1997-08-18,0.688000
1997-08-19,0.665000
1997-08-20,0.643000
1997-08-21,0.638000
1997-08-22,0.633000
1997-08-25,0.634000
1997-08-26,0.619000
1997-08-27,0.625000
1997-08-28,0.606000
1997-08-29,0.588000
1997-09-01,0.593000
1997-09-02,0.564000
1997-09-03,0.581000
1997-09-04,0.599000
1997-09-05,0.604000
1997-09-08,0.599000
1997-09-09,0.612000
1997-09-10,0.602000
1997-09-11,0.602000
1997-09-12,0.582000
1997-09-16,0.582000
1997-09-17,0.582000
1997-09-18,0.586000
1997-09-19,0.586000
1997-09-22,0.570000
1997-09-24,0.564000
1997-09-25,0.544000
1997-09-26,0.554000
1997-09-29,0.568000
1997-09-30,0.612000
1997-10-01,0.557000
1997-10-02,0.561000
1997-10-03,0.587000
1997-10-06,0.590000
1997-10-07,0.560000
1997-10-08,0.571000
1997-10-09,0.603000
1997-10-13,0.609000
1997-10-14,0.606000
1997-10-15,0.590000
1997-10-16,0.601000
1997-10-17,0.579000
1997-10-20,0.585000
1997-10-21,0.580000
1997-10-22,0.574000
1997-10-23,0.570000
1997-10-24,0.573000
1997-10-27,0.562000
1997-10-28,0.541000
1997-10-29,0.562000
1997-10-30,0.540000
1997-10-31,0.545000
1997-11-04,0.544000
1997-11-05,0.542000
1997-11-06,0.546000
1997-11-07,0.543000
1997-11-10,0.569000
1997-11-11,0.584000
1997-11-12,0.593000
1997-11-13,0.496000
1997-11-14,0.496000
1997-11-17,0.451000
1997-11-18,0.468000
1997-11-19,0.475000
1997-11-20,0.478000
1997-11-21,0.478000
1997-11-25,0.404000
1997-11-26,0.434000
1997-11-27,0.493000
1997-11-28,0.503000
1997-12-01,0.504000
1997-12-02,0.536000
1997-12-03,0.553000
1997-12-04,0.548000
1997-12-05,0.552000
1997-12-08,0.542000
1997-12-09,0.584000
1997-12-10,0.581000
1997-12-11,0.571000
1997-12-12,0.579000
1997-12-15,0.579000
1997-12-16,0.598000
1997-12-17,0.674000
1997-12-18,0.643000
1997-12-19,0.642000
1997-12-22,0.641000
1997-12-24,0.642000
1997-12-25,0.641000
1997-12-26,0.644000
1997-12-29,0.644000
1997-12-30,0.652000
1998-01-05,0.617000
1998-01-06,0.619000
1998-01-07,0.636000
1998-01-08,0.639000
1998-01-09,0.633000
1998-01-12,0.575000
1998-01-13,0.582000
1998-01-14,0.582000
1998-01-16,0.597000
1998-01-19,0.607000
1998-01-20,0.625000
1998-01-21,0.687000
1998-01-22,0.668000
1998-01-23,0.745000
1998-01-26,0.788000
1998-01-27,0.802000
1998-01-28,0.836000
1998-01-29,0.837000
1998-01-30,0.796000
1998-02-02,0.826000
1998-02-03,0.839000
1998-02-04,0.831000
1998-02-05,0.842000
1998-02-06,0.845000
1998-02-09,0.827000
1998-02-10,0.818000
1998-02-12,0.802000
1998-02-13,0.763000
1998-02-16,0.752000
1998-02-17,0.745000
1998-02-18,0.748000
1998-02-19,0.734000
1998-02-20,0.721000
1998-02-23,0.674000
1998-02-24,0.675000
1998-02-25,0.712000
1998-02-26,0.644000
1998-02-27,0.643000
1998-03-02,0.641000
1998-03-03,0.643000
1998-03-04,0.631000
1998-03-05,0.606000
1998-03-06,0.621000
1998-03-09,0.591000
1998-03-10,0.593000
1998-03-11,0.586000
1998-03-12,0.564000
1998-03-13,0.592000
1998-03-16,0.587000
1998-03-17,0.606000
1998-03-18,0.609000
1998-03-19,0.607000
1998-03-20,0.614000
1998-03-23,0.588000
1998-03-24,0.591000
1998-03-25,0.599000
1998-03-26,0.635000
1998-03-27,0.666000
1998-03-30,0.649000
1998-03-31,0.628000
1998-04-01,0.631000
1998-04-02,0.640000
1998-04-03,0.677000
1998-04-06,0.664000
1998-04-07,0.648000
1998-04-08,0.647000
1998-04-09,0.640000
1998-04-10,0.607000
1998-04-13,0.603000
1998-04-14,0.594000
1998-04-15,0.592000
1998-04-16,0.599000
1998-04-17,0.603000
1998-04-20,0.600000
1998-04-21,0.599000
1998-04-22,0.591000
1998-04-23,0.569000
1998-04-24,0.559000
1998-04-27,0.546000
1998-04-28,0.533000
1998-04-30,0.527000
1998-05-01,0.522000
1998-05-06,0.509000
1998-05-07,0.463000
1998-05-08,0.422000
1998-05-11,0.441000
1998-05-12,0.428000
1998-05-13,0.433000
1998-05-14,0.452000
1998-05-15,0.449000
1998-05-18,0.433000
1998-05-19,0.438000
1998-05-20,0.438000
1998-05-21,0.453000
1998-05-22,0.424000
1998-05-25,0.409000
1998-05-26,0.417000
1998-05-27,0.435000
1998-05-28,0.428000
1998-05-29,0.438000
1998-06-01,0.440000
1998-06-02,0.446000
1998-06-03,0.484000
1998-06-04,0.477000
1998-06-05,0.484000
1998-06-08,0.467000
1998-06-09,0.473000
1998-06-10,0.469000
1998-06-11,0.494000
1998-06-12,0.449000
1998-06-15,0.440000
1998-06-16,0.463000
1998-06-17,0.524000
1998-06-18,0.563000
1998-06-19,0.541000
1998-06-22,0.515000
1998-06-23,0.517000
1998-06-24,0.499000
1998-06-25,0.520000
1998-06-26,0.565000
1998-06-29,0.590000
1998-06-30,0.588000
1998-07-01,0.603000
1998-07-02,0.566000
1998-07-03,0.563000
1998-07-06,0.541000
1998-07-07,0.539000
1998-07-08,0.570000
1998-07-09,0.572000
1998-07-10,0.575000
1998-07-13,0.603000
1998-07-14,0.614000
1998-07-15,0.592000
1998-07-16,0.620000
1998-07-17,0.620000
1998-07-21,0.633000
1998-07-22,0.620000
1998-07-23,0.606000
1998-07-24,0.621000
1998-07-27,0.600000
1998-07-28,0.602000
1998-07-29,0.572000
1998-07-30,0.530000
1998-07-31,0.541000
1998-08-03,0.540000
1998-08-04,0.539000
1998-08-05,0.538000
1998-08-06,0.528000
1998-08-07,0.508000
1998-08-10,0.498000
1998-08-11,0.516000
1998-08-12,0.516000
1998-08-13,0.532000
1998-08-14,0.518000
1998-08-17,0.509000
1998-08-18,0.503000
1998-08-19,0.514000
1998-08-20,0.511000
1998-08-21,0.503000
1998-08-24,0.483000
1998-08-25,0.484000
1998-08-26,0.496000
1998-08-27,0.497000
1998-08-28,0.461000
1998-08-31,0.432000
1998-09-01,0.442000
1998-09-02,0.445000
1998-09-03,0.445000
1998-09-04,0.442000
1998-09-07,0.420000
1998-09-08,0.421000
1998-09-09,0.418000
1998-09-10,0.240000
1998-09-11,0.235000
1998-09-14,0.249000
1998-09-16,0.286000
1998-09-17,0.286000
1998-09-18,0.297000
1998-09-21,0.340000
1998-09-22,0.348000
1998-09-24,0.358000
1998-09-25,0.359000
1998-09-28,0.389000
1998-09-29,0.385000
1998-09-30,0.379000
1998-10-01,0.360000
1998-10-02,0.360000
1998-10-05,0.381000
1998-10-06,0.387000
1998-10-07,0.395000
1998-10-08,0.391000
1998-10-09,0.373000
1998-10-12,0.408000
1998-10-13,0.379000
1998-10-14,0.412000
1998-10-15,0.413000
1998-10-16,0.409000
1998-10-19,0.366000
1998-10-20,0.366000
1998-10-21,0.354000
1998-10-22,0.346000
1998-10-23,0.346000
1998-10-26,0.346000
1998-10-27,0.356000
1998-10-28,0.339000
1998-10-29,0.329000
1998-10-30,0.320000
1998-11-02,0.323000
1998-11-04,0.329000
1998-11-05,0.281000
1998-11-06,0.265000
1998-11-09,0.260000
1998-11-10,0.235000
1998-11-11,0.253000
1998-11-12,0.238000
1998-11-13,0.236000
1998-11-16,0.240000
1998-11-17,0.242000
1998-11-18,0.242000
1998-11-19,0.251000
1998-11-20,0.272000
1998-11-24,0.281000
1998-11-25,0.297000
1998-11-26,0.329000
1998-11-27,0.333000
1998-11-30,0.334000
1998-12-01,0.413000
1998-12-02,0.423000
1998-12-03,0.396000
1998-12-04,0.394000
1998-12-07,0.416000
1998-12-08,0.423000
1998-12-09,0.461000
1998-12-10,0.476000
1998-12-11,0.463000
1998-12-14,0.503000
1998-12-15,0.487000
1998-12-16,0.513000
1998-12-17,0.509000
1998-12-18,0.505000
1998-12-21,0.577000
1998-12-22,0.681000
1998-12-24,0.743000
1998-12-25,0.718000
1998-12-28,0.699000
1998-12-29,0.767000
1998-12-30,0.802000
1999-01-04,0.790000
1999-01-05,0.758000
1999-01-06,0.716000
1999-01-07,0.633000
1999-01-08,0.708000
1999-01-11,0.687000
1999-01-12,0.683000
1999-01-13,0.664000
1999-01-14,0.620000
1999-01-18,0.643000
1999-01-19,0.669000
1999-01-20,0.644000
1999-01-21,0.650000
1999-01-22,0.640000
1999-01-25,0.657000
1999-01-26,0.642000
1999-01-27,0.668000
1999-01-28,0.660000
1999-01-29,0.682000
1999-02-01,0.696000
1999-02-02,0.743000
1999-02-03,0.720000
1999-02-04,0.655000
1999-02-05,0.661000
1999-02-08,0.613000
1999-02-09,0.586000
1999-02-10,0.588000
1999-02-12,0.600000
1999-02-15,0.542000
1999-02-16,0.489000
1999-02-17,0.429000
1999-02-18,0.383000
1999-02-19,0.363000
1999-02-22,0.357000
1999-02-23,0.378000
1999-02-24,0.377000
1999-02-25,0.400000
1999-02-26,0.400000
1999-03-01,0.401000
1999-03-02,0.392000
1999-03-03,0.340000
1999-03-04,0.280000
1999-03-05,0.273000
1999-03-08,0.301000
1999-03-09,0.332000
1999-03-10,0.328000
1999-03-11,0.349000
1999-03-12,0.331000
1999-03-15,0.353000
1999-03-16,0.350000
1999-03-17,0.317000
1999-03-18,0.308000
1999-03-19,0.299000
1999-03-23,0.306000
1999-03-24,0.321000
1999-03-25,0.311000
1999-03-26,0.296000
1999-03-29,0.317000
1999-03-30,0.333000
1999-03-31,0.348000
1999-04-01,0.345000
1999-04-02,0.345000
1999-04-05,0.346000
1999-04-06,0.347000
1999-04-07,0.325000
1999-04-08,0.312000
1999-04-09,0.313000
1999-04-12,0.304000
1999-04-13,0.315000
1999-04-14,0.320000
1999-04-15,0.279000
1999-04-16,0.292000
1999-04-19,0.279000
1999-04-20,0.265000
1999-04-21,0.255000
1999-04-22,0.250000
1999-04-23,0.250000
1999-04-26,0.245000
1999-04-27,0.212000
1999-04-28,0.217000
1999-04-30,0.204000
1999-05-06,0.185000
1999-05-07,0.179000
1999-05-10,0.181000
1999-05-11,0.181000
1999-05-12,0.165000
1999-05-13,0.140000
1999-05-14,0.118000
1999-05-17,0.117000
1999-05-18,0.116000
1999-05-19,0.116000
1999-05-20,0.115000
1999-05-21,0.125000
1999-05-24,0.124000
1999-05-25,0.119000
1999-05-26,0.129000
1999-05-27,0.130000
1999-05-28,0.121000
1999-05-31,0.120000
1999-06-01,0.148000
1999-06-02,0.176000
1999-06-03,0.159000
1999-06-04,0.161000
1999-06-07,0.154000
1999-06-08,0.139000
1999-06-09,0.139000
1999-06-10,0.147000
1999-06-11,0.274000
1999-06-14,0.265000
1999-06-15,0.233000
1999-06-16,0.229000
1999-06-17,0.263000
1999-06-18,0.259000
1999-06-21,0.266000
1999-06-22,0.261000
1999-06-23,0.293000
1999-06-24,0.315000
1999-06-25,0.335000
1999-06-28,0.367000
1999-06-29,0.381000
1999-06-30,0.476000
1999-07-01,0.415000
1999-07-02,0.368000
1999-07-05,0.331000
1999-07-06,0.367000
1999-07-07,0.361000
1999-07-08,0.379000
1999-07-09,0.396000
1999-07-12,0.394000
1999-07-13,0.368000
1999-07-14,0.378000
1999-07-15,0.372000
1999-07-16,0.386000
1999-07-19,0.404000
1999-07-21,0.378000
1999-07-22,0.344000
1999-07-23,0.320000
1999-07-26,0.347000
1999-07-27,0.329000
1999-07-28,0.348000
1999-07-29,0.406000
1999-07-30,0.407000
1999-08-02,0.434000
1999-08-03,0.455000
1999-08-04,0.449000
1999-08-05,0.441000
1999-08-06,0.420000
1999-08-09,0.442000
1999-08-10,0.467000
1999-08-11,0.465000
1999-08-12,0.447000
1999-08-13,0.449000
1999-08-16,0.468000
1999-08-17,0.455000
1999-08-18,0.432000
1999-08-19,0.404000
1999-08-20,0.365000
1999-08-23,0.381000
1999-08-24,0.391000
1999-08-25,0.402000
1999-08-26,0.391000
1999-08-27,0.390000
1999-08-30,0.396000
1999-08-31,0.375000
1999-09-01,0.366000
1999-09-02,0.358000
1999-09-03,0.336000
1999-09-06,0.326000
1999-09-07,0.351000
1999-09-08,0.364000
1999-09-09,0.380000
1999-09-10,0.375000
1999-09-13,0.363000
1999-09-14,0.326000
1999-09-16,0.310000
1999-09-17,0.300000
1999-09-20,0.255000
1999-09-21,0.260000
1999-09-22,0.290000
1999-09-24,0.270000
1999-09-27,0.260000
1999-09-28,0.269000
1999-09-29,0.262000
1999-09-30,0.293000
1999-10-01,0.286000
1999-10-04,0.268000
1999-10-05,0.276000
1999-10-06,0.288000
1999-10-07,0.294000
1999-10-08,0.303000
1999-10-12,0.311000
1999-10-13,0.290000
1999-10-14,0.270000
1999-10-15,0.261000
1999-10-18,0.253000
1999-10-19,0.259000
1999-10-20,0.274000
1999-10-21,0.284000
1999-10-22,0.275000
1999-10-25,0.276000
1999-10-26,0.275000
1999-10-27,0.273000
1999-10-28,0.293000
1999-10-29,0.286000
1999-11-01,0.284000
1999-11-02,0.277000
1999-11-04,0.280000
1999-11-05,0.272000
1999-11-08,0.260000
1999-11-09,0.265000
1999-11-10,0.277000
1999-11-11,0.272000
1999-11-12,0.263000
1999-11-15,0.265000
1999-11-16,0.269000
1999-11-17,0.284000
1999-11-18,0.298000
1999-11-19,0.294000
1999-11-22,0.300000
1999-11-24,0.331000
1999-11-25,0.347000
1999-11-26,0.393000
1999-11-29,0.425000
1999-11-30,0.411000
1999-12-01,0.392000
1999-12-02,0.393000
1999-12-03,0.377000
1999-12-06,0.371000
1999-12-07,0.379000
1999-12-08,0.362000
1999-12-09,0.343000
1999-12-10,0.356000
1999-12-13,0.336000
1999-12-14,0.347000
1999-12-15,0.338000
1999-12-16,0.345000
1999-12-17,0.341000
1999-12-20,0.354000
1999-12-21,0.360000
1999-12-22,0.375000
1999-12-24,0.395000
1999-12-27,0.396000
1999-12-28,0.370000
1999-12-29,0.365000
1999-12-30,0.360000
2000-01-04,0.402000
2000-01-05,0.380000
2000-01-06,0.388000
2000-01-07,0.406000
2000-01-11,0.421000
2000-01-12,0.454000
2000-01-13,0.437000
2000-01-14,0.414000
2000-01-17,0.422000
2000-01-18,0.417000
2000-01-19,0.414000
2000-01-20,0.419000
2000-01-21,0.410000
2000-01-24,0.392000
2000-01-25,0.376000
2000-01-26,0.375000
2000-01-27,0.371000
2000-01-28,0.371000
2000-01-31,0.403000
2000-02-01,0.426000
2000-02-02,0.453000
2000-02-03,0.447000
2000-02-04,0.421000
2000-02-07,0.430000
2000-02-08,0.439000
2000-02-09,0.430000
2000-02-10,0.433000
2000-02-14,0.428000
2000-02-15,0.414000
2000-02-16,0.411000
2000-02-17,0.417000
2000-02-18,0.398000
2000-02-21,0.385000
2000-02-22,0.391000
2000-02-23,0.391000
2000-02-24,0.407000
2000-02-25,0.412000
2000-02-28,0.404000
2000-02-29,0.409000
2000-03-01,0.405000
2000-03-02,0.413000
2000-03-03,0.425000
2000-03-06,0.429000
2000-03-07,0.439000
2000-03-08,0.424000
2000-03-09,0.434000
2000-03-10,0.440000
2000-03-13,0.441000
2000-03-14,0.441000
2000-03-15,0.446000
2000-03-16,0.462000
2000-03-17,0.468000
2000-03-21,0.491000
2000-03-22,0.472000
2000-03-23,0.457000
2000-03-24,0.473000
2000-03-27,0.500000
2000-03-28,0.501000
2000-03-29,0.507000
2000-03-30,0.501000
2000-03-31,0.493000
2000-04-03,0.491000
2000-04-04,0.482000
2000-04-05,0.473000
2000-04-06,0.462000
2000-04-07,0.453000
2000-04-10,0.466000
2000-04-11,0.466000
2000-04-12,0.468000
2000-04-13,0.515000
2000-04-14,0.510000
2000-04-17,0.470000
2000-04-18,0.472000
2000-04-19,0.468000
2000-04-20,0.478000
2000-04-21,0.469000
2000-04-24,0.456000
2000-04-25,0.441000
2000-04-26,0.431000
2000-04-27,0.432000
2000-04-28,0.437000
2000-05-01,0.427000
2000-05-02,0.424000
2000-05-08,0.415000
2000-05-09,0.401000
2000-05-10,0.399000
2000-05-11,0.386000
2000-05-12,0.390000
2000-05-15,0.396000
2000-05-16,0.401000
2000-05-17,0.411000
2000-05-18,0.392000
2000-05-19,0.398000
2000-05-22,0.381000
2000-05-23,0.381000
2000-05-24,0.372000
2000-05-25,0.373000
2000-05-26,0.373000
2000-05-29,0.374000
2000-05-30,0.401000
2000-05-31,0.403000
2000-06-01,0.416000
2000-06-02,0.439000
2000-06-05,0.472000
2000-06-06,0.478000
2000-06-07,0.476000
2000-06-08,0.477000
2000-06-09,0.450000
2000-06-12,0.458000
2000-06-13,0.453000
2000-06-14,0.459000
2000-06-15,0.445000
2000-06-16,0.422000
2000-06-19,0.420000
2000-06-20,0.440000
2000-06-21,0.466000
2000-06-22,0.471000
2000-06-23,0.482000
2000-06-26,0.509000
2000-06-27,0.510000
2000-06-28,0.500000
2000-06-29,0.525000
2000-06-30,0.524000
2000-07-03,0.526000
2000-07-04,0.507000
2000-07-05,0.513000
2000-07-06,0.499000
2000-07-07,0.505000
2000-07-10,0.507000
2000-07-11,0.525000
2000-07-12,0.538000
2000-07-13,0.485000
2000-07-14,0.486000
2000-07-17,0.489000
2000-07-18,0.472000
2000-07-19,0.477000
2000-07-21,0.479000
2000-07-24,0.475000
2000-07-25,0.481000
2000-07-26,0.471000
2000-07-27,0.461000
2000-07-28,0.446000
2000-07-31,0.448000
2000-08-01,0.455000
2000-08-02,0.456000
2000-08-03,0.456000
2000-08-04,0.457000
2000-08-07,0.453000
2000-08-08,0.469000
2000-08-09,0.504000
2000-08-10,0.535000
2000-08-11,0.521000
2000-08-14,0.530000
2000-08-15,0.546000
2000-08-16,0.557000
2000-08-17,0.547000
2000-08-18,0.548000
2000-08-21,0.556000
2000-08-22,0.566000
2000-08-23,0.592000
2000-08-24,0.597000
2000-08-25,0.613000
2000-08-28,0.630000
2000-08-29,0.652000
2000-08-30,0.646000
2000-08-31,0.645000
2000-09-01,0.662000
2000-09-04,0.658000
2000-09-05,0.661000
2000-09-06,0.667000
2000-09-07,0.660000
2000-09-08,0.628000
2000-09-11,0.620000
2000-09-12,0.611000
2000-09-13,0.612000
2000-09-14,0.623000
2000-09-18,0.623000
2000-09-19,0.619000
2000-09-20,0.624000
2000-09-21,0.635000
2000-09-22,0.619000
2000-09-25,0.631000
2000-09-26,0.646000
2000-09-27,0.646000
2000-09-28,0.655000
2000-09-29,0.646000
2000-10-02,0.641000
2000-10-03,0.631000
2000-10-04,0.627000
2000-10-05,0.620000
2000-10-06,0.618000
2000-10-10,0.615000
2000-10-11,0.604000
2000-10-12,0.604000
2000-10-13,0.586000
2000-10-16,0.584000
2000-10-17,0.590000
2000-10-18,0.591000
2000-10-19,0.583000
2000-10-20,0.579000
2000-10-23,0.590000
2000-10-24,0.594000
2000-10-25,0.590000
2000-10-26,0.580000
2000-10-27,0.575000
2000-10-30,0.571000
2000-10-31,0.571000
2000-11-01,0.579000
2000-11-02,0.564000
2000-11-06,0.563000
2000-11-07,0.567000
2000-11-08,0.581000
2000-11-09,0.579000
2000-11-10,0.582000
2000-11-13,0.572000
2000-11-14,0.583000
2000-11-15,0.579000
2000-11-16,0.571000
2000-11-17,0.562000
2000-11-20,0.555000
2000-11-21,0.555000
2000-11-22,0.555000
2000-11-24,0.555000
2000-11-27,0.560000
2000-11-28,0.560000
2000-11-29,0.555000
2000-11-30,0.545000
2000-12-01,0.555000
2000-12-04,0.569000
2000-12-05,0.566000
2000-12-06,0.572000
2000-12-07,0.550000
2000-12-08,0.563000
2000-12-11,0.606000
2000-12-12,0.593000
2000-12-13,0.591000
2000-12-14,0.564000
2000-12-15,0.555000
2000-12-18,0.563000
2000-12-19,0.559000
2000-12-20,0.555000
2000-12-21,0.533000
2000-12-22,0.517000
2000-12-25,0.510000
2000-12-26,0.505000
2000-12-27,0.499000
2000-12-28,0.515000
2000-12-29,0.515000
2001-01-04,0.475000
2001-01-05,0.454000
2001-01-09,0.444000
2001-01-10,0.455000
2001-01-11,0.447000
2001-01-12,0.443000
2001-01-15,0.448000
2001-01-16,0.444000
2001-01-17,0.445000
2001-01-18,0.426000
2001-01-19,0.416000
2001-01-22,0.378000
2001-01-23,0.377000
2001-01-24,0.387000
2001-01-25,0.377000
2001-01-26,0.371000
2001-01-29,0.376000
2001-01-30,0.391000
2001-01-31,0.390000
2001-02-01,0.396000
2001-02-02,0.417000
2001-02-05,0.401000
2001-02-06,0.405000
2001-02-07,0.395000
2001-02-08,0.365000
2001-02-09,0.339000
2001-02-13,0.328000
2001-02-14,0.333000
2001-02-15,0.324000
2001-02-16,0.324000
2001-02-19,0.306000
2001-02-20,0.311000
2001-02-21,0.302000
2001-02-22,0.312000
2001-02-23,0.278000
2001-02-26,0.248000
2001-02-27,0.248000
2001-02-28,0.242000
2001-03-01,0.180000
2001-03-02,0.179000
2001-03-05,0.178000
2001-03-06,0.178000
2001-03-07,0.175000
2001-03-08,0.178000
2001-03-09,0.180000
2001-03-12,0.170000
2001-03-13,0.165000
2001-03-14,0.137000
2001-03-15,0.117000
2001-03-16,0.106000
2001-03-19,0.105000
2001-03-21,0.085000
2001-03-22,0.084000
2001-03-23,0.105000
2001-03-26,0.104000
2001-03-27,0.127000
2001-03-28,0.148000
2001-03-29,0.149000
2001-03-30,0.133000
2001-04-02,0.150000
2001-04-03,0.143000
2001-04-04,0.128000
2001-04-05,0.126000
2001-04-06,0.117000
2001-04-09,0.118000
2001-04-10,0.118000
2001-04-11,0.111000
2001-04-12,0.125000
2001-04-13,0.116000
2001-04-16,0.117000
2001-04-17,0.117000
2001-04-18,0.123000
2001-04-19,0.109000
2001-04-20,0.099000
2001-04-23,0.095000
2001-04-24,0.095000
2001-04-25,0.101000
2001-04-26,0.097000
2001-04-27,0.097000
2001-05-01,0.098000
2001-05-02,0.099000
2001-05-07,0.095000
2001-05-08,0.096000
2001-05-09,0.088000
2001-05-10,0.073000
2001-05-11,0.053000
2001-05-14,0.055000
2001-05-15,0.069000
2001-05-16,0.064000
2001-05-17,0.060000
2001-05-18,0.045000
2001-05-21,0.050000
2001-05-22,0.055000
2001-05-23,0.055000
2001-05-24,0.055000
2001-05-25,0.056000
2001-05-28,0.056000
2001-05-29,0.056000
2001-05-30,0.056000
2001-05-31,0.052000
2001-06-01,0.052000
2001-06-04,0.055000
2001-06-05,0.052000
2001-06-06,0.058000
2001-06-07,0.055000
2001-06-08,0.055000
2001-06-11,0.053000
2001-06-12,0.055000
2001-06-13,0.054000
2001-06-14,0.049000
2001-06-15,0.054000
2001-06-18,0.055000
2001-06-19,0.055000
2001-06-20,0.055000
2001-06-21,0.055000
2001-06-22,0.055000
2001-06-25,0.060000
2001-06-26,0.066000
2001-06-27,0.066000
2001-06-28,0.067000
2001-06-29,0.073000
2001-07-02,0.078000
2001-07-03,0.079000
2001-07-04,0.079000
2001-07-05,0.077000
2001-07-06,0.077000
2001-07-09,0.081000
2001-07-10,0.083000
2001-07-11,0.081000
2001-07-12,0.078000
2001-07-13,0.078000
2001-07-16,0.079000
2001-07-17,0.084000
2001-07-18,0.084000
2001-07-19,0.084000
2001-07-23,0.085000
2001-07-24,0.085000
2001-07-25,0.090000
2001-07-26,0.090000
2001-07-27,0.090000
2001-07-30,0.091000
2001-07-31,0.091000
2001-08-01,0.091000
2001-08-02,0.097000
2001-08-03,0.104000
2001-08-06,0.122000
2001-08-07,0.136000
2001-08-08,0.126000
2001-08-09,0.118000
2001-08-10,0.102000
2001-08-13,0.095000
2001-08-14,0.085000
2001-08-15,0.070000
2001-08-16,0.070000
2001-08-17,0.080000
2001-08-20,0.085000
2001-08-21,0.095000
2001-08-22,0.095000
2001-08-23,0.095000
2001-08-24,0.090000
2001-08-27,0.087000
2001-08-28,0.086000
2001-08-29,0.086000
2001-08-30,0.086000
2001-08-31,0.086000
2001-09-03,0.087000
2001-09-04,0.085000
2001-09-05,0.077000
2001-09-06,0.072000
2001-09-07,0.065000
2001-09-10,0.063000
2001-09-11,0.068000
2001-09-12,0.065000
2001-09-13,0.064000
2001-09-14,0.065000
2001-09-17,0.060000
2001-09-18,0.060000
2001-09-19,0.070000
2001-09-20,0.079000
2001-09-21,0.080000
2001-09-25,0.080000
2001-09-26,0.085000
2001-09-27,0.086000
2001-09-28,0.085000
2001-10-01,0.086000
2001-10-02,0.081000
2001-10-03,0.082000
2001-10-04,0.082000
2001-10-05,0.084000
2001-10-09,0.086000
2001-10-10,0.086000
2001-10-11,0.081000
2001-10-12,0.083000
2001-10-15,0.084000
2001-10-16,0.080000
2001-10-17,0.084000
2001-10-18,0.085000
2001-10-19,0.085000
2001-10-22,0.090000
2001-10-23,0.086000
2001-10-24,0.086000
2001-10-25,0.085000
2001-10-26,0.085000
2001-10-29,0.085000
2001-10-30,0.086000
2001-10-31,0.087000
2001-11-01,0.087000
2001-11-02,0.087000
2001-11-05,0.087000
2001-11-06,0.087000
2001-11-07,0.085000
2001-11-08,0.083000
2001-11-09,0.083000
2001-11-12,0.083000
2001-11-13,0.084000
2001-11-14,0.085000
2001-11-15,0.089000
2001-11-16,0.089000
2001-11-19,0.090000
2001-11-20,0.090000
2001-11-21,0.090000
2001-11-22,0.090000
2001-11-26,0.097000
2001-11-27,0.100000
2001-11-28,0.100000
2001-11-29,0.116000
2001-11-30,0.105000
2001-12-03,0.105000
2001-12-04,0.100000
2001-12-05,0.090000
2001-12-06,0.090000
2001-12-07,0.090000
2001-12-10,0.088000
2001-12-11,0.085000
2001-12-12,0.085000
2001-12-13,0.085000
2001-12-14,0.085000
2001-12-17,0.085000
2001-12-18,0.085000
2001-12-19,0.085000
2001-12-20,0.084000
2001-12-21,0.075000
2001-12-25,0.075000
2001-12-26,0.075000
2001-12-27,0.076000
2001-12-28,0.076000
2002-01-04,0.079000
2002-01-07,0.077000
2002-01-08,0.078000
2002-01-09,0.078000
2002-01-10,0.078000
2002-01-11,0.076000
2002-01-15,0.078000
2002-01-16,0.074000
2002-01-17,0.079000
2002-01-18,0.074000
2002-01-21,0.080000
2002-01-22,0.081000
2002-01-23,0.071000
2002-01-24,0.071000
2002-01-25,0.071000
2002-01-28,0.067000
2002-01-29,0.072000
2002-01-30,0.071000
2002-01-31,0.065000
2002-02-01,0.063000
2002-02-04,0.060000
2002-02-05,0.060000
2002-02-06,0.057000
2002-02-07,0.060000
2002-02-08,0.057000
2002-02-12,0.055000
2002-02-13,0.060000
2002-02-14,0.060000
2002-02-15,0.055000
2002-02-18,0.060000
2002-02-19,0.070000
2002-02-20,0.075000
2002-02-21,0.080000
2002-02-22,0.080000
2002-02-25,0.081000
2002-02-26,0.086000
2002-02-27,0.086000
2002-02-28,0.081000
2002-03-01,0.081000
2002-03-04,0.075000
2002-03-05,0.072000
2002-03-06,0.070000
2002-03-07,0.065000
2002-03-08,0.065000
2002-03-11,0.068000
2002-03-12,0.063000
2002-03-13,0.060000
2002-03-14,0.058000
2002-03-15,0.059000
2002-03-18,0.055000
2002-03-19,0.050000
2002-03-20,0.049000
2002-03-22,0.045000
2002-03-25,0.050000
2002-03-26,0.050000
2002-03-27,0.050000
2002-03-28,0.050000
2002-03-29,0.051000
2002-04-01,0.056000
2002-04-02,0.050000
2002-04-03,0.052000
2002-04-04,0.052000
2002-04-05,0.055000
2002-04-08,0.055000
2002-04-09,0.055000
2002-04-10,0.053000
2002-04-11,0.050000
2002-04-12,0.053000
2002-04-15,0.053000
2002-04-16,0.054000
2002-04-17,0.054000
2002-04-18,0.055000
2002-04-19,0.055000
2002-04-22,0.055000
2002-04-23,0.055000
2002-04-24,0.060000
2002-04-25,0.059000
2002-04-26,0.055000
2002-04-30,0.055000
2002-05-01,0.053000
2002-05-02,0.050000
2002-05-07,0.052000
2002-05-08,0.052000
2002-05-09,0.052000
2002-05-10,0.052000
2002-05-13,0.051000
2002-05-14,0.051000
2002-05-15,0.051000
2002-05-16,0.051000
2002-05-17,0.051000
2002-05-20,0.050000
2002-05-21,0.055000
2002-05-22,0.050000
2002-05-23,0.061000
2002-05-24,0.061000
2002-05-27,0.066000
2002-05-28,0.061000
2002-05-29,0.066000
2002-05-30,0.066000
2002-05-31,0.067000
2002-06-03,0.067000
2002-06-04,0.067000
2002-06-05,0.067000
2002-06-06,0.067000
2002-06-07,0.068000
2002-06-10,0.068000
2002-06-11,0.068000
2002-06-12,0.068000
2002-06-13,0.069000
2002-06-14,0.069000
2002-06-17,0.065000
2002-06-18,0.065000
2002-06-19,0.065000
2002-06-20,0.065000
2002-06-21,0.065000
2002-06-24,0.065000
2002-06-25,0.060000
2002-06-26,0.060000
2002-06-27,0.060000
2002-06-28,0.060000
2002-07-01,0.060000
2002-07-02,0.060000
2002-07-03,0.060000
2002-07-04,0.060000
2002-07-05,0.060000
2002-07-08,0.055000
2002-07-09,0.055000
2002-07-10,0.055000
2002-07-11,0.052000
2002-07-12,0.055000
2002-07-15,0.051000
2002-07-16,0.051000
2002-07-17,0.051000
2002-07-18,0.050000
2002-07-19,0.050000
2002-07-22,0.055000
2002-07-23,0.055000
2002-07-24,0.055000
2002-07-25,0.050000
2002-07-26,0.045000
2002-07-29,0.046000
2002-07-30,0.046000
2002-07-31,0.040000
2002-08-01,0.035000
2002-08-02,0.033000
2002-08-05,0.032000
2002-08-06,0.032000
2002-08-07,0.032000
2002-08-08,0.032000
2002-08-09,0.032000
2002-08-12,0.031000
2002-08-13,0.031000
2002-08-14,0.031000
2002-08-15,0.031000
2002-08-16,0.031000
2002-08-19,0.030000
2002-08-20,0.030000
2002-08-21,0.020000
2002-08-22,0.015000
2002-08-23,0.015000
2002-08-26,0.020000
2002-08-27,0.019000
2002-08-28,0.019000
2002-08-29,0.020000
2002-08-30,0.020000
2002-09-02,0.020000
2002-09-03,0.020000
2002-09-04,0.020000
2002-09-05,0.020000
2002-09-06,0.020000
2002-09-09,0.020000
2002-09-10,0.020000
2002-09-11,0.025000
2002-09-12,0.025000
2002-09-13,0.025000
2002-09-17,0.025000
2002-09-18,0.039000
2002-09-19,0.039000
2002-09-20,0.045000
2002-09-24,0.050000
2002-09-25,0.050000
2002-09-26,0.050000
2002-09-27,0.055000
2002-09-30,0.056000
2002-10-01,0.043000
2002-10-02,0.043000
2002-10-03,0.043000
2002-10-04,0.043000
2002-10-07,0.042000
2002-10-08,0.042000
2002-10-09,0.040000
2002-10-10,0.040000
2002-10-11,0.040000
2002-10-15,0.040000
2002-10-16,0.040000
2002-10-17,0.040000
2002-10-18,0.040000
2002-10-21,0.045000
2002-10-22,0.045000
2002-10-23,0.045000
2002-10-24,0.046000
2002-10-25,0.046000
2002-10-28,0.046000
2002-10-29,0.046000
2002-10-30,0.046000
2002-10-31,0.038000
2002-11-01,0.038000
2002-11-05,0.037000
2002-11-06,0.040000
2002-11-07,0.040000
2002-11-08,0.040000
2002-11-11,0.040000
2002-11-12,0.040000
2002-11-13,0.040000
2002-11-14,0.040000
2002-11-15,0.040000
2002-11-18,0.039000
2002-11-19,0.040000
2002-11-20,0.040000
2002-11-21,0.050000
2002-11-22,0.055000
2002-11-25,0.055000
2002-11-26,0.055000
2002-11-27,0.055000
2002-11-28,0.055000
2002-11-29,0.055000
2002-12-02,0.055000
2002-12-03,0.055000
2002-12-04,0.055000
2002-12-05,0.055000
2002-12-06,0.055000
2002-12-09,0.055000
2002-12-10,0.055000
2002-12-11,0.055000
2002-12-12,0.055000
2002-12-13,0.055000
2002-12-16,0.054000
2002-12-17,0.050000
2002-12-18,0.050000
2002-12-19,0.050000
2002-12-20,0.055000
2002-12-24,0.056000
2002-12-25,0.056000
2002-12-26,0.050000
2002-12-27,0.050000
2002-12-30,0.050000
2003-01-06,0.050000
2003-01-07,0.050000
2003-01-08,0.050000
2003-01-09,0.050000
2003-01-10,0.050000
2003-01-14,0.050000
2003-01-15,0.050000
2003-01-16,0.050000
2003-01-17,0.050000
2003-01-20,0.055000
2003-01-21,0.055000
2003-01-22,0.055000
2003-01-23,0.055000
2003-01-24,0.050000
2003-01-27,0.051000
2003-01-28,0.051000
2003-01-29,0.051000
2003-01-30,0.043000
2003-01-31,0.043000
2003-02-03,0.043000
2003-02-04,0.042000
2003-02-05,0.042000
2003-02-06,0.042000
2003-02-07,0.042000
2003-02-10,0.045000
2003-02-12,0.045000
2003-02-13,0.045000
2003-02-14,0.045000
2003-02-17,0.045000
2003-02-18,0.045000
2003-02-19,0.045000
2003-02-20,0.050000
2003-02-21,0.050000
2003-02-24,0.050000
2003-02-25,0.050000
2003-02-26,0.050000
2003-02-27,0.050000
2003-02-28,0.050000
2003-03-03,0.050000
2003-03-04,0.050000
2003-03-05,0.050000
2003-03-06,0.050000
2003-03-07,0.050000
2003-03-10,0.050000
2003-03-11,0.050000
2003-03-12,0.050000
2003-03-13,0.050000
2003-03-14,0.050000
2003-03-17,0.050000
2003-03-18,0.050000
2003-03-19,0.050000
2003-03-20,0.055000
2003-03-24,0.055000
2003-03-25,0.056000
2003-03-26,0.056000
2003-03-27,0.060000
2003-03-28,0.060000
2003-03-31,0.060000
2003-04-01,0.060000
2003-04-02,0.060000
2003-04-03,0.060000
2003-04-04,0.060000
2003-04-07,0.060000
2003-04-08,0.060000
2003-04-09,0.060000
2003-04-10,0.060000
2003-04-11,0.060000
2003-04-14,0.060000
2003-04-15,0.056000
2003-04-16,0.056000
2003-04-17,0.055000
2003-04-18,0.055000
2003-04-21,0.060000
2003-04-22,0.060000
2003-04-23,0.060000
2003-04-24,0.059000
2003-04-25,0.055000
2003-04-28,0.054000
2003-04-30,0.050000
2003-05-01,0.048000
2003-05-02,0.045000
2003-05-06,0.047000
2003-05-07,0.047000
2003-05-08,0.047000
2003-05-09,0.045000
2003-05-12,0.045000
2003-05-13,0.045000
2003-05-14,0.045000
2003-05-15,0.045000
2003-05-16,0.044000
2003-05-19,0.040000
2003-05-20,0.045000
2003-05-21,0.040000
2003-05-22,0.040000
2003-05-23,0.040000
2003-05-26,0.040000
2003-05-27,0.040000
2003-05-28,0.040000
2003-05-29,0.040000
2003-05-30,0.040000
2003-06-02,0.043000
2003-06-03,0.043000
2003-06-04,0.043000
2003-06-05,0.040000
2003-06-06,0.035000
2003-06-09,0.035000
2003-06-10,0.035000
2003-06-11,0.035000
2003-06-12,0.035000
2003-06-13,0.035000
2003-06-16,0.035000
2003-06-17,0.035000
2003-06-18,0.035000
2003-06-19,0.045000
2003-06-20,0.040000
2003-06-23,0.045000
2003-06-24,0.051000
2003-06-25,0.056000
2003-06-26,0.056000
2003-06-27,0.060000
2003-06-30,0.075000
2003-07-01,0.082000
2003-07-02,0.092000
2003-07-03,0.104000
2003-07-04,0.105000
2003-07-07,0.106000
2003-07-08,0.111000
2003-07-09,0.101000
2003-07-10,0.083000
2003-07-11,0.084000
2003-07-14,0.085000
2003-07-15,0.089000
2003-07-16,0.094000
2003-07-17,0.095000
2003-07-18,0.095000
2003-07-22,0.095000
2003-07-23,0.096000
2003-07-24,0.096000
2003-07-25,0.086000
2003-07-28,0.081000
2003-07-29,0.082000
2003-07-30,0.082000
2003-07-31,0.070000
2003-08-01,0.070000
2003-08-04,0.070000
2003-08-05,0.070000
2003-08-06,0.070000
2003-08-07,0.070000
2003-08-08,0.070000
2003-08-11,0.070000
2003-08-12,0.070000
2003-08-13,0.070000
2003-08-14,0.075000
2003-08-15,0.079000
2003-08-18,0.085000
2003-08-19,0.115000
2003-08-20,0.180000
2003-08-21,0.156000
2003-08-22,0.171000
2003-08-25,0.189000
2003-08-26,0.204000
2003-08-27,0.190000
2003-08-28,0.182000
2003-08-29,0.187000
2003-09-01,0.220000
2003-09-02,0.262000
2003-09-03,0.255000
2003-09-04,0.191000
2003-09-05,0.163000
2003-09-08,0.165000
2003-09-09,0.195000
2003-09-10,0.192000
2003-09-11,0.167000
2003-09-12,0.158000
2003-09-16,0.134000
2003-09-17,0.134000
2003-09-18,0.129000
2003-09-19,0.134000
2003-09-22,0.125000
2003-09-24,0.131000
2003-09-25,0.157000
2003-09-26,0.168000
2003-09-29,0.175000
2003-09-30,0.176000
2003-10-01,0.151000
2003-10-02,0.130000
2003-10-03,0.123000
2003-10-06,0.122000
2003-10-07,0.107000
2003-10-08,0.095000
2003-10-09,0.095000
2003-10-10,0.092000
2003-10-14,0.092000
2003-10-15,0.088000
2003-10-16,0.088000
2003-10-17,0.109000
2003-10-20,0.150000
2003-10-21,0.136000
2003-10-22,0.106000
2003-10-23,0.101000
2003-10-24,0.107000
2003-10-27,0.118000
2003-10-28,0.124000
2003-10-29,0.124000
2003-10-30,0.131000
2003-10-31,0.137000
2003-11-04,0.154000
2003-11-05,0.160000
2003-11-06,0.161000
2003-11-07,0.164000
2003-11-10,0.158000
2003-11-11,0.139000
2003-11-12,0.135000
2003-11-13,0.135000
2003-11-14,0.130000
2003-11-17,0.113000
2003-11-18,0.124000
2003-11-19,0.124000
2003-11-20,0.130000
2003-11-21,0.126000
2003-11-25,0.128000
2003-11-26,0.143000
2003-11-27,0.141000
2003-11-28,0.132000
2003-12-01,0.134000
2003-12-02,0.140000
2003-12-03,0.139000
2003-12-04,0.142000
2003-12-05,0.135000
2003-12-08,0.132000
2003-12-09,0.126000
2003-12-10,0.117000
2003-12-11,0.117000
2003-12-12,0.115000
2003-12-15,0.117000
2003-12-16,0.112000
2003-12-17,0.113000
2003-12-18,0.114000
2003-12-19,0.114000
2003-12-22,0.116000
2003-12-24,0.127000
2003-12-25,0.108000
2003-12-26,0.102000
2003-12-29,0.108000
2003-12-30,0.110000
2004-01-05,0.115000
2004-01-06,0.113000
2004-01-07,0.113000
2004-01-08,0.109000
2004-01-09,0.101000
2004-01-13,0.089000
2004-01-14,0.089000
2004-01-15,0.083000
2004-01-16,0.083000
2004-01-19,0.085000
2004-01-20,0.090000
2004-01-21,0.080000
2004-01-22,0.076000
2004-01-23,0.076000
2004-01-26,0.077000
2004-01-27,0.077000
2004-01-28,0.077000
2004-01-29,0.071000
2004-01-30,0.068000
2004-02-02,0.067000
2004-02-03,0.064000
2004-02-04,0.062000
2004-02-05,0.057000
2004-02-06,0.057000
2004-02-09,0.056000
2004-02-10,0.053000
2004-02-12,0.048000
2004-02-13,0.048000
2004-02-16,0.049000
2004-02-17,0.049000
2004-02-18,0.049000
2004-02-19,0.050000
2004-02-20,0.055000
2004-02-23,0.056000
2004-02-24,0.056000
2004-02-25,0.056000
2004-02-26,0.056000
2004-02-27,0.056000
2004-03-01,0.055000
2004-03-02,0.072000
2004-03-03,0.111000
2004-03-04,0.109000
2004-03-05,0.115000
2004-03-08,0.111000
2004-03-09,0.098000
2004-03-10,0.083000
2004-03-11,0.083000
2004-03-12,0.082000
2004-03-15,0.093000
2004-03-16,0.094000
2004-03-17,0.104000
2004-03-18,0.114000
2004-03-19,0.125000
2004-03-22,0.131000
2004-03-23,0.121000
2004-03-24,0.117000
2004-03-25,0.106000
2004-03-26,0.112000
2004-03-29,0.123000
2004-03-30,0.123000
2004-03-31,0.118000
2004-04-01,0.119000
2004-04-02,0.119000
2004-04-05,0.130000
2004-04-06,0.138000
2004-04-07,0.131000
2004-04-08,0.131000
2004-04-09,0.128000
2004-04-12,0.132000
2004-04-13,0.129000
2004-04-14,0.137000
2004-04-15,0.128000
2004-04-16,0.129000
2004-04-19,0.125000
2004-04-20,0.130000
2004-04-21,0.136000
2004-04-22,0.131000
2004-04-23,0.127000
2004-04-26,0.123000
2004-04-27,0.124000
2004-04-28,0.134000
2004-04-30,0.135000
2004-05-06,0.135000
2004-05-07,0.131000
2004-05-10,0.132000
2004-05-11,0.132000
2004-05-12,0.129000
2004-05-13,0.118000
2004-05-14,0.118000
2004-05-17,0.114000
2004-05-18,0.129000
2004-05-19,0.130000
2004-05-20,0.130000
2004-05-21,0.130000
2004-05-24,0.132000
2004-05-25,0.132000
2004-05-26,0.138000
2004-05-27,0.133000
2004-05-28,0.134000
2004-05-31,0.135000
2004-06-01,0.136000
2004-06-02,0.134000
2004-06-03,0.124000
2004-06-04,0.122000
2004-06-07,0.125000
2004-06-08,0.141000
2004-06-09,0.195000
2004-06-10,0.229000
2004-06-11,0.216000
2004-06-14,0.251000
2004-06-15,0.224000
2004-06-16,0.228000
2004-06-17,0.219000
2004-06-18,0.209000
2004-06-21,0.196000
2004-06-22,0.196000
2004-06-23,0.197000
2004-06-24,0.197000
2004-06-25,0.182000
2004-06-28,0.194000
2004-06-29,0.180000
2004-06-30,0.161000
2004-07-01,0.176000
2004-07-02,0.157000
2004-07-05,0.158000
2004-07-06,0.154000
2004-07-07,0.154000
2004-07-08,0.155000
2004-07-09,0.152000
2004-07-12,0.148000
2004-07-13,0.148000
2004-07-14,0.153000
2004-07-15,0.164000
2004-07-16,0.164000
2004-07-20,0.165000
2004-07-21,0.175000
2004-07-22,0.176000
2004-07-23,0.192000
2004-07-26,0.193000
2004-07-27,0.204000
2004-07-28,0.220000
2004-07-29,0.199000
2004-07-30,0.205000
2004-08-02,0.208000
2004-08-03,0.209000
2004-08-04,0.195000
2004-08-05,0.193000
2004-08-06,0.188000
2004-08-09,0.180000
2004-08-10,0.177000
2004-08-11,0.186000
2004-08-12,0.177000
2004-08-13,0.162000
2004-08-16,0.153000
2004-08-17,0.159000
2004-08-18,0.149000
2004-08-19,0.150000
2004-08-20,0.150000
2004-08-23,0.156000
2004-08-24,0.162000
2004-08-25,0.173000
2004-08-26,0.162000
2004-08-27,0.157000
2004-08-30,0.158000
2004-08-31,0.150000
2004-09-01,0.144000
2004-09-02,0.144000
2004-09-03,0.144000
2004-09-06,0.153000
2004-09-07,0.155000
2004-09-08,0.156000
2004-09-09,0.141000
2004-09-10,0.136000
2004-09-13,0.141000
2004-09-14,0.142000
2004-09-15,0.134000
2004-09-16,0.138000
2004-09-17,0.134000
2004-09-21,0.135000
2004-09-22,0.135000
2004-09-24,0.135000
2004-09-27,0.136000
2004-09-28,0.127000
2004-09-29,0.127000
2004-09-30,0.127000
2004-10-01,0.127000
2004-10-04,0.133000
2004-10-05,0.136000
2004-10-06,0.131000
2004-10-07,0.129000
2004-10-08,0.127000
2004-10-12,0.118000
2004-10-13,0.123000
2004-10-14,0.123000
2004-10-15,0.123000
2004-10-18,0.129000
2004-10-19,0.129000
2004-10-20,0.125000
2004-10-21,0.121000
2004-10-22,0.126000
2004-10-25,0.117000
2004-10-26,0.118000
2004-10-27,0.118000
2004-10-28,0.118000
2004-10-29,0.118000
2004-11-01,0.119000
2004-11-02,0.124000
2004-11-04,0.122000
2004-11-05,0.120000
2004-11-08,0.121000
2004-11-09,0.119000
2004-11-10,0.115000
2004-11-11,0.107000
2004-11-12,0.107000
2004-11-15,0.112000
2004-11-16,0.108000
2004-11-17,0.109000
2004-11-18,0.104000
2004-11-19,0.105000
2004-11-22,0.101000
2004-11-24,0.102000
2004-11-25,0.100000
2004-11-26,0.101000
2004-11-29,0.103000
2004-11-30,0.103000
2004-12-01,0.103000
2004-12-02,0.104000
2004-12-03,0.104000
2004-12-06,0.105000
2004-12-07,0.105000
2004-12-08,0.101000
2004-12-09,0.093000
2004-12-10,0.091000
2004-12-13,0.089000
2004-12-14,0.089000
2004-12-15,0.089000
2004-12-16,0.089000
2004-12-17,0.084000
2004-12-20,0.085000
2004-12-21,0.085000
2004-12-22,0.086000
2004-12-24,0.091000
2004-12-27,0.097000
2004-12-28,0.102000
2004-12-29,0.103000
2004-12-30,0.103000
2005-01-04,0.097000
2005-01-05,0.097000
2005-01-06,0.097000
2005-01-07,0.095000
2005-01-11,0.093000
2005-01-12,0.088000
2005-01-13,0.089000
2005-01-14,0.089000
2005-01-17,0.094000
2005-01-18,0.089000
2005-01-19,0.095000
2005-01-20,0.095000
2005-01-21,0.095000
2005-01-24,0.097000
2005-01-25,0.097000
2005-01-26,0.097000
2005-01-27,0.091000
2005-01-28,0.086000
2005-01-31,0.087000
2005-02-01,0.084000
2005-02-02,0.084000
2005-02-03,0.087000
2005-02-04,0.087000
2005-02-07,0.088000
2005-02-08,0.091000
2005-02-09,0.106000
2005-02-10,0.112000
2005-02-14,0.118000
2005-02-15,0.118000
2005-02-16,0.113000
2005-02-17,0.114000
2005-02-18,0.109000
2005-02-21,0.111000
2005-02-22,0.111000
2005-02-23,0.106000
2005-02-24,0.106000
2005-02-25,0.112000
2005-02-28,0.123000
2005-03-01,0.130000
2005-03-02,0.130000
2005-03-03,0.131000
2005-03-04,0.129000
2005-03-07,0.125000
2005-03-08,0.123000
2005-03-09,0.121000
2005-03-10,0.121000
2005-03-11,0.125000
2005-03-14,0.127000
2005-03-15,0.118000
2005-03-16,0.119000
2005-03-17,0.109000
2005-03-18,0.109000
2005-03-22,0.111000
2005-03-23,0.111000
2005-03-24,0.107000
2005-03-25,0.107000
2005-03-28,0.109000
2005-03-29,0.104000
2005-03-30,0.105000
2005-03-31,0.097000
2005-04-01,0.092000
2005-04-04,0.087000
2005-04-05,0.087000
2005-04-06,0.088000
2005-04-07,0.086000
2005-04-08,0.086000
2005-04-11,0.087000
2005-04-12,0.087000
2005-04-13,0.088000
2005-04-14,0.084000
2005-04-15,0.074000
2005-04-18,0.070000
2005-04-19,0.080000
2005-04-20,0.075000
2005-04-21,0.075000
2005-04-22,0.081000
2005-04-25,0.081000
2005-04-26,0.076000
2005-04-27,0.076000
2005-04-28,0.076000
2005-05-02,0.072000
2005-05-06,0.068000
2005-05-09,0.076000
2005-05-10,0.078000
2005-05-11,0.077000
2005-05-12,0.074000
2005-05-13,0.075000
2005-05-16,0.084000
2005-05-17,0.095000
2005-05-18,0.095000
2005-05-19,0.095000
2005-05-20,0.090000
2005-05-23,0.096000
2005-05-24,0.081000
2005-05-25,0.076000
2005-05-26,0.076000
2005-05-27,0.076000
2005-05-30,0.077000
2005-05-31,0.077000
2005-06-01,0.074000
2005-06-02,0.077000
2005-06-03,0.079000
2005-06-06,0.083000
2005-06-07,0.078000
2005-06-08,0.078000
2005-06-09,0.078000
2005-06-10,0.078000
2005-06-13,0.079000
2005-06-14,0.079000
2005-06-15,0.078000
2005-06-16,0.079000
2005-06-17,0.084000
2005-06-20,0.085000
2005-06-21,0.085000
2005-06-22,0.080000
2005-06-23,0.075000
2005-06-24,0.076000
2005-06-27,0.076000
2005-06-28,0.075000
2005-06-29,0.070000
2005-06-30,0.070000
2005-07-01,0.070000
2005-07-04,0.075000
2005-07-05,0.075000
2005-07-06,0.078000
2005-07-07,0.075000
2005-07-08,0.073000
2005-07-11,0.075000
2005-07-12,0.075000
2005-07-13,0.079000
2005-07-14,0.075000
2005-07-15,0.071000
2005-07-19,0.075000
2005-07-20,0.075000
2005-07-21,0.075000
2005-07-22,0.075000
2005-07-25,0.076000
2005-07-26,0.082000
2005-07-27,0.097000
2005-07-28,0.104000
2005-07-29,0.104000
2005-08-01,0.111000
2005-08-02,0.126000
2005-08-03,0.122000
2005-08-04,0.125000
2005-08-05,0.120000
2005-08-08,0.124000
2005-08-09,0.125000
2005-08-10,0.142000
2005-08-11,0.176000
2005-08-12,0.153000
2005-08-15,0.158000
2005-08-16,0.158000
2005-08-17,0.139000
2005-08-18,0.135000
2005-08-19,0.130000
2005-08-22,0.146000
2005-08-23,0.146000
2005-08-24,0.142000
2005-08-25,0.152000
2005-08-26,0.158000
2005-08-29,0.153000
2005-08-30,0.149000
2005-08-31,0.129000
2005-09-01,0.123000
2005-09-02,0.105000
2005-09-05,0.131000
2005-09-06,0.131000
2005-09-07,0.131000
2005-09-08,0.132000
2005-09-09,0.142000
2005-09-12,0.163000
2005-09-13,0.163000
2005-09-14,0.173000
2005-09-15,0.169000
2005-09-16,0.164000
2005-09-20,0.165000
2005-09-21,0.175000
2005-09-22,0.166000
2005-09-26,0.187000
2005-09-27,0.191000
2005-09-28,0.220000
2005-09-29,0.220000
2005-09-30,0.221000
2005-10-03,0.223000
2005-10-04,0.230000
2005-10-05,0.221000
2005-10-06,0.216000
2005-10-07,0.217000
2005-10-11,0.228000
2005-10-12,0.229000
2005-10-13,0.240000
2005-10-14,0.260000
2005-10-17,0.291000
2005-10-18,0.282000
2005-10-19,0.252000
2005-10-20,0.267000
2005-10-21,0.264000
2005-10-24,0.261000
2005-10-25,0.261000
2005-10-26,0.273000
2005-10-27,0.267000
2005-10-28,0.262000
2005-10-31,0.273000
2005-11-01,0.284000
2005-11-02,0.284000
2005-11-04,0.323000
2005-11-07,0.325000
2005-11-08,0.321000
2005-11-09,0.301000
2005-11-10,0.298000
2005-11-11,0.288000
2005-11-14,0.269000
2005-11-15,0.255000
2005-11-16,0.265000
2005-11-17,0.256000
2005-11-18,0.246000
2005-11-21,0.248000
2005-11-22,0.238000
2005-11-24,0.229000
2005-11-25,0.229000
2005-11-28,0.239000
2005-11-29,0.241000
2005-11-30,0.229000
2005-12-01,0.232000
2005-12-02,0.242000
2005-12-05,0.259000
2005-12-06,0.255000
2005-12-07,0.251000
2005-12-08,0.247000
2005-12-09,0.251000
2005-12-12,0.264000
2005-12-13,0.264000
2005-12-14,0.249000
2005-12-15,0.240000
2005-12-16,0.251000
2005-12-19,0.253000
2005-12-20,0.258000
2005-12-21,0.270000
2005-12-22,0.275000
2005-12-26,0.281000
2005-12-27,0.277000
2005-12-28,0.282000
2005-12-29,0.283000
2005-12-30,0.281000
2006-01-04,0.275000
2006-01-05,0.269000
2006-01-06,0.270000
2006-01-10,0.262000
2006-01-11,0.267000
2006-01-12,0.262000
2006-01-13,0.258000
2006-01-16,0.260000
2006-01-17,0.251000
2006-01-18,0.241000
2006-01-19,0.252000
2006-01-20,0.252000
2006-01-23,0.243000
2006-01-24,0.244000
2006-01-25,0.249000
2006-01-26,0.271000
2006-01-27,0.296000
2006-01-30,0.307000
2006-01-31,0.302000
2006-02-01,0.293000
2006-02-02,0.303000
2006-02-03,0.309000
2006-02-06,0.296000
2006-02-07,0.306000
2006-02-08,0.320000
2006-02-09,0.321000
2006-02-10,0.361000
2006-02-13,0.383000
2006-02-14,0.394000
2006-02-15,0.406000
2006-02-16,0.401000
2006-02-17,0.422000
2006-02-20,0.414000
2006-02-21,0.410000
2006-02-22,0.395000
2006-02-23,0.406000
2006-02-24,0.479000
2006-02-27,0.482000
2006-02-28,0.479000
2006-03-01,0.485000
2006-03-02,0.483000
2006-03-03,0.492000
2006-03-06,0.518000
2006-03-07,0.509000
2006-03-08,0.476000
2006-03-09,0.471000
2006-03-10,0.471000
2006-03-13,0.515000
2006-03-14,0.535000
2006-03-15,0.560000
2006-03-16,0.551000
2006-03-17,0.547000
2006-03-20,0.554000
2006-03-22,0.581000
2006-03-23,0.586000
2006-03-24,0.588000
2006-03-27,0.569000
2006-03-28,0.576000
2006-03-29,0.627000
2006-03-30,0.666000
2006-03-31,0.667000
2006-04-03,0.688000
2006-04-04,0.646000
2006-04-05,0.625000
2006-04-06,0.646000
2006-04-07,0.667000
2006-04-10,0.671000
2006-04-11,0.667000
2006-04-12,0.658000
2006-04-13,0.664000
2006-04-14,0.670000
2006-04-17,0.642000
2006-04-18,0.643000
2006-04-19,0.628000
2006-04-20,0.624000
2006-04-21,0.625000
2006-04-24,0.627000
2006-04-25,0.618000
2006-04-26,0.650000
2006-04-27,0.675000
2006-04-28,0.649000
2006-05-01,0.627000
2006-05-02,0.641000
2006-05-08,0.667000
2006-05-09,0.705000
2006-05-10,0.791000
2006-05-11,0.793000
2006-05-12,0.794000
2006-05-15,0.801000
2006-05-16,0.792000
2006-05-17,0.767000
2006-05-18,0.773000
2006-05-19,0.759000
2006-05-22,0.741000
2006-05-23,0.701000
2006-05-24,0.737000
2006-05-25,0.799000
2006-05-26,0.845000
2006-05-29,0.847000
2006-05-30,0.822000
2006-05-31,0.813000
2006-06-01,0.862000
2006-06-02,0.848000
2006-06-05,0.810000
2006-06-06,0.837000
2006-06-07,0.812000
2006-06-08,0.744000
2006-06-09,0.730000
2006-06-12,0.737000
2006-06-13,0.728000
2006-06-14,0.708000
2006-06-15,0.723000
2006-06-16,0.754000
2006-06-19,0.760000
2006-06-20,0.806000
2006-06-21,0.822000
2006-06-22,0.812000
2006-06-23,0.797000
2006-06-26,0.813000
2006-06-27,0.821000
2006-06-28,0.817000
2006-06-29,0.829000
2006-06-30,0.825000
2006-07-03,0.861000
2006-07-04,0.859000
2006-07-05,0.886000
2006-07-06,0.893000
2006-07-07,0.894000
2006-07-10,0.898000
2006-07-11,0.879000
2006-07-12,0.844000
2006-07-13,0.835000
2006-07-14,0.780000
2006-07-18,0.744000
2006-07-19,0.754000
2006-07-20,0.744000
2006-07-21,0.750000
2006-07-24,0.787000
2006-07-25,0.814000
2006-07-26,0.803000
2006-07-27,0.793000
2006-07-28,0.807000
2006-07-31,0.817000
2006-08-01,0.825000
2006-08-02,0.813000
2006-08-03,0.802000
2006-08-04,0.804000
2006-08-07,0.781000
2006-08-08,0.796000
2006-08-09,0.796000
2006-08-10,0.817000
2006-08-11,0.789000
2006-08-14,0.806000
2006-08-15,0.805000
2006-08-16,0.790000
2006-08-17,0.786000
2006-08-18,0.796000
2006-08-21,0.772000
2006-08-22,0.752000
2006-08-23,0.758000
2006-08-24,0.768000
2006-08-25,0.656000
2006-08-28,0.641000
2006-08-29,0.676000
2006-08-30,0.659000
2006-08-31,0.625000
2006-09-01,0.628000
2006-09-04,0.662000
2006-09-05,0.683000
2006-09-06,0.678000
2006-09-07,0.669000
2006-09-08,0.689000
2006-09-11,0.622000
2006-09-12,0.642000
2006-09-13,0.622000
2006-09-14,0.633000
2006-09-15,0.640000
2006-09-19,0.666000
2006-09-20,0.641000
2006-09-21,0.653000
2006-09-22,0.617000
2006-09-25,0.607000
2006-09-26,0.587000
2006-09-27,0.622000
2006-09-28,0.634000
2006-09-29,0.635000
2006-10-02,0.673000
2006-10-03,0.640000
2006-10-04,0.638000
2006-10-05,0.643000
2006-10-06,0.658000
2006-10-10,0.671000
2006-10-11,0.692000
2006-10-12,0.688000
2006-10-13,0.703000
2006-10-16,0.746000
2006-10-17,0.746000
2006-10-18,0.772000
2006-10-19,0.803000
2006-10-20,0.783000
2006-10-23,0.800000
2006-10-24,0.774000
2006-10-25,0.769000
2006-10-26,0.751000
2006-10-27,0.742000
2006-10-30,0.724000
2006-10-31,0.717000
2006-11-01,0.731000
2006-11-02,0.731000
2006-11-06,0.777000
2006-11-07,0.783000
2006-11-08,0.774000
2006-11-09,0.759000
2006-11-10,0.755000
2006-11-13,0.731000
2006-11-14,0.803000
2006-11-15,0.805000
2006-11-16,0.815000
2006-11-17,0.806000
2006-11-20,0.766000
2006-11-21,0.782000
2006-11-22,0.803000
2006-11-24,0.803000
2006-11-27,0.804000
2006-11-28,0.795000
2006-11-29,0.814000
2006-11-30,0.802000
2006-12-01,0.790000
2006-12-04,0.797000
2006-12-05,0.796000
2006-12-06,0.817000
2006-12-07,0.838000
2006-12-08,0.839000
2006-12-11,0.812000
2006-12-12,0.797000
2006-12-13,0.783000
2006-12-14,0.779000
2006-12-15,0.815000
2006-12-18,0.822000
2006-12-19,0.802000
2006-12-20,0.782000
2006-12-21,0.769000
2006-12-22,0.750000
2006-12-25,0.747000
2006-12-26,0.732000
2006-12-27,0.784000
2006-12-28,0.779000
2006-12-29,0.780000
2007-01-04,0.818000
2007-01-05,0.816000
2007-01-09,0.829000
2007-01-10,0.830000
2007-01-11,0.811000
2007-01-12,0.812000
2007-01-15,0.825000
2007-01-16,0.831000
2007-01-17,0.776000
2007-01-18,0.791000
2007-01-19,0.757000
2007-01-22,0.732000
2007-01-23,0.728000
2007-01-24,0.738000
2007-01-25,0.743000
2007-01-26,0.723000
2007-01-29,0.738000
2007-01-30,0.726000
2007-01-31,0.708000
2007-02-01,0.719000
2007-02-02,0.740000
2007-02-05,0.745000
2007-02-06,0.757000
2007-02-07,0.769000
2007-02-08,0.760000
2007-02-09,0.735000
2007-02-13,0.762000
2007-02-14,0.763000
2007-02-15,0.790000
2007-02-16,0.775000
2007-02-19,0.781000
2007-02-20,0.777000
2007-02-21,0.803000
2007-02-22,0.818000
2007-02-23,0.839000
2007-02-26,0.835000
2007-02-27,0.814000
2007-02-28,0.818000
2007-03-01,0.831000
2007-03-02,0.814000
2007-03-05,0.786000
2007-03-06,0.791000
2007-03-07,0.792000
2007-03-08,0.792000
2007-03-09,0.788000
2007-03-12,0.795000
2007-03-13,0.786000
2007-03-14,0.771000
2007-03-15,0.780000
2007-03-16,0.775000
2007-03-19,0.785000
2007-03-20,0.791000
2007-03-22,0.791000
2007-03-23,0.804000
2007-03-26,0.820000
2007-03-27,0.806000
2007-03-28,0.816000
2007-03-29,0.807000
2007-03-30,0.807000
2007-04-02,0.798000
2007-04-03,0.798000
2007-04-04,0.815000
2007-04-05,0.804000
2007-04-06,0.799000
2007-04-09,0.804000
2007-04-10,0.814000
2007-04-11,0.800000
2007-04-12,0.810000
2007-04-13,0.810000
2007-04-16,0.826000
2007-04-17,0.831000
2007-04-18,0.852000
2007-04-19,0.837000
2007-04-20,0.852000
2007-04-23,0.853000
2007-04-24,0.843000
2007-04-25,0.843000
2007-04-26,0.857000
2007-04-27,0.847000
2007-05-01,0.837000
2007-05-02,0.842000
2007-05-07,0.849000
2007-05-08,0.853000
2007-05-09,0.864000
2007-05-10,0.874000
2007-05-11,0.865000
2007-05-14,0.881000
2007-05-15,0.885000
2007-05-16,0.870000
2007-05-17,0.860000
2007-05-18,0.875000
2007-05-21,0.881000
2007-05-22,0.876000
2007-05-23,0.897000
2007-05-24,0.903000
2007-05-25,0.918000
2007-05-28,0.936000
2007-05-29,0.960000
2007-05-30,0.961000
2007-05-31,0.972000
2007-06-01,0.977000
2007-06-04,0.984000
2007-06-05,0.990000
2007-06-06,0.997000
2007-06-07,1.017000
2007-06-08,1.037000
2007-06-11,1.044000
2007-06-12,1.065000
2007-06-13,1.080000
2007-06-14,1.061000
2007-06-15,1.030000
2007-06-18,1.012000
2007-06-19,1.033000
2007-06-20,1.018000
2007-06-21,1.022000
2007-06-22,1.013000
2007-06-25,1.009000
2007-06-26,1.010000
2007-06-27,1.000000
2007-06-28,1.022000
2007-06-29,1.010000
2007-07-02,1.020000
2007-07-03,1.026000
2007-07-04,1.032000
2007-07-05,1.052000
2007-07-06,1.058000
2007-07-09,1.071000
2007-07-10,1.067000
2007-07-11,1.028000
2007-07-12,1.029000
2007-07-13,1.051000
2007-07-17,1.041000
2007-07-18,1.027000
2007-07-19,1.037000
2007-07-20,1.033000
2007-07-23,1.013000
2007-07-24,1.013000
2007-07-25,1.013000
2007-07-26,1.019000
2007-07-27,0.978000
2007-07-30,0.989000
2007-07-31,0.996000
2007-08-01,0.969000
2007-08-02,0.980000
2007-08-03,0.978000
2007-08-06,0.955000
2007-08-07,0.966000
2007-08-08,1.003000
2007-08-09,1.023000
2007-08-10,0.944000
2007-08-13,0.930000
2007-08-14,0.951000
2007-08-15,0.904000
2007-08-16,0.869000
2007-08-17,0.818000
2007-08-20,0.834000
2007-08-21,0.844000
2007-08-22,0.874000
2007-08-23,0.904000
2007-08-24,0.884000
2007-08-27,0.884000
2007-08-28,0.879000
2007-08-29,0.874000
2007-08-30,0.847000
2007-08-31,0.870000
2007-09-03,0.869000
2007-09-04,0.854000
2007-09-05,0.833000
2007-09-06,0.827000
2007-09-07,0.817000
2007-09-10,0.777000
2007-09-11,0.787000
2007-09-12,0.787000
2007-09-13,0.787000
2007-09-14,0.793000
2007-09-18,0.778000
2007-09-19,0.798000
2007-09-20,0.803000
2007-09-21,0.843000
2007-09-25,0.864000
2007-09-26,0.863000
2007-09-27,0.881000
2007-09-28,0.856000
2007-10-01,0.836000
2007-10-02,0.847000
2007-10-03,0.855000
2007-10-04,0.875000
2007-10-05,0.861000
2007-10-09,0.882000
2007-10-10,0.897000
2007-10-11,0.898000
2007-10-12,0.873000
2007-10-15,0.890000
2007-10-16,0.880000
2007-10-17,0.855000
2007-10-18,0.839000
2007-10-19,0.799000
2007-10-22,0.788000
2007-10-23,0.793000
2007-10-24,0.782000
2007-10-25,0.767000
2007-10-26,0.783000
2007-10-29,0.772000
2007-10-30,0.770000
2007-10-31,0.775000
2007-11-01,0.815000
2007-11-02,0.772000
2007-11-05,0.781000
2007-11-06,0.771000
2007-11-07,0.771000
2007-11-08,0.766000
2007-11-09,0.766000
2007-11-12,0.767000
2007-11-13,0.753000
2007-11-14,0.763000
2007-11-15,0.750000
2007-11-16,0.739000
2007-11-19,0.735000
2007-11-20,0.740000
2007-11-21,0.730000
2007-11-22,0.730000
2007-11-26,0.752000
2007-11-27,0.767000
2007-11-28,0.767000
2007-11-29,0.767000
2007-11-30,0.757000
2007-12-03,0.737000
2007-12-04,0.707000
2007-12-05,0.711000
2007-12-06,0.741000
2007-12-07,0.738000
2007-12-10,0.733000
2007-12-11,0.738000
2007-12-12,0.714000
2007-12-13,0.739000
2007-12-14,0.734000
2007-12-17,0.720000
2007-12-18,0.714000
2007-12-19,0.714000
2007-12-20,0.715000
2007-12-21,0.715000
2007-12-25,0.736000
2007-12-26,0.735000
2007-12-27,0.730000
2007-12-28,0.705000
2008-01-04,0.685000
2008-01-07,0.678000
2008-01-08,0.673000
2008-01-09,0.663000
2008-01-10,0.638000
2008-01-11,0.607000
2008-01-15,0.609000
2008-01-16,0.589000
2008-01-17,0.584000
2008-01-18,0.579000
2008-01-21,0.569000
2008-01-22,0.527000
2008-01-23,0.497000
2008-01-24,0.507000
2008-01-25,0.564000
2008-01-28,0.524000
2008-01-29,0.550000
2008-01-30,0.549000
2008-01-31,0.549000
2008-02-01,0.550000
2008-02-04,0.584000
2008-02-05,0.611000
2008-02-06,0.573000
2008-02-07,0.574000
2008-02-08,0.549000
2008-02-12,0.549000
2008-02-13,0.559000
2008-02-14,0.585000
2008-02-15,0.581000
2008-02-18,0.581000
2008-02-19,0.586000
2008-02-20,0.571000
2008-02-21,0.597000
2008-02-22,0.582000
2008-02-25,0.608000
2008-02-26,0.623000
2008-02-27,0.623000
2008-02-28,0.594000
2008-02-29,0.553000
2008-03-03,0.523000
2008-03-04,0.549000
2008-03-05,0.534000
2008-03-06,0.524000
2008-03-07,0.509000
2008-03-10,0.519000
2008-03-11,0.550000
2008-03-12,0.579000
2008-03-13,0.560000
2008-03-14,0.565000
2008-03-17,0.560000
2008-03-18,0.575000
2008-03-19,0.565000
2008-03-21,0.570000
2008-03-24,0.571000
2008-03-25,0.566000
2008-03-26,0.571000
2008-03-27,0.575000
2008-03-28,0.572000
2008-03-31,0.564000
2008-04-01,0.579000
2008-04-02,0.585000
2008-04-03,0.574000
2008-04-04,0.559000
2008-04-07,0.564000
2008-04-08,0.569000
2008-04-09,0.589000
2008-04-10,0.599000
2008-04-11,0.605000
2008-04-14,0.600000
2008-04-15,0.600000
2008-04-16,0.620000
2008-04-17,0.646000
2008-04-18,0.646000
2008-04-21,0.662000
2008-04-22,0.683000
2008-04-23,0.689000
2008-04-24,0.720000
2008-04-25,0.818000
2008-04-28,0.824000
2008-04-30,0.775000
2008-05-01,0.735000
2008-05-02,0.753000
2008-05-07,0.753000
2008-05-08,0.738000
2008-05-09,0.724000
2008-05-12,0.740000
2008-05-13,0.756000
2008-05-14,0.811000
2008-05-15,0.841000
2008-05-16,0.837000
2008-05-19,0.829000
2008-05-20,0.814000
2008-05-21,0.784000
2008-05-22,0.795000
2008-05-23,0.837000
2008-05-26,0.839000
2008-05-27,0.861000
2008-05-28,0.856000
2008-05-29,0.899000
2008-05-30,0.900000
2008-06-02,0.919000
2008-06-03,0.857000
2008-06-04,0.863000
2008-06-05,0.828000
2008-06-06,0.874000
2008-06-09,0.846000
2008-06-10,0.942000
2008-06-11,0.993000
2008-06-12,0.983000
2008-06-13,1.009000
2008-06-16,0.961000
2008-06-17,0.916000
2008-06-18,0.875000
2008-06-19,0.901000
2008-06-20,0.881000
2008-06-23,0.852000
2008-06-24,0.858000
2008-06-25,0.832000
2008-06-26,0.803000
2008-06-27,0.781000
2008-06-30,0.781000
2008-07-01,0.808000
2008-07-02,0.809000
2008-07-03,0.825000
2008-07-04,0.823000
2008-07-07,0.853000
2008-07-08,0.825000
2008-07-09,0.806000
2008-07-10,0.772000
2008-07-11,0.773000
2008-07-14,0.769000
2008-07-15,0.759000
2008-07-16,0.749000
2008-07-17,0.759000
2008-07-18,0.759000
2008-07-22,0.784000
2008-07-23,0.795000
2008-07-24,0.806000
2008-07-25,0.780000
2008-07-28,0.796000
2008-07-29,0.785000
2008-07-30,0.773000
2008-07-31,0.771000
2008-08-01,0.751000
2008-08-04,0.733000
2008-08-05,0.747000
2008-08-06,0.733000
2008-08-07,0.718000
2008-08-08,0.696000
2008-08-11,0.703000
2008-08-12,0.703000
2008-08-13,0.699000
2008-08-14,0.694000
2008-08-15,0.689000
2008-08-18,0.675000
2008-08-19,0.675000
2008-08-20,0.690000
2008-08-21,0.680000
2008-08-22,0.691000
2008-08-25,0.691000
2008-08-26,0.695000
2008-08-27,0.716000
2008-08-28,0.716000
2008-08-29,0.709000
2008-09-01,0.731000
2008-09-02,0.721000
2008-09-03,0.717000
2008-09-04,0.739000
2008-09-05,0.720000
2008-09-08,0.746000
2008-09-09,0.736000
2008-09-10,0.732000
2008-09-11,0.732000
2008-09-12,0.738000
2008-09-16,0.706000
2008-09-17,0.737000
2008-09-18,0.798000
2008-09-19,0.789000
2008-09-22,0.786000
2008-09-24,0.801000
2008-09-25,0.803000
2008-09-26,0.807000
2008-09-29,0.811000
2008-09-30,0.748000
2008-10-01,0.764000
2008-10-02,0.764000
2008-10-03,0.726000
2008-10-06,0.682000
2008-10-07,0.707000
2008-10-08,0.746000
2008-10-09,0.797000
2008-10-10,0.843000
2008-10-14,0.840000
2008-10-15,0.800000
2008-10-16,0.795000
2008-10-17,0.786000
2008-10-20,0.777000
2008-10-21,0.762000
2008-10-22,0.732000
2008-10-23,0.717000
2008-10-24,0.717000
2008-10-27,0.696000
2008-10-28,0.706000
2008-10-29,0.609000
2008-10-30,0.584000
2008-10-31,0.539000
2008-11-04,0.538000
2008-11-05,0.545000
2008-11-06,0.544000
2008-11-07,0.568000
2008-11-10,0.597000
2008-11-11,0.593000
2008-11-12,0.593000
2008-11-13,0.573000
2008-11-14,0.549000
2008-11-17,0.525000
2008-11-18,0.535000
2008-11-19,0.546000
2008-11-20,0.536000
2008-11-21,0.556000
2008-11-25,0.587000
2008-11-26,0.603000
2008-11-27,0.599000
2008-11-28,0.586000
2008-12-01,0.579000
2008-12-02,0.544000
2008-12-03,0.544000
2008-12-04,0.549000
2008-12-05,0.564000
2008-12-08,0.578000
2008-12-09,0.583000
2008-12-10,0.584000
2008-12-11,0.579000
2008-12-12,0.534000
2008-12-15,0.535000
2008-12-16,0.510000
2008-12-17,0.460000
2008-12-18,0.454000
2008-12-19,0.414000
2008-12-22,0.394000
2008-12-24,0.393000
2008-12-25,0.399000
2008-12-26,0.403000
2008-12-29,0.388000
2008-12-30,0.370000
2009-01-05,0.358000
2009-01-06,0.374000
2009-01-07,0.364000
2009-01-08,0.369000
2009-01-09,0.369000
2009-01-13,0.368000
2009-01-14,0.374000
2009-01-15,0.374000
2009-01-16,0.364000
2009-01-19,0.355000
2009-01-20,0.350000
2009-01-21,0.365000
2009-01-22,0.360000
2009-01-23,0.364000
2009-01-26,0.385000
2009-01-27,0.402000
2009-01-28,0.411000
2009-01-29,0.403000
2009-01-30,0.403000
2009-02-02,0.396000
2009-02-03,0.409000
2009-02-04,0.425000
2009-02-05,0.423000
2009-02-06,0.410000
2009-02-09,0.393000
2009-02-10,0.409000
2009-02-12,0.399000
2009-02-13,0.389000
2009-02-16,0.395000
2009-02-17,0.385000
2009-02-18,0.370000
2009-02-19,0.380000
2009-02-20,0.381000
2009-02-23,0.385000
2009-02-24,0.405000
2009-02-25,0.410000
2009-02-26,0.392000
2009-02-27,0.392000
2009-03-02,0.393000
2009-03-03,0.393000
2009-03-04,0.393000
2009-03-05,0.399000
2009-03-06,0.399000
2009-03-09,0.399000
2009-03-10,0.410000
2009-03-11,0.410000
2009-03-12,0.410000
2009-03-13,0.410000
2009-03-16,0.405000
2009-03-17,0.406000
2009-03-18,0.406000
2009-03-19,0.396000
2009-03-23,0.403000
2009-03-24,0.403000
2009-03-25,0.403000
2009-03-26,0.409000
2009-03-27,0.409000
2009-03-30,0.407000
2009-03-31,0.408000
2009-04-01,0.398000
2009-04-02,0.398000
2009-04-03,0.396000
2009-04-06,0.416000
2009-04-07,0.421000
2009-04-08,0.432000
2009-04-09,0.458000
2009-04-10,0.454000
2009-04-13,0.450000
2009-04-14,0.445000
2009-04-15,0.420000
2009-04-16,0.416000
2009-04-17,0.401000
2009-04-20,0.402000
2009-04-21,0.408000
2009-04-22,0.403000
2009-04-23,0.403000
2009-04-24,0.406000
2009-04-27,0.406000
2009-04-28,0.390000
2009-04-30,0.375000
2009-05-01,0.371000
2009-05-07,0.393000
2009-05-08,0.394000
2009-05-11,0.399000
2009-05-12,0.390000
2009-05-13,0.380000
2009-05-14,0.371000
2009-05-15,0.370000
2009-05-18,0.370000
2009-05-19,0.381000
2009-05-20,0.371000
2009-05-21,0.361000
2009-05-22,0.352000
2009-05-25,0.362000
2009-05-26,0.363000
2009-05-27,0.363000
2009-05-28,0.344000
2009-05-29,0.344000
2009-06-01,0.345000
2009-06-02,0.354000
2009-06-03,0.356000
2009-06-04,0.346000
2009-06-05,0.337000
2009-06-08,0.368000
2009-06-09,0.378000
2009-06-10,0.373000
2009-06-11,0.374000
2009-06-12,0.374000
2009-06-15,0.375000
2009-06-16,0.370000
2009-06-17,0.371000
2009-06-18,0.366000
2009-06-19,0.356000
2009-06-22,0.357000
2009-06-23,0.347000
2009-06-24,0.333000
2009-06-25,0.314000
2009-06-26,0.303000
2009-06-29,0.294000
2009-06-30,0.307000
2009-07-01,0.287000
2009-07-02,0.270000
2009-07-03,0.255000
2009-07-06,0.254000
2009-07-07,0.259000
2009-07-08,0.254000
2009-07-09,0.240000
2009-07-10,0.240000
2009-07-13,0.245000
2009-07-14,0.250000
2009-07-15,0.260000
2009-07-16,0.265000
2009-07-17,0.265000
2009-07-21,0.276000
2009-07-22,0.281000
2009-07-23,0.276000
2009-07-24,0.271000
2009-07-27,0.267000
2009-07-28,0.266000
2009-07-29,0.271000
2009-07-30,0.272000
2009-07-31,0.275000
2009-08-03,0.275000
2009-08-04,0.270000
2009-08-05,0.265000
2009-08-06,0.265000
2009-08-07,0.265000
2009-08-10,0.275000
2009-08-11,0.270000
2009-08-12,0.270000
2009-08-13,0.265000
2009-08-14,0.265000
2009-08-17,0.260000
2009-08-18,0.260000
2009-08-19,0.255000
2009-08-20,0.246000
2009-08-21,0.245000
2009-08-24,0.246000
2009-08-25,0.241000
2009-08-26,0.241000
2009-08-27,0.241000
2009-08-28,0.242000
2009-08-31,0.240000
2009-09-01,0.240000
2009-09-02,0.235000
2009-09-03,0.230000
2009-09-04,0.231000
2009-09-07,0.237000
2009-09-08,0.233000
2009-09-09,0.223000
2009-09-10,0.209000
2009-09-11,0.204000
2009-09-14,0.209000
2009-09-15,0.210000
2009-09-16,0.210000
2009-09-17,0.215000
2009-09-18,0.225000
2009-09-24,0.221000
2009-09-25,0.211000
2009-09-28,0.227000
2009-09-29,0.228000
2009-09-30,0.239000
2009-10-01,0.234000
2009-10-02,0.230000
2009-10-05,0.231000
2009-10-06,0.231000
2009-10-07,0.236000
2009-10-08,0.247000
2009-10-09,0.252000
2009-10-13,0.249000
2009-10-14,0.240000
2009-10-15,0.245000
2009-10-16,0.240000
2009-10-19,0.246000
2009-10-20,0.252000
2009-10-21,0.252000
2009-10-22,0.263000
2009-10-23,0.273000
2009-10-26,0.285000
2009-10-27,0.280000
2009-10-28,0.268000
2009-10-29,0.253000
2009-10-30,0.250000
2009-11-02,0.246000
2009-11-04,0.267000
2009-11-05,0.272000
2009-11-06,0.267000
2009-11-09,0.268000
2009-11-10,0.259000
2009-11-11,0.254000
2009-11-12,0.254000
2009-11-13,0.249000
2009-11-16,0.245000
2009-11-17,0.240000
2009-11-18,0.235000
2009-11-19,0.236000
2009-11-20,0.246000
2009-11-24,0.251000
2009-11-25,0.240000
2009-11-26,0.240000
2009-11-27,0.225000
2009-11-30,0.225000
2009-12-01,0.165000
2009-12-02,0.175000
2009-12-03,0.169000
2009-12-04,0.169000
2009-12-07,0.174000
2009-12-08,0.180000
2009-12-09,0.179000
2009-12-10,0.179000
2009-12-11,0.169000
2009-12-14,0.170000
2009-12-15,0.165000
2009-12-16,0.165000
2009-12-17,0.165000
2009-12-18,0.159000
2009-12-21,0.155000
2009-12-22,0.155000
2009-12-24,0.155000
2009-12-25,0.155000
2009-12-28,0.155000
2009-12-29,0.146000
2009-12-30,0.136000
2010-01-04,0.147000
2010-01-05,0.148000
2010-01-06,0.154000
2010-01-07,0.154000
2010-01-08,0.164000
2010-01-12,0.164000
2010-01-13,0.164000
2010-01-14,0.159000
2010-01-15,0.155000
2010-01-18,0.160000
2010-01-19,0.160000
2010-01-20,0.161000
2010-01-21,0.161000
2010-01-22,0.161000
2010-01-25,0.162000
2010-01-26,0.157000
2010-01-27,0.156000
2010-01-28,0.155000
2010-01-29,0.155000
2010-02-01,0.155000
2010-02-02,0.155000
2010-02-03,0.155000
2010-02-04,0.155000
2010-02-05,0.155000
2010-02-08,0.155000
2010-02-09,0.155000
2010-02-10,0.154000
2010-02-12,0.154000
2010-02-15,0.160000
2010-02-16,0.160000
2010-02-17,0.155000
2010-02-18,0.155000
2010-02-19,0.155000
2010-02-22,0.156000
2010-02-23,0.156000
2010-02-24,0.156000
2010-02-25,0.155000
2010-02-26,0.155000
2010-03-01,0.155000
2010-03-02,0.155000
2010-03-03,0.155000
2010-03-04,0.145000
2010-03-05,0.140000
2010-03-08,0.140000
2010-03-09,0.140000
2010-03-10,0.140000
2010-03-11,0.140000
2010-03-12,0.140000
2010-03-15,0.145000
2010-03-16,0.145000
2010-03-17,0.145000
2010-03-18,0.145000
2010-03-19,0.145000
2010-03-23,0.146000
2010-03-24,0.146000
2010-03-25,0.152000
2010-03-26,0.157000
2010-03-29,0.162000
2010-03-30,0.162000
2010-03-31,0.167000
2010-04-01,0.163000
2010-04-02,0.163000
2010-04-05,0.163000
2010-04-06,0.159000
2010-04-07,0.159000
2010-04-08,0.155000
2010-04-09,0.155000
2010-04-12,0.155000
2010-04-13,0.160000
2010-04-14,0.160000
2010-04-15,0.165000
2010-04-16,0.165000
2010-04-19,0.160000
2010-04-20,0.160000
2010-04-21,0.160000
2010-04-22,0.160000
2010-04-23,0.160000
2010-04-26,0.165000
2010-04-27,0.162000
2010-04-28,0.160000
2010-04-30,0.160000
2010-05-06,0.160000
2010-05-07,0.160000
2010-05-10,0.160000
2010-05-11,0.160000
2010-05-12,0.155000
2010-05-13,0.160000
2010-05-14,0.160000
2010-05-17,0.160000
2010-05-18,0.165000
2010-05-19,0.165000
2010-05-20,0.160000
2010-05-21,0.155000
2010-05-24,0.160000
2010-05-25,0.160000
2010-05-26,0.160000
2010-05-27,0.160000
2010-05-28,0.160000
2010-05-31,0.160000
2010-06-01,0.155000
2010-06-02,0.155000
2010-06-03,0.150000
2010-06-04,0.145000
2010-06-07,0.145000
2010-06-08,0.145000
2010-06-09,0.145000
2010-06-10,0.145000
2010-06-11,0.150000
2010-06-14,0.155000
2010-06-15,0.155000
2010-06-16,0.155000
2010-06-17,0.155000
2010-06-18,0.155000
2010-06-21,0.155000
2010-06-22,0.151000
2010-06-23,0.150000
2010-06-24,0.150000
2010-06-25,0.150000
2010-06-28,0.150000
2010-06-29,0.145000
2010-06-30,0.145000
2010-07-01,0.140000
2010-07-02,0.140000
2010-07-05,0.140000
2010-07-06,0.140000
2010-07-07,0.140000
2010-07-08,0.140000
2010-07-09,0.140000
2010-07-12,0.140000
2010-07-13,0.145000
2010-07-14,0.145000
2010-07-15,0.145000
2010-07-16,0.140000
2010-07-20,0.145000
2010-07-21,0.145000
2010-07-22,0.144000
2010-07-23,0.144000
2010-07-26,0.145000
2010-07-27,0.145000
2010-07-28,0.145000
2010-07-29,0.145000
2010-07-30,0.145000
2010-08-02,0.145000
2010-08-03,0.145000
2010-08-04,0.140000
2010-08-05,0.140000
2010-08-06,0.140000
2010-08-09,0.140000
2010-08-10,0.136000
2010-08-11,0.136000
2010-08-12,0.136000
2010-08-13,0.131000
2010-08-16,0.135000
2010-08-17,0.130000
2010-08-18,0.120000
2010-08-19,0.115000
2010-08-20,0.114000
2010-08-23,0.114000
2010-08-24,0.119000
2010-08-25,0.125000
2010-08-26,0.121000
2010-08-27,0.129000
2010-08-30,0.129000
2010-08-31,0.119000
2010-09-01,0.119000
2010-09-02,0.124000
2010-09-03,0.129000
2010-09-06,0.149000
2010-09-07,0.139000
2010-09-08,0.134000
2010-09-09,0.134000
2010-09-10,0.144000
2010-09-13,0.140000
2010-09-14,0.140000
2010-09-15,0.130000
2010-09-16,0.125000
2010-09-17,0.125000
2010-09-21,0.126000
2010-09-22,0.126000
2010-09-24,0.131000
2010-09-27,0.137000
2010-09-28,0.134000
2010-09-29,0.135000
2010-09-30,0.132000
2010-10-01,0.128000
2010-10-04,0.126000
2010-10-05,0.113000
2010-10-06,0.113000
2010-10-07,0.119000
2010-10-08,0.119000
2010-10-12,0.120000
2010-10-13,0.125000
2010-10-14,0.120000
2010-10-15,0.125000
2010-10-18,0.125000
2010-10-19,0.130000
2010-10-20,0.130000
2010-10-21,0.130000
2010-10-22,0.136000
2010-10-25,0.136000
2010-10-26,0.136000
2010-10-27,0.137000
2010-10-28,0.132000
2010-10-29,0.137000
2010-11-01,0.138000
2010-11-02,0.138000
2010-11-04,0.135000
2010-11-05,0.135000
2010-11-08,0.139000
2010-11-09,0.139000
2010-11-10,0.139000
2010-11-11,0.140000
2010-11-12,0.149000
2010-11-15,0.150000
2010-11-16,0.145000
2010-11-17,0.151000
2010-11-18,0.161000
2010-11-19,0.156000
2010-11-22,0.161000
2010-11-24,0.162000
2010-11-25,0.169000
2010-11-26,0.189000
2010-11-29,0.196000
2010-11-30,0.188000
2010-12-01,0.179000
2010-12-02,0.182000
2010-12-03,0.184000
2010-12-06,0.174000
2010-12-07,0.179000
2010-12-08,0.208000
2010-12-09,0.224000
2010-12-10,0.219000
2010-12-13,0.235000
2010-12-14,0.230000
2010-12-15,0.225000
2010-12-16,0.215000
2010-12-17,0.200000
2010-12-20,0.201000
2010-12-21,0.206000
2010-12-22,0.214000
2010-12-24,0.214000
2010-12-27,0.204000
2010-12-28,0.197000
2010-12-29,0.192000
2010-12-30,0.167000
2011-01-04,0.173000
2011-01-05,0.168000
2011-01-06,0.178000
2011-01-07,0.173000
2011-01-11,0.165000
2011-01-12,0.170000
2011-01-13,0.179000
2011-01-14,0.185000
2011-01-17,0.190000
2011-01-18,0.195000
2011-01-19,0.196000
2011-01-20,0.185000
2011-01-21,0.186000
2011-01-24,0.197000
2011-01-25,0.202000
2011-01-26,0.202000
2011-01-27,0.195000
2011-01-28,0.195000
2011-01-31,0.195000
2011-02-01,0.195000
2011-02-02,0.195000
2011-02-03,0.200000
2011-02-04,0.208000
2011-02-07,0.213000
2011-02-08,0.222000
2011-02-09,0.238000
2011-02-10,0.238000
2011-02-14,0.230000
2011-02-15,0.230000
2011-02-16,0.245000
2011-02-17,0.236000
2011-02-18,0.226000
2011-02-21,0.232000
2011-02-22,0.222000
2011-02-23,0.222000
2011-02-24,0.231000
2011-02-25,0.235000
2011-02-28,0.237000
2011-03-01,0.238000
2011-03-02,0.228000
2011-03-03,0.229000
2011-03-04,0.229000
2011-03-07,0.221000
2011-03-08,0.222000
2011-03-09,0.227000
2011-03-10,0.228000
2011-03-11,0.214000
2011-03-14,0.175000
2011-03-15,0.215000
2011-03-16,0.225000
2011-03-17,0.225000
2011-03-18,0.210000
2011-03-22,0.211000
2011-03-23,0.216000
2011-03-24,0.209000
2011-03-25,0.200000
2011-03-28,0.206000
2011-03-29,0.207000
2011-03-30,0.202000
2011-03-31,0.208000
2011-04-01,0.205000
2011-04-04,0.206000
2011-04-05,0.207000
2011-04-06,0.206000
2011-04-07,0.202000
2011-04-08,0.199000
2011-04-11,0.199000
2011-04-12,0.195000
2011-04-13,0.199000
2011-04-14,0.200000
2011-04-15,0.205000
2011-04-18,0.200000
2011-04-19,0.201000
2011-04-20,0.201000
2011-04-21,0.201000
2011-04-22,0.201000
2011-04-25,0.206000
2011-04-26,0.200000
2011-04-27,0.197000
2011-04-28,0.189000
2011-05-02,0.186000
2011-05-06,0.179000
2011-05-09,0.184000
2011-05-10,0.184000
2011-05-11,0.185000
2011-05-12,0.180000
2011-05-13,0.180000
2011-05-16,0.180000
2011-05-17,0.180000
2011-05-18,0.180000
2011-05-19,0.180000
2011-05-20,0.180000
2011-05-23,0.180000
2011-05-24,0.180000
2011-05-25,0.175000
2011-05-26,0.181000
2011-05-27,0.180000
2011-05-30,0.175000
2011-05-31,0.175000
2011-06-01,0.170000
2011-06-02,0.160000
2011-06-03,0.155000
2011-06-06,0.160000
2011-06-07,0.170000
2011-06-08,0.170000
2011-06-09,0.170000
2011-06-10,0.170000
2011-06-13,0.170000
2011-06-14,0.170000
2011-06-15,0.180000
2011-06-16,0.175000
2011-06-17,0.170000
2011-06-20,0.170000
2011-06-21,0.170000
2011-06-22,0.160000
2011-06-23,0.155000
2011-06-24,0.155000
2011-06-27,0.155000
2011-06-28,0.157000
2011-06-29,0.162000
2011-06-30,0.167000
2011-07-01,0.163000
2011-07-04,0.160000
2011-07-05,0.160000
2011-07-06,0.160000
2011-07-07,0.160000
2011-07-08,0.160000
2011-07-11,0.155000
2011-07-12,0.155000
2011-07-13,0.155000
2011-07-14,0.150000
2011-07-15,0.150000
2011-07-19,0.150000
2011-07-20,0.150000
2011-07-21,0.161000
2011-07-22,0.161000
2011-07-25,0.161000
2011-07-26,0.161000
2011-07-27,0.161000
2011-07-28,0.155000
2011-07-29,0.155000
2011-08-01,0.155000
2011-08-02,0.150000
2011-08-03,0.147000
2011-08-04,0.147000
2011-08-05,0.137000
2011-08-08,0.135000
2011-08-09,0.135000
2011-08-10,0.135000
2011-08-11,0.140000
2011-08-12,0.145000
2011-08-15,0.150000
2011-08-16,0.145000
2011-08-17,0.145000
2011-08-18,0.145000
2011-08-19,0.140000
2011-08-22,0.129000
2011-08-23,0.129000
2011-08-24,0.129000
2011-08-25,0.135000
2011-08-26,0.134000
2011-08-29,0.134000
2011-08-30,0.141000
2011-08-31,0.136000
2011-09-01,0.142000
2011-09-02,0.142000
2011-09-05,0.142000
2011-09-06,0.137000
2011-09-07,0.138000
2011-09-08,0.138000
2011-09-09,0.138000
2011-09-12,0.139000
2011-09-13,0.139000
2011-09-14,0.135000
2011-09-15,0.135000
2011-09-16,0.135000
2011-09-20,0.130000
2011-09-21,0.130000
2011-09-22,0.125000
2011-09-26,0.120000
2011-09-27,0.126000
2011-09-28,0.126000
2011-09-29,0.132000
2011-09-30,0.137000
2011-10-03,0.139000
2011-10-04,0.136000
2011-10-05,0.136000
2011-10-06,0.137000
2011-10-07,0.137000
2011-10-11,0.139000
2011-10-12,0.139000
2011-10-13,0.139000
2011-10-14,0.135000
2011-10-17,0.135000
2011-10-18,0.145000
2011-10-19,0.145000
2011-10-20,0.146000
2011-10-21,0.146000
2011-10-24,0.146000
2011-10-25,0.146000
2011-10-26,0.142000
2011-10-27,0.141000
2011-10-28,0.143000
2011-10-31,0.143000
2011-11-01,0.143000
2011-11-02,0.139000
2011-11-04,0.136000
2011-11-07,0.134000
2011-11-08,0.130000
2011-11-09,0.130000
2011-11-10,0.130000
2011-11-11,0.125000
2011-11-14,0.130000
2011-11-15,0.130000
2011-11-16,0.130000
2011-11-17,0.125000
2011-11-18,0.120000
2011-11-21,0.125000
2011-11-22,0.125000
2011-11-24,0.129000
2011-11-25,0.140000
2011-11-28,0.145000
2011-11-29,0.145000
2011-11-30,0.140000
2011-12-01,0.135000
2011-12-02,0.130000
2011-12-05,0.125000
2011-12-06,0.125000
2011-12-07,0.130000
2011-12-08,0.130000
2011-12-09,0.130000
2011-12-12,0.130000
2011-12-13,0.130000
2011-12-14,0.130000
2011-12-15,0.125000
2011-12-16,0.130000
2011-12-19,0.130000
2011-12-20,0.130000
2011-12-21,0.134000
2011-12-22,0.130000
2011-12-26,0.130000
2011-12-27,0.131000
2011-12-28,0.131000
2011-12-29,0.131000
2011-12-30,0.131000
2012-01-04,0.132000
2012-01-05,0.127000
2012-01-06,0.127000
2012-01-10,0.128000
2012-01-11,0.129000
2012-01-12,0.129000
2012-01-13,0.129000
2012-01-16,0.125000
2012-01-17,0.125000
2012-01-18,0.126000
2012-01-19,0.126000
2012-01-20,0.126000
2012-01-23,0.126000
2012-01-24,0.127000
2012-01-25,0.127000
2012-01-26,0.127000
2012-01-27,0.127000
2012-01-30,0.127000
2012-01-31,0.127000
2012-02-01,0.128000
2012-02-02,0.128000
2012-02-03,0.128000
2012-02-06,0.128000
2012-02-07,0.129000
2012-02-08,0.129000
2012-02-09,0.124000
2012-02-10,0.124000
2012-02-13,0.125000
2012-02-14,0.115000
2012-02-15,0.105000
2012-02-16,0.105000
2012-02-17,0.105000
2012-02-20,0.105000
2012-02-21,0.105000
2012-02-22,0.105000
2012-02-23,0.105000
2012-02-24,0.104000
2012-02-27,0.104000
2012-02-28,0.110000
2012-02-29,0.109000
2012-03-01,0.110000
2012-03-02,0.110000
2012-03-05,0.111000
2012-03-06,0.112000
2012-03-07,0.112000
2012-03-08,0.113000
2012-03-09,0.113000
2012-03-12,0.110000
2012-03-13,0.110000
2012-03-14,0.105000
2012-03-15,0.110000
2012-03-16,0.110000
2012-03-19,0.110000
2012-03-21,0.111000
2012-03-22,0.111000
2012-03-23,0.111000
2012-03-26,0.111000
2012-03-27,0.110000
2012-03-28,0.110000
2012-03-29,0.114000
2012-03-30,0.115000
2012-04-02,0.116000
2012-04-03,0.116000
2012-04-04,0.116000
2012-04-05,0.117000
2012-04-06,0.113000
2012-04-09,0.114000
2012-04-10,0.114000
2012-04-11,0.114000
2012-04-12,0.114000
2012-04-13,0.115000
2012-04-16,0.110000
2012-04-17,0.110000
2012-04-18,0.110000
2012-04-19,0.105000
2012-04-20,0.105000
2012-04-23,0.106000
2012-04-24,0.106000
2012-04-25,0.106000
2012-04-26,0.108000
2012-04-27,0.109000
2012-05-01,0.108000
2012-05-02,0.108000
2012-05-07,0.109000
2012-05-08,0.109000
2012-05-09,0.109000
2012-05-10,0.109000
2012-05-11,0.109000
2012-05-14,0.105000
2012-05-15,0.105000
2012-05-16,0.100000
2012-05-17,0.100000
2012-05-18,0.100000
2012-05-21,0.100000
2012-05-22,0.100000
2012-05-23,0.100000
2012-05-24,0.100000
2012-05-25,0.100000
2012-05-28,0.100000
2012-05-29,0.100000
2012-05-30,0.100000
2012-05-31,0.100000
2012-06-01,0.100000
2012-06-04,0.100000
2012-06-05,0.100000
2012-06-06,0.100000
2012-06-07,0.100000
2012-06-08,0.100000
2012-06-11,0.100000
2012-06-12,0.100000
2012-06-13,0.100000
2012-06-14,0.100000
2012-06-15,0.100000
2012-06-18,0.100000
2012-06-19,0.100000
2012-06-20,0.100000
2012-06-21,0.100000
2012-06-22,0.100000
2012-06-25,0.100000
2012-06-26,0.100000
2012-06-27,0.100000
2012-06-28,0.100000
2012-06-29,0.100000
2012-07-02,0.100000
2012-07-03,0.100000
2012-07-04,0.100000
2012-07-05,0.100000
2012-07-06,0.100000
2012-07-09,0.100000
2012-07-10,0.100000
2012-07-11,0.100000
2012-07-12,0.100000
2012-07-13,0.100000
2012-07-17,0.100000
2012-07-18,0.100000
2012-07-19,0.100000
2012-07-20,0.100000
2012-07-23,0.100000
2012-07-24,0.100000
2012-07-25,0.100000
2012-07-26,0.100000
2012-07-27,0.100000
2012-07-30,0.100000
2012-07-31,0.097000
2012-08-01,0.095000
2012-08-02,0.094000
2012-08-03,0.092000
2012-08-06,0.088000
2012-08-07,0.088000
2012-08-08,0.091000
2012-08-09,0.091000
2012-08-10,0.091000
2012-08-13,0.090000
2012-08-14,0.095000
2012-08-15,0.100000
2012-08-16,0.100000
2012-08-17,0.100000
2012-08-20,0.100000
2012-08-21,0.100000
2012-08-22,0.100000
2012-08-23,0.100000
2012-08-24,0.100000
2012-08-27,0.100000
2012-08-28,0.099000
2012-08-29,0.099000
2012-08-30,0.100000
2012-08-31,0.097000
2012-09-03,0.097000
2012-09-04,0.097000
2012-09-05,0.097000
2012-09-06,0.096000
2012-09-07,0.096000
2012-09-10,0.096000
2012-09-11,0.095000
2012-09-12,0.095000
2012-09-13,0.095000
2012-09-14,0.100000
2012-09-18,0.100000
2012-09-19,0.100000
2012-09-20,0.100000
2012-09-21,0.100000
2012-09-24,0.100000
2012-09-25,0.100000
2012-09-26,0.100000
2012-09-27,0.100000
2012-09-28,0.100000
2012-10-01,0.100000
2012-10-02,0.100000
2012-10-03,0.100000
2012-10-04,0.100000
2012-10-05,0.100000
2012-10-09,0.100000
2012-10-10,0.100000
2012-10-11,0.100000
2012-10-12,0.100000
2012-10-15,0.100000
2012-10-16,0.100000
2012-10-17,0.100000
2012-10-18,0.100000
2012-10-19,0.100000
2012-10-22,0.100000
2012-10-23,0.100000
2012-10-24,0.100000
2012-10-25,0.098000
2012-10-26,0.098000
2012-10-29,0.098000
2012-10-30,0.097000
2012-10-31,0.097000
2012-11-01,0.097000
2012-11-02,0.097000
2012-11-05,0.096000
2012-11-06,0.096000
2012-11-07,0.096000
2012-11-08,0.096000
2012-11-09,0.096000
2012-11-12,0.095000
2012-11-13,0.095000
2012-11-14,0.100000
2012-11-15,0.100000
2012-11-16,0.100000
2012-11-19,0.100000
2012-11-20,0.100000
2012-11-21,0.100000
2012-11-22,0.100000
2012-11-26,0.100000
2012-11-27,0.098000
2012-11-28,0.098000
2012-11-29,0.098000
2012-11-30,0.097000
2012-12-03,0.097000
2012-12-04,0.097000
2012-12-05,0.097000
2012-12-06,0.096000
2012-12-07,0.096000
2012-12-10,0.096000
2012-12-11,0.096000
2012-12-12,0.095000
2012-12-13,0.095000
2012-12-14,0.100000
2012-12-17,0.100000
2012-12-18,0.100000
2012-12-19,0.100000
2012-12-20,0.100000
2012-12-21,0.100000
2012-12-25,0.099000
2012-12-26,0.098000
2012-12-27,0.098000
2012-12-28,0.098000
2013-01-04,0.097000
2013-01-07,0.096000
2013-01-08,0.096000
2013-01-09,0.096000
2013-01-10,0.096000
2013-01-11,0.080000
2013-01-15,0.080000
2013-01-16,0.080000
2013-01-17,0.080000
2013-01-18,0.075000
2013-01-21,0.075000
2013-01-22,0.075000
2013-01-23,0.085000
2013-01-24,0.085000
2013-01-25,0.079000
2013-01-28,0.080000
2013-01-29,0.080000
2013-01-30,0.080000
2013-01-31,0.067000
2013-02-01,0.067000
2013-02-04,0.067000
2013-02-05,0.067000
2013-02-06,0.051000
2013-02-07,0.032000
2013-02-08,0.032000
2013-02-12,0.031000
2013-02-13,0.030000
2013-02-14,0.040000
2013-02-15,0.045000
2013-02-18,0.045000
2013-02-19,0.045000
2013-02-20,0.045000
2013-02-21,0.045000
2013-02-22,0.045000
2013-02-25,0.045000
2013-02-26,0.045000
2013-02-27,0.045000
2013-02-28,0.045000
2013-03-01,0.045000
2013-03-04,0.040000
2013-03-05,0.040000
2013-03-06,0.040000
2013-03-07,0.040000
2013-03-08,0.040000
2013-03-11,0.040000
2013-03-12,0.040000
2013-03-13,0.040000
2013-03-14,0.040000
2013-03-15,0.045000
2013-03-18,0.045000
2013-03-19,0.045000
2013-03-21,0.045000
2013-03-22,0.045000
2013-03-25,0.039000
2013-03-26,0.039000
2013-03-27,0.039000
2013-03-28,0.046000
2013-03-29,0.057000
2013-04-01,0.055000
2013-04-02,0.056000
2013-04-03,0.056000
2013-04-04,0.058000
2013-04-05,0.082000
2013-04-08,0.094000
2013-04-09,0.108000
2013-04-10,0.123000
2013-04-11,0.119000
2013-04-12,0.129000
2013-04-15,0.130000
2013-04-16,0.130000
2013-04-17,0.130000
2013-04-18,0.130000
2013-04-19,0.125000
2013-04-22,0.125000
2013-04-23,0.120000
2013-04-24,0.120000
2013-04-25,0.123000
2013-04-26,0.124000
2013-04-30,0.122000
2013-05-01,0.115000
2013-05-02,0.111000
2013-05-07,0.112000
2013-05-08,0.113000
2013-05-09,0.113000
2013-05-10,0.113000
2013-05-13,0.125000
2013-05-14,0.135000
2013-05-15,0.135000
2013-05-16,0.130000
2013-05-17,0.130000
2013-05-20,0.131000
2013-05-21,0.131000
2013-05-22,0.125000
2013-05-23,0.120000
2013-05-24,0.125000
2013-05-27,0.125000
2013-05-28,0.131000
2013-05-29,0.142000
2013-05-30,0.143000
2013-05-31,0.139000
2013-06-03,0.129000
2013-06-04,0.124000
2013-06-05,0.119000
2013-06-06,0.119000
2013-06-07,0.120000
2013-06-10,0.125000
2013-06-11,0.125000
2013-06-12,0.125000
2013-06-13,0.130000
2013-06-14,0.130000
2013-06-17,0.130000
2013-06-18,0.130000
2013-06-19,0.130000
2013-06-20,0.129000
2013-06-21,0.134000
2013-06-24,0.134000
2013-06-25,0.134000
2013-06-26,0.139000
2013-06-27,0.142000
2013-06-28,0.137000
2013-07-01,0.138000
2013-07-02,0.138000
2013-07-03,0.133000
2013-07-04,0.133000
2013-07-05,0.133000
2013-07-08,0.134000
2013-07-09,0.129000
2013-07-10,0.129000
2013-07-11,0.125000
2013-07-12,0.125000
2013-07-16,0.130000
2013-07-17,0.130000
2013-07-18,0.130000
2013-07-19,0.130000
2013-07-22,0.130000
2013-07-23,0.130000
2013-07-24,0.130000
2013-07-25,0.129000
2013-07-26,0.129000
2013-07-29,0.129000
2013-07-30,0.119000
2013-07-31,0.119000
2013-08-01,0.119000
2013-08-02,0.119000
2013-08-05,0.114000
2013-08-06,0.114000
2013-08-07,0.109000
2013-08-08,0.109000
2013-08-09,0.109000
2013-08-12,0.110000
2013-08-13,0.110000
2013-08-14,0.110000
2013-08-15,0.110000
2013-08-16,0.110000
2013-08-19,0.110000
2013-08-20,0.110000
2013-08-21,0.110000
2013-08-22,0.111000
2013-08-23,0.111000
2013-08-26,0.111000
2013-08-27,0.111000
2013-08-28,0.111000
2013-08-29,0.114000
2013-08-30,0.115000
2013-09-02,0.116000
2013-09-03,0.116000
2013-09-04,0.116000
2013-09-05,0.117000
2013-09-06,0.117000
2013-09-09,0.118000
2013-09-10,0.118000
2013-09-11,0.119000
2013-09-12,0.119000
2013-09-13,0.119000
2013-09-17,0.115000
2013-09-18,0.115000
2013-09-19,0.110000
2013-09-20,0.100000
2013-09-24,0.096000
2013-09-25,0.101000
2013-09-26,0.101000
2013-09-27,0.100000
2013-09-30,0.107000
2013-10-01,0.108000
2013-10-02,0.100000
2013-10-03,0.097000
2013-10-04,0.097000
2013-10-07,0.096000
2013-10-08,0.096000
2013-10-09,0.096000
2013-10-10,0.091000
2013-10-11,0.091000
2013-10-15,0.095000
2013-10-16,0.095000
2013-10-17,0.100000
2013-10-18,0.100000
2013-10-21,0.100000
2013-10-22,0.101000
2013-10-23,0.101000
2013-10-24,0.101000
2013-10-25,0.102000
2013-10-28,0.102000
2013-10-29,0.098000
2013-10-30,0.097000
2013-10-31,0.097000
2013-11-01,0.097000
2013-11-05,0.096000
2013-11-06,0.096000
2013-11-07,0.091000
2013-11-08,0.091000
2013-11-11,0.090000
2013-11-12,0.090000
2013-11-13,0.090000
2013-11-14,0.095000
2013-11-15,0.095000
2013-11-18,0.095000
2013-11-19,0.095000
2013-11-20,0.095000
2013-11-21,0.095000
2013-11-22,0.095000
2013-11-25,0.095000
2013-11-26,0.095000
2013-11-27,0.096000
2013-11-28,0.088000
2013-11-29,0.083000
2013-12-02,0.082000
2013-12-03,0.082000
2013-12-04,0.082000
2013-12-05,0.082000
2013-12-06,0.086000
2013-12-09,0.086000
2013-12-10,0.086000
2013-12-11,0.091000
2013-12-12,0.090000
2013-12-13,0.095000
2013-12-16,0.095000
2013-12-17,0.095000
2013-12-18,0.100000
2013-12-19,0.100000
2013-12-20,0.100000
2013-12-24,0.100000
2013-12-25,0.098000
2013-12-26,0.098000
2013-12-27,0.098000
2013-12-30,0.098000
2014-01-06,0.091000
2014-01-07,0.091000
2014-01-08,0.091000
2014-01-09,0.091000
2014-01-10,0.091000
2014-01-14,0.090000
2014-01-15,0.090000
2014-01-16,0.090000
2014-01-17,0.090000
2014-01-20,0.091000
2014-01-21,0.091000
2014-01-22,0.091000
2014-01-23,0.091000
2014-01-24,0.091000
2014-01-27,0.091000
2014-01-28,0.091000
2014-01-29,0.091000
2014-01-30,0.088000
2014-01-31,0.085000
2014-02-03,0.082000
2014-02-04,0.082000
2014-02-05,0.082000
2014-02-06,0.081000
2014-02-07,0.076000
2014-02-10,0.071000
2014-02-12,0.070000
2014-02-13,0.070000
2014-02-14,0.075000
2014-02-17,0.070000
2014-02-18,0.075000
2014-02-19,0.085000
2014-02-20,0.080000
2014-02-21,0.080000
2014-02-24,0.080000
2014-02-25,0.080000
2014-02-26,0.080000
2014-02-27,0.073000
2014-02-28,0.073000
2014-03-03,0.072000
2014-03-04,0.072000
2014-03-05,0.072000
2014-03-06,0.072000
2014-03-07,0.072000
2014-03-10,0.071000
2014-03-11,0.071000
2014-03-12,0.076000
2014-03-13,0.081000
2014-03-14,0.080000
2014-03-17,0.080000
2014-03-18,0.080000
2014-03-19,0.075000
2014-03-20,0.075000
2014-03-24,0.074000
2014-03-25,0.074000
2014-03-26,0.079000
2014-03-27,0.080000
2014-03-28,0.088000
2014-03-31,0.087000
2014-04-01,0.082000
2014-04-02,0.082000
2014-04-03,0.082000
2014-04-04,0.082000
2014-04-07,0.081000
2014-04-08,0.081000
2014-04-09,0.081000
2014-04-10,0.081000
2014-04-11,0.081000
2014-04-14,0.090000
2014-04-15,0.090000
2014-04-16,0.090000
2014-04-17,0.090000
2014-04-18,0.090000
2014-04-21,0.090000
2014-04-22,0.090000
2014-04-23,0.090000
2014-04-24,0.089000
2014-04-25,0.088000
2014-04-28,0.088000
2014-04-30,0.088000
2014-05-01,0.085000
2014-05-02,0.085000
2014-05-07,0.085000
2014-05-08,0.085000
2014-05-09,0.081000
2014-05-12,0.081000
2014-05-13,0.080000
2014-05-14,0.085000
2014-05-15,0.085000
2014-05-16,0.085000
2014-05-19,0.085000
2014-05-20,0.085000
2014-05-21,0.085000
2014-05-22,0.085000
2014-05-23,0.085000
2014-05-26,0.085000
2014-05-27,0.085000
2014-05-28,0.091000
2014-05-29,0.088000
2014-05-30,0.088000
2014-06-02,0.087000
2014-06-03,0.087000
2014-06-04,0.087000
2014-06-05,0.087000
2014-06-06,0.086000
2014-06-09,0.086000
2014-06-10,0.086000
2014-06-11,0.081000
2014-06-12,0.081000
2014-06-13,0.081000
2014-06-16,0.085000
2014-06-17,0.085000
2014-06-18,0.085000
2014-06-19,0.085000
2014-06-20,0.085000
2014-06-23,0.084000
2014-06-24,0.084000
2014-06-25,0.084000
2014-06-26,0.083000
2014-06-27,0.075000
2014-06-30,0.073000
2014-07-01,0.067000
2014-07-02,0.072000
2014-07-03,0.072000
2014-07-04,0.072000
2014-07-07,0.071000
2014-07-08,0.065000
2014-07-09,0.061000
2014-07-10,0.061000
2014-07-11,0.061000
2014-07-14,0.060000
2014-07-15,0.065000
2014-07-16,0.065000
2014-07-17,0.065000
2014-07-18,0.065000
2014-07-22,0.070000
2014-07-23,0.070000
2014-07-24,0.070000
2014-07-25,0.070000
2014-07-28,0.075000
2014-07-29,0.068000
2014-07-30,0.068000
2014-07-31,0.067000
2014-08-01,0.067000
2014-08-04,0.067000
2014-08-05,0.067000
2014-08-06,0.066000
2014-08-07,0.066000
2014-08-08,0.066000
2014-08-11,0.066000
2014-08-12,0.066000
2014-08-13,0.065000
2014-08-14,0.065000
2014-08-15,0.070000
2014-08-18,0.070000
2014-08-19,0.070000
2014-08-20,0.075000
2014-08-21,0.075000
2014-08-22,0.081000
2014-08-25,0.081000
2014-08-26,0.081000
2014-08-27,0.081000
2014-08-28,0.073000
2014-08-29,0.073000
2014-09-01,0.072000
2014-09-02,0.072000
2014-09-03,0.077000
2014-09-04,0.077000
2014-09-05,0.076000
2014-09-08,0.072000
2014-09-09,0.071000
2014-09-10,0.071000
2014-09-11,0.075000
2014-09-12,0.075000
2014-09-16,0.080000
2014-09-17,0.075000
2014-09-18,0.075000
2014-09-19,0.070000
2014-09-22,0.069000
2014-09-24,0.064000
2014-09-25,0.064000
2014-09-26,0.064000
2014-09-29,0.080000
2014-09-30,0.078000
2014-10-01,0.070000
2014-10-02,0.065000
2014-10-03,0.060000
2014-10-06,0.060000
2014-10-07,0.059000
2014-10-08,0.050000
2014-10-09,0.049000
2014-10-10,0.049000
2014-10-14,0.045000
2014-10-15,0.045000
2014-10-16,0.045000
2014-10-17,0.015000
2014-10-20,0.025000
2014-10-21,0.025000
2014-10-22,0.030000
2014-10-23,0.030000
2014-10-24,0.019000
2014-10-27,0.024000
2014-10-28,0.018000
2014-10-29,0.020000
2014-10-30,0.020000
2014-10-31,0.030000
2014-11-04,0.020000
2014-11-05,0.020000
2014-11-06,0.030000
2014-11-07,0.030000
2014-11-10,0.025000
2014-11-11,0.030000
2014-11-12,0.045000
2014-11-13,0.030000
2014-11-14,0.020000
2014-11-17,0.015000
2014-11-18,0.015000
2014-11-19,0.010000
2014-11-20,0.009000
2014-11-21,0.009000
2014-11-25,0.009000
2014-11-26,0.008000
2014-11-27,0.008000
2014-11-28,0.010000
2014-12-01,0.007000
2014-12-02,0.002000
2014-12-03,-0.003000
2014-12-04,-0.003000
2014-12-05,-0.003000
2014-12-08,-0.004000
2014-12-09,-0.004000
2014-12-10,0.001000
2014-12-11,0.001000
2014-12-12,0.005000
2014-12-15,0.010000
2014-12-16,0.005000
2014-12-17,0.005000
2014-12-18,-0.010000
2014-12-19,-0.035000
2014-12-22,-0.031000
2014-12-24,-0.036000
2014-12-25,-0.026000
2014-12-26,-0.028000
2014-12-29,-0.033000
2014-12-30,-0.028000
2015-01-05,-0.027000
2015-01-06,-0.026000
2015-01-07,-0.025000
2015-01-08,-0.020000
2015-01-09,-0.029000
2015-01-13,-0.030000
2015-01-14,-0.030000
2015-01-15,-0.025000
2015-01-16,-0.025000
2015-01-19,-0.026000
2015-01-20,-0.031000
2015-01-21,-0.031000
2015-01-22,-0.020000
2015-01-23,-0.015000
2015-01-26,-0.016000
2015-01-27,-0.005000
2015-01-28,0.003000
2015-01-29,0.005000
2015-01-30,0.010000
2015-02-02,0.010000
2015-02-03,0.020000
2015-02-04,0.030000
2015-02-05,0.043000
2015-02-06,0.035000
2015-02-09,0.045000
2015-02-10,0.045000
2015-02-12,0.040000
2015-02-13,0.040000
2015-02-16,0.045000
2015-02-17,0.035000
2015-02-18,0.040000
2015-02-19,0.035000
2015-02-20,0.034000
2015-02-23,0.033000
2015-02-24,0.029000
2015-02-25,0.023000
2015-02-26,0.025000
2015-02-27,0.015000
2015-03-02,0.015000
2015-03-03,0.020000
2015-03-04,0.015000
2015-03-05,0.007000
2015-03-06,0.007000
2015-03-09,0.016000
2015-03-10,0.030000
2015-03-11,0.030000
2015-03-12,0.016000
2015-03-13,0.016000
2015-03-16,0.015000
2015-03-17,0.015000
2015-03-18,0.005000
2015-03-19,0.004000
2015-03-20,0.010000
2015-03-23,0.019000
2015-03-24,0.024000
2015-03-25,0.030000
2015-03-26,0.030000
2015-03-27,0.035000
2015-03-30,0.035000
2015-03-31,0.037000
2015-04-01,0.025000
2015-04-02,0.020000
2015-04-03,0.015000
2015-04-06,0.015000
2015-04-07,0.015000
2015-04-08,0.015000
2015-04-09,0.011000
2015-04-10,0.006000
2015-04-13,0.005000
2015-04-14,0.005000
2015-04-15,0.005000
2015-04-16,0.005000
2015-04-17,0.005000
2015-04-20,0.004000
2015-04-21,0.004000
2015-04-22,-0.001000
2015-04-23,-0.001000
2015-04-24,-0.016000
2015-04-27,-0.001000
2015-04-28,0.000000
2015-04-30,0.000000
2015-05-01,0.002000
2015-05-07,0.016000
2015-05-08,0.006000
2015-05-11,0.001000
2015-05-12,0.001000
2015-05-13,0.001000
2015-05-14,-0.005000
2015-05-15,-0.010000
2015-05-18,-0.010000
2015-05-19,-0.010000
2015-05-20,-0.011000
2015-05-21,-0.006000
2015-05-22,-0.006000
2015-05-25,-0.001000
2015-05-26,-0.001000
2015-05-27,-0.001000
2015-05-28,-0.008000
2015-05-29,-0.008000
2015-06-01,-0.007000
2015-06-02,-0.007000
2015-06-03,-0.002000
2015-06-04,-0.002000
2015-06-05,-0.005000
2015-06-08,-0.005000
2015-06-09,-0.005000
2015-06-10,-0.005000
2015-06-11,-0.005000
2015-06-12,-0.004000
2015-06-15,-0.005000
2015-06-16,0.000000
2015-06-17,0.000000
2015-06-18,0.005000
2015-06-19,0.005000
2015-06-22,0.005000
2015-06-23,0.005000
2015-06-24,0.004000
2015-06-25,0.003000
2015-06-26,-0.002000
2015-06-29,-0.002000
2015-06-30,-0.003000
2015-07-01,-0.003000
2015-07-02,0.000000
2015-07-03,0.010000
2015-07-06,0.010000
2015-07-07,0.005000
2015-07-08,0.005000
2015-07-09,0.009000
2015-07-10,0.005000
2015-07-13,0.005000
2015-07-14,0.005000
2015-07-15,0.010000
2015-07-16,0.005000
2015-07-17,0.005000
2015-07-21,0.005000
2015-07-22,0.004000
2015-07-23,0.004000
2015-07-24,0.004000
2015-07-27,0.004000
2015-07-28,0.005000
2015-07-29,0.005000
2015-07-30,0.005000
2015-07-31,0.005000
2015-08-03,0.005000
2015-08-04,0.005000
2015-08-05,0.005000
2015-08-06,0.005000
2015-08-07,0.005000
2015-08-10,0.005000
2015-08-11,0.001000
2015-08-12,0.001000
2015-08-13,0.001000
2015-08-14,0.000000
2015-08-17,0.005000
2015-08-18,0.005000
2015-08-19,0.004000
2015-08-20,0.004000
2015-08-21,0.004000
2015-08-24,0.004000
2015-08-25,0.004000
2015-08-26,0.004000
2015-08-27,0.008000
2015-08-28,0.008000
2015-08-31,0.007000
2015-09-01,0.007000
2015-09-02,0.010000
2015-09-03,0.012000
2015-09-04,0.012000
2015-09-07,0.011000
2015-09-08,0.011000
2015-09-09,0.011000
2015-09-10,0.011000
2015-09-11,0.010000
2015-09-14,0.010000
2015-09-15,0.020000
2015-09-16,0.020000
2015-09-17,0.015000
2015-09-18,0.014000
2015-09-24,0.013000
2015-09-25,0.009000
2015-09-28,0.008000
2015-09-29,0.012000
2015-09-30,0.015000
2015-10-01,0.007000
2015-10-02,0.002000
2015-10-05,0.002000
2015-10-06,0.001000
2015-10-07,0.001000
2015-10-08,0.005000
2015-10-09,0.005000
2015-10-13,0.005000
2015-10-14,0.005000
2015-10-15,0.010000
2015-10-16,0.010000
2015-10-19,0.009000
2015-10-20,0.009000
2015-10-21,0.014000
2015-10-22,0.010000
2015-10-23,0.009000
2015-10-26,0.013000
2015-10-27,0.008000
2015-10-28,0.003000
2015-10-29,0.003000
2015-10-30,0.002000
2015-11-02,0.002000
2015-11-04,0.002000
2015-11-05,0.001000
2015-11-06,0.000000
2015-11-09,-0.004000
2015-11-10,-0.004000
2015-11-11,-0.005000
2015-11-12,-0.005000
2015-11-13,-0.005000
2015-11-16,-0.005000
2015-11-17,-0.010000
2015-11-18,-0.015000
2015-11-19,-0.021000
2015-11-20,-0.026000
2015-11-24,-0.001000
2015-11-25,-0.006000
2015-11-26,-0.006000
2015-11-27,-0.008000
2015-11-30,-0.008000
2015-12-01,-0.012000
2015-12-02,-0.015000
2015-12-03,-0.020000
2015-12-04,-0.025000
2015-12-07,-0.025000
2015-12-08,-0.030000
2015-12-09,-0.035000
2015-12-10,-0.035000
2015-12-11,-0.030000
2015-12-14,-0.030000
2015-12-15,-0.030000
2015-12-16,-0.025000
2015-12-17,-0.030000
2015-12-18,-0.050000
2015-12-21,-0.035000
2015-12-22,-0.042000
2015-12-24,-0.040000
2015-12-25,-0.039000
2015-12-28,-0.036000
2015-12-29,-0.035000
2015-12-30,-0.033000
2016-01-04,-0.028000
2016-01-05,-0.030000
2016-01-06,-0.029000
2016-01-07,-0.028000
2016-01-08,-0.031000
2016-01-12,-0.028000
2016-01-13,-0.036000
2016-01-14,-0.031000
2016-01-15,-0.030000
2016-01-18,-0.025000
2016-01-19,-0.020000
2016-01-20,-0.011000
2016-01-21,-0.011000
2016-01-22,-0.021000
2016-01-25,-0.026000
2016-01-26,-0.026000
2016-01-27,-0.027000
2016-01-28,-0.026000
2016-01-29,-0.083000
2016-02-01,-0.160000
2016-02-02,-0.152000
2016-02-03,-0.182000
2016-02-04,-0.178000
2016-02-05,-0.193000
2016-02-08,-0.192000
2016-02-09,-0.241000
2016-02-10,-0.217000
2016-02-12,-0.164000
2016-02-15,-0.145000
2016-02-16,-0.160000
2016-02-17,-0.151000
2016-02-18,-0.186000
2016-02-19,-0.212000
2016-02-22,-0.213000
2016-02-23,-0.204000
2016-02-24,-0.214000
2016-02-25,-0.212000
2016-02-26,-0.236000
2016-02-29,-0.245000
2016-03-01,-0.236000
2016-03-02,-0.226000
2016-03-03,-0.211000
2016-03-04,-0.203000
2016-03-07,-0.212000
2016-03-08,-0.230000
2016-03-09,-0.183000
2016-03-10,-0.173000
2016-03-11,-0.163000
2016-03-14,-0.169000
2016-03-15,-0.155000
2016-03-16,-0.175000
2016-03-17,-0.199000
2016-03-18,-0.220000
2016-03-22,-0.215000
2016-03-23,-0.224000
2016-03-24,-0.214000
2016-03-25,-0.224000
2016-03-28,-0.226000
2016-03-29,-0.224000
2016-03-30,-0.226000
2016-03-31,-0.206000
2016-04-01,-0.214000
2016-04-04,-0.225000
2016-04-05,-0.220000
2016-04-06,-0.232000
2016-04-07,-0.236000
2016-04-08,-0.241000
2016-04-11,-0.247000
2016-04-12,-0.252000
2016-04-13,-0.243000
2016-04-14,-0.258000
2016-04-15,-0.254000
2016-04-18,-0.254000
2016-04-19,-0.259000
2016-04-20,-0.264000
2016-04-21,-0.265000
2016-04-22,-0.280000
2016-04-25,-0.270000
2016-04-26,-0.265000
2016-04-27,-0.249000
2016-04-28,-0.244000
2016-05-02,-0.244000
2016-05-06,-0.247000
2016-05-09,-0.248000
2016-05-10,-0.248000
2016-05-11,-0.248000
2016-05-12,-0.253000
2016-05-13,-0.253000
2016-05-16,-0.254000
2016-05-17,-0.255000
2016-05-18,-0.246000
2016-05-19,-0.226000
2016-05-20,-0.236000
2016-05-23,-0.238000
2016-05-24,-0.239000
2016-05-25,-0.234000
2016-05-26,-0.239000
2016-05-27,-0.240000
2016-05-30,-0.231000
2016-05-31,-0.239000
2016-06-01,-0.242000
2016-06-02,-0.240000
2016-06-03,-0.240000
2016-06-06,-0.251000
2016-06-07,-0.250000
2016-06-08,-0.241000
2016-06-09,-0.246000
2016-06-10,-0.271000
2016-06-13,-0.277000
2016-06-14,-0.278000
2016-06-15,-0.284000
2016-06-16,-0.284000
2016-06-17,-0.255000
2016-06-20,-0.251000
2016-06-21,-0.247000
2016-06-22,-0.242000
2016-06-23,-0.238000
2016-06-24,-0.289000
2016-06-27,-0.284000
2016-06-28,-0.293000
2016-06-29,-0.298000
2016-06-30,-0.299000
2016-07-01,-0.329000
2016-07-04,-0.325000
2016-07-05,-0.320000
2016-07-06,-0.334000
2016-07-07,-0.343000
2016-07-08,-0.354000
2016-07-11,-0.351000
2016-07-12,-0.351000
2016-07-13,-0.357000
2016-07-14,-0.357000
2016-07-15,-0.333000
2016-07-19,-0.331000
2016-07-20,-0.327000
2016-07-21,-0.327000
2016-07-22,-0.333000
2016-07-25,-0.335000
2016-07-26,-0.336000
2016-07-27,-0.372000
2016-07-28,-0.345000
2016-07-29,-0.251000
2016-08-01,-0.237000
2016-08-02,-0.165000
2016-08-03,-0.177000
2016-08-04,-0.178000
2016-08-05,-0.193000
2016-08-08,-0.172000
2016-08-09,-0.187000
2016-08-10,-0.202000
2016-08-12,-0.197000
2016-08-15,-0.184000
2016-08-16,-0.190000
2016-08-17,-0.185000
2016-08-18,-0.196000
2016-08-19,-0.206000
2016-08-22,-0.202000
2016-08-23,-0.207000
2016-08-24,-0.193000
2016-08-25,-0.188000
2016-08-26,-0.178000
2016-08-29,-0.185000
2016-08-30,-0.197000
2016-08-31,-0.197000
2016-09-01,-0.187000
2016-09-02,-0.187000
2016-09-05,-0.193000
2016-09-06,-0.189000
2016-09-07,-0.199000
2016-09-08,-0.199000
2016-09-09,-0.204000
2016-09-12,-0.249000
2016-09-13,-0.244000
2016-09-14,-0.274000
2016-09-15,-0.274000
2016-09-16,-0.269000
2016-09-20,-0.266000
2016-09-21,-0.226000
2016-09-23,-0.222000
2016-09-26,-0.229000
2016-09-27,-0.268000
2016-09-28,-0.293000
2016-09-29,-0.275000
2016-09-30,-0.289000
2016-10-03,-0.281000
2016-10-04,-0.281000
2016-10-05,-0.285000
2016-10-06,-0.280000
2016-10-07,-0.280000
2016-10-11,-0.264000
2016-10-12,-0.263000
2016-10-13,-0.263000
2016-10-14,-0.273000
2016-10-17,-0.275000
2016-10-18,-0.275000
2016-10-19,-0.270000
2016-10-20,-0.266000
2016-10-21,-0.256000
2016-10-24,-0.248000
2016-10-25,-0.254000
2016-10-26,-0.254000
2016-10-27,-0.254000
2016-10-28,-0.248000
2016-10-31,-0.247000
2016-11-01,-0.249000
2016-11-02,-0.259000
2016-11-04,-0.264000
2016-11-07,-0.259000
2016-11-08,-0.263000
2016-11-09,-0.278000
2016-11-10,-0.263000
2016-11-11,-0.248000
2016-11-14,-0.219000
2016-11-15,-0.184000
2016-11-16,-0.110000
2016-11-17,-0.155000
2016-11-18,-0.166000
2016-11-21,-0.171000
2016-11-22,-0.162000
2016-11-24,-0.162000
2016-11-25,-0.142000
2016-11-28,-0.153000
2016-11-29,-0.164000
2016-11-30,-0.167000
2016-12-01,-0.174000
2016-12-02,-0.179000
2016-12-05,-0.189000
2016-12-06,-0.189000
2016-12-07,-0.194000
2016-12-08,-0.189000
2016-12-09,-0.189000
2016-12-12,-0.189000
2016-12-13,-0.184000
2016-12-14,-0.199000
2016-12-15,-0.199000
2016-12-16,-0.180000
2016-12-19,-0.181000
2016-12-20,-0.186000
2016-12-21,-0.181000
2016-12-22,-0.181000
2016-12-26,-0.178000
2016-12-27,-0.169000
2016-12-28,-0.174000
2016-12-29,-0.182000
2016-12-30,-0.187000
2017-01-04,-0.193000
2017-01-05,-0.203000
2017-01-06,-0.213000
2017-01-10,-0.243000
2017-01-11,-0.248000
2017-01-12,-0.223000
2017-01-13,-0.224000
2017-01-16,-0.224000
2017-01-17,-0.230000
2017-01-18,-0.235000
2017-01-19,-0.230000
2017-01-20,-0.235000
2017-01-23,-0.241000
2017-01-24,-0.246000
2017-01-25,-0.216000
2017-01-26,-0.201000
2017-01-27,-0.200000
2017-01-30,-0.209000
2017-01-31,-0.209000
2017-02-01,-0.227000
2017-02-02,-0.226000
2017-02-03,-0.231000
2017-02-06,-0.221000
2017-02-07,-0.221000
2017-02-08,-0.210000
2017-02-09,-0.209000
2017-02-10,-0.214000
2017-02-13,-0.214000
2017-02-14,-0.224000
2017-02-15,-0.234000
2017-02-16,-0.239000
2017-02-17,-0.244000
2017-02-20,-0.239000
2017-02-21,-0.240000
2017-02-22,-0.260000
2017-02-23,-0.260000
2017-02-24,-0.265000
2017-02-27,-0.264000
2017-02-28,-0.262000
2017-03-01,-0.259000
2017-03-02,-0.276000
2017-03-03,-0.291000
2017-03-06,-0.295000
2017-03-07,-0.295000
2017-03-08,-0.290000
2017-03-09,-0.269000
2017-03-10,-0.264000
2017-03-13,-0.259000
2017-03-14,-0.259000
2017-03-15,-0.254000
2017-03-16,-0.264000
2017-03-17,-0.265000
2017-03-21,-0.263000
2017-03-22,-0.268000
2017-03-23,-0.273000
2017-03-24,-0.264000
2017-03-27,-0.265000
2017-03-28,-0.260000
2017-03-29,-0.250000
2017-03-30,-0.215000
2017-03-31,-0.204000
2017-04-03,-0.175000
2017-04-04,-0.188000
2017-04-05,-0.201000
2017-04-06,-0.211000
2017-04-07,-0.219000
2017-04-10,-0.219000
2017-04-11,-0.224000
2017-04-12,-0.229000
2017-04-13,-0.224000
2017-04-14,-0.224000
2017-04-17,-0.220000
2017-04-18,-0.215000
2017-04-19,-0.221000
2017-04-20,-0.221000
2017-04-21,-0.222000
2017-04-24,-0.212000
2017-04-25,-0.208000
2017-04-26,-0.203000
2017-04-27,-0.193000
2017-04-28,-0.207000
2017-05-01,-0.207000
2017-05-02,-0.202000
2017-05-08,-0.198000
2017-05-09,-0.188000
2017-05-10,-0.183000
2017-05-11,-0.182000
2017-05-12,-0.178000
2017-05-15,-0.174000
2017-05-16,-0.170000
2017-05-17,-0.160000
2017-05-18,-0.151000
2017-05-19,-0.161000
2017-05-22,-0.168000
2017-05-23,-0.167000
2017-05-24,-0.163000
2017-05-25,-0.168000
2017-05-26,-0.168000
2017-05-29,-0.171000
2017-05-30,-0.165000
2017-05-31,-0.162000
2017-06-01,-0.160000
2017-06-02,-0.155000
2017-06-05,-0.146000
2017-06-06,-0.142000
2017-06-07,-0.117000
2017-06-08,-0.103000
2017-06-09,-0.108000
2017-06-12,-0.114000
2017-06-13,-0.109000
2017-06-14,-0.114000
2017-06-15,-0.120000
2017-06-16,-0.120000
2017-06-19,-0.116000
2017-06-20,-0.112000
2017-06-21,-0.102000
2017-06-22,-0.102000
2017-06-23,-0.103000
2017-06-26,-0.104000
2017-06-27,-0.117000
2017-06-28,-0.120000
2017-06-29,-0.120000
2017-06-30,-0.115000
2017-07-03,-0.121000
2017-07-04,-0.126000
2017-07-05,-0.116000
2017-07-06,-0.102000
2017-07-07,-0.102000
2017-07-10,-0.099000
2017-07-11,-0.104000
2017-07-12,-0.109000
2017-07-13,-0.114000
2017-07-14,-0.109000
2017-07-18,-0.106000
2017-07-19,-0.111000
2017-07-20,-0.111000
2017-07-21,-0.116000
2017-07-24,-0.118000
2017-07-25,-0.112000
2017-07-26,-0.107000
2017-07-27,-0.115000
2017-07-28,-0.117000
2017-07-31,-0.117000
2017-08-01,-0.117000
2017-08-02,-0.118000
2017-08-03,-0.118000
2017-08-04,-0.113000
2017-08-07,-0.108000
2017-08-08,-0.109000
2017-08-09,-0.119000
2017-08-10,-0.114000
2017-08-14,-0.114000
2017-08-15,-0.115000
2017-08-16,-0.120000
2017-08-17,-0.115000
2017-08-18,-0.131000
2017-08-21,-0.131000
2017-08-22,-0.131000
2017-08-23,-0.132000
2017-08-24,-0.143000
2017-08-25,-0.157000
2017-08-28,-0.158000
2017-08-29,-0.158000
2017-08-30,-0.155000
2017-08-31,-0.162000
2017-09-01,-0.165000
2017-09-04,-0.161000
2017-09-05,-0.156000
2017-09-06,-0.152000
2017-09-07,-0.157000
2017-09-08,-0.162000
2017-09-11,-0.158000
2017-09-12,-0.144000
2017-09-13,-0.144000
2017-09-14,-0.139000
2017-09-15,-0.150000
2017-09-19,-0.141000
2017-09-20,-0.131000
2017-09-21,-0.126000
2017-09-22,-0.137000
2017-09-25,-0.138000
2017-09-26,-0.138000
2017-09-27,-0.129000
2017-09-28,-0.115000
2017-09-29,-0.120000
2017-10-02,-0.110000
2017-10-03,-0.115000
2017-10-04,-0.135000
2017-10-05,-0.140000
2017-10-06,-0.140000
2017-10-10,-0.145000
2017-10-11,-0.144000
2017-10-12,-0.144000
2017-10-13,-0.144000
2017-10-16,-0.145000
2017-10-17,-0.140000
2017-10-18,-0.130000
2017-10-19,-0.141000
2017-10-20,-0.136000
2017-10-23,-0.137000
2017-10-24,-0.137000
2017-10-25,-0.137000
2017-10-26,-0.147000
2017-10-27,-0.149000
2017-10-30,-0.155000
2017-10-31,-0.160000
2017-11-01,-0.160000
2017-11-02,-0.163000
2017-11-06,-0.183000
2017-11-07,-0.193000
2017-11-08,-0.207000
2017-11-09,-0.198000
2017-11-10,-0.179000
2017-11-13,-0.174000
2017-11-14,-0.184000
2017-11-15,-0.189000
2017-11-16,-0.190000
2017-11-17,-0.195000
2017-11-20,-0.196000
2017-11-21,-0.196000
2017-11-22,-0.197000
2017-11-24,-0.188000
2017-11-27,-0.179000
2017-11-28,-0.175000
2017-11-29,-0.174000
2017-11-30,-0.160000
2017-12-01,-0.160000
2017-12-04,-0.148000
2017-12-05,-0.138000
2017-12-06,-0.143000
2017-12-07,-0.143000
2017-12-08,-0.153000
2017-12-11,-0.154000
2017-12-12,-0.154000
2017-12-13,-0.159000
2017-12-14,-0.159000
2017-12-15,-0.155000
2017-12-18,-0.150000
2017-12-19,-0.151000
2017-12-20,-0.146000
2017-12-21,-0.146000
2017-12-22,-0.147000
2017-12-25,-0.147000
2017-12-26,-0.145000
2017-12-27,-0.143000
2017-12-28,-0.138000
2017-12-29,-0.140000
2018-01-04,-0.138000
2018-01-05,-0.138000
2018-01-09,-0.139000
2018-01-10,-0.129000
2018-01-11,-0.134000
2018-01-12,-0.134000
2018-01-15,-0.140000
2018-01-16,-0.140000
2018-01-17,-0.130000
2018-01-18,-0.130000
2018-01-19,-0.136000
2018-01-22,-0.136000
2018-01-23,-0.142000
2018-01-24,-0.137000
2018-01-25,-0.132000
2018-01-26,-0.132000
2018-01-29,-0.128000
2018-01-30,-0.130000
2018-01-31,-0.137000
2018-02-01,-0.128000
2018-02-02,-0.131000
2018-02-05,-0.137000
2018-02-06,-0.142000
2018-02-07,-0.144000
2018-02-08,-0.148000
2018-02-09,-0.149000
2018-02-13,-0.154000
2018-02-14,-0.154000
2018-02-15,-0.159000
2018-02-16,-0.160000
2018-02-19,-0.151000
2018-02-20,-0.151000
2018-02-21,-0.151000
2018-02-22,-0.151000
2018-02-23,-0.153000
2018-02-26,-0.154000
2018-02-27,-0.162000
2018-02-28,-0.160000
2018-03-01,-0.160000
2018-03-02,-0.155000
2018-03-05,-0.173000
2018-03-06,-0.166000
2018-03-07,-0.162000
2018-03-08,-0.157000
2018-03-09,-0.157000
2018-03-12,-0.153000
2018-03-13,-0.154000
2018-03-14,-0.149000
2018-03-15,-0.145000
2018-03-16,-0.150000
2018-03-19,-0.151000
2018-03-20,-0.156000
2018-03-22,-0.157000
2018-03-23,-0.157000
2018-03-26,-0.158000
2018-03-27,-0.153000
2018-03-28,-0.154000
2018-03-29,-0.140000
2018-03-30,-0.137000
2018-04-02,-0.135000
2018-04-03,-0.141000
2018-04-04,-0.136000
2018-04-05,-0.133000
2018-04-06,-0.143000
2018-04-09,-0.147000
2018-04-10,-0.154000
2018-04-11,-0.158000
2018-04-12,-0.158000
2018-04-13,-0.159000
2018-04-16,-0.155000
2018-04-17,-0.155000
2018-04-18,-0.150000
2018-04-19,-0.141000
2018-04-20,-0.131000
2018-04-23,-0.132000
2018-04-24,-0.136000
2018-04-25,-0.135000
2018-04-26,-0.131000
2018-04-27,-0.137000
2018-05-01,-0.142000
2018-05-02,-0.138000
2018-05-07,-0.137000
2018-05-08,-0.132000
2018-05-09,-0.133000
2018-05-10,-0.138000
2018-05-11,-0.138000
2018-05-14,-0.139000
2018-05-15,-0.135000
2018-05-16,-0.140000
2018-05-17,-0.140000
2018-05-18,-0.135000
2018-05-21,-0.136000
2018-05-22,-0.141000
2018-05-23,-0.141000
2018-05-24,-0.142000
2018-05-25,-0.143000
2018-05-28,-0.144000
2018-05-29,-0.144000
2018-05-30,-0.148000
2018-05-31,-0.144000
2018-06-01,-0.145000
2018-06-04,-0.135000
2018-06-05,-0.131000
2018-06-06,-0.131000
2018-06-07,-0.131000
2018-06-08,-0.127000
2018-06-11,-0.133000
2018-06-12,-0.133000
2018-06-13,-0.133000
2018-06-14,-0.138000
2018-06-15,-0.138000
2018-06-18,-0.140000
2018-06-19,-0.135000
2018-06-20,-0.135000
2018-06-21,-0.136000
2018-06-22,-0.136000
2018-06-25,-0.137000
2018-06-26,-0.137000
2018-06-27,-0.133000
2018-06-28,-0.128000
2018-06-29,-0.129000
2018-07-02,-0.135000
2018-07-03,-0.130000
2018-07-04,-0.131000
2018-07-05,-0.131000
2018-07-06,-0.132000
2018-07-09,-0.132000
2018-07-10,-0.127000
2018-07-11,-0.133000
2018-07-12,-0.133000
2018-07-13,-0.133000
2018-07-17,-0.135000
2018-07-18,-0.130000
2018-07-19,-0.130000
2018-07-20,-0.127000
2018-07-23,-0.107000
2018-07-24,-0.123000
2018-07-25,-0.126000
2018-07-26,-0.119000
2018-07-27,-0.118000
2018-07-30,-0.119000
2018-07-31,-0.119000
2018-08-01,-0.090000
2018-08-02,-0.105000
2018-08-03,-0.110000
2018-08-06,-0.111000
2018-08-07,-0.112000
2018-08-08,-0.107000
2018-08-09,-0.112000
2018-08-10,-0.117000
2018-08-13,-0.118000
2018-08-14,-0.118000
2018-08-15,-0.118000
2018-08-16,-0.124000
2018-08-17,-0.129000
2018-08-20,-0.127000
2018-08-21,-0.127000
2018-08-22,-0.120000
2018-08-23,-0.123000
2018-08-24,-0.116000
2018-08-27,-0.116000
2018-08-28,-0.116000
2018-08-29,-0.117000
2018-08-30,-0.114000
2018-08-31,-0.119000
2018-09-03,-0.110000
2018-09-04,-0.116000
2018-09-05,-0.116000
2018-09-06,-0.116000
2018-09-07,-0.112000
2018-09-10,-0.112000
2018-09-11,-0.112000
2018-09-12,-0.112000
2018-09-13,-0.113000
2018-09-14,-0.113000
2018-09-18,-0.114000
2018-09-19,-0.109000
2018-09-20,-0.104000
2018-09-21,-0.104000
2018-09-25,-0.105000
2018-09-26,-0.110000
2018-09-27,-0.118000
2018-09-28,-0.114000
2018-10-01,-0.115000
2018-10-02,-0.115000
2018-10-03,-0.115000
2018-10-04,-0.110000
2018-10-05,-0.121000
2018-10-09,-0.116000
2018-10-10,-0.117000
2018-10-11,-0.117000
2018-10-12,-0.117000
2018-10-15,-0.118000
2018-10-16,-0.118000
2018-10-17,-0.120000
2018-10-18,-0.120000
2018-10-19,-0.119000
2018-10-22,-0.114000
2018-10-23,-0.114000
2018-10-24,-0.115000
2018-10-25,-0.119000
2018-10-26,-0.124000
2018-10-29,-0.124000
2018-10-30,-0.125000
2018-10-31,-0.125000
2018-11-01,-0.125000
2018-11-02,-0.130000
2018-11-05,-0.131000
2018-11-06,-0.131000
2018-11-07,-0.126000
2018-11-08,-0.132000
2018-11-09,-0.137000
2018-11-12,-0.138000
2018-11-13,-0.137000
2018-11-14,-0.143000
2018-11-15,-0.138000
2018-11-16,-0.144000
2018-11-19,-0.145000
2018-11-20,-0.142000
2018-11-21,-0.142000
2018-11-22,-0.142000
2018-11-26,-0.142000
2018-11-27,-0.142000
2018-11-28,-0.132000
2018-11-29,-0.139000
2018-11-30,-0.135000
2018-12-03,-0.130000
2018-12-04,-0.130000
2018-12-05,-0.136000
2018-12-06,-0.151000
2018-12-07,-0.141000
2018-12-10,-0.147000
2018-12-11,-0.142000
2018-12-12,-0.142000
2018-12-13,-0.147000
2018-12-14,-0.153000
2018-12-17,-0.157000
2018-12-18,-0.157000
2018-12-19,-0.151000
2018-12-20,-0.146000
2018-12-21,-0.143000
2018-12-25,-0.147000
2018-12-26,-0.124000
2018-12-27,-0.124000
2018-12-28,-0.139000
2019-01-04,-0.176000
2019-01-07,-0.166000
2019-01-08,-0.147000
2019-01-09,-0.147000
2019-01-10,-0.148000
2019-01-11,-0.153000
2019-01-15,-0.153000
2019-01-16,-0.164000
2019-01-17,-0.169000
2019-01-18,-0.170000
2019-01-21,-0.167000
2019-01-22,-0.167000
2019-01-23,-0.168000
2019-01-24,-0.162000
2019-01-25,-0.168000
2019-01-28,-0.164000
2019-01-29,-0.159000
2019-01-30,-0.159000
2019-01-31,-0.169000
2019-02-01,-0.179000
2019-02-04,-0.171000
2019-02-05,-0.166000
2019-02-06,-0.161000
2019-02-07,-0.156000
2019-02-08,-0.166000
2019-02-12,-0.163000
2019-02-13,-0.168000
2019-02-14,-0.168000
2019-02-15,-0.169000
2019-02-18,-0.176000
2019-02-19,-0.183000
2019-02-20,-0.182000
2019-02-21,-0.182000
2019-02-22,-0.178000
2019-02-25,-0.174000
2019-02-26,-0.169000
2019-02-27,-0.164000
2019-02-28,-0.154000
2019-03-01,-0.150000
2019-03-04,-0.146000
2019-03-05,-0.141000
2019-03-06,-0.146000
2019-03-07,-0.147000
2019-03-08,-0.147000
2019-03-11,-0.147000
2019-03-12,-0.153000
2019-03-13,-0.158000
2019-03-14,-0.163000
2019-03-15,-0.165000
2019-03-18,-0.161000
2019-03-19,-0.161000
2019-03-20,-0.162000
2019-03-22,-0.178000
2019-03-25,-0.182000
2019-03-26,-0.169000
2019-03-27,-0.170000
2019-03-28,-0.178000
2019-03-29,-0.183000
2019-04-01,-0.174000
2019-04-02,-0.160000
2019-04-03,-0.160000
2019-04-04,-0.156000
2019-04-05,-0.156000
2019-04-08,-0.157000
2019-04-09,-0.163000
2019-04-10,-0.168000
2019-04-11,-0.168000
2019-04-12,-0.169000
2019-04-15,-0.165000
2019-04-16,-0.155000
2019-04-17,-0.150000
2019-04-18,-0.156000
2019-04-19,-0.151000
2019-04-22,-0.152000
2019-04-23,-0.148000
2019-04-24,-0.152000
2019-04-25,-0.147000
2019-04-26,-0.153000
2019-05-07,-0.156000
2019-05-08,-0.156000
2019-05-09,-0.158000
2019-05-10,-0.158000
2019-05-13,-0.159000
2019-05-14,-0.159000
2019-05-15,-0.160000
2019-05-16,-0.166000
2019-05-17,-0.164000
2019-05-20,-0.154000
2019-05-21,-0.154000
2019-05-22,-0.152000
2019-05-23,-0.153000
2019-05-24,-0.155000
2019-05-27,-0.156000
2019-05-28,-0.162000
2019-05-29,-0.173000
2019-05-30,-0.169000
2019-05-31,-0.179000
2019-06-03,-0.180000
2019-06-04,-0.186000
2019-06-05,-0.221000
2019-06-06,-0.207000
2019-06-07,-0.197000
2019-06-10,-0.199000
2019-06-11,-0.194000
2019-06-12,-0.195000
2019-06-13,-0.200000
2019-06-14,-0.206000
2019-06-17,-0.196000
2019-06-18,-0.203000
2019-06-19,-0.214000
2019-06-20,-0.235000
2019-06-21,-0.239000
2019-06-24,-0.232000
2019-06-25,-0.228000
2019-06-26,-0.217000
2019-06-27,-0.213000
2019-06-28,-0.222000
2019-07-01,-0.224000
2019-07-02,-0.220000
2019-07-03,-0.225000
2019-07-04,-0.221000
2019-07-05,-0.211000
2019-07-08,-0.202000
2019-07-09,-0.197000
2019-07-10,-0.188000
2019-07-11,-0.194000
2019-07-12,-0.184000
2019-07-16,-0.191000
2019-07-17,-0.186000
2019-07-18,-0.197000
2019-07-19,-0.203000
2019-07-22,-0.204000
2019-07-23,-0.205000
2019-07-24,-0.206000
2019-07-25,-0.207000
2019-07-26,-0.212000
2019-07-29,-0.213000
2019-07-30,-0.213000
2019-07-31,-0.209000
2019-08-01,-0.189000
2019-08-02,-0.205000
2019-08-05,-0.216000
2019-08-06,-0.221000
2019-08-07,-0.237000
2019-08-08,-0.243000
2019-08-09,-0.273000
2019-08-13,-0.291000
2019-08-14,-0.277000
2019-08-15,-0.282000
2019-08-16,-0.279000
2019-08-19,-0.285000
2019-08-20,-0.295000
2019-08-21,-0.305000
2019-08-22,-0.313000
2019-08-23,-0.301000
2019-08-26,-0.323000
2019-08-27,-0.303000
2019-08-28,-0.304000
2019-08-29,-0.317000
2019-08-30,-0.307000
2019-09-02,-0.299000
2019-09-03,-0.295000
2019-09-04,-0.305000
2019-09-05,-0.296000
2019-09-06,-0.302000
2019-09-09,-0.319000
2019-09-10,-0.294000
2019-09-11,-0.279000
2019-09-12,-0.285000
2019-09-13,-0.251000
2019-09-17,-0.248000
2019-09-18,-0.269000
2019-09-19,-0.305000
2019-09-20,-0.310000
2019-09-24,-0.324000
2019-09-25,-0.346000
2019-09-26,-0.331000
2019-09-27,-0.321000
2019-09-30,-0.323000
2019-10-01,-0.294000
2019-10-02,-0.309000
2019-10-03,-0.325000
2019-10-04,-0.335000
2019-10-07,-0.338000
2019-10-08,-0.323000
2019-10-09,-0.324000
2019-10-10,-0.315000
2019-10-11,-0.295000
2019-10-15,-0.281000
2019-10-16,-0.267000
2019-10-17,-0.254000
2019-10-18,-0.244000
2019-10-21,-0.245000
2019-10-23,-0.252000
2019-10-24,-0.256000
2019-10-25,-0.243000
2019-10-28,-0.219000
2019-10-29,-0.208000
2019-10-30,-0.218000
2019-10-31,-0.239000
2019-11-01,-0.274000
2019-11-05,-0.241000
2019-11-06,-0.192000
2019-11-07,-0.192000
2019-11-08,-0.177000
2019-11-11,-0.194000
2019-11-12,-0.174000
2019-11-13,-0.195000
2019-11-14,-0.205000
2019-11-15,-0.200000
2019-11-18,-0.206000
2019-11-19,-0.208000
2019-11-20,-0.214000
2019-11-21,-0.199000
2019-11-22,-0.191000
2019-11-25,-0.191000
2019-11-26,-0.194000
2019-11-27,-0.200000
2019-11-28,-0.179000
2019-11-29,-0.179000
2019-12-02,-0.170000
2019-12-03,-0.156000
2019-12-04,-0.156000
2019-12-05,-0.152000
2019-12-06,-0.132000
2019-12-09,-0.117000
2019-12-10,-0.118000
2019-12-11,-0.108000
2019-12-12,-0.129000
2019-12-13,-0.130000
2019-12-16,-0.137000
2019-12-17,-0.125000
2019-12-18,-0.127000
2019-12-19,-0.113000
2019-12-20,-0.103000
2019-12-23,-0.098000
2019-12-24,-0.097000
2019-12-25,-0.113000
2019-12-26,-0.119000
2019-12-27,-0.124000
2019-12-30,-0.134000
2020-01-06,-0.136000
2020-01-07,-0.121000
2020-01-08,-0.127000
2020-01-09,-0.132000
2020-01-10,-0.137000
2020-01-14,-0.129000
2020-01-15,-0.124000
2020-01-16,-0.128000
2020-01-17,-0.135000
2020-01-20,-0.126000
2020-01-21,-0.126000
2020-01-22,-0.121000
2020-01-23,-0.132000
2020-01-24,-0.133000
2020-01-27,-0.144000
2020-01-28,-0.136000
2020-01-29,-0.134000
2020-01-30,-0.149000
2020-01-31,-0.159000
2020-02-03,-0.165000
2020-02-04,-0.150000
2020-02-05,-0.141000
2020-02-06,-0.131000
2020-02-07,-0.147000
2020-02-10,-0.158000
2020-02-12,-0.153000
2020-02-13,-0.154000
2020-02-14,-0.144000
2020-02-17,-0.147000
2020-02-18,-0.151000
2020-02-19,-0.156000
2020-02-20,-0.153000
2020-02-21,-0.165000
2020-02-25,-0.201000
2020-02-26,-0.201000
2020-02-27,-0.210000
2020-02-28,-0.258000
2020-03-02,-0.264000
2020-03-03,-0.250000
2020-03-04,-0.280000
2020-03-05,-0.251000
2020-03-06,-0.287000
2020-03-09,-0.314000
2020-03-10,-0.248000
2020-03-11,-0.234000
2020-03-12,-0.225000
2020-03-13,-0.205000
2020-03-16,-0.195000
2020-03-17,-0.191000
2020-03-18,-0.165000
2020-03-19,-0.165000
2020-03-23,-0.210000
2020-03-24,-0.230000
2020-03-25,-0.241000
2020-03-26,-0.241000
2020-03-27,-0.177000
2020-03-30,-0.174000
2020-03-31,-0.130000
2020-04-01,-0.140000
2020-04-02,-0.135000
2020-04-03,-0.140000
2020-04-06,-0.131000
2020-04-07,-0.132000
2020-04-08,-0.132000
2020-04-09,-0.147000
2020-04-10,-0.177000
2020-04-13,-0.180000
2020-04-14,-0.170000
2020-04-15,-0.160000
2020-04-16,-0.160000
2020-04-17,-0.146000
2020-04-20,-0.135000
2020-04-21,-0.133000
2020-04-22,-0.142000
2020-04-23,-0.148000
2020-04-24,-0.168000
2020-04-27,-0.174000
2020-04-28,-0.179000
2020-04-30,-0.184000
2020-05-01,-0.164000
2020-05-07,-0.152000
2020-05-08,-0.172000
2020-05-11,-0.173000
2020-05-12,-0.169000
2020-05-13,-0.169000
2020-05-14,-0.170000
2020-05-15,-0.169000
2020-05-18,-0.176000
2020-05-19,-0.161000
2020-05-20,-0.166000
2020-05-21,-0.176000
2020-05-22,-0.181000
2020-05-25,-0.172000
2020-05-26,-0.162000
2020-05-27,-0.155000
2020-05-28,-0.169000
2020-05-29,-0.164000
2020-06-01,-0.169000
2020-06-02,-0.170000
2020-06-03,-0.170000
2020-06-04,-0.166000
2020-06-05,-0.151000
2020-06-08,-0.152000
2020-06-09,-0.162000
2020-06-10,-0.157000
2020-06-11,-0.162000
2020-06-12,-0.158000
2020-06-15,-0.170000
2020-06-16,-0.165000
2020-06-17,-0.165000
2020-06-18,-0.165000
2020-06-19,-0.161000
2020-06-22,-0.162000
2020-06-23,-0.157000
2020-06-24,-0.152000
2020-06-25,-0.145000
2020-06-26,-0.142000
2020-06-29,-0.148000
2020-06-30,-0.140000
2020-07-01,-0.145000
2020-07-02,-0.140000
2020-07-03,-0.145000
2020-07-06,-0.137000
2020-07-07,-0.132000
2020-07-08,-0.133000
2020-07-09,-0.138000
2020-07-10,-0.143000
2020-07-13,-0.139000
2020-07-14,-0.145000
2020-07-15,-0.144000
2020-07-16,-0.150000
2020-07-17,-0.150000
2020-07-20,-0.142000
2020-07-21,-0.143000
2020-07-22,-0.136000
2020-07-27,-0.135000
2020-07-28,-0.135000
2020-07-29,-0.133000
2020-07-30,-0.134000
2020-07-31,-0.144000
2020-08-03,-0.140000
2020-08-04,-0.136000
2020-08-05,-0.131000
2020-08-06,-0.126000
2020-08-07,-0.126000
2020-08-11,-0.118000
2020-08-12,-0.112000
2020-08-13,-0.123000
2020-08-14,-0.117000
2020-08-17,-0.119000
2020-08-18,-0.124000
2020-08-19,-0.119000
2020-08-20,-0.115000
2020-08-21,-0.115000
2020-08-24,-0.117000
2020-08-25,-0.114000
2020-08-26,-0.112000
2020-08-27,-0.115000
2020-08-28,-0.115000
2020-08-31,-0.115000
2020-09-01,-0.120000
2020-09-02,-0.120000
2020-09-03,-0.120000
2020-09-04,-0.125000
2020-09-07,-0.126000
2020-09-08,-0.131000
2020-09-09,-0.131000
2020-09-10,-0.132000
2020-09-11,-0.142000
2020-09-14,-0.143000
2020-09-15,-0.143000
2020-09-16,-0.143000
2020-09-17,-0.144000
2020-09-18,-0.144000
2020-09-23,-0.148000
2020-09-24,-0.148000
2020-09-25,-0.156000
2020-09-28,-0.145000
2020-09-29,-0.144000
2020-09-30,-0.140000
2020-10-01,-0.130000
2020-10-02,-0.140000
2020-10-05,-0.136000
2020-10-06,-0.126000
2020-10-07,-0.126000
2020-10-08,-0.132000
2020-10-09,-0.127000
2020-10-12,-0.138000
2020-10-13,-0.144000
2020-10-14,-0.139000
2020-10-15,-0.145000
2020-10-16,-0.145000
2020-10-19,-0.141000
2020-10-20,-0.141000
2020-10-21,-0.131000
2020-10-22,-0.137000
2020-10-23,-0.131000
2020-10-26,-0.133000
2020-10-27,-0.130000
2020-10-28,-0.130000
2020-10-29,-0.130000
2020-10-30,-0.125000
2020-11-02,-0.125000
2020-11-04,-0.121000
2020-11-05,-0.136000
2020-11-06,-0.146000
2020-11-09,-0.147000
2020-11-10,-0.143000
2020-11-11,-0.138000
2020-11-12,-0.143000
2020-11-13,-0.149000
2020-11-16,-0.149000
2020-11-17,-0.150000
2020-11-18,-0.150000
2020-11-19,-0.145000
2020-11-20,-0.151000
2020-11-24,-0.145000
2020-11-25,-0.148000
2020-11-26,-0.153000
2020-11-27,-0.130000
2020-11-30,-0.130000
2020-12-01,-0.130000
2020-12-02,-0.130000
2020-12-03,-0.125000
2020-12-04,-0.131000
2020-12-07,-0.137000
2020-12-08,-0.137000
2020-12-09,-0.137000
2020-12-10,-0.137000
2020-12-11,-0.142000
2020-12-14,-0.143000
2020-12-15,-0.144000
2020-12-16,-0.134000
2020-12-17,-0.134000
2020-12-18,-0.139000
2020-12-21,-0.132000
2020-12-22,-0.137000
2020-12-23,-0.138000
2020-12-24,-0.130000
2020-12-25,-0.130000
2020-12-28,-0.130000
2020-12-29,-0.124000
2020-12-30,-0.125000
2021-01-04,-0.121000
2021-01-05,-0.126000
2021-01-06,-0.121000
2021-01-07,-0.117000
2021-01-08,-0.122000
2021-01-12,-0.128000
2021-01-13,-0.130000
2021-01-14,-0.124000
2021-01-15,-0.129000
2021-01-18,-0.130000
2021-01-19,-0.125000
2021-01-20,-0.131000
2021-01-21,-0.136000
2021-01-22,-0.137000
2021-01-25,-0.138000
2021-01-26,-0.138000
2021-01-27,-0.133000
2021-01-28,-0.129000
2021-01-29,-0.129000
2021-02-01,-0.125000
2021-02-02,-0.125000
2021-02-03,-0.125000
2021-02-04,-0.131000
2021-02-05,-0.131000
2021-02-08,-0.127000
2021-02-09,-0.127000
2021-02-10,-0.123000
2021-02-12,-0.133000
2021-02-15,-0.130000
2021-02-16,-0.131000
2021-02-17,-0.119000
2021-02-18,-0.126000
2021-02-19,-0.120000
2021-02-22,-0.112000
2021-02-24,-0.113000
2021-02-25,-0.100000
2021-02-26,-0.114000
2021-03-01,-0.120000
2021-03-02,-0.125000
2021-03-03,-0.115000
2021-03-04,-0.121000
2021-03-05,-0.131000
2021-03-08,-0.122000
2021-03-09,-0.118000
2021-03-10,-0.117000
2021-03-11,-0.124000
2021-03-12,-0.128000
2021-03-15,-0.139000
2021-03-16,-0.150000
2021-03-17,-0.145000
2021-03-18,-0.140000
2021-03-19,-0.136000
2021-03-22,-0.142000
2021-03-23,-0.137000
2021-03-24,-0.141000
2021-03-25,-0.133000
2021-03-26,-0.138000
2021-03-29,-0.139000
2021-03-30,-0.126000
2021-03-31,-0.130000
2021-04-01,-0.125000
2021-04-02,-0.125000
2021-04-05,-0.120000
2021-04-06,-0.121000
2021-04-07,-0.121000
2021-04-08,-0.126000
2021-04-09,-0.126000
2021-04-12,-0.126000
2021-04-13,-0.132000
2021-04-14,-0.132000
2021-04-15,-0.133000
2021-04-16,-0.133000
2021-04-19,-0.132000
2021-04-20,-0.129000
2021-04-21,-0.134000
2021-04-22,-0.135000
2021-04-23,-0.135000
2021-04-26,-0.136000
2021-04-27,-0.136000
2021-04-28,-0.130000
2021-04-30,-0.130000
2021-05-06,-0.126000
2021-05-07,-0.131000
2021-05-10,-0.132000
2021-05-11,-0.132000
2021-05-12,-0.127000
2021-05-13,-0.127000
2021-05-14,-0.128000
2021-05-17,-0.130000
2021-05-18,-0.129000
2021-05-19,-0.129000
2021-05-20,-0.129000
2021-05-21,-0.129000
2021-05-24,-0.130000
2021-05-25,-0.130000
2021-05-26,-0.130000
2021-05-27,-0.136000
2021-05-28,-0.136000
2021-05-31,-0.125000
2021-06-01,-0.125000
2021-06-02,-0.125000
2021-06-03,-0.120000
2021-06-04,-0.120000
2021-06-07,-0.120000
2021-06-08,-0.121000
2021-06-09,-0.121000
2021-06-10,-0.126000
2021-06-11,-0.126000
2021-06-14,-0.126000
2021-06-15,-0.127000
2021-06-16,-0.128000
2021-06-17,-0.123000
2021-06-18,-0.123000
2021-06-21,-0.121000
2021-06-22,-0.115000
2021-06-23,-0.116000
2021-06-24,-0.116000
2021-06-25,-0.116000
2021-06-28,-0.115000
2021-06-29,-0.114000
2021-06-30,-0.115000
2021-07-01,-0.120000
2021-07-02,-0.120000
2021-07-05,-0.116000
2021-07-06,-0.111000
2021-07-07,-0.111000
2021-07-08,-0.117000
2021-07-09,-0.117000
2021-07-12,-0.117000
2021-07-13,-0.122000
2021-07-14,-0.128000
2021-07-15,-0.128000
2021-07-16,-0.128000
2021-07-19,-0.134000
2021-07-20,-0.134000
2021-07-21,-0.134000
2021-07-26,-0.135000
2021-07-27,-0.130000
2021-07-28,-0.130000
2021-07-29,-0.125000
2021-07-30,-0.125000
2021-08-02,-0.130000
2021-08-03,-0.125000
2021-08-04,-0.130000
2021-08-05,-0.136000
2021-08-06,-0.136000
2021-08-10,-0.131000
2021-08-11,-0.131000
2021-08-12,-0.131000
2021-08-13,-0.136000
2021-08-16,-0.136000
2021-08-17,-0.142000
2021-08-18,-0.142000
2021-08-19,-0.142000
2021-08-20,-0.142000
2021-08-23,-0.139000
2021-08-24,-0.139000
2021-08-25,-0.138000
2021-08-26,-0.133000
2021-08-27,-0.133000
2021-08-30,-0.128000
2021-08-31,-0.130000
2021-09-01,-0.130000
2021-09-02,-0.130000
2021-09-03,-0.125000
2021-09-06,-0.120000
2021-09-07,-0.125000
2021-09-08,-0.125000
2021-09-09,-0.125000
2021-09-10,-0.125000
2021-09-13,-0.126000
2021-09-14,-0.126000
2021-09-15,-0.131000
2021-09-16,-0.127000
2021-09-17,-0.127000
2021-09-21,-0.133000
2021-09-22,-0.133000
2021-09-24,-0.128000
2021-09-27,-0.129000
2021-09-28,-0.129000
2021-09-29,-0.125000
2021-09-30,-0.115000
2021-10-01,-0.125000
2021-10-04,-0.120000
2021-10-05,-0.120000
2021-10-06,-0.116000
2021-10-07,-0.121000
2021-10-08,-0.116000
2021-10-11,-0.116000
2021-10-12,-0.116000
2021-10-13,-0.117000
2021-10-14,-0.117000
2021-10-15,-0.117000
2021-10-18,-0.119000
2021-10-19,-0.120000
2021-10-20,-0.114000
2021-10-21,-0.114000
2021-10-22,-0.114000
2021-10-25,-0.108000
2021-10-26,-0.110000
2021-10-27,-0.101000
2021-10-28,-0.105000
2021-10-29,-0.105000
2021-11-01,-0.105000
2021-11-02,-0.105000
2021-11-04,-0.100000
2021-11-05,-0.110000
2021-11-08,-0.117000
2021-11-09,-0.116000
2021-11-10,-0.116000
2021-11-11,-0.116000
2021-11-12,-0.116000
2021-11-15,-0.123000
2021-11-16,-0.125000
2021-11-17,-0.128000
2021-11-18,-0.125000
2021-11-19,-0.129000
2021-11-22,-0.135000
2021-11-24,-0.130000
2021-11-25,-0.125000
2021-11-26,-0.132000
2021-11-29,-0.131000
2021-11-30,-0.120000
2021-12-01,-0.120000
2021-12-02,-0.120000
2021-12-03,-0.115000
2021-12-06,-0.116000
2021-12-07,-0.116000
2021-12-08,-0.111000
2021-12-09,-0.106000
2021-12-10,-0.107000
2021-12-13,-0.107000
2021-12-14,-0.112000
2021-12-15,-0.112000
2021-12-16,-0.113000
2021-12-17,-0.112000
2021-12-20,-0.113000
2021-12-21,-0.107000
2021-12-22,-0.103000
2021-12-23,-0.097000
2021-12-24,-0.099000
2021-12-27,-0.095000
2021-12-28,-0.095000
2021-12-29,-0.100000
2021-12-30,-0.095000
2022-01-04,-0.085000
2022-01-05,-0.086000
2022-01-06,-0.081000
2022-01-07,-0.076000
2022-01-11,-0.078000
2022-01-12,-0.083000
2022-01-13,-0.083000
2022-01-14,-0.073000
2022-01-17,-0.074000
2022-01-18,-0.075000
2022-01-19,-0.080000
2022-01-20,-0.075000
2022-01-21,-0.076000
2022-01-24,-0.071000
2022-01-25,-0.071000
2022-01-26,-0.071000
2022-01-27,-0.055000
2022-01-28,-0.055000
2022-01-31,-0.055000
2022-02-01,-0.050000
2022-02-02,-0.050000
2022-02-03,-0.050000
2022-02-04,-0.045000
2022-02-07,-0.045000
2022-02-08,-0.040000
2022-02-09,-0.040000
2022-02-10,-0.031000
2022-02-14,-0.029000
2022-02-15,-0.024000
2022-02-16,-0.019000
2022-02-17,-0.008000
2022-02-18,-0.008000
2022-02-21,-0.015000
2022-02-22,-0.026000
2022-02-24,-0.026000
2022-02-25,-0.025000
2022-02-28,-0.035000
2022-03-01,-0.035000
2022-03-02,-0.045000
2022-03-03,-0.035000
2022-03-04,-0.040000
2022-03-07,-0.050000
2022-03-08,-0.045000
2022-03-09,-0.040000
2022-03-10,-0.030000
2022-03-11,-0.030000
2022-03-14,-0.030000
2022-03-15,-0.025000
2022-03-16,-0.025000
2022-03-17,-0.025000
2022-03-18,-0.018000
2022-03-22,-0.018000
2022-03-23,-0.023000
2022-03-24,-0.023000
2022-03-25,-0.023000
2022-03-28,-0.018000
2022-03-29,-0.021000
2022-03-30,-0.031000
2022-03-31,-0.030000
2022-04-01,-0.040000
2022-04-04,-0.040000
2022-04-05,-0.040000
2022-04-06,-0.035000
2022-04-07,-0.040000
2022-04-08,-0.080000
2022-04-11,-0.086000
2022-04-12,-0.080000
2022-04-13,-0.065000
2022-04-14,-0.061000
2022-04-15,-0.061000
2022-04-18,-0.056000
2022-04-19,-0.046000
2022-04-20,-0.046000
2022-04-21,-0.049000
2022-04-22,-0.057000
2022-04-25,-0.052000
2022-04-26,-0.057000
2022-04-27,-0.056000
2022-04-28,-0.060000
2022-05-02,-0.050000
2022-05-06,-0.045000
2022-05-09,-0.046000
2022-05-10,-0.046000
2022-05-11,-0.046000
2022-05-12,-0.051000
2022-05-13,-0.057000
2022-05-16,-0.056000
2022-05-17,-0.056000
2022-05-18,-0.056000
2022-05-19,-0.056000
2022-05-20,-0.056000
2022-05-23,-0.062000
2022-05-24,-0.067000
2022-05-25,-0.075000
2022-05-26,-0.062000
2022-05-27,-0.067000
2022-05-30,-0.068000
2022-05-31,-0.070000
2022-06-01,-0.075000
2022-06-02,-0.070000
2022-06-03,-0.070000
2022-06-06,-0.065000
2022-06-07,-0.070000
2022-06-08,-0.070000
2022-06-09,-0.075000
2022-06-10,-0.081000
2022-06-13,-0.051000
2022-06-14,-0.050000
2022-06-15,-0.060000
2022-06-16,-0.084000
2022-06-17,-0.071000
2022-06-20,-0.059000
2022-06-21,-0.066000
2022-06-22,-0.079000
2022-06-23,-0.085000
2022-06-24,-0.079000
2022-06-27,-0.066000
2022-06-28,-0.045000
2022-06-29,-0.050000
2022-06-30,-0.065000
2022-07-01,-0.070000
2022-07-04,-0.065000
2022-07-05,-0.060000
2022-07-06,-0.065000
2022-07-07,-0.071000
2022-07-08,-0.070000
2022-07-11,-0.070000
2022-07-12,-0.070000
2022-07-13,-0.076000
2022-07-14,-0.060000
2022-07-15,-0.061000
2022-07-19,-0.077000
2022-07-20,-0.077000
2022-07-21,-0.075000
2022-07-22,-0.077000
2022-07-25,-0.075000
2022-07-26,-0.077000
2022-07-27,-0.078000
2022-07-28,-0.076000
2022-07-29,-0.090000
2022-08-01,-0.090000
2022-08-02,-0.090000
2022-08-03,-0.085000
2022-08-04,-0.095000
2022-08-05,-0.100000
2022-08-08,-0.101000
2022-08-09,-0.101000
2022-08-10,-0.090000
2022-08-12,-0.086000
2022-08-15,-0.085000
2022-08-16,-0.090000
2022-08-17,-0.090000
2022-08-18,-0.086000
2022-08-19,-0.086000
2022-08-22,-0.081000
2022-08-23,-0.086000
2022-08-24,-0.086000
2022-08-25,-0.087000
2022-08-26,-0.087000
2022-08-29,-0.079000
2022-08-30,-0.090000
2022-08-31,-0.085000
2022-09-01,-0.080000
2022-09-02,-0.085000
2022-09-05,-0.085000
2022-09-06,-0.081000
2022-09-07,-0.081000
2022-09-08,-0.081000
2022-09-09,-0.081000
2022-09-12,-0.076000
2022-09-13,-0.076000
2022-09-14,-0.076000
2022-09-15,-0.076000
2022-09-16,-0.071000
2022-09-20,-0.070000
2022-09-21,-0.055000
2022-09-22,-0.066000
2022-09-26,-0.056000
2022-09-27,-0.045000
2022-09-28,-0.040000
2022-09-29,-0.050000
2022-09-30,-0.050000
2022-10-03,-0.055000
2022-10-04,-0.060000
2022-10-05,-0.065000
2022-10-06,-0.070000
2022-10-07,-0.065000
2022-10-11,-0.054000
2022-10-12,-0.054000
2022-10-13,-0.050000
2022-10-14,-0.050000
2022-10-17,-0.050000
2022-10-18,-0.050000
2022-10-19,-0.034000
2022-10-20,-0.021000
2022-10-21,-0.003000
2022-10-24,0.001000
2022-10-25,-0.008000
2022-10-26,-0.019000
2022-10-27,-0.044000
2022-10-28,-0.049000
2022-10-31,-0.045000
2022-11-01,-0.045000
2022-11-02,-0.040000
2022-11-04,-0.040000
2022-11-07,-0.040000
2022-11-08,-0.040000
2022-11-09,-0.050000
2022-11-10,-0.050000
2022-11-11,-0.056000
2022-11-14,-0.050000
2022-11-15,-0.047000
2022-11-16,-0.042000
2022-11-17,-0.041000
2022-11-18,-0.019000
2022-11-21,-0.014000
2022-11-22,-0.019000
2022-11-24,-0.024000
2022-11-25,-0.018000
2022-11-28,-0.019000
2022-11-29,-0.030000
2022-11-30,-0.030000
2022-12-01,-0.030000
2022-12-02,-0.025000
2022-12-05,-0.020000
2022-12-06,-0.010000
2022-12-07,-0.009000
2022-12-08,-0.009000
2022-12-09,-0.015000
2022-12-12,-0.014000
2022-12-13,-0.015000
2022-12-14,-0.015000
2022-12-15,-0.015000
2022-12-16,-0.019000
2022-12-19,-0.009000
2022-12-20,0.011000
2022-12-21,-0.009000
2022-12-22,0.002000
2022-12-23,0.014000
2022-12-26,0.033000
2022-12-27,0.038000
2022-12-28,0.039000
2022-12-29,0.039000
2022-12-30,0.030000
2023-01-04,0.025000
2023-01-05,0.015000
2023-01-06,0.011000
2023-01-10,0.026000
2023-01-11,0.026000
2023-01-12,0.041000
2023-01-13,0.032000
2023-01-16,0.032000
2023-01-17,0.041000
2023-01-18,0.006000
2023-01-19,-0.001000
2023-01-20,-0.004000
2023-01-23,-0.015000
2023-01-24,-0.005000
2023-01-25,-0.010000
2023-01-26,-0.009000
2023-01-27,0.001000
2023-01-30,-0.004000
2023-01-31,-0.010000
2023-02-01,-0.020000
2023-02-02,-0.020000
2023-02-03,-0.030000
2023-02-06,-0.025000
2023-02-07,-0.029000
2023-02-08,-0.029000
2023-02-09,-0.035000
2023-02-10,-0.045000
2023-02-13,-0.055000
2023-02-14,-0.056000
2023-02-15,-0.051000
2023-02-16,-0.047000
2023-02-17,-0.047000
2023-02-20,-0.043000
2023-02-21,-0.029000
2023-02-22,-0.029000
2023-02-24,-0.029000
2023-02-27,-0.028000
2023-02-28,-0.026000
2023-03-01,-0.035000
2023-03-02,-0.035000
2023-03-03,-0.040000
2023-03-06,-0.039000
2023-03-07,-0.039000
2023-03-08,-0.040000
2023-03-09,-0.019000
2023-03-10,-0.030000
2023-03-13,-0.025000
2023-03-14,-0.040000
2023-03-15,-0.051000
2023-03-16,-0.070000
2023-03-17,-0.075000
2023-03-20,-0.077000
2023-03-22,-0.056000
2023-03-23,-0.063000
2023-03-24,-0.067000
2023-03-27,-0.067000
2023-03-28,-0.059000
2023-03-29,-0.070000
2023-03-30,-0.061000
2023-03-31,-0.061000
2023-04-03,-0.040000
2023-04-04,-0.025000
2023-04-05,-0.030000
2023-04-06,-0.045000
2023-04-07,-0.060000
2023-04-10,-0.045000
2023-04-11,-0.046000
2023-04-12,-0.045000
2023-04-13,-0.050000
2023-04-14,-0.040000
2023-04-17,-0.035000
2023-04-18,-0.040000
2023-04-19,-0.040000
2023-04-20,-0.040000
2023-04-21,-0.035000
2023-04-24,-0.038000
2023-04-25,-0.035000
2023-04-26,-0.040000
2023-04-27,-0.040000
2023-04-28,-0.045000
2023-05-01,-0.045000
2023-05-02,-0.035000
2023-05-08,-0.035000
2023-05-09,-0.030000
2023-05-10,-0.040000
2023-05-11,-0.045000
2023-05-12,-0.055000
2023-05-15,-0.049000
2023-05-16,-0.054000
2023-05-17,-0.066000
2023-05-18,-0.061000
2023-05-19,-0.061000
2023-05-22,-0.066000
2023-05-23,-0.061000
2023-05-24,-0.066000
2023-05-25,-0.066000
2023-05-26,-0.066000
2023-05-29,-0.061000
2023-05-30,-0.055000
2023-05-31,-0.060000
2023-06-01,-0.065000
2023-06-02,-0.075000
2023-06-05,-0.065000
2023-06-06,-0.065000
2023-06-07,-0.060000
2023-06-08,-0.060000
2023-06-09,-0.065000
2023-06-12,-0.070000
2023-06-13,-0.075000
2023-06-14,-0.071000
2023-06-15,-0.064000
2023-06-16,-0.065000
2023-06-19,-0.066000
2023-06-20,-0.066000
2023-06-21,-0.069000
2023-06-22,-0.071000
2023-06-23,-0.074000
2023-06-26,-0.077000
2023-06-27,-0.074000
2023-06-28,-0.064000
2023-06-29,-0.070000
2023-06-30,-0.075000
2023-07-03,-0.065000
2023-07-04,-0.070000
2023-07-05,-0.070000
2023-07-06,-0.060000
2023-07-07,-0.039000
2023-07-10,-0.029000
2023-07-11,-0.039000
2023-07-12,-0.034000
2023-07-13,-0.034000
2023-07-14,-0.038000
2023-07-18,-0.033000
2023-07-19,-0.037000
2023-07-20,-0.037000
2023-07-21,-0.026000
2023-07-24,-0.036000
2023-07-25,-0.038000
2023-07-26,-0.038000
2023-07-27,-0.040000
2023-07-28,-0.015000
2023-07-31,0.000000
2023-08-01,0.000000
2023-08-02,0.010000
2023-08-03,0.020000
2023-08-04,0.021000
2023-08-07,0.017000
2023-08-08,0.012000
2023-08-09,0.006000
2023-08-10,0.012000
2023-08-14,0.017000
2023-08-15,0.016000
2023-08-16,0.017000
2023-08-17,0.028000
2023-08-18,0.022000
2023-08-21,0.029000
2023-08-22,0.025000
2023-08-23,0.024000
2023-08-24,0.010000
2023-08-25,0.010000
2023-08-28,0.011000
2023-08-29,0.019000
2023-08-30,0.029000
2023-08-31,0.025000
2023-09-01,0.020000
2023-09-04,0.016000
2023-09-05,0.016000
2023-09-06,0.017000
2023-09-07,0.012000
2023-09-08,0.007000
2023-09-11,0.043000
2023-09-12,0.033000
2023-09-13,0.028000
2023-09-14,0.029000
2023-09-15,0.030000
2023-09-19,0.035000
2023-09-20,0.026000
2023-09-21,0.035000
2023-09-22,0.035000
2023-09-25,0.033000
2023-09-26,0.034000
2023-09-27,0.034000
2023-09-28,0.044000
2023-09-29,0.044000
2023-10-02,0.055000
2023-10-03,0.051000
2023-10-04,0.061000
2023-10-05,0.061000
2023-10-06,0.061000
2023-10-10,0.058000
2023-10-11,0.058000
2023-10-12,0.047000
2023-10-13,0.044000
2023-10-16,0.043000
2023-10-17,0.059000
2023-10-18,0.070000
2023-10-19,0.081000
2023-10-20,0.075000
2023-10-23,0.087000
2023-10-24,0.082000
2023-10-25,0.077000
2023-10-26,0.093000
2023-10-27,0.094000
2023-10-30,0.119000
2023-10-31,0.149000
2023-11-01,0.155000
2023-11-02,0.135000
2023-11-06,0.127000
2023-11-07,0.127000
2023-11-08,0.117000
2023-11-09,0.107000
2023-11-10,0.108000
2023-11-13,0.103000
2023-11-14,0.093000
2023-11-15,0.069000
2023-11-16,0.057000
2023-11-17,0.046000
2023-11-20,0.046000
2023-11-21,0.036000
2023-11-22,0.052000
2023-11-24,0.068000
2023-11-27,0.068000
2023-11-28,0.065000
2023-11-29,0.048000
2023-11-30,0.049000
2023-12-01,0.040000
2023-12-04,0.031000
2023-12-05,0.036000
2023-12-06,0.036000
2023-12-07,0.087000
2023-12-08,0.092000
2023-12-11,0.088000
2023-12-12,0.067000
2023-12-13,0.048000
2023-12-14,0.057000
2023-12-15,0.087000
2023-12-18,0.079000
2023-12-19,0.068000
2023-12-20,0.033000
2023-12-21,0.037000
2023-12-22,0.046000
2023-12-25,0.038000
2023-12-26,0.065000
2023-12-27,0.050000
2023-12-28,0.037000
2023-12-29,0.048000
2024-01-04,0.050000
2024-01-05,0.035000
2024-01-09,0.025000
2024-01-10,0.025000
2024-01-11,0.015000
2024-01-12,0.005000
2024-01-15,-0.001000
2024-01-16,0.020000
2024-01-17,0.025000
2024-01-18,0.036000
2024-01-19,0.031000
2024-01-22,0.025000
2024-01-23,0.025000
2024-01-24,0.070000
2024-01-25,0.067000
2024-01-26,0.052000
2024-01-29,0.063000
2024-01-30,0.074000
2024-01-31,0.094000
2024-02-01,0.085000
2024-02-02,0.100000
2024-02-05,0.111000
2024-02-06,0.106000
2024-02-07,0.101000
2024-02-08,0.101000
2024-02-09,0.116000
2024-02-13,0.128000
2024-02-14,0.143000
2024-02-15,0.137000
2024-02-16,0.143000
2024-02-19,0.150000
2024-02-20,0.151000
2024-02-21,0.155000
2024-02-22,0.158000
2024-02-26,0.159000
2024-02-27,0.173000
2024-02-28,0.166000
2024-02-29,0.190000
2024-03-01,0.180000
2024-03-04,0.176000
2024-03-05,0.175000
2024-03-06,0.186000
2024-03-07,0.191000
2024-03-08,0.202000
2024-03-11,0.202000
2024-03-12,0.197000
2024-03-13,0.197000
2024-03-14,0.198000
2024-03-15,0.193000
2024-03-18,0.188000
2024-03-19,0.178000
2024-03-21,0.205000
2024-03-22,0.206000
2024-03-25,0.206000
2024-03-26,0.207000
2024-03-27,0.204000
2024-03-28,0.196000
2024-03-29,0.189000
2024-04-01,0.195000
2024-04-02,0.200000
2024-04-03,0.191000
2024-04-04,0.196000
2024-04-05,0.211000
2024-04-08,0.228000
2024-04-09,0.223000
2024-04-10,0.233000
2024-04-11,0.270000
2024-04-12,0.281000
2024-04-15,0.275000
2024-04-16,0.281000
2024-04-17,0.288000
2024-04-18,0.278000
2024-04-19,0.263000
2024-04-22,0.290000
2024-04-23,0.297000
2024-04-24,0.298000
2024-04-25,0.298000
2024-04-26,0.298000
2024-04-30,0.275000
2024-05-01,0.290000
2024-05-02,0.290000
2024-05-07,0.282000
2024-05-08,0.288000
2024-05-09,0.313000
2024-05-10,0.319000
2024-05-13,0.335000
2024-05-14,0.346000
2024-05-15,0.341000
2024-05-16,0.326000
2024-05-17,0.337000
2024-05-20,0.349000
2024-05-21,0.349000
2024-05-22,0.356000
2024-05-23,0.345000
2024-05-24,0.345000
2024-05-27,0.357000
2024-05-28,0.357000
2024-05-29,0.387000
2024-05-30,0.399000
2024-05-31,0.399000
2024-06-03,0.401000
2024-06-04,0.386000
2024-06-05,0.356000
2024-06-06,0.336000
2024-06-07,0.351000
2024-06-10,0.383000
2024-06-11,0.372000
2024-06-12,0.343000
2024-06-13,0.332000
2024-06-14,0.302000
2024-06-17,0.291000
2024-06-18,0.288000
2024-06-19,0.286000
2024-06-20,0.292000
2024-06-21,0.313000
2024-06-24,0.309000
2024-06-25,0.306000
2024-06-26,0.312000
2024-06-27,0.372000
2024-06-28,0.353000
2024-07-01,0.360000
2024-07-02,0.365000
2024-07-03,0.350000
2024-07-04,0.340000
2024-07-05,0.346000
2024-07-08,0.362000
2024-07-09,0.353000
2024-07-10,0.343000
2024-07-11,0.343000
2024-07-12,0.333000
2024-07-16,0.320000
2024-07-17,0.330000
2024-07-18,0.347000
2024-07-19,0.352000
2024-07-22,0.348000
2024-07-23,0.362000
2024-07-24,0.379000
2024-07-25,0.403000
2024-07-26,0.408000
2024-07-29,0.394000
2024-07-30,0.374000
2024-07-31,0.450000
2024-08-01,0.460000
2024-08-02,0.410000
2024-08-05,0.265000
2024-08-06,0.290000
2024-08-07,0.270000
2024-08-08,0.269000
2024-08-09,0.301000
2024-08-13,0.300000
2024-08-14,0.296000
2024-08-15,0.321000
2024-08-16,0.357000
2024-08-19,0.374000
2024-08-20,0.363000
2024-08-21,0.352000
2024-08-22,0.363000
2024-08-23,0.372000
2024-08-26,0.364000
2024-08-27,0.367000
2024-08-28,0.380000
2024-08-29,0.368000
2024-08-30,0.363000
2024-09-02,0.370000
2024-09-03,0.390000
2024-09-04,0.375000
2024-09-05,0.375000
2024-09-06,0.380000
2024-09-09,0.396000
2024-09-10,0.396000
2024-09-11,0.380000
2024-09-12,0.391000
2024-09-13,0.392000
2024-09-17,0.387000
2024-09-18,0.380000
2024-09-19,0.389000
2024-09-20,0.395000
2024-09-24,0.350000
2024-09-25,0.355000
2024-09-26,0.349000
2024-09-27,0.323000
2024-09-30,0.394000
2024-10-01,0.390000
2024-10-02,0.365000
2024-10-03,0.365000
2024-10-04,0.370000
2024-10-07,0.407000
2024-10-08,0.402000
2024-10-09,0.402000
2024-10-10,0.412000
2024-10-11,0.412000
2024-10-15,0.423000
2024-10-16,0.423000
2024-10-17,0.434000
2024-10-18,0.438000
2024-10-21,0.433000
2024-10-22,0.454000
2024-10-23,0.449000
2024-10-24,0.449000
2024-10-25,0.449000
2024-10-28,0.461000
2024-10-29,0.453000
2024-10-30,0.443000
2024-10-31,0.434000
2024-11-01,0.465000
2024-11-05,0.455000
2024-11-06,0.480000
2024-11-07,0.501000
2024-11-08,0.501000
2024-11-11,0.501000
2024-11-12,0.501000
2024-11-13,0.527000
2024-11-14,0.532000
2024-11-15,0.552000
2024-11-18,0.553000
2024-11-19,0.554000
2024-11-20,0.554000
2024-11-21,0.580000
2024-11-22,0.590000
2024-11-25,0.590000
2024-11-26,0.592000
2024-11-27,0.596000
2024-11-28,0.581000
2024-11-29,0.599000
2024-12-02,0.620000
2024-12-03,0.610000
2024-12-04,0.585000
2024-12-05,0.600000
2024-12-06,0.590000
2024-12-09,0.575000
2024-12-10,0.585000
2024-12-11,0.591000
2024-12-12,0.579000
2024-12-13,0.564000
2024-12-16,0.585000
2024-12-17,0.595000
2024-12-18,0.589000
2024-12-19,0.606000
2024-12-20,0.576000
2024-12-23,0.588000
2024-12-24,0.588000
2024-12-25,0.588000
2024-12-26,0.602000
2024-12-27,0.602000
2024-12-30,0.599000
2025-01-06,0.626000
2025-01-07,0.632000
2025-01-08,0.648000
2025-01-09,0.643000
2025-01-10,0.649000
2025-01-14,0.687000
2025-01-15,0.707000
2025-01-16,0.698000
2025-01-17,0.693000
2025-01-20,0.683000
2025-01-21,0.677000
2025-01-22,0.698000
2025-01-23,0.704000
2025-01-24,0.718000
2025-01-27,0.705000
2025-01-28,0.695000
2025-01-29,0.704000
2025-01-30,0.718000
2025-01-31,0.729000
2025-02-03,0.720000
2025-02-04,0.741000
2025-02-05,0.756000
2025-02-06,0.762000
2025-02-07,0.798000
2025-02-10,0.798000
2025-02-12,0.799000
2025-02-13,0.794000
2025-02-14,0.794000
2025-02-17,0.809000
2025-02-18,0.827000
2025-02-19,0.820000
2025-02-20,0.821000
2025-02-21,0.818000
2025-02-25,0.803000
2025-02-26,0.801000
2025-02-27,0.826000
2025-02-28,0.806000
2025-03-03,0.825000
2025-03-04,0.831000
2025-03-05,0.831000
2025-03-06,0.852000
2025-03-07,0.848000
2025-03-10,0.875000
2025-03-11,0.834000
2025-03-12,0.850000
2025-03-13,0.861000
2025-03-14,0.840000
2025-03-17,0.811000
2025-03-18,0.815000
2025-03-19,0.842000
2025-03-21,0.854000
2025-03-24,0.871000
2025-03-25,0.887000
2025-03-26,0.892000
2025-03-27,0.893000
2025-03-28,0.877000
2025-03-31,0.854000
2025-04-01,0.855000
2025-04-02,0.834000
2025-04-03,0.754000
2025-04-04,0.612000
2025-04-07,0.586000
2025-04-08,0.647000
2025-04-09,0.611000
2025-04-10,0.676000
2025-04-11,0.611000
2025-04-14,0.589000
2025-04-15,0.646000
2025-04-16,0.615000
2025-04-17,0.650000
2025-04-18,0.636000
2025-04-21,0.649000
2025-04-22,0.670000
2025-04-23,0.684000
2025-04-24,0.679000
2025-04-25,0.689000
2025-04-28,0.686000
2025-04-30,0.676000
2025-05-01,0.629000
2025-05-02,0.609000
2025-05-07,0.609000
2025-05-08,0.619000
2025-05-09,0.634000
2025-05-12,0.660000
2025-05-13,0.718000
2025-05-14,0.706000
2025-05-15,0.717000
2025-05-16,0.707000
2025-05-19,0.718000
2025-05-20,0.728000
2025-05-21,0.720000
2025-05-22,0.737000
2025-05-23,0.731000
2025-05-26,0.728000
2025-05-27,0.739000
2025-05-28,0.753000
2025-05-29,0.758000
2025-05-30,0.750000
2025-06-02,0.755000
2025-06-03,0.755000
2025-06-04,0.765000
2025-06-05,0.755000
2025-06-06,0.760000
2025-06-09,0.775000
2025-06-10,0.771000
2025-06-11,0.756000
2025-06-12,0.756000
2025-06-13,0.736000
2025-06-16,0.758000
2025-06-17,0.769000
2025-06-18,0.755000
2025-06-19,0.728000
2025-06-20,0.728000
2025-06-23,0.738000
2025-06-24,0.738000
2025-06-25,0.724000
2025-06-26,0.735000
2025-06-27,0.740000
2025-06-30,0.746000
2025-07-01,0.735000
2025-07-02,0.741000
2025-07-03,0.746000
2025-07-04,0.736000
2025-07-07,0.732000
2025-07-08,0.733000
2025-07-09,0.754000
2025-07-10,0.760000
2025-07-11,0.764000
2025-07-14,0.781000
2025-07-15,0.792000
2025-07-16,0.793000
2025-07-17,0.788000
2025-07-18,0.772000
2025-07-22,0.760000
2025-07-23,0.838000
2025-07-24,0.854000
2025-07-25,0.863000
2025-07-28,0.849000
2025-07-29,0.835000
2025-07-30,0.826000
2025-07-31,0.826000
2025-08-01,0.814000
2025-08-04,0.764000
2025-08-05,0.754000
2025-08-06,0.774000
2025-08-07,0.770000
2025-08-08,0.770000
2025-08-12,0.775000
2025-08-13,0.785000
2025-08-14,0.822000
2025-08-15,0.826000
2025-08-18,0.833000
2025-08-19,0.849000
2025-08-20,0.858000
2025-08-21,0.862000
2025-08-22,0.873000
2025-08-25,0.869000
2025-08-26,0.874000
2025-08-27,0.869000
2025-08-28,0.871000
2025-08-29,0.871000
2025-09-01,0.880000
2025-09-02,0.870000
2025-09-03,0.870000
2025-09-04,0.855000
2025-09-05,0.841000
2025-09-08,0.831000
2025-09-09,0.842000
2025-09-10,0.857000
2025-09-11,0.862000
2025-09-12,0.873000
2025-09-16,0.884000
2025-09-17,0.883000
2025-09-18,0.888000
2025-09-19,0.918000
2025-09-22,0.935000
2025-09-24,0.932000
2025-09-25,0.936000
2025-09-26,0.931000
2025-09-29,0.931000
2025-09-30,0.958000
2025-10-01,0.954000
2025-10-02,0.955000
2025-10-03,0.945000
2025-10-06,0.899000
2025-10-07,0.909000
2025-10-08,0.930000
2025-10-09,0.930000
2025-10-10,0.925000
2025-10-14,0.895000
2025-10-15,0.900000
2025-10-16,0.920000
2025-10-17,0.909000
2025-10-20,0.950000
2025-10-21,0.940000
2025-10-22,0.929000
2025-10-23,0.933000
2025-10-24,0.932000
2025-10-27,0.943000
2025-10-28,0.940000
2025-10-29,0.943000
2025-10-30,0.929000
2025-10-31,0.928000
2025-11-04,0.945000
2025-11-05,0.930000
2025-11-06,0.941000
2025-11-07,0.941000
2025-11-10,0.948000
2025-11-11,0.937000
2025-11-12,0.942000
2025-11-13,0.932000
2025-11-14,0.932000
2025-11-17,0.938000
2025-11-18,0.928000
2025-11-19,0.934000
2025-11-20,0.965000
2025-11-21,0.959000
2025-11-25,0.975000
2025-11-26,0.985000
2025-11-27,0.977000
2025-11-28,0.992000
2025-12-01,1.020000
2025-12-02,1.005000
2025-12-03,1.016000
2025-12-04,1.021000
2025-12-05,1.052000
2025-12-08,1.063000
2025-12-09,1.069000
2025-12-10,1.074000
2025-12-11,1.054000
2025-12-12,1.070000
2025-12-15,1.071000
2025-12-16,1.067000
2025-12-17,1.077000
2025-12-18,1.073000
2025-12-19,1.101000
2025-12-22,1.129000
2025-12-23,1.111000
2025-12-24,1.111000
2025-12-25,1.147000
2025-12-26,1.141000
2025-12-29,1.150000
2025-12-30,1.167000
2026-01-05,1.194000
2026-01-06,1.185000
2026-01-07,1.170000
2026-01-08,1.129000
2026-01-09,1.151000
2026-01-13,1.164000
2026-01-14,1.186000
2026-01-15,1.190000
2026-01-16,1.205000
2026-01-19,1.230000
2026-01-20,1.220000
2026-01-21,1.235000
2026-01-22,1.224000
2026-01-23,1.262000
2026-01-26,1.277000
2026-01-27,1.284000
2026-01-28,1.257000
2026-01-29,1.264000
2026-01-30,1.251000
2026-02-02,1.265000
2026-02-03,1.286000
2026-02-04,1.276000
2026-02-05,1.276000
2026-02-06,1.281000
2026-02-09,1.313000
2026-02-10,1.303000
2026-02-12,1.305000
2026-02-13,1.289000
2026-02-16,1.275000
2026-02-17,1.233000
2026-02-18,1.242000
2026-02-19,1.265000
2026-02-20,1.260000
2026-02-24,1.251000
2026-02-25,1.224000
2026-02-26,1.246000
2026-02-27,1.250000
2026-03-02,1.219000
2026-03-03,1.250000
2026-03-04,1.235000
2026-03-05,1.256000
2026-03-06,1.246000
2026-03-09,1.242000
2026-03-10,1.258000
2026-03-11,1.253000
2026-03-12,1.263000
2026-03-13,1.289000
2026-03-16,1.287000
2026-03-17,1.280000
2026-03-18,1.261000
2026-03-19,1.277000
2026-03-23,1.311000
2026-03-24,1.311000
2026-03-25,1.317000
2026-03-26,1.348000
2026-03-27,1.393000
2026-03-30,1.369000
2026-03-31,1.375000
2026-04-01,1.349000
2026-04-02,1.390000
2026-04-03,1.391000
2026-04-06,1.402000
2026-04-07,1.387000
2026-04-08,1.382000
2026-04-09,1.394000
2026-04-10,1.405000
2026-04-13,1.401000
2026-04-14,1.382000
2026-04-15,1.382000
2026-04-16,1.366000
2026-04-17,1.372000
2026-04-20,1.369000
2026-04-21,1.359000
2026-04-22,1.362000
2026-04-23,1.365000
2026-04-24,1.363000
2026-04-27,1.375000
2026-04-28,1.389000
2026-04-30,1.402000
2026-05-01,1.385000
2026-05-07,1.372000
2026-05-08,1.378000
2026-05-11,1.395000
2026-05-12,1.401000
2026-05-13,1.401000
2026-05-14,1.407000
2026-05-15,1.413000
2026-05-18,1.431000
2026-05-19,1.452000
2026-05-20,1.464000
2026-05-21,1.453000
2026-05-22,1.443000
2026-05-25,1.420000
2026-05-26,1.421000
2026-05-27,1.399000
2026-05-28,1.366000
2026-05-29,1.393000
2026-06-01,1.400000
2026-06-02,1.380000
2026-06-03,1.401000
2026-06-04,1.417000
2026-06-05,1.412000
2026-06-08,1.420000
2026-06-09,1.420000
2026-06-10,1.426000
2026-06-11,1.427000
2026-06-12,1.417000
2026-06-15,1.409000
2026-06-16,1.414000
2026-06-17,1.398000
2026-06-18,1.400000
2026-06-19,1.409000
2026-06-22,1.415000
2026-06-23,1.426000
2026-06-24,1.432000
2026-06-25,1.421000
2026-06-26,1.409000
2026-06-29,1.411000
2026-06-30,1.382000
2026-07-01,1.400000
2026-07-02,1.395000
2026-07-03,1.390000
2026-07-06,1.396000
2026-07-07,1.402000
2026-07-08,1.433000
2026-07-09,1.444000
2026-07-10,1.434000
2026-07-13,1.451000
2026-07-14,1.435000
2026-07-15,1.436000
2026-07-16,1.440000
2026-07-17,1.436000
2026-07-21,1.441000
2026-07-22,1.450000
2026-07-23,1.499000
2026-07-24,1.531000
2026-07-27,1.513000
2026-07-28,1.504000
2026-07-29,1.488000
2026-07-30,1.497000
2026-07-31,1.507000
2026-08-03,1.562000
2026-08-04,1.568000
2026-08-05,1.569000
2026-08-06,1.565000
2026-08-07,1.611000
2026-08-10,1.618000
2026-08-12,1.646000
2026-08-13,1.651000
2026-08-14,1.657000
2026-08-17,1.696000
2026-08-18,1.691000
2026-08-19,1.681000
2026-08-20,1.682000
2026-08-21,1.682000
2026-08-24,1.685000
2026-08-25,1.684000
2026-08-26,1.697000
2026-08-27,1.696000
2026-08-28,1.719000
2026-08-31,1.743000
2026-09-01,1.802000
2026-09-02,1.854000
2026-09-03,1.850000
2026-09-04,1.830000
2026-09-07,1.852000
2026-09-08,1.848000
2026-09-09,1.833000
2026-09-10,1.823000
2026-09-11,1.844000
2026-09-14,1.841000
2026-09-15,1.861000
2026-09-16,1.852000
2026-09-17,1.868000
2026-09-18,1.849000
2026-09-24,1.912000
2026-09-25,1.948000
2026-09-28,1.981000
2026-09-29,1.976000
2026-09-30,1.952000
