date,taux
1986-07-05,5.103000
1986-07-07,5.091000
1986-07-08,5.123000
1986-07-09,5.138000
1986-07-10,5.151000
1986-07-11,5.221000
1986-07-14,5.200000
1986-07-15,5.191000
1986-07-16,5.217000
1986-07-17,5.244000
1986-07-18,5.234000
1986-07-19,5.208000
1986-07-21,5.247000
1986-07-22,5.253000
1986-07-23,5.263000
1986-07-24,5.244000
1986-07-25,5.191000
1986-07-26,5.212000
1986-07-28,5.207000
1986-07-29,5.211000
1986-07-30,5.202000
1986-07-31,5.201000
1986-08-01,5.199000
1986-08-02,5.176000
1986-08-04,5.187000
1986-08-05,5.143000
1986-08-06,5.179000
1986-08-07,5.131000
1986-08-08,5.142000
1986-08-11,5.083000
1986-08-12,5.084000
1986-08-13,5.081000
1986-08-14,5.095000
1986-08-15,5.090000
1986-08-18,5.088000
1986-08-19,5.101000
1986-08-20,5.097000
1986-08-21,5.073000
1986-08-22,5.085000
1986-08-23,5.084000
1986-08-25,5.090000
1986-08-26,5.090000
1986-08-27,5.103000
1986-08-28,5.119000
1986-08-29,5.119000
1986-08-30,5.116000
1986-09-01,5.230000
1986-09-02,5.245000
1986-09-03,5.321000
1986-09-04,5.304000
1986-09-05,5.304000
1986-09-06,5.419000
1986-09-08,5.392000
1986-09-09,5.390000
1986-09-10,5.390000
1986-09-11,5.430000
1986-09-12,5.515000
1986-09-16,5.555000
1986-09-17,5.575000
1986-09-18,5.557000
1986-09-19,5.498000
1986-09-22,5.551000
1986-09-24,5.534000
1986-09-25,5.531000
1986-09-26,5.573000
1986-09-27,5.555000
1986-09-29,5.605000
1986-09-30,5.638000
1986-10-01,5.630000
1986-10-02,5.581000
1986-10-03,5.600000
1986-10-04,5.612000
1986-10-06,5.589000
1986-10-07,5.610000
1986-10-08,5.603000
1986-10-09,5.623000
1986-10-13,5.682000
1986-10-14,5.654000
1986-10-15,5.691000
1986-10-16,5.707000
1986-10-17,5.764000
1986-10-20,5.883000
1986-10-21,5.883000
1986-10-22,5.897000
1986-10-23,5.772000
1986-10-24,5.785000
1986-10-25,5.761000
1986-10-27,5.771000
1986-10-28,5.754000
1986-10-29,5.736000
1986-10-30,5.535000
1986-10-31,5.697000
1986-11-01,5.670000
1986-11-04,5.647000
1986-11-05,5.621000
1986-11-06,5.599000
1986-11-07,5.642000
1986-11-10,5.679000
1986-11-11,5.690000
1986-11-12,5.667000
1986-11-13,5.647000
1986-11-14,5.648000
1986-11-17,5.647000
1986-11-18,5.623000
1986-11-19,5.616000
1986-11-20,5.576000
1986-11-21,5.600000
1986-11-22,5.588000
1986-11-25,5.591000
1986-11-26,5.594000
1986-11-27,5.555000
1986-11-28,5.511000
1986-11-29,5.487000
1986-12-01,5.430000
1986-12-02,5.430000
1986-12-03,5.396000
1986-12-04,5.371000
1986-12-05,5.337000
1986-12-06,5.362000
1986-12-08,5.370000
1986-12-09,5.369000
1986-12-10,5.362000
1986-12-11,5.387000
1986-12-12,5.395000
1986-12-15,5.445000
1986-12-16,5.428000
1986-12-17,5.394000
1986-12-18,5.377000
1986-12-19,5.369000
1986-12-22,5.374000
1986-12-23,5.373000
1986-12-24,5.356000
1986-12-25,5.347000
1986-12-26,5.356000
1986-12-27,5.364000
1987-01-05,5.290000
1987-01-06,5.281000
1987-01-07,5.254000
1987-01-08,5.227000
1987-01-09,5.210000
1987-01-12,5.214000
1987-01-13,5.222000
1987-01-14,5.215000
1987-01-16,5.202000
1987-01-19,5.198000
1987-01-20,5.186000
1987-01-21,5.239000
1987-01-22,5.212000
1987-01-23,5.211000
1987-01-24,5.185000
1987-01-26,5.190000
1987-01-27,5.190000
1987-01-28,5.134000
1987-01-29,5.100000
1987-01-30,5.168000
1987-01-31,5.152000
1987-02-02,5.138000
1987-02-03,5.170000
1987-02-04,5.121000
1987-02-05,5.122000
1987-02-06,5.139000
1987-02-07,5.146000
1987-02-09,5.128000
1987-02-10,5.167000
1987-02-12,5.180000
1987-02-13,5.248000
1987-02-16,5.292000
1987-02-17,5.294000
1987-02-18,5.281000
1987-02-19,5.209000
1987-02-20,5.151000
1987-02-23,5.164000
1987-02-24,5.155000
1987-02-25,5.172000
1987-02-26,5.171000
1987-02-27,5.189000
1987-02-28,5.088000
1987-03-02,4.943000
1987-03-03,4.912000
1987-03-04,4.921000
1987-03-05,4.909000
1987-03-06,4.899000
1987-03-07,4.903000
1987-03-09,4.874000
1987-03-10,4.871000
1987-03-11,4.762000
1987-03-12,4.717000
1987-03-13,4.708000
1987-03-16,4.608000
1987-03-17,4.603000
1987-03-18,4.606000
1987-03-19,4.586000
1987-03-20,4.562000
1987-03-23,4.536000
1987-03-24,4.588000
1987-03-25,4.601000
1987-03-26,4.639000
1987-03-27,4.540000
1987-03-28,4.456000
1987-03-30,4.473000
1987-03-31,4.485000
1987-04-01,4.585000
1987-04-02,4.542000
1987-04-03,4.525000
1987-04-04,4.442000
1987-04-06,4.407000
1987-04-07,4.255000
1987-04-08,4.298000
1987-04-09,4.328000
1987-04-10,4.235000
1987-04-13,4.269000
1987-04-14,4.345000
1987-04-15,4.329000
1987-04-16,4.301000
1987-04-17,4.320000
1987-04-20,4.335000
1987-04-21,4.347000
1987-04-22,4.342000
1987-04-23,4.246000
1987-04-24,4.055000
1987-04-25,4.013000
1987-04-27,4.108000
1987-04-28,4.158000
1987-04-30,4.104000
1987-05-01,4.118000
1987-05-02,3.970000
1987-05-06,3.930000
1987-05-07,3.904000
1987-05-08,3.768000
1987-05-11,3.695000
1987-05-12,3.467000
1987-05-13,3.462000
1987-05-14,3.492000
1987-05-15,3.830000
1987-05-18,3.965000
1987-05-19,3.946000
1987-05-20,3.863000
1987-05-21,3.847000
1987-05-22,3.814000
1987-05-23,3.766000
1987-05-25,3.779000
1987-05-26,3.751000
1987-05-27,3.709000
1987-05-28,3.687000
1987-05-29,3.722000
1987-05-30,3.780000
1987-06-01,3.777000
1987-06-02,3.810000
1987-06-03,3.824000
1987-06-04,3.767000
1987-06-05,3.790000
1987-06-06,3.730000
1987-06-08,3.717000
1987-06-09,3.723000
1987-06-10,3.676000
1987-06-11,3.684000
1987-06-12,3.662000
1987-06-15,3.700000
1987-06-16,3.770000
1987-06-17,3.894000
1987-06-18,3.883000
1987-06-19,4.006000
1987-06-22,4.186000
1987-06-23,4.160000
1987-06-24,4.251000
1987-06-25,4.342000
1987-06-26,4.584000
1987-06-27,4.607000
1987-06-29,4.622000
1987-06-30,4.602000
1987-07-01,4.598000
1987-07-02,4.584000
1987-07-03,4.713000
1987-07-04,4.919000
1987-07-06,5.020000
1987-07-07,4.972000
1987-07-08,5.036000
1987-07-09,4.928000
1987-07-10,4.900000
1987-07-13,4.855000
1987-07-14,4.874000
1987-07-15,4.912000
1987-07-16,4.910000
1987-07-17,5.045000
1987-07-20,5.120000
1987-07-21,5.112000
1987-07-22,5.126000
1987-07-23,5.160000
1987-07-24,5.124000
1987-07-25,5.045000
1987-07-27,5.081000
1987-07-28,5.075000
1987-07-29,5.178000
1987-07-30,5.187000
1987-07-31,5.253000
1987-08-01,5.435000
1987-08-03,5.591000
1987-08-04,5.826000
1987-08-05,5.695000
1987-08-06,5.581000
1987-08-07,5.500000
1987-08-10,5.535000
1987-08-11,5.665000
1987-08-12,5.629000
1987-08-13,5.645000
1987-08-14,5.682000
1987-08-17,5.718000
1987-08-18,5.790000
1987-08-19,5.626000
1987-08-20,5.489000
1987-08-21,5.311000
1987-08-22,5.164000
1987-08-24,5.328000
1987-08-25,5.367000
1987-08-26,5.246000
1987-08-27,5.183000
1987-08-28,5.244000
1987-08-29,5.347000
1987-08-31,5.489000
1987-09-01,5.425000
1987-09-02,5.430000
1987-09-03,5.627000
1987-09-04,5.678000
1987-09-05,5.908000
1987-09-07,5.915000
1987-09-08,5.836000
1987-09-09,5.876000
1987-09-10,5.899000
1987-09-11,5.945000
1987-09-14,5.873000
1987-09-16,5.957000
1987-09-17,5.923000
1987-09-18,5.930000
1987-09-21,6.026000
1987-09-22,6.058000
1987-09-24,6.088000
1987-09-25,6.182000
1987-09-26,6.197000
1987-09-28,6.248000
1987-09-29,6.517000
1987-09-30,6.307000
1987-10-01,6.389000
1987-10-02,6.377000
1987-10-03,6.505000
1987-10-05,6.662000
1987-10-06,6.593000
1987-10-07,6.395000
1987-10-08,6.292000
1987-10-09,6.433000
1987-10-12,6.446000
1987-10-13,6.380000
1987-10-14,6.352000
1987-10-15,6.422000
1987-10-16,6.358000
1987-10-19,6.323000
1987-10-20,6.131000
1987-10-21,5.982000
1987-10-22,6.008000
1987-10-23,5.955000
1987-10-24,5.773000
1987-10-26,5.631000
1987-10-27,5.668000
1987-10-28,5.504000
1987-10-29,5.244000
1987-10-30,5.333000
1987-10-31,5.285000
1987-11-02,5.292000
1987-11-04,5.264000
1987-11-05,5.171000
1987-11-06,5.005000
1987-11-07,4.878000
1987-11-09,4.964000
1987-11-10,5.076000
1987-11-11,5.093000
1987-11-12,5.223000
1987-11-13,5.322000
1987-11-16,5.430000
1987-11-17,5.376000
1987-11-18,5.280000
1987-11-19,5.234000
1987-11-20,5.215000
1987-11-24,5.137000
1987-11-25,5.108000
1987-11-26,5.228000
1987-11-27,5.193000
1987-11-28,5.223000
1987-11-30,5.272000
1987-12-01,5.151000
1987-12-02,5.195000
1987-12-03,5.195000
1987-12-04,5.248000
1987-12-05,5.293000
1987-12-07,5.282000
1987-12-08,5.208000
1987-12-09,5.239000
1987-12-10,5.293000
1987-12-11,5.219000
1987-12-14,5.301000
1987-12-15,5.352000
1987-12-16,5.247000
1987-12-17,5.181000
1987-12-18,5.090000
1987-12-21,4.936000
1987-12-22,4.996000
1987-12-23,4.910000
1987-12-24,4.914000
1987-12-25,4.931000
1987-12-26,4.928000
1987-12-28,4.824000
1988-01-04,4.372000
1988-01-05,4.394000
1988-01-06,4.449000
1988-01-07,4.525000
1988-01-08,4.512000
1988-01-11,4.596000
1988-01-12,4.509000
1988-01-13,4.482000
1988-01-14,4.297000
1988-01-18,4.313000
1988-01-19,4.246000
1988-01-20,4.264000
1988-01-21,4.247000
1988-01-22,4.295000
1988-01-23,4.248000
1988-01-25,4.250000
1988-01-26,4.280000
1988-01-27,4.284000
1988-01-28,4.226000
1988-01-29,4.166000
1988-01-30,4.138000
1988-02-01,4.441000
1988-02-02,4.492000
1988-02-03,4.448000
1988-02-04,4.443000
1988-02-05,4.535000
1988-02-06,4.562000
1988-02-08,4.556000
1988-02-09,4.539000
1988-02-10,4.519000
1988-02-12,4.572000
1988-02-15,4.726000
1988-02-16,4.683000
1988-02-17,4.683000
1988-02-18,4.652000
1988-02-19,4.623000
1988-02-22,4.638000
1988-02-23,4.633000
1988-02-24,4.632000
1988-02-25,4.632000
1988-02-26,4.652000
1988-02-27,4.574000
1988-02-29,4.583000
1988-03-01,4.792000
1988-03-02,4.823000
1988-03-03,4.824000
1988-03-04,4.814000
1988-03-05,4.807000
1988-03-07,4.831000
1988-03-08,4.848000
1988-03-09,4.874000
1988-03-10,4.861000
1988-03-11,4.861000
1988-03-14,4.852000
1988-03-15,4.843000
1988-03-16,4.825000
1988-03-17,4.851000
1988-03-18,4.835000
1988-03-22,4.861000
1988-03-23,4.818000
1988-03-24,4.838000
1988-03-25,4.856000
1988-03-26,4.863000
1988-03-28,4.845000
1988-03-29,4.828000
1988-03-30,4.813000
1988-03-31,4.786000
1988-04-01,4.731000
1988-04-02,4.736000
1988-04-04,4.712000
1988-04-05,4.746000
1988-04-06,4.716000
1988-04-07,4.734000
1988-04-08,4.705000
1988-04-11,4.705000
1988-04-12,4.736000
1988-04-13,4.739000
1988-04-14,4.730000
1988-04-15,4.710000
1988-04-18,4.740000
1988-04-19,4.777000
1988-04-20,4.761000
1988-04-21,4.744000
1988-04-22,4.757000
1988-04-23,4.744000
1988-04-25,4.739000
1988-04-26,4.748000
1988-04-27,4.752000
1988-04-28,4.761000
1988-04-30,4.788000
1988-05-02,4.816000
1988-05-06,4.842000
1988-05-07,4.876000
1988-05-09,4.879000
1988-05-10,4.896000
1988-05-11,5.014000
1988-05-12,4.997000
1988-05-13,5.009000
1988-05-16,5.017000
1988-05-17,5.040000
1988-05-18,5.101000
1988-05-19,5.129000
1988-05-20,5.121000
1988-05-23,5.163000
1988-05-24,5.142000
1988-05-25,5.071000
1988-05-26,5.045000
1988-05-27,5.078000
1988-05-28,5.061000
1988-05-30,5.068000
1988-05-31,5.086000
1988-06-01,5.090000
1988-06-02,5.063000
1988-06-03,5.061000
1988-06-04,4.997000
1988-06-06,5.013000
1988-06-07,5.047000
1988-06-08,5.063000
1988-06-09,5.121000
1988-06-10,5.140000
1988-06-13,5.140000
1988-06-14,5.165000
1988-06-15,5.199000
1988-06-16,5.232000
1988-06-17,5.264000
1988-06-20,5.297000
1988-06-21,5.280000
1988-06-22,5.354000
1988-06-23,5.402000
1988-06-24,5.384000
1988-06-25,5.431000
1988-06-27,5.480000
1988-06-28,5.396000
1988-06-29,5.454000
1988-06-30,5.380000
1988-07-01,5.502000
1988-07-02,5.606000
1988-07-04,5.715000
1988-07-05,5.625000
1988-07-06,5.596000
1988-07-07,5.474000
1988-07-08,5.541000
1988-07-11,5.623000
1988-07-12,5.651000
1988-07-13,5.628000
1988-07-14,5.607000
1988-07-15,5.645000
1988-07-18,5.687000
1988-07-19,5.553000
1988-07-20,5.546000
1988-07-21,5.582000
1988-07-22,5.519000
1988-07-23,5.480000
1988-07-25,5.518000
1988-07-26,5.530000
1988-07-27,5.511000
1988-07-28,5.434000
1988-07-29,5.402000
1988-07-30,5.358000
1988-08-01,5.358000
1988-08-02,5.371000
1988-08-03,5.412000
1988-08-04,5.396000
1988-08-05,5.402000
1988-08-06,5.454000
1988-08-08,5.473000
1988-08-09,5.458000
1988-08-10,5.731000
1988-08-11,5.701000
1988-08-12,5.662000
1988-08-15,5.599000
1988-08-16,5.599000
1988-08-17,5.563000
1988-08-18,5.551000
1988-08-19,5.521000
1988-08-22,5.529000
1988-08-23,5.583000
1988-08-24,5.562000
1988-08-25,5.573000
1988-08-26,5.578000
1988-08-27,5.577000
1988-08-29,5.612000
1988-08-30,5.615000
1988-08-31,5.615000
1988-09-01,5.567000
1988-09-02,5.543000
1988-09-03,5.434000
1988-09-05,5.450000
1988-09-06,5.433000
1988-09-07,5.366000
1988-09-08,5.367000
1988-09-09,5.361000
1988-09-12,5.344000
1988-09-13,5.318000
1988-09-14,5.283000
1988-09-16,5.222000
1988-09-19,5.196000
1988-09-20,5.262000
1988-09-21,5.196000
1988-09-22,5.203000
1988-09-24,5.195000
1988-09-26,5.204000
1988-09-27,5.209000
1988-09-28,5.201000
1988-09-29,5.174000
1988-09-30,5.165000
1988-10-01,5.142000
1988-10-03,5.139000
1988-10-04,5.091000
1988-10-05,5.098000
1988-10-06,5.103000
1988-10-07,5.071000
1988-10-11,4.956000
1988-10-12,4.925000
1988-10-13,4.939000
1988-10-14,4.987000
1988-10-17,4.987000
1988-10-18,5.016000
1988-10-19,4.940000
1988-10-20,4.952000
1988-10-21,4.912000
1988-10-22,4.894000
1988-10-24,4.931000
1988-10-25,4.887000
1988-10-26,4.859000
1988-10-27,4.847000
1988-10-28,4.826000
1988-10-29,4.794000
1988-10-31,4.787000
1988-11-01,4.821000
1988-11-02,4.826000
1988-11-04,4.834000
1988-11-05,4.861000
1988-11-07,4.894000
1988-11-08,4.846000
1988-11-09,4.801000
1988-11-10,4.774000
1988-11-11,4.734000
1988-11-14,4.724000
1988-11-15,4.731000
1988-11-16,4.773000
1988-11-17,4.787000
1988-11-18,4.788000
1988-11-21,4.744000
1988-11-22,4.723000
1988-11-24,4.729000
1988-11-25,4.774000
1988-11-26,4.803000
1988-11-28,4.795000
1988-11-29,4.728000
1988-11-30,4.688000
1988-12-01,4.640000
1988-12-02,4.624000
1988-12-03,4.608000
1988-12-05,4.625000
1988-12-06,4.573000
1988-12-07,4.599000
1988-12-08,4.599000
1988-12-09,4.573000
1988-12-12,4.593000
1988-12-13,4.619000
1988-12-14,4.610000
1988-12-15,4.627000
1988-12-16,4.661000
1988-12-19,4.642000
1988-12-20,4.633000
1988-12-21,4.624000
1988-12-22,4.607000
1988-12-23,4.611000
1988-12-24,4.600000
1988-12-26,4.592000
1988-12-27,4.593000
1988-12-28,4.611000
1989-01-04,4.796000
1989-01-05,4.820000
1989-01-06,4.843000
1989-01-09,4.791000
1989-01-10,4.794000
1989-01-11,4.812000
1989-01-12,4.803000
1989-01-13,4.801000
1989-01-17,4.836000
1989-01-18,4.846000
1989-01-19,4.893000
1989-01-20,4.821000
1989-01-23,4.811000
1989-01-24,4.799000
1989-01-25,4.798000
1989-01-26,4.824000
1989-01-27,4.842000
1989-01-28,4.851000
1989-01-30,4.869000
1989-01-31,4.831000
1989-02-01,4.977000
1989-02-02,4.970000
1989-02-03,4.979000
1989-02-06,5.011000
1989-02-07,5.003000
1989-02-08,5.003000
1989-02-09,5.003000
1989-02-10,4.994000
1989-02-13,5.028000
1989-02-14,5.042000
1989-02-15,5.040000
1989-02-16,5.032000
1989-02-17,4.991000
1989-02-20,4.991000
1989-02-21,4.988000
1989-02-22,4.979000
1989-02-23,4.979000
1989-02-27,5.073000
1989-02-28,5.106000
1989-03-01,5.066000
1989-03-02,5.112000
1989-03-03,5.161000
1989-03-06,5.216000
1989-03-07,5.249000
1989-03-08,5.200000
1989-03-09,5.200000
1989-03-10,5.176000
1989-03-13,5.252000
1989-03-14,5.284000
1989-03-15,5.193000
1989-03-16,5.237000
1989-03-17,5.143000
1989-03-20,5.194000
1989-03-22,5.146000
1989-03-23,5.113000
1989-03-24,5.112000
1989-03-27,5.139000
1989-03-28,5.101000
1989-03-29,5.111000
1989-03-30,5.071000
1989-03-31,5.112000
1989-04-03,5.074000
1989-04-04,5.073000
1989-04-05,5.090000
1989-04-06,5.133000
1989-04-07,5.115000
1989-04-10,5.115000
1989-04-11,5.116000
1989-04-12,5.099000
1989-04-13,5.116000
1989-04-14,5.124000
1989-04-17,5.116000
1989-04-18,5.123000
1989-04-19,5.116000
1989-04-20,5.124000
1989-04-21,5.149000
1989-04-24,5.184000
1989-04-25,5.174000
1989-04-26,5.175000
1989-04-27,5.166000
1989-04-28,5.166000
1989-05-01,4.972000
1989-05-02,5.004000
1989-05-08,5.019000
1989-05-09,5.019000
1989-05-10,5.010000
1989-05-11,5.014000
1989-05-12,5.039000
1989-05-15,5.036000
1989-05-16,5.034000
1989-05-17,5.016000
1989-05-18,5.027000
1989-05-19,5.013000
1989-05-22,5.017000
1989-05-23,5.050000
1989-05-24,5.039000
1989-05-25,5.043000
1989-05-26,5.044000
1989-05-29,5.075000
1989-05-30,5.073000
1989-05-31,5.054000
1989-06-01,5.063000
1989-06-02,5.069000
1989-06-05,5.055000
1989-06-06,5.055000
1989-06-07,5.055000
1989-06-08,5.055000
1989-06-09,5.072000
1989-06-12,5.118000
1989-06-13,5.151000
1989-06-14,5.177000
1989-06-15,5.286000
1989-06-16,5.289000
1989-06-19,5.306000
1989-06-20,5.297000
1989-06-21,5.305000
1989-06-22,5.263000
1989-06-23,5.228000
1989-06-26,5.224000
1989-06-27,5.233000
1989-06-28,5.272000
1989-06-29,5.263000
1989-06-30,5.305000
1989-07-03,5.292000
1989-07-04,5.252000
1989-07-05,5.235000
1989-07-06,5.186000
1989-07-07,5.125000
1989-07-10,5.078000
1989-07-11,5.049000
1989-07-12,5.046000
1989-07-13,4.985000
1989-07-14,5.011000
1989-07-17,5.049000
1989-07-18,5.040000
1989-07-19,5.015000
1989-07-20,5.042000
1989-07-21,5.039000
1989-07-24,5.028000
1989-07-25,4.998000
1989-07-26,4.995000
1989-07-27,4.947000
1989-07-28,4.929000
1989-07-31,4.914000
1989-08-01,4.987000
1989-08-02,4.984000
1989-08-03,5.003000
1989-08-04,5.063000
1989-08-07,5.055000
1989-08-08,5.038000
1989-08-09,5.045000
1989-08-10,5.035000
1989-08-11,5.049000
1989-08-14,5.071000
1989-08-15,5.071000
1989-08-16,5.031000
1989-08-17,5.025000
1989-08-18,5.026000
1989-08-21,5.009000
1989-08-22,5.012000
1989-08-23,5.036000
1989-08-24,5.036000
1989-08-25,5.029000
1989-08-28,5.043000
1989-08-29,5.053000
1989-08-30,5.050000
1989-08-31,5.083000
1989-09-01,4.973000
1989-09-04,4.991000
1989-09-05,5.016000
1989-09-06,5.055000
1989-09-07,5.055000
1989-09-08,5.085000
1989-09-11,5.144000
1989-09-12,5.118000
1989-09-13,5.093000
1989-09-14,5.102000
1989-09-18,5.152000
1989-09-19,5.109000
1989-09-20,5.128000
1989-09-21,5.110000
1989-09-22,5.085000
1989-09-25,4.999000
1989-09-26,5.017000
1989-09-27,5.017000
1989-09-28,5.033000
1989-09-29,5.025000
1989-10-02,5.132000
1989-10-03,5.193000
1989-10-04,5.209000
1989-10-05,5.220000
1989-10-06,5.269000
1989-10-09,5.236000
1989-10-11,5.339000
1989-10-12,5.382000
1989-10-13,5.382000
1989-10-16,5.264000
1989-10-17,5.283000
1989-10-18,5.333000
1989-10-19,5.323000
1989-10-20,5.310000
1989-10-23,5.336000
1989-10-24,5.360000
1989-10-25,5.343000
1989-10-26,5.378000
1989-10-27,5.420000
1989-10-30,5.428000
1989-10-31,5.429000
1989-11-01,5.431000
1989-11-02,5.439000
1989-11-06,5.521000
1989-11-07,5.562000
1989-11-08,5.520000
1989-11-09,5.519000
1989-11-10,5.521000
1989-11-13,5.547000
1989-11-14,5.539000
1989-11-15,5.510000
1989-11-16,5.482000
1989-11-17,5.435000
1989-11-20,5.468000
1989-11-21,5.487000
1989-11-22,5.471000
1989-11-24,5.428000
1989-11-27,5.397000
1989-11-28,5.437000
1989-11-29,5.437000
1989-11-30,5.421000
1989-12-01,5.436000
1989-12-04,5.437000
1989-12-05,5.444000
1989-12-06,5.448000
1989-12-07,5.480000
1989-12-08,5.488000
1989-12-11,5.516000
1989-12-12,5.508000
1989-12-13,5.488000
1989-12-14,5.520000
1989-12-15,5.508000
1989-12-18,5.521000
1989-12-19,5.570000
1989-12-20,5.616000
1989-12-21,5.661000
1989-12-22,5.661000
1989-12-25,5.637000
1989-12-26,5.612000
1989-12-27,5.617000
1989-12-28,5.608000
1989-12-29,5.616000
1990-01-04,5.707000
1990-01-05,5.736000
1990-01-08,5.797000
1990-01-09,5.965000
1990-01-10,6.015000
1990-01-11,6.056000
1990-01-12,6.214000
1990-01-16,6.411000
1990-01-17,6.381000
1990-01-18,6.526000
1990-01-19,6.437000
1990-01-22,6.403000
1990-01-23,6.353000
1990-01-24,6.433000
1990-01-25,6.269000
1990-01-26,6.228000
1990-01-29,6.235000
1990-01-30,6.287000
1990-01-31,6.376000
1990-02-01,6.221000
1990-02-02,6.238000
1990-02-05,6.288000
1990-02-06,6.279000
1990-02-07,6.271000
1990-02-08,6.272000
1990-02-09,6.199000
1990-02-13,6.195000
1990-02-14,6.234000
1990-02-15,6.257000
1990-02-16,6.283000
1990-02-19,6.327000
1990-02-20,6.384000
1990-02-21,6.340000
1990-02-22,6.260000
1990-02-23,6.344000
1990-02-26,6.351000
1990-02-27,6.382000
1990-02-28,6.436000
1990-03-01,6.537000
1990-03-02,6.592000
1990-03-05,6.585000
1990-03-06,6.560000
1990-03-07,6.652000
1990-03-08,6.631000
1990-03-09,6.643000
1990-03-12,6.682000
1990-03-13,6.761000
1990-03-14,6.772000
1990-03-15,6.736000
1990-03-16,6.680000
1990-03-19,6.724000
1990-03-20,6.687000
1990-03-22,6.688000
1990-03-23,6.636000
1990-03-26,6.639000
1990-03-27,6.766000
1990-03-28,6.807000
1990-03-29,6.689000
1990-03-30,6.816000
1990-04-02,6.832000
1990-04-03,6.785000
1990-04-04,6.799000
1990-04-05,6.775000
1990-04-06,6.808000
1990-04-09,6.736000
1990-04-10,6.769000
1990-04-11,6.826000
1990-04-12,6.771000
1990-04-13,6.792000
1990-04-16,6.816000
1990-04-17,6.789000
1990-04-18,6.748000
1990-04-19,6.690000
1990-04-20,6.679000
1990-04-23,6.692000
1990-04-24,6.722000
1990-04-25,6.731000
1990-04-26,6.696000
1990-04-27,6.723000
1990-05-01,6.740000
1990-05-02,6.723000
1990-05-07,6.657000
1990-05-08,6.642000
1990-05-09,6.617000
1990-05-10,6.616000
1990-05-11,6.500000
1990-05-14,6.436000
1990-05-15,6.348000
1990-05-16,6.376000
1990-05-17,6.355000
1990-05-18,6.344000
1990-05-21,6.364000
1990-05-22,6.274000
1990-05-23,6.237000
1990-05-24,6.224000
1990-05-25,6.189000
1990-05-28,6.223000
1990-05-29,6.291000
1990-05-30,6.274000
1990-05-31,6.263000
1990-06-01,6.392000
1990-06-04,6.358000
1990-06-05,6.376000
1990-06-06,6.406000
1990-06-07,6.414000
1990-06-08,6.448000
1990-06-11,6.499000
1990-06-12,6.474000
1990-06-13,6.469000
1990-06-14,6.419000
1990-06-15,6.444000
1990-06-18,6.453000
1990-06-19,6.484000
1990-06-20,6.514000
1990-06-21,6.523000
1990-06-22,6.532000
1990-06-25,6.579000
1990-06-26,6.577000
1990-06-27,6.570000
1990-06-28,6.629000
1990-06-29,6.704000
1990-07-02,6.709000
1990-07-03,6.693000
1990-07-04,6.631000
1990-07-05,6.646000
1990-07-06,6.610000
1990-07-09,6.644000
1990-07-10,6.702000
1990-07-11,6.677000
1990-07-12,6.729000
1990-07-13,6.709000
1990-07-16,6.698000
1990-07-17,6.705000
1990-07-18,6.712000
1990-07-19,6.749000
1990-07-20,6.812000
1990-07-23,6.909000
1990-07-24,6.937000
1990-07-25,6.929000
1990-07-26,6.938000
1990-07-27,7.000000
1990-07-30,7.044000
1990-07-31,7.023000
1990-08-01,6.983000
1990-08-02,7.031000
1990-08-03,7.123000
1990-08-06,7.314000
1990-08-07,7.424000
1990-08-08,7.267000
1990-08-09,7.355000
1990-08-10,7.352000
1990-08-13,7.413000
1990-08-14,7.397000
1990-08-15,7.299000
1990-08-16,7.382000
1990-08-17,7.411000
1990-08-20,7.406000
1990-08-21,7.444000
1990-08-22,7.544000
1990-08-23,7.719000
1990-08-24,7.719000
1990-08-27,7.658000
1990-08-28,7.628000
1990-08-29,7.737000
1990-08-30,7.575000
1990-08-31,7.557000
1990-09-03,7.554000
1990-09-04,7.585000
1990-09-05,7.649000
1990-09-06,7.720000
1990-09-07,7.717000
1990-09-10,7.722000
1990-09-11,7.794000
1990-09-12,7.894000
1990-09-13,7.906000
1990-09-14,7.934000
1990-09-17,8.027000
1990-09-18,8.014000
1990-09-19,7.976000
1990-09-20,7.967000
1990-09-21,7.995000
1990-09-25,8.050000
1990-09-26,8.081000
1990-09-27,8.078000
1990-09-28,8.105000
1990-10-01,7.980000
1990-10-02,7.757000
1990-10-03,7.798000
1990-10-04,7.817000
1990-10-05,7.779000
1990-10-08,7.670000
1990-10-09,7.649000
1990-10-11,7.746000
1990-10-12,7.687000
1990-10-15,7.647000
1990-10-16,7.557000
1990-10-17,7.459000
1990-10-18,7.451000
1990-10-19,7.435000
1990-10-22,7.407000
1990-10-23,7.359000
1990-10-24,7.420000
1990-10-25,7.399000
1990-10-26,7.494000
1990-10-29,7.408000
1990-10-30,7.417000
1990-10-31,7.441000
1990-11-01,7.318000
1990-11-02,7.268000
1990-11-05,7.236000
1990-11-06,7.264000
1990-11-07,7.292000
1990-11-08,7.342000
1990-11-09,7.348000
1990-11-13,7.309000
1990-11-14,7.309000
1990-11-15,7.296000
1990-11-16,7.226000
1990-11-19,7.169000
1990-11-20,7.183000
1990-11-21,7.115000
1990-11-22,7.045000
1990-11-26,6.892000
1990-11-27,6.983000
1990-11-28,6.980000
1990-11-29,7.009000
1990-11-30,6.959000
1990-12-03,6.831000
1990-12-04,6.852000
1990-12-05,6.762000
1990-12-06,6.844000
1990-12-07,6.788000
1990-12-10,6.673000
1990-12-11,6.630000
1990-12-12,6.670000
1990-12-13,6.618000
1990-12-14,6.658000
1990-12-17,6.609000
1990-12-18,6.557000
1990-12-19,6.532000
1990-12-20,6.584000
1990-12-21,6.635000
1990-12-25,6.681000
1990-12-26,6.613000
1990-12-27,6.574000
1990-12-28,6.619000
1991-01-04,6.475000
1991-01-07,6.536000
1991-01-08,6.606000
1991-01-09,6.586000
1991-01-10,6.546000
1991-01-11,6.504000
1991-01-14,6.556000
1991-01-16,6.643000
1991-01-17,6.498000
1991-01-18,6.487000
1991-01-21,6.526000
1991-01-22,6.536000
1991-01-23,6.527000
1991-01-24,6.518000
1991-01-25,6.502000
1991-01-28,6.508000
1991-01-29,6.474000
1991-01-30,6.462000
1991-01-31,6.493000
1991-02-01,6.499000
1991-02-04,6.520000
1991-02-05,6.454000
1991-02-06,6.409000
1991-02-07,6.461000
1991-02-08,6.414000
1991-02-12,6.407000
1991-02-13,6.384000
1991-02-14,6.380000
1991-02-15,6.365000
1991-02-18,6.311000
1991-02-19,6.323000
1991-02-20,6.307000
1991-02-21,6.338000
1991-02-22,6.332000
1991-02-25,6.324000
1991-02-26,6.360000
1991-02-27,6.411000
1991-02-28,6.467000
1991-03-01,6.589000
1991-03-04,6.596000
1991-03-05,6.594000
1991-03-06,6.585000
1991-03-07,6.610000
1991-03-08,6.577000
1991-03-11,6.638000
1991-03-12,6.528000
1991-03-13,6.585000
1991-03-14,6.560000
1991-03-15,6.539000
1991-03-18,6.520000
1991-03-19,6.533000
1991-03-20,6.557000
1991-03-22,6.496000
1991-03-25,6.505000
1991-03-26,6.551000
1991-03-27,6.596000
1991-03-28,6.598000
1991-03-29,6.572000
1991-04-01,6.625000
1991-04-02,6.627000
1991-04-03,6.586000
1991-04-04,6.614000
1991-04-05,6.568000
1991-04-08,6.586000
1991-04-09,6.603000
1991-04-10,6.616000
1991-04-11,6.678000
1991-04-12,6.655000
1991-04-15,6.652000
1991-04-16,6.568000
1991-04-17,6.582000
1991-04-18,6.577000
1991-04-19,6.605000
1991-04-22,6.639000
1991-04-23,6.621000
1991-04-24,6.644000
1991-04-25,6.650000
1991-04-26,6.644000
1991-04-30,6.650000
1991-05-01,6.598000
1991-05-02,6.594000
1991-05-07,6.612000
1991-05-08,6.626000
1991-05-09,6.624000
1991-05-10,6.585000
1991-05-13,6.587000
1991-05-14,6.588000
1991-05-15,6.598000
1991-05-16,6.585000
1991-05-17,6.569000
1991-05-20,6.578000
1991-05-21,6.578000
1991-05-22,6.584000
1991-05-23,6.576000
1991-05-24,6.592000
1991-05-27,6.595000
1991-05-28,6.592000
1991-05-29,6.593000
1991-05-30,6.576000
1991-05-31,6.562000
1991-06-03,6.590000
1991-06-04,6.582000
1991-06-05,6.604000
1991-06-06,6.613000
1991-06-07,6.633000
1991-06-10,6.715000
1991-06-11,6.754000
1991-06-12,6.777000
1991-06-13,6.766000
1991-06-14,6.786000
1991-06-17,6.769000
1991-06-18,6.782000
1991-06-19,6.803000
1991-06-20,6.755000
1991-06-21,6.738000
1991-06-24,6.787000
1991-06-25,6.765000
1991-06-26,6.765000
1991-06-27,6.777000
1991-06-28,6.774000
1991-07-01,6.694000
1991-07-02,6.706000
1991-07-03,6.726000
1991-07-04,6.701000
1991-07-05,6.714000
1991-07-08,6.723000
1991-07-09,6.722000
1991-07-10,6.722000
1991-07-11,6.722000
1991-07-12,6.705000
1991-07-15,6.672000
1991-07-16,6.678000
1991-07-17,6.674000
1991-07-18,6.693000
1991-07-19,6.680000
1991-07-22,6.675000
1991-07-23,6.663000
1991-07-24,6.644000
1991-07-25,6.614000
1991-07-26,6.565000
1991-07-29,6.571000
1991-07-30,6.529000
1991-07-31,6.516000
1991-08-01,6.547000
1991-08-02,6.545000
1991-08-05,6.496000
1991-08-06,6.513000
1991-08-07,6.489000
1991-08-08,6.495000
1991-08-09,6.463000
1991-08-12,6.471000
1991-08-13,6.431000
1991-08-14,6.397000
1991-08-15,6.406000
1991-08-16,6.369000
1991-08-19,6.515000
1991-08-20,6.447000
1991-08-21,6.395000
1991-08-22,6.383000
1991-08-23,6.390000
1991-08-26,6.415000
1991-08-27,6.423000
1991-08-28,6.426000
1991-08-29,6.347000
1991-08-30,6.322000
1991-09-02,6.284000
1991-09-03,6.294000
1991-09-04,6.276000
1991-09-05,6.276000
1991-09-06,6.272000
1991-09-09,6.260000
1991-09-10,6.254000
1991-09-11,6.229000
1991-09-12,6.186000
1991-09-13,6.152000
1991-09-17,6.178000
1991-09-18,6.165000
1991-09-19,6.173000
1991-09-20,6.122000
1991-09-24,6.071000
1991-09-25,6.087000
1991-09-26,6.071000
1991-09-27,6.070000
1991-09-30,6.083000
1991-10-01,6.036000
1991-10-02,6.024000
1991-10-03,5.982000
1991-10-04,6.015000
1991-10-07,6.017000
1991-10-08,6.034000
1991-10-09,6.063000
1991-10-11,6.084000
1991-10-14,6.085000
1991-10-15,6.046000
1991-10-16,6.029000
1991-10-17,5.974000
1991-10-18,5.949000
1991-10-21,5.933000
1991-10-22,5.975000
1991-10-23,6.001000
1991-10-24,5.984000
1991-10-25,6.016000
1991-10-28,6.012000
1991-10-29,5.986000
1991-10-30,6.038000
1991-10-31,6.025000
1991-11-01,5.994000
1991-11-05,6.031000
1991-11-06,6.064000
1991-11-07,6.036000
1991-11-08,6.029000
1991-11-11,6.012000
1991-11-12,5.975000
1991-11-13,5.981000
1991-11-14,5.982000
1991-11-15,5.985000
1991-11-18,5.969000
1991-11-19,5.982000
1991-11-20,6.026000
1991-11-21,6.006000
1991-11-22,6.026000
1991-11-25,6.015000
1991-11-26,6.014000
1991-11-27,6.000000
1991-11-28,5.984000
1991-11-29,5.971000
1991-12-02,5.894000
1991-12-03,5.906000
1991-12-04,5.873000
1991-12-05,5.837000
1991-12-06,5.790000
1991-12-09,5.794000
1991-12-10,5.759000
1991-12-11,5.776000
1991-12-12,5.759000
1991-12-13,5.767000
1991-12-16,5.750000
1991-12-17,5.754000
1991-12-18,5.763000
1991-12-19,5.776000
1991-12-20,5.764000
1991-12-24,5.700000
1991-12-25,5.681000
1991-12-26,5.634000
1991-12-27,5.608000
1991-12-30,5.575000
1992-01-06,5.549000
1992-01-07,5.510000
1992-01-08,5.527000
1992-01-09,5.526000
1992-01-10,5.533000
1992-01-13,5.559000
1992-01-14,5.549000
1992-01-16,5.603000
1992-01-17,5.554000
1992-01-20,5.524000
1992-01-21,5.516000
1992-01-22,5.455000
1992-01-23,5.480000
1992-01-24,5.492000
1992-01-27,5.491000
1992-01-28,5.510000
1992-01-29,5.493000
1992-01-30,5.514000
1992-01-31,5.566000
1992-02-03,5.572000
1992-02-04,5.626000
1992-02-05,5.651000
1992-02-06,5.593000
1992-02-07,5.593000
1992-02-10,5.631000
1992-02-12,5.680000
1992-02-13,5.607000
1992-02-14,5.652000
1992-02-17,5.582000
1992-02-18,5.581000
1992-02-19,5.616000
1992-02-20,5.572000
1992-02-21,5.559000
1992-02-24,5.594000
1992-02-25,5.596000
1992-02-26,5.569000
1992-02-27,5.560000
1992-02-28,5.560000
1992-03-02,5.553000
1992-03-03,5.580000
1992-03-04,5.592000
1992-03-05,5.550000
1992-03-06,5.567000
1992-03-09,5.550000
1992-03-10,5.528000
1992-03-11,5.541000
1992-03-12,5.554000
1992-03-13,5.541000
1992-03-16,5.539000
1992-03-17,5.501000
1992-03-18,5.501000
1992-03-19,5.480000
1992-03-23,5.478000
1992-03-24,5.486000
1992-03-25,5.486000
1992-03-26,5.487000
1992-03-27,5.483000
1992-03-30,5.483000
1992-03-31,5.508000
1992-04-01,5.550000
1992-04-02,5.638000
1992-04-03,5.729000
1992-04-06,5.672000
1992-04-07,5.693000
1992-04-08,5.664000
1992-04-09,5.682000
1992-04-10,5.603000
1992-04-13,5.636000
1992-04-14,5.632000
1992-04-15,5.607000
1992-04-16,5.619000
1992-04-17,5.648000
1992-04-20,5.720000
1992-04-21,5.705000
1992-04-22,5.708000
1992-04-23,5.687000
1992-04-24,5.712000
1992-04-27,5.762000
1992-04-28,5.769000
1992-04-30,5.794000
1992-05-01,5.779000
1992-05-06,5.748000
1992-05-07,5.739000
1992-05-08,5.730000
1992-05-11,5.723000
1992-05-12,5.721000
1992-05-13,5.668000
1992-05-14,5.664000
1992-05-15,5.682000
1992-05-18,5.670000
1992-05-19,5.648000
1992-05-20,5.620000
1992-05-21,5.635000
1992-05-22,5.658000
1992-05-25,5.654000
1992-05-26,5.672000
1992-05-27,5.715000
1992-05-28,5.705000
1992-05-29,5.664000
1992-06-01,5.664000
1992-06-02,5.690000
1992-06-03,5.665000
1992-06-04,5.668000
1992-06-05,5.677000
1992-06-08,5.694000
1992-06-09,5.692000
1992-06-10,5.707000
1992-06-11,5.691000
1992-06-12,5.691000
1992-06-15,5.691000
1992-06-16,5.688000
1992-06-17,5.645000
1992-06-18,5.638000
1992-06-19,5.619000
1992-06-22,5.610000
1992-06-23,5.614000
1992-06-24,5.589000
1992-06-25,5.577000
1992-06-26,5.539000
1992-06-29,5.547000
1992-06-30,5.534000
1992-07-01,5.542000
1992-07-02,5.534000
1992-07-03,5.482000
1992-07-06,5.513000
1992-07-07,5.496000
1992-07-08,5.484000
1992-07-09,5.483000
1992-07-10,5.492000
1992-07-13,5.475000
1992-07-14,5.475000
1992-07-15,5.501000
1992-07-16,5.471000
1992-07-17,5.458000
1992-07-20,5.466000
1992-07-21,5.432000
1992-07-22,5.375000
1992-07-23,5.349000
1992-07-24,5.347000
1992-07-27,5.343000
1992-07-28,5.298000
1992-07-29,5.272000
1992-07-30,5.281000
1992-07-31,5.299000
1992-08-03,5.327000
1992-08-04,5.252000
1992-08-05,5.264000
1992-08-06,5.278000
1992-08-07,5.296000
1992-08-10,5.275000
1992-08-11,5.263000
1992-08-12,5.240000
1992-08-13,5.222000
1992-08-14,5.172000
1992-08-17,5.143000
1992-08-18,5.102000
1992-08-19,5.085000
1992-08-20,5.079000
1992-08-21,5.110000
1992-08-24,5.066000
1992-08-25,4.994000
1992-08-26,5.015000
1992-08-27,5.009000
1992-08-28,5.078000
1992-08-31,5.143000
1992-09-01,5.159000
1992-09-02,5.134000
1992-09-03,5.129000
1992-09-04,5.064000
1992-09-07,4.950000
1992-09-08,5.020000
1992-09-09,5.019000
1992-09-10,5.006000
1992-09-11,5.037000
1992-09-14,5.005000
1992-09-16,5.058000
1992-09-17,5.080000
1992-09-18,5.084000
1992-09-21,5.093000
1992-09-22,5.067000
1992-09-24,5.007000
1992-09-25,5.012000
1992-09-28,5.009000
1992-09-29,5.027000
1992-09-30,5.032000
1992-10-01,5.024000
1992-10-02,4.999000
1992-10-05,5.008000
1992-10-06,5.005000
1992-10-07,5.032000
1992-10-08,5.074000
1992-10-09,5.056000
1992-10-12,5.088000
1992-10-13,5.063000
1992-10-14,5.051000
1992-10-15,5.064000
1992-10-16,5.025000
1992-10-19,5.018000
1992-10-20,5.038000
1992-10-21,5.055000
1992-10-22,5.024000
1992-10-23,5.009000
1992-10-26,5.018000
1992-10-27,5.006000
1992-10-28,4.990000
1992-10-29,4.968000
1992-10-30,4.970000
1992-11-02,4.960000
1992-11-04,4.950000
1992-11-05,4.957000
1992-11-06,4.968000
1992-11-09,4.920000
1992-11-10,4.942000
1992-11-11,4.918000
1992-11-12,4.900000
1992-11-13,4.864000
1992-11-16,4.863000
1992-11-17,4.833000
1992-11-18,4.850000
1992-11-19,4.831000
1992-11-20,4.849000
1992-11-24,4.839000
1992-11-25,4.839000
1992-11-26,4.869000
1992-11-27,4.876000
1992-11-30,4.907000
1992-12-01,4.867000
1992-12-02,4.848000
1992-12-03,4.848000
1992-12-04,4.955000
1992-12-07,4.953000
1992-12-08,4.968000
1992-12-09,4.976000
1992-12-10,4.981000
1992-12-11,4.993000
1992-12-14,5.045000
1992-12-15,5.037000
1992-12-16,5.024000
1992-12-17,5.019000
1992-12-18,5.009000
1992-12-21,5.005000
1992-12-22,4.997000
1992-12-24,4.995000
1992-12-25,4.975000
1992-12-28,4.977000
1992-12-29,4.991000
1992-12-30,4.970000
1993-01-04,4.877000
1993-01-05,4.858000
1993-01-06,4.851000
1993-01-07,4.824000
1993-01-08,4.842000
1993-01-11,4.852000
1993-01-12,4.814000
1993-01-13,4.814000
1993-01-14,4.816000
1993-01-18,4.753000
1993-01-19,4.738000
1993-01-20,4.735000
1993-01-21,4.739000
1993-01-22,4.735000
1993-01-25,4.733000
1993-01-26,4.725000
1993-01-27,4.738000
1993-01-28,4.733000
1993-01-29,4.738000
1993-02-01,4.706000
1993-02-02,4.673000
1993-02-03,4.689000
1993-02-04,4.710000
1993-02-05,4.669000
1993-02-08,4.641000
1993-02-09,4.570000
1993-02-10,4.553000
1993-02-12,4.543000
1993-02-15,4.550000
1993-02-16,4.508000
1993-02-17,4.449000
1993-02-18,4.452000
1993-02-19,4.425000
1993-02-22,4.354000
1993-02-23,4.311000
1993-02-24,4.213000
1993-02-25,4.195000
1993-02-26,4.248000
1993-03-01,4.333000
1993-03-02,4.329000
1993-03-03,4.343000
1993-03-04,4.334000
1993-03-05,4.209000
1993-03-08,4.230000
1993-03-09,4.297000
1993-03-10,4.260000
1993-03-11,4.279000
1993-03-12,4.264000
1993-03-15,4.314000
1993-03-16,4.317000
1993-03-17,4.339000
1993-03-18,4.374000
1993-03-19,4.347000
1993-03-22,4.427000
1993-03-23,4.431000
1993-03-24,4.415000
1993-03-25,4.469000
1993-03-26,4.535000
1993-03-29,4.608000
1993-03-30,4.559000
1993-03-31,4.565000
1993-04-01,4.554000
1993-04-02,4.571000
1993-04-05,4.608000
1993-04-06,4.622000
1993-04-07,4.672000
1993-04-08,4.704000
1993-04-09,4.611000
1993-04-12,4.561000
1993-04-13,4.575000
1993-04-14,4.528000
1993-04-15,4.542000
1993-04-16,4.570000
1993-04-19,4.581000
1993-04-20,4.574000
1993-04-21,4.558000
1993-04-22,4.533000
1993-04-23,4.502000
1993-04-26,4.521000
1993-04-27,4.593000
1993-04-28,4.727000
1993-04-30,4.688000
1993-05-06,4.572000
1993-05-07,4.588000
1993-05-10,4.652000
1993-05-11,4.726000
1993-05-12,4.791000
1993-05-13,4.799000
1993-05-14,4.849000
1993-05-17,4.867000
1993-05-18,4.956000
1993-05-19,4.967000
1993-05-20,4.932000
1993-05-21,4.912000
1993-05-24,4.968000
1993-05-25,4.942000
1993-05-26,4.852000
1993-05-27,4.854000
1993-05-28,4.857000
1993-05-31,4.850000
1993-06-01,4.860000
1993-06-02,4.910000
1993-06-03,4.914000
1993-06-04,4.852000
1993-06-07,4.870000
1993-06-08,4.846000
1993-06-10,4.816000
1993-06-11,4.808000
1993-06-14,4.783000
1993-06-15,4.744000
1993-06-16,4.751000
1993-06-17,4.686000
1993-06-18,4.659000
1993-06-21,4.705000
1993-06-22,4.787000
1993-06-23,4.821000
1993-06-24,4.758000
1993-06-25,4.773000
1993-06-28,4.722000
1993-06-29,4.705000
1993-06-30,4.674000
1993-07-01,4.624000
1993-07-02,4.603000
1993-07-05,4.588000
1993-07-06,4.538000
1993-07-07,4.568000
1993-07-08,4.577000
1993-07-09,4.525000
1993-07-12,4.512000
1993-07-13,4.486000
1993-07-14,4.504000
1993-07-15,4.517000
1993-07-16,4.494000
1993-07-19,4.482000
1993-07-20,4.496000
1993-07-21,4.476000
1993-07-22,4.403000
1993-07-23,4.400000
1993-07-26,4.378000
1993-07-27,4.392000
1993-07-28,4.404000
1993-07-29,4.433000
1993-07-30,4.398000
1993-08-02,4.458000
1993-08-03,4.457000
1993-08-04,4.471000
1993-08-05,4.460000
1993-08-06,4.466000
1993-08-09,4.430000
1993-08-10,4.423000
1993-08-11,4.412000
1993-08-12,4.350000
1993-08-13,4.396000
1993-08-16,4.400000
1993-08-17,4.401000
1993-08-18,4.413000
1993-08-19,4.453000
1993-08-20,4.524000
1993-08-23,4.516000
1993-08-24,4.499000
1993-08-25,4.413000
1993-08-26,4.355000
1993-08-27,4.343000
1993-08-30,4.314000
1993-08-31,4.292000
1993-09-01,4.248000
1993-09-02,4.283000
1993-09-03,4.301000
1993-09-06,4.248000
1993-09-07,4.271000
1993-09-08,4.244000
1993-09-09,4.236000
1993-09-10,4.258000
1993-09-13,4.298000
1993-09-14,4.334000
1993-09-16,4.272000
1993-09-17,4.255000
1993-09-20,4.260000
1993-09-21,4.166000
1993-09-22,4.183000
1993-09-24,4.138000
1993-09-27,4.090000
1993-09-28,4.040000
1993-09-29,4.059000
1993-09-30,4.014000
1993-10-01,4.027000
1993-10-04,4.023000
1993-10-05,3.995000
1993-10-06,4.040000
1993-10-07,4.015000
1993-10-08,4.034000
1993-10-12,4.015000
1993-10-13,4.006000
1993-10-14,4.020000
1993-10-15,4.029000
1993-10-18,4.074000
1993-10-19,4.038000
1993-10-20,3.966000
1993-10-21,3.976000
1993-10-22,3.948000
1993-10-25,3.963000
1993-10-26,3.941000
1993-10-27,3.928000
1993-10-28,3.932000
1993-10-29,3.910000
1993-11-01,3.879000
1993-11-02,3.888000
1993-11-04,3.821000
1993-11-05,3.868000
1993-11-08,3.836000
1993-11-09,3.801000
1993-11-10,3.778000
1993-11-11,3.804000
1993-11-12,3.815000
1993-11-15,3.816000
1993-11-16,3.848000
1993-11-17,3.830000
1993-11-18,3.765000
1993-11-19,3.760000
1993-11-22,3.784000
1993-11-24,3.805000
1993-11-25,3.740000
1993-11-26,3.703000
1993-11-29,3.670000
1993-11-30,3.604000
1993-12-01,3.605000
1993-12-02,3.569000
1993-12-03,3.519000
1993-12-06,3.461000
1993-12-07,3.456000
1993-12-08,3.465000
1993-12-09,3.462000
1993-12-10,3.425000
1993-12-13,3.440000
1993-12-14,3.449000
1993-12-15,3.481000
1993-12-16,3.485000
1993-12-17,3.500000
1993-12-20,3.431000
1993-12-21,3.391000
1993-12-22,3.405000
1993-12-24,3.369000
1993-12-27,3.365000
1993-12-28,3.403000
1993-12-29,3.394000
1993-12-30,3.413000
1994-01-04,3.461000
1994-01-05,3.453000
1994-01-06,3.408000
1994-01-07,3.364000
1994-01-10,3.369000
1994-01-11,3.408000
1994-01-12,3.452000
1994-01-13,3.457000
1994-01-14,3.570000
1994-01-17,3.617000
1994-01-18,3.766000
1994-01-19,3.836000
1994-01-20,3.768000
1994-01-21,3.787000
1994-01-24,3.734000
1994-01-25,3.841000
1994-01-26,3.963000
1994-01-27,3.889000
1994-01-28,3.931000
1994-01-31,3.993000
1994-02-01,3.918000
1994-02-02,3.905000
1994-02-03,3.937000
1994-02-04,3.968000
1994-02-07,3.959000
1994-02-08,3.930000
1994-02-09,3.896000
1994-02-10,3.910000
1994-02-14,3.841000
1994-02-15,3.817000
1994-02-16,3.870000
1994-02-17,4.003000
1994-02-18,4.023000
1994-02-21,4.075000
1994-02-22,4.060000
1994-02-23,4.023000
1994-02-24,4.070000
1994-02-25,4.119000
1994-02-28,4.165000
1994-03-01,4.261000
1994-03-02,4.416000
1994-03-03,4.363000
1994-03-04,4.382000
1994-03-07,4.506000
1994-03-08,4.457000
1994-03-09,4.452000
1994-03-10,4.417000
1994-03-11,4.379000
1994-03-14,4.375000
1994-03-15,4.444000
1994-03-16,4.448000
1994-03-17,4.377000
1994-03-18,4.352000
1994-03-22,4.488000
1994-03-23,4.386000
1994-03-24,4.360000
1994-03-25,4.348000
1994-03-28,4.335000
1994-03-29,4.251000
1994-03-30,4.242000
1994-03-31,4.137000
1994-04-01,4.120000
1994-04-04,4.062000
1994-04-05,4.083000
1994-04-06,4.149000
1994-04-07,4.214000
1994-04-08,4.257000
1994-04-11,4.326000
1994-04-12,4.252000
1994-04-13,4.219000
1994-04-14,4.239000
1994-04-15,4.208000
1994-04-18,4.185000
1994-04-19,4.255000
1994-04-20,4.242000
1994-04-21,4.200000
1994-04-22,4.197000
1994-04-25,4.179000
1994-04-26,4.236000
1994-04-27,4.175000
1994-04-28,4.150000
1994-05-02,4.111000
1994-05-06,4.157000
1994-05-09,4.127000
1994-05-10,4.123000
1994-05-11,4.105000
1994-05-12,4.092000
1994-05-13,4.044000
1994-05-16,4.004000
1994-05-17,4.016000
1994-05-18,3.957000
1994-05-19,3.919000
1994-05-20,3.940000
1994-05-23,3.993000
1994-05-24,3.987000
1994-05-25,3.937000
1994-05-26,3.885000
1994-05-27,3.888000
1994-05-30,3.883000
1994-05-31,3.942000
1994-06-01,4.055000
1994-06-02,4.116000
1994-06-03,4.160000
1994-06-06,4.203000
1994-06-07,4.303000
1994-06-08,4.251000
1994-06-09,4.226000
1994-06-10,4.167000
1994-06-13,4.237000
1994-06-14,4.245000
1994-06-15,4.184000
1994-06-16,4.170000
1994-06-17,4.357000
1994-06-20,4.476000
1994-06-21,4.469000
1994-06-22,4.428000
1994-06-23,4.385000
1994-06-24,4.299000
1994-06-27,4.248000
1994-06-28,4.368000
1994-06-29,4.325000
1994-06-30,4.359000
1994-07-01,4.310000
1994-07-04,4.308000
1994-07-05,4.415000
1994-07-06,4.391000
1994-07-07,4.394000
1994-07-08,4.327000
1994-07-11,4.430000
1994-07-12,4.387000
1994-07-13,4.434000
1994-07-14,4.450000
1994-07-15,4.401000
1994-07-18,4.405000
1994-07-19,4.354000
1994-07-20,4.374000
1994-07-21,4.387000
1994-07-22,4.378000
1994-07-25,4.388000
1994-07-26,4.436000
1994-07-27,4.441000
1994-07-28,4.465000
1994-07-29,4.473000
1994-08-01,4.536000
1994-08-02,4.588000
1994-08-03,4.616000
1994-08-04,4.690000
1994-08-05,4.747000
1994-08-08,4.747000
1994-08-09,4.810000
1994-08-10,4.811000
1994-08-11,4.771000
1994-08-12,4.770000
1994-08-15,4.753000
1994-08-16,4.763000
1994-08-17,4.790000
1994-08-18,4.750000
1994-08-19,4.703000
1994-08-22,4.749000
1994-08-23,4.732000
1994-08-24,4.761000
1994-08-25,4.777000
1994-08-26,4.783000
1994-08-29,4.798000
1994-08-30,4.829000
1994-08-31,4.823000
1994-09-01,4.765000
1994-09-02,4.765000
1994-09-05,4.727000
1994-09-06,4.688000
1994-09-07,4.604000
1994-09-08,4.627000
1994-09-09,4.566000
1994-09-12,4.608000
1994-09-13,4.591000
1994-09-14,4.604000
1994-09-16,4.602000
1994-09-19,4.606000
1994-09-20,4.596000
1994-09-21,4.557000
1994-09-22,4.544000
1994-09-26,4.558000
1994-09-27,4.546000
1994-09-28,4.544000
1994-09-29,4.574000
1994-09-30,4.600000
1994-10-03,4.619000
1994-10-04,4.616000
1994-10-05,4.656000
1994-10-06,4.673000
1994-10-07,4.758000
1994-10-11,4.756000
1994-10-12,4.774000
1994-10-13,4.787000
1994-10-14,4.719000
1994-10-17,4.717000
1994-10-18,4.742000
1994-10-19,4.718000
1994-10-20,4.740000
1994-10-21,4.708000
1994-10-24,4.767000
1994-10-25,4.762000
1994-10-26,4.749000
1994-10-27,4.753000
1994-10-28,4.737000
1994-10-31,4.707000
1994-11-01,4.690000
1994-11-02,4.680000
1994-11-04,4.706000
1994-11-07,4.712000
1994-11-08,4.730000
1994-11-09,4.728000
1994-11-10,4.726000
1994-11-11,4.670000
1994-11-14,4.688000
1994-11-15,4.679000
1994-11-16,4.701000
1994-11-17,4.700000
1994-11-18,4.695000
1994-11-21,4.683000
1994-11-22,4.639000
1994-11-24,4.590000
1994-11-25,4.603000
1994-11-28,4.630000
1994-11-29,4.634000
1994-11-30,4.630000
1994-12-01,4.615000
1994-12-02,4.603000
1994-12-05,4.628000
1994-12-06,4.603000
1994-12-07,4.585000
1994-12-08,4.606000
1994-12-09,4.559000
1994-12-12,4.554000
1994-12-13,4.533000
1994-12-14,4.541000
1994-12-15,4.566000
1994-12-16,4.566000
1994-12-19,4.583000
1994-12-20,4.571000
1994-12-21,4.527000
1994-12-22,4.540000
1994-12-26,4.535000
1994-12-27,4.534000
1994-12-28,4.521000
1994-12-29,4.533000
1994-12-30,4.555000
1995-01-04,4.677000
1995-01-05,4.671000
1995-01-06,4.679000
1995-01-09,4.675000
1995-01-10,4.661000
1995-01-11,4.626000
1995-01-12,4.595000
1995-01-13,4.596000
1995-01-17,4.656000
1995-01-18,4.617000
1995-01-19,4.630000
1995-01-20,4.647000
1995-01-23,4.652000
1995-01-24,4.652000
1995-01-25,4.647000
1995-01-26,4.631000
1995-01-27,4.617000
1995-01-30,4.616000
1995-01-31,4.633000
1995-02-01,4.623000
1995-02-02,4.644000
1995-02-03,4.631000
1995-02-06,4.616000
1995-02-07,4.604000
1995-02-08,4.609000
1995-02-09,4.609000
1995-02-10,4.613000
1995-02-13,4.590000
1995-02-14,4.583000
1995-02-15,4.562000
1995-02-16,4.561000
1995-02-17,4.552000
1995-02-20,4.535000
1995-02-21,4.511000
1995-02-22,4.503000
1995-02-23,4.422000
1995-02-24,4.449000
1995-02-27,4.400000
1995-02-28,4.425000
1995-03-01,4.422000
1995-03-02,4.404000
1995-03-03,4.353000
1995-03-06,4.305000
1995-03-07,4.211000
1995-03-08,4.202000
1995-03-09,4.269000
1995-03-10,4.261000
1995-03-13,4.191000
1995-03-14,4.224000
1995-03-15,4.199000
1995-03-16,4.159000
1995-03-17,4.099000
1995-03-20,4.111000
1995-03-22,4.057000
1995-03-23,3.968000
1995-03-24,4.004000
1995-03-27,4.055000
1995-03-28,3.932000
1995-03-29,3.885000
1995-03-30,3.875000
1995-03-31,3.807000
1995-04-03,3.650000
1995-04-04,3.635000
1995-04-05,3.735000
1995-04-06,3.694000
1995-04-07,3.671000
1995-04-10,3.762000
1995-04-11,3.781000
1995-04-12,3.821000
1995-04-13,3.679000
1995-04-14,3.518000
1995-04-17,3.497000
1995-04-18,3.448000
1995-04-19,3.554000
1995-04-20,3.517000
1995-04-21,3.596000
1995-04-24,3.560000
1995-04-25,3.570000
1995-04-26,3.533000
1995-04-27,3.574000
1995-04-28,3.598000
1995-05-01,3.652000
1995-05-02,3.615000
1995-05-08,3.566000
1995-05-09,3.520000
1995-05-10,3.506000
1995-05-11,3.461000
1995-05-12,3.553000
1995-05-15,3.549000
1995-05-16,3.533000
1995-05-17,3.501000
1995-05-18,3.479000
1995-05-19,3.420000
1995-05-22,3.377000
1995-05-23,3.349000
1995-05-24,3.326000
1995-05-25,3.252000
1995-05-26,3.196000
1995-05-29,3.220000
1995-05-30,3.141000
1995-05-31,3.032000
1995-06-01,3.072000
1995-06-02,3.169000
1995-06-05,3.110000
1995-06-06,3.036000
1995-06-07,3.078000
1995-06-08,3.143000
1995-06-09,3.124000
1995-06-12,3.175000
1995-06-13,3.142000
1995-06-14,3.193000
1995-06-15,3.239000
1995-06-16,3.224000
1995-06-19,3.179000
1995-06-20,3.170000
1995-06-21,3.098000
1995-06-22,3.018000
1995-06-23,2.982000
1995-06-26,2.981000
1995-06-27,2.948000
1995-06-28,2.971000
1995-06-29,2.900000
1995-06-30,2.971000
1995-07-03,2.923000
1995-07-04,2.917000
1995-07-05,2.887000
1995-07-06,2.925000
1995-07-07,2.805000
1995-07-10,2.868000
1995-07-11,2.915000
1995-07-12,2.952000
1995-07-13,2.966000
1995-07-14,3.112000
1995-07-17,3.115000
1995-07-18,3.161000
1995-07-19,3.113000
1995-07-20,3.064000
1995-07-21,3.111000
1995-07-24,3.147000
1995-07-25,3.106000
1995-07-26,3.097000
1995-07-27,3.069000
1995-07-28,3.070000
1995-07-31,3.105000
1995-08-01,3.099000
1995-08-02,3.191000
1995-08-03,3.190000
1995-08-04,3.193000
1995-08-07,3.167000
1995-08-08,3.220000
1995-08-09,3.213000
1995-08-10,3.233000
1995-08-11,3.245000
1995-08-14,3.214000
1995-08-15,3.242000
1995-08-16,3.380000
1995-08-17,3.352000
1995-08-18,3.366000
1995-08-21,3.319000
1995-08-22,3.344000
1995-08-23,3.346000
1995-08-24,3.359000
1995-08-25,3.338000
1995-08-28,3.311000
1995-08-29,3.351000
1995-08-30,3.312000
1995-08-31,3.308000
1995-09-01,3.228000
1995-09-04,3.125000
1995-09-05,3.174000
1995-09-06,3.160000
1995-09-07,3.107000
1995-09-08,3.142000
1995-09-11,3.099000
1995-09-12,3.054000
1995-09-13,3.008000
1995-09-14,3.004000
1995-09-18,2.991000
1995-09-19,2.991000
1995-09-20,2.869000
1995-09-21,2.891000
1995-09-22,2.879000
1995-09-25,2.866000
1995-09-26,2.848000
1995-09-27,2.902000
1995-09-28,2.893000
1995-09-29,2.875000
1995-10-02,2.831000
1995-10-03,2.808000
1995-10-04,2.790000
1995-10-05,2.863000
1995-10-06,2.917000
1995-10-09,2.911000
1995-10-11,2.970000
1995-10-12,2.946000
1995-10-13,2.905000
1995-10-16,2.882000
1995-10-17,2.905000
1995-10-18,2.967000
1995-10-19,2.957000
1995-10-20,2.947000
1995-10-23,2.960000
1995-10-24,2.981000
1995-10-25,3.009000
1995-10-26,2.931000
1995-10-27,2.985000
1995-10-30,2.993000
1995-10-31,2.962000
1995-11-01,2.973000
1995-11-02,3.023000
1995-11-06,3.020000
1995-11-07,3.015000
1995-11-08,3.007000
1995-11-09,2.985000
1995-11-10,2.980000
1995-11-13,2.998000
1995-11-14,3.003000
1995-11-15,3.007000
1995-11-16,3.051000
1995-11-17,3.017000
1995-11-20,3.042000
1995-11-21,3.036000
1995-11-22,2.986000
1995-11-24,2.934000
1995-11-27,2.930000
1995-11-28,2.958000
1995-11-29,2.930000
1995-11-30,2.930000
1995-12-01,2.959000
1995-12-04,2.940000
1995-12-05,2.959000
1995-12-06,2.959000
1995-12-07,2.909000
1995-12-08,2.913000
1995-12-11,2.915000
1995-12-12,2.905000
1995-12-13,2.955000
1995-12-14,2.943000
1995-12-15,2.930000
1995-12-18,2.930000
1995-12-19,2.959000
1995-12-20,2.954000
1995-12-21,2.975000
1995-12-22,3.016000
1995-12-25,3.060000
1995-12-26,3.065000
1995-12-27,3.159000
1995-12-28,3.169000
1995-12-29,3.165000
1996-01-04,3.257000
1996-01-05,3.232000
1996-01-08,3.245000
1996-01-09,3.223000
1996-01-10,3.190000
1996-01-11,3.181000
1996-01-12,3.198000
1996-01-16,3.199000
1996-01-17,3.157000
1996-01-18,3.153000
1996-01-19,3.189000
1996-01-22,3.203000
1996-01-23,3.198000
1996-01-24,3.213000
1996-01-25,3.203000
1996-01-26,3.190000
1996-01-29,3.172000
1996-01-30,3.202000
1996-01-31,3.218000
1996-02-01,3.217000
1996-02-02,3.187000
1996-02-05,3.178000
1996-02-06,3.174000
1996-02-07,3.161000
1996-02-08,3.158000
1996-02-09,3.193000
1996-02-13,3.180000
1996-02-14,3.193000
1996-02-15,3.264000
1996-02-16,3.252000
1996-02-19,3.261000
1996-02-20,3.303000
1996-02-21,3.359000
1996-02-22,3.378000
1996-02-23,3.380000
1996-02-26,3.434000
1996-02-27,3.461000
1996-02-28,3.479000
1996-02-29,3.448000
1996-03-01,3.336000
1996-03-04,3.287000
1996-03-05,3.269000
1996-03-06,3.251000
1996-03-07,3.269000
1996-03-08,3.279000
1996-03-11,3.248000
1996-03-12,3.265000
1996-03-13,3.257000
1996-03-14,3.213000
1996-03-15,3.222000
1996-03-18,3.239000
1996-03-19,3.235000
1996-03-21,3.267000
1996-03-22,3.271000
1996-03-25,3.302000
1996-03-26,3.343000
1996-03-27,3.284000
1996-03-28,3.270000
1996-03-29,3.204000
1996-04-01,3.173000
1996-04-02,3.156000
1996-04-03,3.227000
1996-04-04,3.209000
1996-04-05,3.221000
1996-04-08,3.266000
1996-04-09,3.306000
1996-04-10,3.276000
1996-04-11,3.295000
1996-04-12,3.321000
1996-04-15,3.317000
1996-04-16,3.356000
1996-04-17,3.391000
1996-04-18,3.388000
1996-04-19,3.370000
1996-04-22,3.378000
1996-04-23,3.396000
1996-04-24,3.393000
1996-04-25,3.423000
1996-04-26,3.477000
1996-04-30,3.432000
1996-05-01,3.437000
1996-05-02,3.469000
1996-05-07,3.448000
1996-05-08,3.455000
1996-05-09,3.437000
1996-05-10,3.426000
1996-05-13,3.422000
1996-05-14,3.465000
1996-05-15,3.421000
1996-05-16,3.392000
1996-05-17,3.368000
1996-05-20,3.386000
1996-05-21,3.350000
1996-05-22,3.322000
1996-05-23,3.299000
1996-05-24,3.298000
1996-05-27,3.321000
1996-05-28,3.282000
1996-05-29,3.278000
1996-05-30,3.273000
1996-05-31,3.244000
1996-06-03,3.216000
1996-06-04,3.225000
1996-06-05,3.185000
1996-06-06,3.195000
1996-06-07,3.277000
1996-06-10,3.299000
1996-06-11,3.314000
1996-06-12,3.237000
1996-06-13,3.254000
1996-06-14,3.275000
1996-06-17,3.264000
1996-06-18,3.270000
1996-06-19,3.293000
1996-06-20,3.320000
1996-06-21,3.318000
1996-06-24,3.303000
1996-06-25,3.323000
1996-06-26,3.323000
1996-06-27,3.356000
1996-06-28,3.263000
1996-07-01,3.231000
1996-07-02,3.271000
1996-07-03,3.268000
1996-07-04,3.258000
1996-07-05,3.287000
1996-07-08,3.318000
1996-07-09,3.324000
1996-07-10,3.301000
1996-07-11,3.310000
1996-07-12,3.307000
1996-07-15,3.328000
1996-07-16,3.365000
1996-07-17,3.365000
1996-07-18,3.373000
1996-07-19,3.346000
1996-07-22,3.338000
1996-07-23,3.365000
1996-07-24,3.306000
1996-07-25,3.302000
1996-07-26,3.286000
1996-07-29,3.291000
1996-07-30,3.316000
1996-07-31,3.306000
1996-08-01,3.322000
1996-08-02,3.292000
1996-08-05,3.282000
1996-08-06,3.284000
1996-08-07,3.235000
1996-08-08,3.218000
1996-08-09,3.225000
1996-08-12,3.216000
1996-08-13,3.217000
1996-08-14,3.217000
1996-08-15,3.205000
1996-08-16,3.190000
1996-08-19,3.184000
1996-08-20,3.185000
1996-08-21,3.164000
1996-08-22,3.165000
1996-08-23,3.146000
1996-08-26,3.149000
1996-08-27,3.179000
1996-08-28,3.070000
1996-08-29,3.034000
1996-08-30,3.009000
1996-09-02,3.006000
1996-09-03,3.043000
1996-09-04,3.034000
1996-09-05,3.070000
1996-09-06,3.060000
1996-09-09,2.993000
1996-09-10,2.998000
1996-09-11,2.975000
1996-09-12,2.984000
1996-09-13,2.993000
1996-09-17,2.916000
1996-09-18,2.925000
1996-09-19,2.912000
1996-09-20,2.935000
1996-09-24,2.934000
1996-09-25,2.907000
1996-09-26,2.934000
1996-09-27,2.980000
1996-09-30,2.904000
1996-10-01,2.908000
1996-10-02,2.908000
1996-10-03,2.876000
1996-10-04,2.852000
1996-10-07,2.829000
1996-10-08,2.824000
1996-10-09,2.832000
1996-10-11,2.842000
1996-10-14,2.886000
1996-10-15,2.881000
1996-10-16,2.912000
1996-10-17,2.909000
1996-10-18,2.904000
1996-10-21,2.834000
1996-10-22,2.802000
1996-10-23,2.779000
1996-10-24,2.760000
1996-10-25,2.751000
1996-10-28,2.734000
1996-10-29,2.745000
1996-10-30,2.680000
1996-10-31,2.639000
1996-11-01,2.649000
1996-11-05,2.573000
1996-11-06,2.652000
1996-11-07,2.744000
1996-11-08,2.826000
1996-11-11,2.875000
1996-11-12,2.881000
1996-11-13,2.816000
1996-11-14,2.794000
1996-11-15,2.771000
1996-11-18,2.720000
1996-11-19,2.712000
1996-11-20,2.760000
1996-11-21,2.791000
1996-11-22,2.758000
1996-11-25,2.775000
1996-11-26,2.715000
1996-11-27,2.633000
1996-11-28,2.581000
1996-11-29,2.594000
1996-12-02,2.563000
1996-12-03,2.564000
1996-12-04,2.546000
1996-12-05,2.538000
1996-12-06,2.645000
1996-12-09,2.614000
1996-12-10,2.632000
1996-12-11,2.654000
1996-12-12,2.679000
1996-12-13,2.655000
1996-12-16,2.633000
1996-12-17,2.606000
1996-12-18,2.638000
1996-12-19,2.611000
1996-12-20,2.593000
1996-12-24,2.631000
1996-12-25,2.667000
1996-12-26,2.708000
1996-12-27,2.759000
1996-12-30,2.778000
1997-01-06,2.824000
1997-01-07,2.783000
1997-01-08,2.715000
1997-01-09,2.693000
1997-01-10,2.652000
1997-01-13,2.625000
1997-01-14,2.624000
1997-01-16,2.597000
1997-01-17,2.630000
1997-01-20,2.604000
1997-01-21,2.617000
1997-01-22,2.599000
1997-01-23,2.649000
1997-01-24,2.608000
1997-01-27,2.572000
1997-01-28,2.590000
1997-01-29,2.628000
1997-01-30,2.596000
1997-01-31,2.582000
1997-02-03,2.575000
1997-02-04,2.584000
1997-02-05,2.574000
1997-02-06,2.583000
1997-02-07,2.568000
1997-02-10,2.591000
1997-02-12,2.605000
1997-02-13,2.582000
1997-02-14,2.588000
1997-02-17,2.594000
1997-02-18,2.594000
1997-02-19,2.570000
1997-02-20,2.639000
1997-02-21,2.616000
1997-02-24,2.612000
1997-02-25,2.614000
1997-02-26,2.592000
1997-02-27,2.601000
1997-02-28,2.602000
1997-03-03,2.603000
1997-03-04,2.594000
1997-03-05,2.594000
1997-03-06,2.559000
1997-03-07,2.559000
1997-03-10,2.555000
1997-03-11,2.546000
1997-03-12,2.522000
1997-03-13,2.472000
1997-03-14,2.426000
1997-03-17,2.436000
1997-03-18,2.491000
1997-03-19,2.478000
1997-03-21,2.533000
1997-03-24,2.565000
1997-03-25,2.547000
1997-03-26,2.501000
1997-03-27,2.557000
1997-03-28,2.502000
1997-03-31,2.474000
1997-04-01,2.456000
1997-04-02,2.387000
1997-04-03,2.383000
1997-04-04,2.346000
1997-04-07,2.294000
1997-04-08,2.300000
1997-04-09,2.309000
1997-04-10,2.328000
1997-04-11,2.366000
1997-04-14,2.385000
1997-04-15,2.381000
1997-04-16,2.377000
1997-04-17,2.405000
1997-04-18,2.381000
1997-04-21,2.372000
1997-04-22,2.355000
1997-04-23,2.374000
1997-04-24,2.374000
1997-04-25,2.474000
1997-04-28,2.502000
1997-04-30,2.558000
1997-05-01,2.531000
1997-05-02,2.513000
1997-05-06,2.616000
1997-05-07,2.635000
1997-05-08,2.694000
1997-05-09,2.785000
1997-05-12,2.786000
1997-05-13,2.728000
1997-05-14,2.764000
1997-05-15,2.773000
1997-05-16,2.751000
1997-05-19,2.711000
1997-05-20,2.696000
1997-05-21,2.804000
1997-05-22,2.772000
1997-05-23,2.786000
1997-05-26,2.791000
1997-05-27,2.845000
1997-05-28,2.869000
1997-05-29,2.816000
1997-05-30,2.759000
1997-06-02,2.768000
1997-06-03,2.777000
1997-06-04,2.739000
1997-06-05,2.730000
1997-06-06,2.717000
1997-06-09,2.691000
1997-06-10,2.705000
1997-06-11,2.648000
1997-06-12,2.668000
1997-06-13,2.623000
1997-06-16,2.604000
1997-06-17,2.568000
1997-06-18,2.605000
1997-06-19,2.596000
1997-06-20,2.615000
1997-06-23,2.610000
1997-06-24,2.569000
1997-06-25,2.705000
1997-06-26,2.683000
1997-06-27,2.589000
1997-06-30,2.589000
1997-07-01,2.585000
1997-07-02,2.585000
1997-07-03,2.567000
1997-07-04,2.531000
1997-07-07,2.540000
1997-07-08,2.558000
1997-07-09,2.549000
1997-07-10,2.540000
1997-07-11,2.534000
1997-07-14,2.539000
1997-07-15,2.566000
1997-07-16,2.552000
1997-07-17,2.534000
1997-07-18,2.548000
1997-07-22,2.538000
1997-07-23,2.512000
1997-07-24,2.475000
1997-07-25,2.438000
1997-07-28,2.438000
1997-07-29,2.451000
1997-07-30,2.404000
1997-07-31,2.375000
1997-08-01,2.345000
1997-08-04,2.363000
1997-08-05,2.363000
1997-08-06,2.400000
1997-08-07,2.364000
1997-08-08,2.354000
1997-08-11,2.360000
1997-08-12,2.378000
1997-08-13,2.379000
1997-08-14,2.334000
1997-08-15,2.341000
1997-08-18,2.332000
1997-08-19,2.319000
1997-08-20,2.313000
1997-08-21,2.309000
1997-08-22,2.300000
1997-08-25,2.283000
1997-08-26,2.259000
1997-08-27,2.288000
1997-08-28,2.265000
1997-08-29,2.256000
1997-09-01,2.259000
1997-09-02,2.230000
1997-09-03,2.272000
1997-09-04,2.301000
1997-09-05,2.291000
1997-09-08,2.254000
1997-09-09,2.273000
1997-09-10,2.265000
1997-09-11,2.289000
1997-09-12,2.251000
1997-09-16,2.219000
1997-09-17,2.205000
1997-09-18,2.215000
1997-09-19,2.219000
1997-09-22,2.192000
1997-09-24,2.192000
1997-09-25,2.168000
1997-09-26,2.177000
1997-09-29,2.150000
1997-09-30,2.159000
1997-10-01,2.088000
1997-10-02,2.050000
1997-10-03,2.074000
1997-10-06,2.042000
1997-10-07,1.990000
1997-10-08,2.005000
1997-10-09,2.043000
1997-10-13,2.006000
1997-10-14,2.021000
1997-10-15,2.034000
1997-10-16,2.058000
1997-10-17,2.025000
1997-10-20,1.988000
1997-10-21,1.988000
1997-10-22,1.984000
1997-10-23,1.966000
1997-10-24,1.951000
1997-10-27,1.914000
1997-10-28,1.874000
1997-10-29,1.888000
1997-10-30,1.850000
1997-10-31,1.873000
1997-11-04,1.873000
1997-11-05,1.854000
1997-11-06,1.868000
1997-11-07,1.858000
1997-11-10,1.906000
1997-11-11,1.929000
1997-11-12,1.958000
1997-11-13,1.876000
1997-11-14,1.904000
1997-11-17,1.957000
1997-11-18,1.975000
1997-11-19,1.990000
1997-11-20,2.018000
1997-11-21,2.019000
1997-11-25,1.968000
1997-11-26,2.007000
1997-11-27,2.044000
1997-11-28,2.017000
1997-12-01,2.008000
1997-12-02,2.012000
1997-12-03,1.948000
1997-12-04,1.892000
1997-12-05,1.888000
1997-12-08,1.878000
1997-12-09,1.958000
1997-12-10,1.939000
1997-12-11,1.916000
1997-12-12,1.936000
1997-12-15,1.908000
1997-12-16,1.908000
1997-12-17,1.969000
1997-12-18,1.918000
1997-12-19,1.918000
1997-12-22,1.918000
1997-12-24,1.909000
1997-12-25,1.919000
1997-12-26,1.920000
1997-12-29,1.920000
1997-12-30,1.934000
1998-01-05,1.901000
1998-01-06,1.869000
1998-01-07,1.869000
1998-01-08,1.892000
1998-01-09,1.893000
1998-01-12,1.870000
1998-01-13,1.885000
1998-01-14,1.889000
1998-01-16,1.922000
1998-01-19,1.945000
1998-01-20,1.969000
1998-01-21,2.027000
1998-01-22,1.999000
1998-01-23,2.070000
1998-01-26,2.088000
1998-01-27,2.075000
1998-01-28,2.074000
1998-01-29,2.061000
1998-01-30,2.009000
1998-02-02,2.033000
1998-02-03,2.033000
1998-02-04,2.015000
1998-02-05,2.025000
1998-02-06,2.025000
1998-02-09,1.997000
1998-02-10,1.988000
1998-02-12,1.998000
1998-02-13,1.980000
1998-02-16,1.970000
1998-02-17,1.969000
1998-02-18,1.952000
1998-02-19,1.919000
1998-02-20,1.909000
1998-02-23,1.859000
1998-02-24,1.869000
1998-02-25,1.921000
1998-02-26,1.898000
1998-02-27,1.919000
1998-03-02,1.943000
1998-03-03,1.934000
1998-03-04,1.922000
1998-03-05,1.894000
1998-03-06,1.919000
1998-03-09,1.882000
1998-03-10,1.855000
1998-03-11,1.810000
1998-03-12,1.822000
1998-03-13,1.835000
1998-03-16,1.798000
1998-03-17,1.802000
1998-03-18,1.794000
1998-03-19,1.808000
1998-03-20,1.831000
1998-03-23,1.799000
1998-03-24,1.818000
1998-03-25,1.810000
1998-03-26,1.852000
1998-03-27,1.908000
1998-03-30,1.894000
1998-03-31,1.881000
1998-04-01,1.863000
1998-04-02,1.881000
1998-04-03,1.956000
1998-04-06,1.948000
1998-04-07,1.934000
1998-04-08,1.944000
1998-04-09,1.958000
1998-04-10,1.907000
1998-04-13,1.883000
1998-04-14,1.865000
1998-04-15,1.838000
1998-04-16,1.843000
1998-04-17,1.828000
1998-04-20,1.805000
1998-04-21,1.819000
1998-04-22,1.824000
1998-04-23,1.824000
1998-04-24,1.830000
1998-04-27,1.801000
1998-04-28,1.768000
1998-04-30,1.759000
1998-05-01,1.736000
1998-05-06,1.688000
1998-05-07,1.664000
1998-05-08,1.636000
1998-05-11,1.650000
1998-05-12,1.613000
1998-05-13,1.613000
1998-05-14,1.623000
1998-05-15,1.595000
1998-05-18,1.576000
1998-05-19,1.587000
1998-05-20,1.589000
1998-05-21,1.602000
1998-05-22,1.565000
1998-05-25,1.526000
1998-05-26,1.540000
1998-05-27,1.546000
1998-05-28,1.522000
1998-05-29,1.507000
1998-06-01,1.476000
1998-06-02,1.442000
1998-06-03,1.462000
1998-06-04,1.458000
1998-06-05,1.478000
1998-06-08,1.459000
1998-06-09,1.502000
1998-06-10,1.497000
1998-06-11,1.541000
1998-06-12,1.533000
1998-06-15,1.494000
1998-06-16,1.509000
1998-06-17,1.533000
1998-06-18,1.589000
1998-06-19,1.590000
1998-06-22,1.595000
1998-06-23,1.572000
1998-06-24,1.515000
1998-06-25,1.529000
1998-06-26,1.552000
1998-06-29,1.581000
1998-06-30,1.629000
1998-07-01,1.705000
1998-07-02,1.620000
1998-07-03,1.653000
1998-07-06,1.620000
1998-07-07,1.625000
1998-07-08,1.682000
1998-07-09,1.673000
1998-07-10,1.677000
1998-07-13,1.716000
1998-07-14,1.763000
1998-07-15,1.731000
1998-07-16,1.759000
1998-07-17,1.747000
1998-07-21,1.751000
1998-07-22,1.729000
1998-07-23,1.676000
1998-07-24,1.690000
1998-07-27,1.638000
1998-07-28,1.637000
1998-07-29,1.604000
1998-07-30,1.556000
1998-07-31,1.572000
1998-08-03,1.579000
1998-08-04,1.555000
1998-08-05,1.554000
1998-08-06,1.545000
1998-08-07,1.518000
1998-08-10,1.493000
1998-08-11,1.504000
1998-08-12,1.494000
1998-08-13,1.504000
1998-08-14,1.495000
1998-08-17,1.476000
1998-08-18,1.472000
1998-08-19,1.506000
1998-08-20,1.506000
1998-08-21,1.496000
1998-08-24,1.457000
1998-08-25,1.438000
1998-08-26,1.406000
1998-08-27,1.410000
1998-08-28,1.368000
1998-08-31,1.338000
1998-09-01,1.355000
1998-09-02,1.355000
1998-09-03,1.381000
1998-09-04,1.368000
1998-09-07,1.338000
1998-09-08,1.321000
1998-09-09,1.301000
1998-09-10,1.112000
1998-09-11,1.038000
1998-09-14,1.017000
1998-09-16,1.003000
1998-09-17,0.903000
1998-09-18,0.879000
1998-09-21,0.938000
1998-09-22,0.963000
1998-09-24,0.953000
1998-09-25,0.891000
1998-09-28,0.866000
1998-09-29,0.886000
1998-09-30,0.827000
1998-10-01,0.787000
1998-10-02,0.772000
1998-10-05,0.797000
1998-10-06,0.797000
1998-10-07,0.842000
1998-10-08,0.863000
1998-10-09,0.874000
1998-10-12,0.973000
1998-10-13,0.899000
1998-10-14,0.925000
1998-10-15,0.921000
1998-10-16,0.941000
1998-10-19,0.901000
1998-10-20,0.886000
1998-10-21,0.917000
1998-10-22,0.903000
1998-10-23,0.924000
1998-10-26,0.939000
1998-10-27,0.965000
1998-10-28,0.933000
1998-10-29,0.934000
1998-10-30,0.879000
1998-11-02,0.893000
1998-11-04,0.934000
1998-11-05,0.917000
1998-11-06,0.897000
1998-11-09,0.898000
1998-11-10,0.873000
1998-11-11,0.923000
1998-11-12,0.890000
1998-11-13,0.879000
1998-11-16,0.910000
1998-11-17,0.925000
1998-11-18,0.906000
1998-11-19,0.923000
1998-11-20,0.984000
1998-11-24,1.010000
1998-11-25,1.046000
1998-11-26,1.129000
1998-11-27,1.154000
1998-11-30,1.134000
1998-12-01,1.228000
1998-12-02,1.266000
1998-12-03,1.208000
1998-12-04,1.165000
1998-12-07,1.180000
1998-12-08,1.177000
1998-12-09,1.264000
1998-12-10,1.322000
1998-12-11,1.310000
1998-12-14,1.424000
1998-12-15,1.414000
1998-12-16,1.484000
1998-12-17,1.492000
1998-12-18,1.470000
1998-12-21,1.612000
1998-12-22,1.883000
1998-12-24,1.982000
1998-12-25,1.881000
1998-12-28,1.853000
1998-12-29,1.995000
1998-12-30,2.117000
1999-01-04,2.093000
1999-01-05,2.040000
1999-01-06,1.965000
1999-01-07,1.803000
1999-01-08,1.940000
1999-01-11,1.870000
1999-01-12,1.882000
1999-01-13,1.843000
1999-01-14,1.791000
1999-01-18,1.859000
1999-01-19,1.958000
1999-01-20,1.900000
1999-01-21,1.911000
1999-01-22,1.867000
1999-01-25,1.872000
1999-01-26,1.835000
1999-01-27,1.915000
1999-01-28,1.961000
1999-01-29,2.070000
1999-02-01,2.118000
1999-02-02,2.365000
1999-02-03,2.395000
1999-02-04,2.261000
1999-02-05,2.430000
1999-02-08,2.254000
1999-02-09,2.106000
1999-02-10,2.113000
1999-02-12,2.186000
1999-02-15,2.240000
1999-02-16,2.104000
1999-02-17,2.040000
1999-02-18,1.996000
1999-02-19,1.885000
1999-02-22,1.881000
1999-02-23,2.008000
1999-02-24,2.006000
1999-02-25,2.020000
1999-02-26,1.993000
1999-03-01,1.950000
1999-03-02,1.913000
1999-03-03,1.795000
1999-03-04,1.734000
1999-03-05,1.685000
1999-03-08,1.752000
1999-03-09,1.825000
1999-03-10,1.799000
1999-03-11,1.876000
1999-03-12,1.833000
1999-03-15,1.900000
1999-03-16,1.905000
1999-03-17,1.813000
1999-03-18,1.795000
1999-03-19,1.784000
1999-03-23,1.799000
1999-03-24,1.866000
1999-03-25,1.804000
1999-03-26,1.748000
1999-03-29,1.765000
1999-03-30,1.692000
1999-03-31,1.716000
1999-04-01,1.687000
1999-04-02,1.695000
1999-04-05,1.710000
1999-04-06,1.761000
1999-04-07,1.656000
1999-04-08,1.575000
1999-04-09,1.584000
1999-04-12,1.546000
1999-04-13,1.588000
1999-04-14,1.630000
1999-04-15,1.564000
1999-04-16,1.592000
1999-04-19,1.563000
1999-04-20,1.486000
1999-04-21,1.472000
1999-04-22,1.445000
1999-04-23,1.488000
1999-04-26,1.453000
1999-04-27,1.376000
1999-04-28,1.424000
1999-04-30,1.387000
1999-05-06,1.302000
1999-05-07,1.289000
1999-05-10,1.312000
1999-05-11,1.333000
1999-05-12,1.327000
1999-05-13,1.286000
1999-05-14,1.223000
1999-05-17,1.226000
1999-05-18,1.270000
1999-05-19,1.316000
1999-05-20,1.295000
1999-05-21,1.326000
1999-05-24,1.351000
1999-05-25,1.323000
1999-05-26,1.383000
1999-05-27,1.462000
1999-05-28,1.460000
1999-05-31,1.448000
1999-06-01,1.571000
1999-06-02,1.635000
1999-06-03,1.568000
1999-06-04,1.595000
1999-06-07,1.618000
1999-06-08,1.539000
1999-06-09,1.540000
1999-06-10,1.555000
1999-06-11,1.699000
1999-06-14,1.596000
1999-06-15,1.553000
1999-06-16,1.588000
1999-06-17,1.680000
1999-06-18,1.680000
1999-06-21,1.721000
1999-06-22,1.679000
1999-06-23,1.731000
1999-06-24,1.698000
1999-06-25,1.772000
1999-06-28,1.784000
1999-06-29,1.820000
1999-06-30,1.868000
1999-07-01,1.768000
1999-07-02,1.694000
1999-07-05,1.645000
1999-07-06,1.711000
1999-07-07,1.665000
1999-07-08,1.663000
1999-07-09,1.686000
1999-07-12,1.664000
1999-07-13,1.627000
1999-07-14,1.681000
1999-07-15,1.702000
1999-07-16,1.766000
1999-07-19,1.794000
1999-07-21,1.722000
1999-07-22,1.686000
1999-07-23,1.652000
1999-07-26,1.671000
1999-07-27,1.616000
1999-07-28,1.660000
1999-07-29,1.759000
1999-07-30,1.740000
1999-08-02,1.791000
1999-08-03,1.829000
1999-08-04,1.837000
1999-08-05,1.785000
1999-08-06,1.772000
1999-08-09,1.811000
1999-08-10,1.860000
1999-08-11,1.810000
1999-08-12,1.802000
1999-08-13,1.825000
1999-08-16,1.891000
1999-08-17,1.895000
1999-08-18,1.900000
1999-08-19,1.874000
1999-08-20,1.841000
1999-08-23,1.889000
1999-08-24,1.945000
1999-08-25,1.964000
1999-08-26,1.921000
1999-08-27,1.923000
1999-08-30,1.974000
1999-08-31,1.911000
1999-09-01,1.873000
1999-09-02,1.876000
1999-09-03,1.838000
1999-09-06,1.795000
1999-09-07,1.820000
1999-09-08,1.815000
1999-09-09,1.829000
1999-09-10,1.800000
1999-09-13,1.770000
1999-09-14,1.720000
1999-09-16,1.709000
1999-09-17,1.722000
1999-09-20,1.668000
1999-09-21,1.693000
1999-09-22,1.722000
1999-09-24,1.630000
1999-09-27,1.603000
1999-09-28,1.624000
1999-09-29,1.585000
1999-09-30,1.619000
1999-10-01,1.583000
1999-10-04,1.518000
1999-10-05,1.523000
1999-10-06,1.606000
1999-10-07,1.645000
1999-10-08,1.679000
1999-10-12,1.711000
1999-10-13,1.671000
1999-10-14,1.693000
1999-10-15,1.711000
1999-10-18,1.671000
1999-10-19,1.673000
1999-10-20,1.763000
1999-10-21,1.801000
1999-10-22,1.831000
1999-10-25,1.823000
1999-10-26,1.813000
1999-10-27,1.768000
1999-10-28,1.794000
1999-10-29,1.743000
1999-11-01,1.745000
1999-11-02,1.703000
1999-11-04,1.726000
1999-11-05,1.711000
1999-11-08,1.700000
1999-11-09,1.732000
1999-11-10,1.760000
1999-11-11,1.752000
1999-11-12,1.729000
1999-11-15,1.713000
1999-11-16,1.739000
1999-11-17,1.800000
1999-11-18,1.839000
1999-11-19,1.815000
1999-11-22,1.835000
1999-11-24,1.856000
1999-11-25,1.828000
1999-11-26,1.848000
1999-11-29,1.824000
1999-11-30,1.808000
1999-12-01,1.795000
1999-12-02,1.808000
1999-12-03,1.778000
1999-12-06,1.757000
1999-12-07,1.776000
1999-12-08,1.745000
1999-12-09,1.732000
1999-12-10,1.768000
1999-12-13,1.746000
1999-12-14,1.783000
1999-12-15,1.758000
1999-12-16,1.783000
1999-12-17,1.781000
1999-12-20,1.725000
1999-12-21,1.715000
1999-12-22,1.710000
1999-12-24,1.746000
1999-12-27,1.737000
1999-12-28,1.699000
1999-12-29,1.690000
1999-12-30,1.680000
2000-01-04,1.743000
2000-01-05,1.718000
2000-01-06,1.710000
2000-01-07,1.738000
2000-01-11,1.735000
2000-01-12,1.758000
2000-01-13,1.763000
2000-01-14,1.750000
2000-01-17,1.752000
2000-01-18,1.725000
2000-01-19,1.732000
2000-01-20,1.757000
2000-01-21,1.722000
2000-01-24,1.651000
2000-01-25,1.625000
2000-01-26,1.637000
2000-01-27,1.640000
2000-01-28,1.620000
2000-01-31,1.671000
2000-02-01,1.705000
2000-02-02,1.779000
2000-02-03,1.789000
2000-02-04,1.761000
2000-02-07,1.792000
2000-02-08,1.841000
2000-02-09,1.821000
2000-02-10,1.810000
2000-02-14,1.787000
2000-02-15,1.761000
2000-02-16,1.754000
2000-02-17,1.807000
2000-02-18,1.783000
2000-02-21,1.782000
2000-02-22,1.836000
2000-02-23,1.821000
2000-02-24,1.848000
2000-02-25,1.861000
2000-02-28,1.811000
2000-02-29,1.827000
2000-03-01,1.812000
2000-03-02,1.771000
2000-03-03,1.781000
2000-03-06,1.762000
2000-03-07,1.777000
2000-03-08,1.746000
2000-03-09,1.781000
2000-03-10,1.815000
2000-03-13,1.806000
2000-03-14,1.802000
2000-03-15,1.814000
2000-03-16,1.840000
2000-03-17,1.831000
2000-03-21,1.862000
2000-03-22,1.838000
2000-03-23,1.838000
2000-03-24,1.862000
2000-03-27,1.885000
2000-03-28,1.871000
2000-03-29,1.849000
2000-03-30,1.792000
2000-03-31,1.776000
2000-04-03,1.802000
2000-04-04,1.782000
2000-04-05,1.776000
2000-04-06,1.740000
2000-04-07,1.727000
2000-04-10,1.744000
2000-04-11,1.752000
2000-04-12,1.785000
2000-04-13,1.811000
2000-04-14,1.794000
2000-04-17,1.719000
2000-04-18,1.729000
2000-04-19,1.718000
2000-04-20,1.737000
2000-04-21,1.748000
2000-04-24,1.738000
2000-04-25,1.723000
2000-04-26,1.711000
2000-04-27,1.710000
2000-04-28,1.739000
2000-05-01,1.716000
2000-05-02,1.712000
2000-05-08,1.715000
2000-05-09,1.696000
2000-05-10,1.707000
2000-05-11,1.670000
2000-05-12,1.689000
2000-05-15,1.692000
2000-05-16,1.729000
2000-05-17,1.753000
2000-05-18,1.718000
2000-05-19,1.714000
2000-05-22,1.689000
2000-05-23,1.716000
2000-05-24,1.688000
2000-05-25,1.693000
2000-05-26,1.665000
2000-05-29,1.657000
2000-05-30,1.676000
2000-05-31,1.648000
2000-06-01,1.648000
2000-06-02,1.668000
2000-06-05,1.724000
2000-06-06,1.736000
2000-06-07,1.710000
2000-06-08,1.693000
2000-06-09,1.658000
2000-06-12,1.668000
2000-06-13,1.652000
2000-06-14,1.666000
2000-06-15,1.656000
2000-06-16,1.628000
2000-06-19,1.629000
2000-06-20,1.647000
2000-06-21,1.677000
2000-06-22,1.678000
2000-06-23,1.652000
2000-06-26,1.671000
2000-06-27,1.690000
2000-06-28,1.684000
2000-06-29,1.706000
2000-06-30,1.712000
2000-07-03,1.722000
2000-07-04,1.706000
2000-07-05,1.730000
2000-07-06,1.703000
2000-07-07,1.723000
2000-07-10,1.735000
2000-07-11,1.741000
2000-07-12,1.750000
2000-07-13,1.685000
2000-07-14,1.685000
2000-07-17,1.674000
2000-07-18,1.667000
2000-07-19,1.684000
2000-07-21,1.683000
2000-07-24,1.693000
2000-07-25,1.719000
2000-07-26,1.708000
2000-07-27,1.678000
2000-07-28,1.650000
2000-07-31,1.649000
2000-08-01,1.654000
2000-08-02,1.650000
2000-08-03,1.652000
2000-08-04,1.652000
2000-08-07,1.666000
2000-08-08,1.672000
2000-08-09,1.696000
2000-08-10,1.715000
2000-08-11,1.694000
2000-08-14,1.698000
2000-08-15,1.729000
2000-08-16,1.745000
2000-08-17,1.737000
2000-08-18,1.756000
2000-08-21,1.771000
2000-08-22,1.787000
2000-08-23,1.823000
2000-08-24,1.811000
2000-08-25,1.849000
2000-08-28,1.860000
2000-08-29,1.875000
2000-08-30,1.861000
2000-08-31,1.863000
2000-09-01,1.924000
2000-09-04,1.908000
2000-09-05,1.932000
2000-09-06,1.946000
2000-09-07,1.916000
2000-09-08,1.845000
2000-09-11,1.832000
2000-09-12,1.836000
2000-09-13,1.855000
2000-09-14,1.876000
2000-09-18,1.864000
2000-09-19,1.848000
2000-09-20,1.860000
2000-09-21,1.879000
2000-09-22,1.838000
2000-09-25,1.849000
2000-09-26,1.876000
2000-09-27,1.855000
2000-09-28,1.851000
2000-09-29,1.824000
2000-10-02,1.817000
2000-10-03,1.814000
2000-10-04,1.806000
2000-10-05,1.793000
2000-10-06,1.799000
2000-10-10,1.819000
2000-10-11,1.809000
2000-10-12,1.837000
2000-10-13,1.835000
2000-10-16,1.849000
2000-10-17,1.828000
2000-10-18,1.794000
2000-10-19,1.814000
2000-10-20,1.829000
2000-10-23,1.843000
2000-10-24,1.850000
2000-10-25,1.830000
2000-10-26,1.828000
2000-10-27,1.829000
2000-10-30,1.809000
2000-10-31,1.799000
2000-11-01,1.823000
2000-11-02,1.810000
2000-11-06,1.810000
2000-11-07,1.814000
2000-11-08,1.808000
2000-11-09,1.797000
2000-11-10,1.803000
2000-11-13,1.777000
2000-11-14,1.784000
2000-11-15,1.782000
2000-11-16,1.768000
2000-11-17,1.766000
2000-11-20,1.737000
2000-11-21,1.707000
2000-11-22,1.699000
2000-11-24,1.664000
2000-11-27,1.671000
2000-11-28,1.687000
2000-11-29,1.659000
2000-11-30,1.610000
2000-12-01,1.622000
2000-12-04,1.632000
2000-12-05,1.596000
2000-12-06,1.619000
2000-12-07,1.564000
2000-12-08,1.589000
2000-12-11,1.630000
2000-12-12,1.641000
2000-12-13,1.693000
2000-12-14,1.665000
2000-12-15,1.655000
2000-12-18,1.692000
2000-12-19,1.656000
2000-12-20,1.592000
2000-12-21,1.551000
2000-12-22,1.582000
2000-12-25,1.616000
2000-12-26,1.615000
2000-12-27,1.602000
2000-12-28,1.657000
2000-12-29,1.650000
2001-01-04,1.639000
2001-01-05,1.630000
2001-01-09,1.565000
2001-01-10,1.581000
2001-01-11,1.519000
2001-01-12,1.480000
2001-01-15,1.499000
2001-01-16,1.538000
2001-01-17,1.553000
2001-01-18,1.500000
2001-01-19,1.484000
2001-01-22,1.440000
2001-01-23,1.450000
2001-01-24,1.459000
2001-01-25,1.434000
2001-01-26,1.414000
2001-01-29,1.434000
2001-01-30,1.477000
2001-01-31,1.455000
2001-02-01,1.451000
2001-02-02,1.494000
2001-02-05,1.456000
2001-02-06,1.470000
2001-02-07,1.430000
2001-02-08,1.434000
2001-02-09,1.408000
2001-02-13,1.368000
2001-02-14,1.386000
2001-02-15,1.378000
2001-02-16,1.377000
2001-02-19,1.345000
2001-02-20,1.382000
2001-02-21,1.355000
2001-02-22,1.423000
2001-02-23,1.407000
2001-02-26,1.388000
2001-02-27,1.357000
2001-02-28,1.323000
2001-03-01,1.195000
2001-03-02,1.217000
2001-03-05,1.224000
2001-03-06,1.188000
2001-03-07,1.128000
2001-03-08,1.162000
2001-03-09,1.210000
2001-03-12,1.185000
2001-03-13,1.179000
2001-03-14,1.146000
2001-03-15,1.143000
2001-03-16,1.140000
2001-03-19,1.139000
2001-03-21,1.061000
2001-03-22,1.078000
2001-03-23,1.149000
2001-03-26,1.156000
2001-03-27,1.202000
2001-03-28,1.291000
2001-03-29,1.316000
2001-03-30,1.240000
2001-04-02,1.315000
2001-04-03,1.289000
2001-04-04,1.277000
2001-04-05,1.269000
2001-04-06,1.241000
2001-04-09,1.254000
2001-04-10,1.291000
2001-04-11,1.290000
2001-04-12,1.402000
2001-04-13,1.399000
2001-04-16,1.411000
2001-04-17,1.412000
2001-04-18,1.450000
2001-04-19,1.437000
2001-04-20,1.440000
2001-04-23,1.378000
2001-04-24,1.348000
2001-04-25,1.360000
2001-04-26,1.338000
2001-04-27,1.325000
2001-05-01,1.343000
2001-05-02,1.370000
2001-05-07,1.342000
2001-05-08,1.302000
2001-05-09,1.277000
2001-05-10,1.282000
2001-05-11,1.277000
2001-05-14,1.262000
2001-05-15,1.277000
2001-05-16,1.281000
2001-05-17,1.280000
2001-05-18,1.273000
2001-05-21,1.305000
2001-05-22,1.298000
2001-05-23,1.284000
2001-05-24,1.259000
2001-05-25,1.251000
2001-05-28,1.234000
2001-05-29,1.250000
2001-05-30,1.251000
2001-05-31,1.216000
2001-06-01,1.220000
2001-06-04,1.215000
2001-06-05,1.197000
2001-06-06,1.230000
2001-06-07,1.216000
2001-06-08,1.219000
2001-06-11,1.196000
2001-06-12,1.177000
2001-06-13,1.159000
2001-06-14,1.139000
2001-06-15,1.172000
2001-06-18,1.175000
2001-06-19,1.167000
2001-06-20,1.201000
2001-06-21,1.182000
2001-06-22,1.171000
2001-06-25,1.144000
2001-06-26,1.140000
2001-06-27,1.133000
2001-06-28,1.125000
2001-06-29,1.183000
2001-07-02,1.263000
2001-07-03,1.272000
2001-07-04,1.254000
2001-07-05,1.233000
2001-07-06,1.233000
2001-07-09,1.326000
2001-07-10,1.334000
2001-07-11,1.278000
2001-07-12,1.258000
2001-07-13,1.291000
2001-07-16,1.331000
2001-07-17,1.351000
2001-07-18,1.345000
2001-07-19,1.360000
2001-07-23,1.364000
2001-07-24,1.394000
2001-07-25,1.385000
2001-07-26,1.337000
2001-07-27,1.316000
2001-07-30,1.323000
2001-07-31,1.333000
2001-08-01,1.333000
2001-08-02,1.337000
2001-08-03,1.366000
2001-08-06,1.395000
2001-08-07,1.430000
2001-08-08,1.366000
2001-08-09,1.354000
2001-08-10,1.314000
2001-08-13,1.303000
2001-08-14,1.299000
2001-08-15,1.295000
2001-08-16,1.302000
2001-08-17,1.329000
2001-08-20,1.344000
2001-08-21,1.354000
2001-08-22,1.319000
2001-08-23,1.344000
2001-08-24,1.339000
2001-08-27,1.366000
2001-08-28,1.335000
2001-08-29,1.335000
2001-08-30,1.317000
2001-08-31,1.328000
2001-09-03,1.357000
2001-09-04,1.342000
2001-09-05,1.329000
2001-09-06,1.357000
2001-09-07,1.364000
2001-09-10,1.369000
2001-09-11,1.376000
2001-09-12,1.388000
2001-09-13,1.403000
2001-09-14,1.373000
2001-09-17,1.304000
2001-09-18,1.319000
2001-09-19,1.394000
2001-09-20,1.424000
2001-09-21,1.393000
2001-09-25,1.385000
2001-09-26,1.413000
2001-09-27,1.398000
2001-09-28,1.409000
2001-10-01,1.395000
2001-10-02,1.377000
2001-10-03,1.384000
2001-10-04,1.379000
2001-10-05,1.388000
2001-10-09,1.396000
2001-10-10,1.396000
2001-10-11,1.369000
2001-10-12,1.387000
2001-10-15,1.388000
2001-10-16,1.360000
2001-10-17,1.383000
2001-10-18,1.368000
2001-10-19,1.369000
2001-10-22,1.365000
2001-10-23,1.337000
2001-10-24,1.332000
2001-10-25,1.333000
2001-10-26,1.338000
2001-10-29,1.339000
2001-10-30,1.341000
2001-10-31,1.326000
2001-11-01,1.326000
2001-11-02,1.320000
2001-11-05,1.311000
2001-11-06,1.311000
2001-11-07,1.287000
2001-11-08,1.314000
2001-11-09,1.336000
2001-11-12,1.327000
2001-11-13,1.336000
2001-11-14,1.346000
2001-11-15,1.357000
2001-11-16,1.372000
2001-11-19,1.358000
2001-11-20,1.367000
2001-11-21,1.343000
2001-11-22,1.335000
2001-11-26,1.357000
2001-11-27,1.381000
2001-11-28,1.350000
2001-11-29,1.374000
2001-11-30,1.355000
2001-12-03,1.392000
2001-12-04,1.382000
2001-12-05,1.374000
2001-12-06,1.396000
2001-12-07,1.364000
2001-12-10,1.351000
2001-12-11,1.349000
2001-12-12,1.342000
2001-12-13,1.331000
2001-12-14,1.340000
2001-12-17,1.332000
2001-12-18,1.332000
2001-12-19,1.338000
2001-12-20,1.327000
2001-12-21,1.320000
2001-12-25,1.325000
2001-12-26,1.330000
2001-12-27,1.349000
2001-12-28,1.369000
2002-01-04,1.401000
2002-01-07,1.388000
2002-01-08,1.397000
2002-01-09,1.384000
2002-01-10,1.393000
2002-01-11,1.400000
2002-01-15,1.413000
2002-01-16,1.399000
2002-01-17,1.421000
2002-01-18,1.425000
2002-01-21,1.441000
2002-01-22,1.438000
2002-01-23,1.439000
2002-01-24,1.468000
2002-01-25,1.472000
2002-01-28,1.453000
2002-01-29,1.476000
2002-01-30,1.488000
2002-01-31,1.486000
2002-02-01,1.508000
2002-02-04,1.510000
2002-02-05,1.538000
2002-02-06,1.549000
2002-02-07,1.565000
2002-02-08,1.516000
2002-02-12,1.478000
2002-02-13,1.511000
2002-02-14,1.523000
2002-02-15,1.503000
2002-02-18,1.512000
2002-02-19,1.524000
2002-02-20,1.535000
2002-02-21,1.503000
2002-02-22,1.514000
2002-02-25,1.515000
2002-02-26,1.535000
2002-02-27,1.527000
2002-02-28,1.511000
2002-03-01,1.502000
2002-03-04,1.482000
2002-03-05,1.464000
2002-03-06,1.451000
2002-03-07,1.435000
2002-03-08,1.449000
2002-03-11,1.481000
2002-03-12,1.458000
2002-03-13,1.440000
2002-03-14,1.419000
2002-03-15,1.450000
2002-03-18,1.444000
2002-03-19,1.441000
2002-03-20,1.442000
2002-03-22,1.435000
2002-03-25,1.451000
2002-03-26,1.427000
2002-03-27,1.404000
2002-03-28,1.389000
2002-03-29,1.399000
2002-04-01,1.404000
2002-04-02,1.390000
2002-04-03,1.395000
2002-04-04,1.394000
2002-04-05,1.386000
2002-04-08,1.369000
2002-04-09,1.401000
2002-04-10,1.382000
2002-04-11,1.363000
2002-04-12,1.392000
2002-04-15,1.373000
2002-04-16,1.388000
2002-04-17,1.408000
2002-04-18,1.417000
2002-04-19,1.405000
2002-04-22,1.414000
2002-04-23,1.428000
2002-04-24,1.438000
2002-04-25,1.436000
2002-04-26,1.417000
2002-04-30,1.375000
2002-05-01,1.372000
2002-05-02,1.378000
2002-05-07,1.365000
2002-05-08,1.375000
2002-05-09,1.367000
2002-05-10,1.366000
2002-05-13,1.376000
2002-05-14,1.371000
2002-05-15,1.367000
2002-05-16,1.361000
2002-05-17,1.365000
2002-05-20,1.391000
2002-05-21,1.401000
2002-05-22,1.391000
2002-05-23,1.409000
2002-05-24,1.394000
2002-05-27,1.396000
2002-05-28,1.377000
2002-05-29,1.395000
2002-05-30,1.375000
2002-05-31,1.371000
2002-06-03,1.367000
2002-06-04,1.379000
2002-06-05,1.383000
2002-06-06,1.365000
2002-06-07,1.350000
2002-06-10,1.350000
2002-06-11,1.353000
2002-06-12,1.364000
2002-06-13,1.366000
2002-06-14,1.353000
2002-06-17,1.362000
2002-06-18,1.354000
2002-06-19,1.364000
2002-06-20,1.361000
2002-06-21,1.324000
2002-06-24,1.325000
2002-06-25,1.312000
2002-06-26,1.303000
2002-06-27,1.329000
2002-06-28,1.305000
2002-07-01,1.332000
2002-07-02,1.318000
2002-07-03,1.316000
2002-07-04,1.307000
2002-07-05,1.311000
2002-07-08,1.314000
2002-07-09,1.311000
2002-07-10,1.288000
2002-07-11,1.272000
2002-07-12,1.285000
2002-07-15,1.271000
2002-07-16,1.266000
2002-07-17,1.266000
2002-07-18,1.262000
2002-07-19,1.261000
2002-07-22,1.271000
2002-07-23,1.301000
2002-07-24,1.317000
2002-07-25,1.323000
2002-07-26,1.333000
2002-07-29,1.352000
2002-07-30,1.343000
2002-07-31,1.314000
2002-08-01,1.313000
2002-08-02,1.296000
2002-08-05,1.280000
2002-08-06,1.297000
2002-08-07,1.274000
2002-08-08,1.274000
2002-08-09,1.261000
2002-08-12,1.255000
2002-08-13,1.288000
2002-08-14,1.272000
2002-08-15,1.274000
2002-08-16,1.286000
2002-08-19,1.267000
2002-08-20,1.267000
2002-08-21,1.251000
2002-08-22,1.247000
2002-08-23,1.226000
2002-08-26,1.208000
2002-08-27,1.182000
2002-08-28,1.199000
2002-08-29,1.154000
2002-08-30,1.144000
2002-09-02,1.127000
2002-09-03,1.146000
2002-09-04,1.161000
2002-09-05,1.161000
2002-09-06,1.103000
2002-09-09,1.104000
2002-09-10,1.052000
2002-09-11,1.029000
2002-09-12,1.013000
2002-09-13,1.017000
2002-09-17,1.046000
2002-09-18,1.223000
2002-09-19,1.184000
2002-09-20,1.288000
2002-09-24,1.260000
2002-09-25,1.197000
2002-09-26,1.212000
2002-09-27,1.202000
2002-09-30,1.165000
2002-10-01,1.127000
2002-10-02,1.131000
2002-10-03,1.132000
2002-10-04,1.146000
2002-10-07,1.174000
2002-10-08,1.163000
2002-10-09,1.148000
2002-10-10,1.135000
2002-10-11,1.101000
2002-10-15,1.067000
2002-10-16,1.061000
2002-10-17,1.067000
2002-10-18,1.092000
2002-10-21,1.076000
2002-10-22,1.091000
2002-10-23,1.076000
2002-10-24,1.072000
2002-10-25,1.072000
2002-10-28,1.044000
2002-10-29,1.038000
2002-10-30,1.032000
2002-10-31,0.988000
2002-11-01,0.980000
2002-11-05,0.964000
2002-11-06,0.983000
2002-11-07,1.000000
2002-11-08,1.001000
2002-11-11,0.967000
2002-11-12,0.967000
2002-11-13,0.963000
2002-11-14,1.012000
2002-11-15,1.016000
2002-11-18,1.027000
2002-11-19,0.997000
2002-11-20,0.999000
2002-11-21,1.029000
2002-11-22,1.000000
2002-11-25,0.971000
2002-11-26,0.952000
2002-11-27,0.960000
2002-11-28,0.969000
2002-11-29,0.973000
2002-12-02,0.987000
2002-12-03,1.007000
2002-12-04,0.995000
2002-12-05,1.001000
2002-12-06,1.003000
2002-12-09,0.995000
2002-12-10,0.994000
2002-12-11,0.990000
2002-12-12,0.987000
2002-12-13,0.982000
2002-12-16,0.948000
2002-12-17,0.945000
2002-12-18,0.936000
2002-12-19,0.935000
2002-12-20,0.944000
2002-12-24,0.938000
2002-12-25,0.924000
2002-12-26,0.934000
2002-12-27,0.915000
2002-12-30,0.906000
2003-01-06,0.911000
2003-01-07,0.906000
2003-01-08,0.892000
2003-01-09,0.852000
2003-01-10,0.870000
2003-01-14,0.872000
2003-01-15,0.849000
2003-01-16,0.840000
2003-01-17,0.834000
2003-01-20,0.825000
2003-01-21,0.825000
2003-01-22,0.811000
2003-01-23,0.806000
2003-01-24,0.812000
2003-01-27,0.802000
2003-01-28,0.791000
2003-01-29,0.781000
2003-01-30,0.759000
2003-01-31,0.810000
2003-02-03,0.817000
2003-02-04,0.856000
2003-02-05,0.861000
2003-02-06,0.857000
2003-02-07,0.839000
2003-02-10,0.821000
2003-02-12,0.841000
2003-02-13,0.838000
2003-02-14,0.839000
2003-02-17,0.870000
2003-02-18,0.872000
2003-02-19,0.863000
2003-02-20,0.857000
2003-02-21,0.833000
2003-02-24,0.807000
2003-02-25,0.776000
2003-02-26,0.791000
2003-02-27,0.791000
2003-02-28,0.786000
2003-03-03,0.787000
2003-03-04,0.748000
2003-03-05,0.748000
2003-03-06,0.747000
2003-03-07,0.733000
2003-03-10,0.739000
2003-03-11,0.714000
2003-03-12,0.694000
2003-03-13,0.724000
2003-03-14,0.732000
2003-03-17,0.718000
2003-03-18,0.707000
2003-03-19,0.696000
2003-03-20,0.747000
2003-03-24,0.748000
2003-03-25,0.718000
2003-03-26,0.718000
2003-03-27,0.737000
2003-03-28,0.748000
2003-03-31,0.705000
2003-04-01,0.701000
2003-04-02,0.701000
2003-04-03,0.672000
2003-04-04,0.699000
2003-04-07,0.722000
2003-04-08,0.721000
2003-04-09,0.681000
2003-04-10,0.682000
2003-04-11,0.679000
2003-04-14,0.658000
2003-04-15,0.660000
2003-04-16,0.658000
2003-04-17,0.648000
2003-04-18,0.634000
2003-04-21,0.636000
2003-04-22,0.641000
2003-04-23,0.641000
2003-04-24,0.632000
2003-04-25,0.626000
2003-04-28,0.612000
2003-04-30,0.612000
2003-05-01,0.612000
2003-05-02,0.611000
2003-05-06,0.618000
2003-05-07,0.603000
2003-05-08,0.598000
2003-05-09,0.583000
2003-05-12,0.573000
2003-05-13,0.577000
2003-05-14,0.583000
2003-05-15,0.593000
2003-05-16,0.579000
2003-05-19,0.607000
2003-05-20,0.594000
2003-05-21,0.579000
2003-05-22,0.571000
2003-05-23,0.582000
2003-05-26,0.554000
2003-05-27,0.536000
2003-05-28,0.528000
2003-05-29,0.538000
2003-05-30,0.538000
2003-06-02,0.539000
2003-06-03,0.510000
2003-06-04,0.511000
2003-06-05,0.510000
2003-06-06,0.502000
2003-06-09,0.491000
2003-06-10,0.460000
2003-06-11,0.440000
2003-06-12,0.433000
2003-06-13,0.443000
2003-06-16,0.453000
2003-06-17,0.467000
2003-06-18,0.521000
2003-06-19,0.680000
2003-06-20,0.588000
2003-06-23,0.627000
2003-06-24,0.632000
2003-06-25,0.628000
2003-06-26,0.626000
2003-06-27,0.719000
2003-06-30,0.821000
2003-07-01,0.843000
2003-07-02,0.885000
2003-07-03,1.096000
2003-07-04,1.040000
2003-07-07,1.075000
2003-07-08,1.148000
2003-07-09,1.095000
2003-07-10,1.027000
2003-07-11,0.981000
2003-07-14,0.994000
2003-07-15,1.027000
2003-07-16,1.032000
2003-07-17,0.961000
2003-07-18,0.958000
2003-07-22,0.957000
2003-07-23,0.958000
2003-07-24,0.997000
2003-07-25,0.964000
2003-07-28,0.920000
2003-07-29,0.949000
2003-07-30,0.959000
2003-07-31,0.938000
2003-08-01,0.963000
2003-08-04,0.973000
2003-08-05,0.921000
2003-08-06,0.914000
2003-08-07,0.905000
2003-08-08,0.881000
2003-08-11,0.900000
2003-08-12,0.906000
2003-08-13,0.943000
2003-08-14,1.054000
2003-08-15,1.102000
2003-08-18,1.212000
2003-08-19,1.364000
2003-08-20,1.425000
2003-08-21,1.331000
2003-08-22,1.335000
2003-08-25,1.328000
2003-08-26,1.417000
2003-08-27,1.374000
2003-08-28,1.414000
2003-08-29,1.432000
2003-09-01,1.552000
2003-09-02,1.624000
2003-09-03,1.612000
2003-09-04,1.487000
2003-09-05,1.441000
2003-09-08,1.462000
2003-09-09,1.585000
2003-09-10,1.571000
2003-09-11,1.481000
2003-09-12,1.527000
2003-09-16,1.455000
2003-09-17,1.428000
2003-09-18,1.381000
2003-09-19,1.401000
2003-09-22,1.240000
2003-09-24,1.278000
2003-09-25,1.383000
2003-09-26,1.409000
2003-09-29,1.437000
2003-09-30,1.398000
2003-10-01,1.432000
2003-10-02,1.413000
2003-10-03,1.383000
2003-10-06,1.399000
2003-10-07,1.381000
2003-10-08,1.333000
2003-10-09,1.300000
2003-10-10,1.350000
2003-10-14,1.477000
2003-10-15,1.421000
2003-10-16,1.415000
2003-10-17,1.426000
2003-10-20,1.494000
2003-10-21,1.481000
2003-10-22,1.429000
2003-10-23,1.353000
2003-10-24,1.368000
2003-10-27,1.358000
2003-10-28,1.410000
2003-10-29,1.430000
2003-10-30,1.449000
2003-10-31,1.463000
2003-11-04,1.503000
2003-11-05,1.523000
2003-11-06,1.519000
2003-11-07,1.537000
2003-11-10,1.528000
2003-11-11,1.404000
2003-11-12,1.370000
2003-11-13,1.360000
2003-11-14,1.365000
2003-11-17,1.310000
2003-11-18,1.342000
2003-11-19,1.311000
2003-11-20,1.351000
2003-11-21,1.321000
2003-11-25,1.325000
2003-11-26,1.341000
2003-11-27,1.344000
2003-11-28,1.315000
2003-12-01,1.369000
2003-12-02,1.473000
2003-12-03,1.437000
2003-12-04,1.424000
2003-12-05,1.390000
2003-12-08,1.347000
2003-12-09,1.324000
2003-12-10,1.300000
2003-12-11,1.315000
2003-12-12,1.288000
2003-12-15,1.375000
2003-12-16,1.320000
2003-12-17,1.316000
2003-12-18,1.343000
2003-12-19,1.311000
2003-12-22,1.292000
2003-12-24,1.298000
2003-12-25,1.278000
2003-12-26,1.316000
2003-12-29,1.355000
2003-12-30,1.363000
2004-01-05,1.403000
2004-01-06,1.370000
2004-01-07,1.375000
2004-01-08,1.375000
2004-01-09,1.357000
2004-01-13,1.304000
2004-01-14,1.300000
2004-01-15,1.286000
2004-01-16,1.285000
2004-01-19,1.296000
2004-01-20,1.346000
2004-01-21,1.344000
2004-01-22,1.321000
2004-01-23,1.339000
2004-01-26,1.322000
2004-01-27,1.312000
2004-01-28,1.324000
2004-01-29,1.337000
2004-01-30,1.322000
2004-02-02,1.325000
2004-02-03,1.306000
2004-02-04,1.281000
2004-02-05,1.266000
2004-02-06,1.274000
2004-02-09,1.279000
2004-02-10,1.265000
2004-02-12,1.242000
2004-02-13,1.253000
2004-02-16,1.263000
2004-02-17,1.281000
2004-02-18,1.237000
2004-02-19,1.225000
2004-02-20,1.204000
2004-02-23,1.233000
2004-02-24,1.239000
2004-02-25,1.215000
2004-02-26,1.223000
2004-02-27,1.243000
2004-03-01,1.271000
2004-03-02,1.348000
2004-03-03,1.397000
2004-03-04,1.382000
2004-03-05,1.397000
2004-03-08,1.347000
2004-03-09,1.337000
2004-03-10,1.310000
2004-03-11,1.277000
2004-03-12,1.246000
2004-03-15,1.277000
2004-03-16,1.275000
2004-03-17,1.297000
2004-03-18,1.314000
2004-03-19,1.365000
2004-03-22,1.367000
2004-03-23,1.331000
2004-03-24,1.310000
2004-03-25,1.306000
2004-03-26,1.399000
2004-03-29,1.479000
2004-03-30,1.443000
2004-03-31,1.434000
2004-04-01,1.414000
2004-04-02,1.424000
2004-04-05,1.486000
2004-04-06,1.518000
2004-04-07,1.487000
2004-04-08,1.487000
2004-04-09,1.481000
2004-04-12,1.522000
2004-04-13,1.483000
2004-04-14,1.541000
2004-04-15,1.503000
2004-04-16,1.493000
2004-04-19,1.488000
2004-04-20,1.534000
2004-04-21,1.570000
2004-04-22,1.534000
2004-04-23,1.505000
2004-04-26,1.520000
2004-04-27,1.521000
2004-04-28,1.530000
2004-04-30,1.535000
2004-05-06,1.493000
2004-05-07,1.475000
2004-05-10,1.510000
2004-05-11,1.538000
2004-05-12,1.530000
2004-05-13,1.508000
2004-05-14,1.510000
2004-05-17,1.464000
2004-05-18,1.497000
2004-05-19,1.498000
2004-05-20,1.479000
2004-05-21,1.475000
2004-05-24,1.495000
2004-05-25,1.474000
2004-05-26,1.472000
2004-05-27,1.476000
2004-05-28,1.519000
2004-05-31,1.535000
2004-06-01,1.552000
2004-06-02,1.551000
2004-06-03,1.571000
2004-06-04,1.583000
2004-06-07,1.656000
2004-06-08,1.684000
2004-06-09,1.727000
2004-06-10,1.744000
2004-06-11,1.759000
2004-06-14,1.837000
2004-06-15,1.794000
2004-06-16,1.861000
2004-06-17,1.888000
2004-06-18,1.847000
2004-06-21,1.828000
2004-06-22,1.837000
2004-06-23,1.862000
2004-06-24,1.881000
2004-06-25,1.820000
2004-06-28,1.825000
2004-06-29,1.816000
2004-06-30,1.766000
2004-07-01,1.841000
2004-07-02,1.785000
2004-07-05,1.771000
2004-07-06,1.767000
2004-07-07,1.777000
2004-07-08,1.747000
2004-07-09,1.791000
2004-07-12,1.768000
2004-07-13,1.744000
2004-07-14,1.763000
2004-07-15,1.794000
2004-07-16,1.765000
2004-07-20,1.750000
2004-07-21,1.775000
2004-07-22,1.775000
2004-07-23,1.801000
2004-07-26,1.810000
2004-07-27,1.840000
2004-07-28,1.854000
2004-07-29,1.826000
2004-07-30,1.854000
2004-08-02,1.884000
2004-08-03,1.855000
2004-08-04,1.792000
2004-08-05,1.736000
2004-08-06,1.700000
2004-08-09,1.642000
2004-08-10,1.645000
2004-08-11,1.687000
2004-08-12,1.669000
2004-08-13,1.592000
2004-08-16,1.581000
2004-08-17,1.629000
2004-08-18,1.597000
2004-08-19,1.615000
2004-08-20,1.598000
2004-08-23,1.628000
2004-08-24,1.618000
2004-08-25,1.642000
2004-08-26,1.631000
2004-08-27,1.602000
2004-08-30,1.601000
2004-08-31,1.568000
2004-09-01,1.545000
2004-09-02,1.525000
2004-09-03,1.538000
2004-09-06,1.587000
2004-09-07,1.618000
2004-09-08,1.605000
2004-09-09,1.532000
2004-09-10,1.501000
2004-09-13,1.494000
2004-09-14,1.515000
2004-09-15,1.490000
2004-09-16,1.511000
2004-09-17,1.495000
2004-09-21,1.484000
2004-09-22,1.478000
2004-09-24,1.426000
2004-09-27,1.418000
2004-09-28,1.417000
2004-09-29,1.427000
2004-09-30,1.451000
2004-10-01,1.480000
2004-10-04,1.541000
2004-10-05,1.584000
2004-10-06,1.578000
2004-10-07,1.572000
2004-10-08,1.563000
2004-10-12,1.469000
2004-10-13,1.487000
2004-10-14,1.460000
2004-10-15,1.452000
2004-10-18,1.481000
2004-10-19,1.496000
2004-10-20,1.461000
2004-10-21,1.437000
2004-10-22,1.494000
2004-10-25,1.439000
2004-10-26,1.434000
2004-10-27,1.443000
2004-10-28,1.496000
2004-10-29,1.499000
2004-11-01,1.511000
2004-11-02,1.540000
2004-11-04,1.511000
2004-11-05,1.517000
2004-11-08,1.539000
2004-11-09,1.512000
2004-11-10,1.489000
2004-11-11,1.465000
2004-11-12,1.485000
2004-11-15,1.500000
2004-11-16,1.481000
2004-11-17,1.480000
2004-11-18,1.448000
2004-11-19,1.447000
2004-11-22,1.422000
2004-11-24,1.421000
2004-11-25,1.429000
2004-11-26,1.449000
2004-11-29,1.469000
2004-11-30,1.463000
2004-12-01,1.460000
2004-12-02,1.426000
2004-12-03,1.420000
2004-12-06,1.420000
2004-12-07,1.414000
2004-12-08,1.411000
2004-12-09,1.389000
2004-12-10,1.376000
2004-12-13,1.352000
2004-12-14,1.352000
2004-12-15,1.357000
2004-12-16,1.357000
2004-12-17,1.385000
2004-12-20,1.387000
2004-12-21,1.363000
2004-12-22,1.350000
2004-12-24,1.359000
2004-12-27,1.403000
2004-12-28,1.430000
2004-12-29,1.426000
2004-12-30,1.437000
2005-01-04,1.404000
2005-01-05,1.405000
2005-01-06,1.405000
2005-01-07,1.404000
2005-01-11,1.392000
2005-01-12,1.363000
2005-01-13,1.373000
2005-01-14,1.383000
2005-01-17,1.393000
2005-01-18,1.364000
2005-01-19,1.354000
2005-01-20,1.355000
2005-01-21,1.351000
2005-01-24,1.357000
2005-01-25,1.342000
2005-01-26,1.345000
2005-01-27,1.341000
2005-01-28,1.320000
2005-01-31,1.333000
2005-02-01,1.309000
2005-02-02,1.284000
2005-02-03,1.318000
2005-02-04,1.321000
2005-02-07,1.318000
2005-02-08,1.324000
2005-02-09,1.368000
2005-02-10,1.403000
2005-02-14,1.440000
2005-02-15,1.455000
2005-02-16,1.422000
2005-02-17,1.408000
2005-02-18,1.421000
2005-02-21,1.449000
2005-02-22,1.435000
2005-02-23,1.406000
2005-02-24,1.406000
2005-02-25,1.431000
2005-02-28,1.469000
2005-03-01,1.493000
2005-03-02,1.498000
2005-03-03,1.509000
2005-03-04,1.498000
2005-03-07,1.480000
2005-03-08,1.475000
2005-03-09,1.475000
2005-03-10,1.456000
2005-03-11,1.465000
2005-03-14,1.485000
2005-03-15,1.451000
2005-03-16,1.451000
2005-03-17,1.402000
2005-03-18,1.408000
2005-03-22,1.425000
2005-03-23,1.411000
2005-03-24,1.390000
2005-03-25,1.374000
2005-03-28,1.375000
2005-03-29,1.356000
2005-03-30,1.359000
2005-03-31,1.333000
2005-04-01,1.341000
2005-04-04,1.340000
2005-04-05,1.367000
2005-04-06,1.377000
2005-04-07,1.358000
2005-04-08,1.358000
2005-04-11,1.358000
2005-04-12,1.340000
2005-04-13,1.345000
2005-04-14,1.342000
2005-04-15,1.308000
2005-04-18,1.275000
2005-04-19,1.284000
2005-04-20,1.260000
2005-04-21,1.276000
2005-04-22,1.296000
2005-04-25,1.274000
2005-04-26,1.264000
2005-04-27,1.267000
2005-04-28,1.247000
2005-05-02,1.244000
2005-05-06,1.231000
2005-05-09,1.294000
2005-05-10,1.297000
2005-05-11,1.285000
2005-05-12,1.293000
2005-05-13,1.291000
2005-05-16,1.314000
2005-05-17,1.310000
2005-05-18,1.287000
2005-05-19,1.278000
2005-05-20,1.283000
2005-05-23,1.308000
2005-05-24,1.275000
2005-05-25,1.242000
2005-05-26,1.257000
2005-05-27,1.267000
2005-05-30,1.257000
2005-05-31,1.262000
2005-06-01,1.239000
2005-06-02,1.241000
2005-06-03,1.226000
2005-06-06,1.231000
2005-06-07,1.223000
2005-06-08,1.222000
2005-06-09,1.210000
2005-06-10,1.209000
2005-06-13,1.230000
2005-06-14,1.229000
2005-06-15,1.234000
2005-06-16,1.281000
2005-06-17,1.291000
2005-06-20,1.284000
2005-06-21,1.291000
2005-06-22,1.268000
2005-06-23,1.227000
2005-06-24,1.211000
2005-06-27,1.187000
2005-06-28,1.207000
2005-06-29,1.181000
2005-06-30,1.174000
2005-07-01,1.178000
2005-07-04,1.223000
2005-07-05,1.232000
2005-07-06,1.243000
2005-07-07,1.224000
2005-07-08,1.205000
2005-07-11,1.230000
2005-07-12,1.234000
2005-07-13,1.258000
2005-07-14,1.254000
2005-07-15,1.272000
2005-07-19,1.274000
2005-07-20,1.269000
2005-07-21,1.260000
2005-07-22,1.235000
2005-07-25,1.256000
2005-07-26,1.266000
2005-07-27,1.303000
2005-07-28,1.304000
2005-07-29,1.307000
2005-08-01,1.347000
2005-08-02,1.367000
2005-08-03,1.366000
2005-08-04,1.386000
2005-08-05,1.382000
2005-08-08,1.402000
2005-08-09,1.410000
2005-08-10,1.436000
2005-08-11,1.483000
2005-08-12,1.438000
2005-08-15,1.456000
2005-08-16,1.472000
2005-08-17,1.430000
2005-08-18,1.425000
2005-08-19,1.417000
2005-08-22,1.473000
2005-08-23,1.456000
2005-08-24,1.422000
2005-08-25,1.431000
2005-08-26,1.410000
2005-08-29,1.363000
2005-08-30,1.378000
2005-08-31,1.347000
2005-09-01,1.331000
2005-09-02,1.299000
2005-09-05,1.314000
2005-09-06,1.300000
2005-09-07,1.306000
2005-09-08,1.316000
2005-09-09,1.328000
2005-09-12,1.351000
2005-09-13,1.357000
2005-09-14,1.353000
2005-09-15,1.334000
2005-09-16,1.346000
2005-09-20,1.367000
2005-09-21,1.382000
2005-09-22,1.368000
2005-09-26,1.396000
2005-09-27,1.402000
2005-09-28,1.440000
2005-09-29,1.478000
2005-09-30,1.472000
2005-10-03,1.497000
2005-10-04,1.552000
2005-10-05,1.503000
2005-10-06,1.483000
2005-10-07,1.512000
2005-10-11,1.534000
2005-10-12,1.534000
2005-10-13,1.564000
2005-10-14,1.564000
2005-10-17,1.563000
2005-10-18,1.559000
2005-10-19,1.508000
2005-10-20,1.519000
2005-10-21,1.513000
2005-10-24,1.505000
2005-10-25,1.520000
2005-10-26,1.554000
2005-10-27,1.521000
2005-10-28,1.519000
2005-10-31,1.549000
2005-11-01,1.577000
2005-11-02,1.568000
2005-11-04,1.605000
2005-11-07,1.620000
2005-11-08,1.596000
2005-11-09,1.564000
2005-11-10,1.572000
2005-11-11,1.570000
2005-11-14,1.521000
2005-11-15,1.474000
2005-11-16,1.508000
2005-11-17,1.475000
2005-11-18,1.469000
2005-11-21,1.487000
2005-11-22,1.484000
2005-11-24,1.449000
2005-11-25,1.453000
2005-11-28,1.469000
2005-11-29,1.465000
2005-11-30,1.445000
2005-12-01,1.463000
2005-12-02,1.491000
2005-12-05,1.547000
2005-12-06,1.541000
2005-12-07,1.519000
2005-12-08,1.509000
2005-12-09,1.538000
2005-12-12,1.576000
2005-12-13,1.557000
2005-12-14,1.523000
2005-12-15,1.496000
2005-12-16,1.514000
2005-12-19,1.522000
2005-12-20,1.518000
2005-12-21,1.541000
2005-12-22,1.546000
2005-12-26,1.523000
2005-12-27,1.490000
2005-12-28,1.520000
2005-12-29,1.504000
2005-12-30,1.473000
2006-01-04,1.446000
2006-01-05,1.431000
2006-01-06,1.445000
2006-01-10,1.429000
2006-01-11,1.453000
2006-01-12,1.436000
2006-01-13,1.441000
2006-01-16,1.451000
2006-01-17,1.423000
2006-01-18,1.431000
2006-01-19,1.474000
2006-01-20,1.471000
2006-01-23,1.438000
2006-01-24,1.439000
2006-01-25,1.456000
2006-01-26,1.502000
2006-01-27,1.536000
2006-01-30,1.550000
2006-01-31,1.555000
2006-02-01,1.539000
2006-02-02,1.549000
2006-02-03,1.582000
2006-02-06,1.559000
2006-02-07,1.573000
2006-02-08,1.570000
2006-02-09,1.560000
2006-02-10,1.597000
2006-02-13,1.560000
2006-02-14,1.594000
2006-02-15,1.576000
2006-02-16,1.559000
2006-02-17,1.530000
2006-02-20,1.521000
2006-02-21,1.531000
2006-02-22,1.530000
2006-02-23,1.563000
2006-02-24,1.600000
2006-02-27,1.601000
2006-02-28,1.586000
2006-03-01,1.602000
2006-03-02,1.633000
2006-03-03,1.603000
2006-03-06,1.616000
2006-03-07,1.629000
2006-03-08,1.596000
2006-03-09,1.595000
2006-03-10,1.644000
2006-03-13,1.678000
2006-03-14,1.664000
2006-03-15,1.707000
2006-03-16,1.708000
2006-03-17,1.702000
2006-03-20,1.721000
2006-03-22,1.718000
2006-03-23,1.705000
2006-03-24,1.718000
2006-03-27,1.681000
2006-03-28,1.693000
2006-03-29,1.765000
2006-03-30,1.764000
2006-03-31,1.754000
2006-04-03,1.826000
2006-04-04,1.834000
2006-04-05,1.834000
2006-04-06,1.857000
2006-04-07,1.867000
2006-04-10,1.872000
2006-04-11,1.877000
2006-04-12,1.877000
2006-04-13,1.916000
2006-04-14,1.952000
2006-04-17,1.947000
2006-04-18,1.951000
2006-04-19,1.877000
2006-04-20,1.895000
2006-04-21,1.900000
2006-04-24,1.882000
2006-04-25,1.901000
2006-04-26,1.928000
2006-04-27,1.959000
2006-04-28,1.913000
2006-05-01,1.872000
2006-05-02,1.912000
2006-05-08,1.961000
2006-05-09,1.958000
2006-05-10,1.995000
2006-05-11,1.966000
2006-05-12,1.988000
2006-05-15,1.996000
2006-05-16,1.963000
2006-05-17,1.922000
2006-05-18,1.950000
2006-05-19,1.918000
2006-05-22,1.848000
2006-05-23,1.810000
2006-05-24,1.840000
2006-05-25,1.869000
2006-05-26,1.867000
2006-05-29,1.878000
2006-05-30,1.853000
2006-05-31,1.831000
2006-06-01,1.938000
2006-06-02,1.902000
2006-06-05,1.861000
2006-06-06,1.917000
2006-06-07,1.870000
2006-06-08,1.847000
2006-06-09,1.837000
2006-06-12,1.829000
2006-06-13,1.783000
2006-06-14,1.778000
2006-06-15,1.779000
2006-06-16,1.812000
2006-06-19,1.822000
2006-06-20,1.855000
2006-06-21,1.845000
2006-06-22,1.855000
2006-06-23,1.873000
2006-06-26,1.892000
2006-06-27,1.901000
2006-06-28,1.906000
2006-06-29,1.915000
2006-06-30,1.914000
2006-07-03,1.962000
2006-07-04,1.971000
2006-07-05,1.980000
2006-07-06,1.980000
2006-07-07,1.958000
2006-07-10,1.975000
2006-07-11,1.968000
2006-07-12,1.939000
2006-07-13,1.917000
2006-07-14,1.851000
2006-07-18,1.837000
2006-07-19,1.855000
2006-07-20,1.823000
2006-07-21,1.829000
2006-07-24,1.865000
2006-07-25,1.884000
2006-07-26,1.873000
2006-07-27,1.886000
2006-07-28,1.932000
2006-07-31,1.932000
2006-08-01,1.930000
2006-08-02,1.895000
2006-08-03,1.877000
2006-08-04,1.882000
2006-08-07,1.844000
2006-08-08,1.843000
2006-08-09,1.846000
2006-08-10,1.904000
2006-08-11,1.851000
2006-08-14,1.891000
2006-08-15,1.866000
2006-08-16,1.839000
2006-08-17,1.829000
2006-08-18,1.857000
2006-08-21,1.820000
2006-08-22,1.808000
2006-08-23,1.807000
2006-08-24,1.805000
2006-08-25,1.717000
2006-08-28,1.695000
2006-08-29,1.717000
2006-08-30,1.677000
2006-08-31,1.644000
2006-09-01,1.663000
2006-09-04,1.693000
2006-09-05,1.715000
2006-09-06,1.696000
2006-09-07,1.694000
2006-09-08,1.716000
2006-09-11,1.663000
2006-09-12,1.685000
2006-09-13,1.665000
2006-09-14,1.670000
2006-09-15,1.658000
2006-09-19,1.695000
2006-09-20,1.675000
2006-09-21,1.691000
2006-09-22,1.628000
2006-09-25,1.632000
2006-09-26,1.615000
2006-09-27,1.651000
2006-09-28,1.652000
2006-09-29,1.671000
2006-10-02,1.727000
2006-10-03,1.690000
2006-10-04,1.715000
2006-10-05,1.719000
2006-10-06,1.701000
2006-10-10,1.720000
2006-10-11,1.739000
2006-10-12,1.746000
2006-10-13,1.763000
2006-10-16,1.792000
2006-10-17,1.793000
2006-10-18,1.798000
2006-10-19,1.799000
2006-10-20,1.798000
2006-10-23,1.831000
2006-10-24,1.816000
2006-10-25,1.793000
2006-10-26,1.747000
2006-10-27,1.740000
2006-10-30,1.729000
2006-10-31,1.722000
2006-11-01,1.720000
2006-11-02,1.716000
2006-11-06,1.764000
2006-11-07,1.766000
2006-11-08,1.739000
2006-11-09,1.720000
2006-11-10,1.702000
2006-11-13,1.679000
2006-11-14,1.740000
2006-11-15,1.712000
2006-11-16,1.717000
2006-11-17,1.730000
2006-11-20,1.699000
2006-11-21,1.699000
2006-11-22,1.686000
2006-11-24,1.680000
2006-11-27,1.684000
2006-11-28,1.671000
2006-11-29,1.703000
2006-11-30,1.670000
2006-12-01,1.627000
2006-12-04,1.640000
2006-12-05,1.641000
2006-12-06,1.641000
2006-12-07,1.670000
2006-12-08,1.689000
2006-12-11,1.651000
2006-12-12,1.638000
2006-12-13,1.610000
2006-12-14,1.625000
2006-12-15,1.662000
2006-12-18,1.681000
2006-12-19,1.648000
2006-12-20,1.619000
2006-12-21,1.609000
2006-12-22,1.598000
2006-12-25,1.593000
2006-12-26,1.576000
2006-12-27,1.642000
2006-12-28,1.664000
2006-12-29,1.678000
2007-01-04,1.716000
2007-01-05,1.712000
2007-01-09,1.732000
2007-01-10,1.752000
2007-01-11,1.733000
2007-01-12,1.738000
2007-01-15,1.740000
2007-01-16,1.739000
2007-01-17,1.689000
2007-01-18,1.717000
2007-01-19,1.666000
2007-01-22,1.658000
2007-01-23,1.662000
2007-01-24,1.666000
2007-01-25,1.670000
2007-01-26,1.691000
2007-01-29,1.726000
2007-01-30,1.715000
2007-01-31,1.704000
2007-02-01,1.714000
2007-02-02,1.728000
2007-02-05,1.724000
2007-02-06,1.743000
2007-02-07,1.744000
2007-02-08,1.739000
2007-02-09,1.702000
2007-02-13,1.744000
2007-02-14,1.736000
2007-02-15,1.752000
2007-02-16,1.714000
2007-02-19,1.723000
2007-02-20,1.714000
2007-02-21,1.704000
2007-02-22,1.671000
2007-02-23,1.684000
2007-02-26,1.672000
2007-02-27,1.652000
2007-02-28,1.644000
2007-03-01,1.665000
2007-03-02,1.665000
2007-03-05,1.622000
2007-03-06,1.629000
2007-03-07,1.623000
2007-03-08,1.619000
2007-03-09,1.610000
2007-03-12,1.616000
2007-03-13,1.611000
2007-03-14,1.574000
2007-03-15,1.592000
2007-03-16,1.584000
2007-03-19,1.583000
2007-03-20,1.569000
2007-03-22,1.555000
2007-03-23,1.611000
2007-03-26,1.650000
2007-03-27,1.642000
2007-03-28,1.674000
2007-03-29,1.650000
2007-03-30,1.655000
2007-04-02,1.651000
2007-04-03,1.656000
2007-04-04,1.690000
2007-04-05,1.677000
2007-04-06,1.671000
2007-04-09,1.685000
2007-04-10,1.685000
2007-04-11,1.648000
2007-04-12,1.672000
2007-04-13,1.667000
2007-04-16,1.700000
2007-04-17,1.694000
2007-04-18,1.711000
2007-04-19,1.682000
2007-04-20,1.692000
2007-04-23,1.688000
2007-04-24,1.678000
2007-04-25,1.655000
2007-04-26,1.660000
2007-04-27,1.631000
2007-05-01,1.618000
2007-05-02,1.637000
2007-05-07,1.656000
2007-05-08,1.658000
2007-05-09,1.675000
2007-05-10,1.678000
2007-05-11,1.654000
2007-05-14,1.672000
2007-05-15,1.686000
2007-05-16,1.673000
2007-05-17,1.635000
2007-05-18,1.649000
2007-05-21,1.659000
2007-05-22,1.650000
2007-05-23,1.691000
2007-05-24,1.710000
2007-05-25,1.728000
2007-05-28,1.734000
2007-05-29,1.757000
2007-05-30,1.743000
2007-05-31,1.751000
2007-06-01,1.780000
2007-06-04,1.799000
2007-06-05,1.835000
2007-06-06,1.831000
2007-06-07,1.854000
2007-06-08,1.883000
2007-06-11,1.897000
2007-06-12,1.916000
2007-06-13,1.953000
2007-06-14,1.943000
2007-06-15,1.927000
2007-06-18,1.883000
2007-06-19,1.916000
2007-06-20,1.885000
2007-06-21,1.912000
2007-06-22,1.888000
2007-06-25,1.884000
2007-06-26,1.875000
2007-06-27,1.861000
2007-06-28,1.908000
2007-06-29,1.866000
2007-07-02,1.879000
2007-07-03,1.883000
2007-07-04,1.896000
2007-07-05,1.920000
2007-07-06,1.929000
2007-07-09,1.943000
2007-07-10,1.957000
2007-07-11,1.879000
2007-07-12,1.902000
2007-07-13,1.931000
2007-07-17,1.921000
2007-07-18,1.903000
2007-07-19,1.902000
2007-07-20,1.883000
2007-07-23,1.856000
2007-07-24,1.866000
2007-07-25,1.861000
2007-07-26,1.861000
2007-07-27,1.791000
2007-07-30,1.814000
2007-07-31,1.801000
2007-08-01,1.767000
2007-08-02,1.810000
2007-08-03,1.780000
2007-08-06,1.748000
2007-08-07,1.735000
2007-08-08,1.763000
2007-08-09,1.782000
2007-08-10,1.722000
2007-08-13,1.718000
2007-08-14,1.712000
2007-08-15,1.649000
2007-08-16,1.664000
2007-08-17,1.589000
2007-08-20,1.599000
2007-08-21,1.576000
2007-08-22,1.587000
2007-08-23,1.610000
2007-08-24,1.603000
2007-08-27,1.623000
2007-08-28,1.626000
2007-08-29,1.593000
2007-08-30,1.580000
2007-08-31,1.616000
2007-09-03,1.645000
2007-09-04,1.646000
2007-09-05,1.622000
2007-09-06,1.613000
2007-09-07,1.590000
2007-09-10,1.520000
2007-09-11,1.539000
2007-09-12,1.516000
2007-09-13,1.534000
2007-09-14,1.549000
2007-09-18,1.536000
2007-09-19,1.592000
2007-09-20,1.630000
2007-09-21,1.679000
2007-09-25,1.689000
2007-09-26,1.671000
2007-09-27,1.721000
2007-09-28,1.679000
2007-10-01,1.665000
2007-10-02,1.684000
2007-10-03,1.690000
2007-10-04,1.713000
2007-10-05,1.697000
2007-10-09,1.712000
2007-10-10,1.728000
2007-10-11,1.736000
2007-10-12,1.704000
2007-10-15,1.733000
2007-10-16,1.701000
2007-10-17,1.655000
2007-10-18,1.645000
2007-10-19,1.614000
2007-10-22,1.590000
2007-10-23,1.595000
2007-10-24,1.581000
2007-10-25,1.596000
2007-10-26,1.627000
2007-10-29,1.620000
2007-10-30,1.625000
2007-10-31,1.615000
2007-11-01,1.672000
2007-11-02,1.597000
2007-11-05,1.593000
2007-11-06,1.583000
2007-11-07,1.580000
2007-11-08,1.556000
2007-11-09,1.547000
2007-11-12,1.534000
2007-11-13,1.505000
2007-11-14,1.538000
2007-11-15,1.519000
2007-11-16,1.491000
2007-11-19,1.487000
2007-11-20,1.492000
2007-11-21,1.460000
2007-11-22,1.445000
2007-11-26,1.507000
2007-11-27,1.518000
2007-11-28,1.509000
2007-11-29,1.513000
2007-11-30,1.499000
2007-12-03,1.477000
2007-12-04,1.440000
2007-12-05,1.486000
2007-12-06,1.549000
2007-12-07,1.559000
2007-12-10,1.555000
2007-12-11,1.574000
2007-12-12,1.508000
2007-12-13,1.507000
2007-12-14,1.541000
2007-12-17,1.545000
2007-12-18,1.532000
2007-12-19,1.491000
2007-12-20,1.515000
2007-12-21,1.548000
2007-12-25,1.577000
2007-12-26,1.553000
2007-12-27,1.549000
2007-12-28,1.502000
2008-01-04,1.470000
2008-01-07,1.467000
2008-01-08,1.467000
2008-01-09,1.471000
2008-01-10,1.444000
2008-01-11,1.430000
2008-01-15,1.430000
2008-01-16,1.393000
2008-01-17,1.411000
2008-01-18,1.404000
2008-01-21,1.378000
2008-01-22,1.333000
2008-01-23,1.353000
2008-01-24,1.401000
2008-01-25,1.487000
2008-01-28,1.421000
2008-01-29,1.476000
2008-01-30,1.438000
2008-01-31,1.443000
2008-02-01,1.436000
2008-02-04,1.475000
2008-02-05,1.481000
2008-02-06,1.415000
2008-02-07,1.433000
2008-02-08,1.431000
2008-02-12,1.412000
2008-02-13,1.434000
2008-02-14,1.472000
2008-02-15,1.462000
2008-02-18,1.462000
2008-02-19,1.476000
2008-02-20,1.440000
2008-02-21,1.497000
2008-02-22,1.464000
2008-02-25,1.497000
2008-02-26,1.487000
2008-02-27,1.483000
2008-02-28,1.440000
2008-02-29,1.373000
2008-03-03,1.358000
2008-03-04,1.393000
2008-03-05,1.369000
2008-03-06,1.356000
2008-03-07,1.351000
2008-03-10,1.333000
2008-03-11,1.327000
2008-03-12,1.333000
2008-03-13,1.296000
2008-03-14,1.271000
2008-03-17,1.272000
2008-03-18,1.314000
2008-03-19,1.276000
2008-03-21,1.277000
2008-03-24,1.264000
2008-03-25,1.260000
2008-03-26,1.284000
2008-03-27,1.278000
2008-03-28,1.278000
2008-03-31,1.285000
2008-04-01,1.358000
2008-04-02,1.375000
2008-04-03,1.361000
2008-04-04,1.334000
2008-04-07,1.344000
2008-04-08,1.330000
2008-04-09,1.344000
2008-04-10,1.336000
2008-04-11,1.378000
2008-04-14,1.342000
2008-04-15,1.350000
2008-04-16,1.355000
2008-04-17,1.381000
2008-04-18,1.400000
2008-04-21,1.447000
2008-04-22,1.470000
2008-04-23,1.454000
2008-04-24,1.483000
2008-04-25,1.585000
2008-04-28,1.603000
2008-04-30,1.564000
2008-05-01,1.566000
2008-05-02,1.624000
2008-05-07,1.648000
2008-05-08,1.654000
2008-05-09,1.575000
2008-05-12,1.603000
2008-05-13,1.598000
2008-05-14,1.682000
2008-05-15,1.680000
2008-05-16,1.703000
2008-05-19,1.681000
2008-05-20,1.655000
2008-05-21,1.623000
2008-05-22,1.671000
2008-05-23,1.746000
2008-05-26,1.752000
2008-05-27,1.771000
2008-05-28,1.748000
2008-05-29,1.793000
2008-05-30,1.758000
2008-06-02,1.784000
2008-06-03,1.738000
2008-06-04,1.766000
2008-06-05,1.725000
2008-06-06,1.782000
2008-06-09,1.718000
2008-06-10,1.797000
2008-06-11,1.835000
2008-06-12,1.793000
2008-06-13,1.858000
2008-06-16,1.869000
2008-06-17,1.831000
2008-06-18,1.776000
2008-06-19,1.791000
2008-06-20,1.759000
2008-06-23,1.721000
2008-06-24,1.703000
2008-06-25,1.683000
2008-06-26,1.657000
2008-06-27,1.624000
2008-06-30,1.606000
2008-07-01,1.681000
2008-07-02,1.667000
2008-07-03,1.675000
2008-07-04,1.647000
2008-07-07,1.698000
2008-07-08,1.624000
2008-07-09,1.620000
2008-07-10,1.586000
2008-07-11,1.606000
2008-07-14,1.593000
2008-07-15,1.560000
2008-07-16,1.579000
2008-07-17,1.600000
2008-07-18,1.581000
2008-07-22,1.624000
2008-07-23,1.651000
2008-07-24,1.663000
2008-07-25,1.588000
2008-07-28,1.580000
2008-07-29,1.556000
2008-07-30,1.542000
2008-07-31,1.545000
2008-08-01,1.528000
2008-08-04,1.513000
2008-08-05,1.549000
2008-08-06,1.526000
2008-08-07,1.521000
2008-08-08,1.480000
2008-08-11,1.467000
2008-08-12,1.460000
2008-08-13,1.457000
2008-08-14,1.443000
2008-08-15,1.468000
2008-08-18,1.455000
2008-08-19,1.446000
2008-08-20,1.456000
2008-08-21,1.428000
2008-08-22,1.457000
2008-08-25,1.445000
2008-08-26,1.436000
2008-08-27,1.459000
2008-08-28,1.443000
2008-08-29,1.421000
2008-09-01,1.484000
2008-09-02,1.488000
2008-09-03,1.455000
2008-09-04,1.507000
2008-09-05,1.460000
2008-09-08,1.522000
2008-09-09,1.498000
2008-09-10,1.504000
2008-09-11,1.499000
2008-09-12,1.522000
2008-09-16,1.466000
2008-09-17,1.485000
2008-09-18,1.485000
2008-09-19,1.482000
2008-09-22,1.486000
2008-09-24,1.482000
2008-09-25,1.478000
2008-09-26,1.464000
2008-09-29,1.487000
2008-09-30,1.465000
2008-10-01,1.502000
2008-10-02,1.511000
2008-10-03,1.450000
2008-10-06,1.382000
2008-10-07,1.440000
2008-10-08,1.387000
2008-10-09,1.461000
2008-10-10,1.518000
2008-10-14,1.573000
2008-10-15,1.576000
2008-10-16,1.581000
2008-10-17,1.576000
2008-10-20,1.569000
2008-10-21,1.582000
2008-10-22,1.540000
2008-10-23,1.505000
2008-10-24,1.496000
2008-10-27,1.484000
2008-10-28,1.525000
2008-10-29,1.502000
2008-10-30,1.493000
2008-10-31,1.473000
2008-11-04,1.512000
2008-11-05,1.532000
2008-11-06,1.500000
2008-11-07,1.515000
2008-11-10,1.532000
2008-11-11,1.497000
2008-11-12,1.512000
2008-11-13,1.504000
2008-11-14,1.500000
2008-11-17,1.492000
2008-11-18,1.496000
2008-11-19,1.482000
2008-11-20,1.454000
2008-11-21,1.411000
2008-11-25,1.427000
2008-11-26,1.404000
2008-11-27,1.398000
2008-11-28,1.419000
2008-12-01,1.428000
2008-12-02,1.369000
2008-12-03,1.379000
2008-12-04,1.370000
2008-12-05,1.367000
2008-12-08,1.391000
2008-12-09,1.393000
2008-12-10,1.410000
2008-12-11,1.414000
2008-12-12,1.386000
2008-12-15,1.376000
2008-12-16,1.368000
2008-12-17,1.297000
2008-12-18,1.267000
2008-12-19,1.235000
2008-12-22,1.223000
2008-12-24,1.216000
2008-12-25,1.222000
2008-12-26,1.213000
2008-12-29,1.212000
2008-12-30,1.177000
2009-01-05,1.212000
2009-01-06,1.264000
2009-01-07,1.263000
2009-01-08,1.306000
2009-01-09,1.293000
2009-01-13,1.252000
2009-01-14,1.271000
2009-01-15,1.221000
2009-01-16,1.232000
2009-01-19,1.259000
2009-01-20,1.230000
2009-01-21,1.239000
2009-01-22,1.246000
2009-01-23,1.247000
2009-01-26,1.240000
2009-01-27,1.281000
2009-01-28,1.271000
2009-01-29,1.281000
2009-01-30,1.303000
2009-02-02,1.304000
2009-02-03,1.309000
2009-02-04,1.359000
2009-02-05,1.345000
2009-02-06,1.345000
2009-02-09,1.322000
2009-02-10,1.319000
2009-02-12,1.274000
2009-02-13,1.276000
2009-02-16,1.310000
2009-02-17,1.303000
2009-02-18,1.277000
2009-02-19,1.285000
2009-02-20,1.301000
2009-02-23,1.296000
2009-02-24,1.291000
2009-02-25,1.324000
2009-02-26,1.300000
2009-02-27,1.295000
2009-03-02,1.320000
2009-03-03,1.293000
2009-03-04,1.293000
2009-03-05,1.306000
2009-03-06,1.289000
2009-03-09,1.294000
2009-03-10,1.299000
2009-03-11,1.308000
2009-03-12,1.308000
2009-03-13,1.312000
2009-03-16,1.295000
2009-03-17,1.300000
2009-03-18,1.300000
2009-03-19,1.263000
2009-03-23,1.263000
2009-03-24,1.264000
2009-03-25,1.286000
2009-03-26,1.315000
2009-03-27,1.323000
2009-03-30,1.329000
2009-03-31,1.342000
2009-04-01,1.340000
2009-04-02,1.367000
2009-04-03,1.411000
2009-04-06,1.448000
2009-04-07,1.426000
2009-04-08,1.448000
2009-04-09,1.467000
2009-04-10,1.446000
2009-04-13,1.447000
2009-04-14,1.456000
2009-04-15,1.429000
2009-04-16,1.448000
2009-04-17,1.442000
2009-04-20,1.463000
2009-04-21,1.451000
2009-04-22,1.430000
2009-04-23,1.426000
2009-04-24,1.426000
2009-04-27,1.451000
2009-04-28,1.410000
2009-04-30,1.422000
2009-05-01,1.398000
2009-05-07,1.414000
2009-05-08,1.446000
2009-05-11,1.456000
2009-05-12,1.450000
2009-05-13,1.465000
2009-05-14,1.444000
2009-05-15,1.443000
2009-05-18,1.421000
2009-05-19,1.437000
2009-05-20,1.441000
2009-05-21,1.445000
2009-05-22,1.448000
2009-05-25,1.463000
2009-05-26,1.459000
2009-05-27,1.484000
2009-05-28,1.492000
2009-05-29,1.496000
2009-06-01,1.499000
2009-06-02,1.529000
2009-06-03,1.538000
2009-06-04,1.496000
2009-06-05,1.487000
2009-06-08,1.508000
2009-06-09,1.521000
2009-06-10,1.531000
2009-06-11,1.549000
2009-06-12,1.509000
2009-06-15,1.504000
2009-06-16,1.462000
2009-06-17,1.463000
2009-06-18,1.454000
2009-06-19,1.445000
2009-06-22,1.459000
2009-06-23,1.413000
2009-06-24,1.386000
2009-06-25,1.390000
2009-06-26,1.403000
2009-06-29,1.394000
2009-06-30,1.362000
2009-07-01,1.352000
2009-07-02,1.362000
2009-07-03,1.329000
2009-07-06,1.311000
2009-07-07,1.315000
2009-07-08,1.296000
2009-07-09,1.302000
2009-07-10,1.307000
2009-07-13,1.311000
2009-07-14,1.346000
2009-07-15,1.342000
2009-07-16,1.347000
2009-07-17,1.329000
2009-07-21,1.373000
2009-07-22,1.391000
2009-07-23,1.392000
2009-07-24,1.383000
2009-07-27,1.398000
2009-07-28,1.397000
2009-07-29,1.382000
2009-07-30,1.398000
2009-07-31,1.421000
2009-08-03,1.444000
2009-08-04,1.460000
2009-08-05,1.441000
2009-08-06,1.447000
2009-08-07,1.442000
2009-08-10,1.466000
2009-08-11,1.457000
2009-08-12,1.430000
2009-08-13,1.419000
2009-08-14,1.392000
2009-08-17,1.364000
2009-08-18,1.362000
2009-08-19,1.364000
2009-08-20,1.365000
2009-08-21,1.331000
2009-08-24,1.344000
2009-08-25,1.345000
2009-08-26,1.331000
2009-08-27,1.322000
2009-08-28,1.332000
2009-08-31,1.330000
2009-09-01,1.323000
2009-09-02,1.303000
2009-09-03,1.300000
2009-09-04,1.319000
2009-09-07,1.353000
2009-09-08,1.326000
2009-09-09,1.323000
2009-09-10,1.321000
2009-09-11,1.302000
2009-09-14,1.294000
2009-09-15,1.313000
2009-09-16,1.323000
2009-09-17,1.343000
2009-09-18,1.341000
2009-09-24,1.324000
2009-09-25,1.316000
2009-09-28,1.289000
2009-09-29,1.289000
2009-09-30,1.300000
2009-10-01,1.300000
2009-10-02,1.263000
2009-10-05,1.273000
2009-10-06,1.254000
2009-10-07,1.268000
2009-10-08,1.268000
2009-10-09,1.288000
2009-10-13,1.303000
2009-10-14,1.303000
2009-10-15,1.318000
2009-10-16,1.333000
2009-10-19,1.344000
2009-10-20,1.358000
2009-10-21,1.354000
2009-10-22,1.368000
2009-10-23,1.368000
2009-10-26,1.401000
2009-10-27,1.406000
2009-10-28,1.425000
2009-10-29,1.411000
2009-10-30,1.411000
2009-11-02,1.384000
2009-11-04,1.409000
2009-11-05,1.446000
2009-11-06,1.450000
2009-11-09,1.474000
2009-11-10,1.472000
2009-11-11,1.438000
2009-11-12,1.388000
2009-11-13,1.355000
2009-11-16,1.351000
2009-11-17,1.324000
2009-11-18,1.319000
2009-11-19,1.319000
2009-11-20,1.326000
2009-11-24,1.317000
2009-11-25,1.322000
2009-11-26,1.309000
2009-11-27,1.277000
2009-11-30,1.290000
2009-12-01,1.223000
2009-12-02,1.242000
2009-12-03,1.258000
2009-12-04,1.281000
2009-12-07,1.279000
2009-12-08,1.264000
2009-12-09,1.236000
2009-12-10,1.242000
2009-12-11,1.278000
2009-12-14,1.298000
2009-12-15,1.280000
2009-12-16,1.257000
2009-12-17,1.248000
2009-12-18,1.230000
2009-12-21,1.219000
2009-12-22,1.252000
2009-12-24,1.264000
2009-12-25,1.274000
2009-12-28,1.303000
2009-12-29,1.299000
2009-12-30,1.289000
2010-01-04,1.322000
2010-01-05,1.329000
2010-01-06,1.337000
2010-01-07,1.345000
2010-01-08,1.359000
2010-01-12,1.355000
2010-01-13,1.333000
2010-01-14,1.339000
2010-01-15,1.329000
2010-01-18,1.326000
2010-01-19,1.336000
2010-01-20,1.341000
2010-01-21,1.349000
2010-01-22,1.331000
2010-01-25,1.346000
2010-01-26,1.328000
2010-01-27,1.319000
2010-01-28,1.323000
2010-01-29,1.330000
2010-02-01,1.344000
2010-02-02,1.360000
2010-02-03,1.368000
2010-02-04,1.386000
2010-02-05,1.376000
2010-02-08,1.368000
2010-02-09,1.353000
2010-02-10,1.342000
2010-02-12,1.342000
2010-02-15,1.339000
2010-02-16,1.341000
2010-02-17,1.341000
2010-02-18,1.337000
2010-02-19,1.351000
2010-02-22,1.361000
2010-02-23,1.351000
2010-02-24,1.341000
2010-02-25,1.318000
2010-02-26,1.318000
2010-03-01,1.328000
2010-03-02,1.327000
2010-03-03,1.328000
2010-03-04,1.324000
2010-03-05,1.305000
2010-03-08,1.316000
2010-03-09,1.302000
2010-03-10,1.303000
2010-03-11,1.317000
2010-03-12,1.341000
2010-03-15,1.343000
2010-03-16,1.343000
2010-03-17,1.348000
2010-03-18,1.367000
2010-03-19,1.364000
2010-03-23,1.349000
2010-03-24,1.340000
2010-03-25,1.363000
2010-03-26,1.378000
2010-03-29,1.402000
2010-03-30,1.395000
2010-03-31,1.395000
2010-04-01,1.360000
2010-04-02,1.360000
2010-04-05,1.387000
2010-04-06,1.402000
2010-04-07,1.402000
2010-04-08,1.388000
2010-04-09,1.389000
2010-04-12,1.404000
2010-04-13,1.387000
2010-04-14,1.377000
2010-04-15,1.373000
2010-04-16,1.355000
2010-04-19,1.328000
2010-04-20,1.337000
2010-04-21,1.347000
2010-04-22,1.329000
2010-04-23,1.329000
2010-04-26,1.338000
2010-04-27,1.324000
2010-04-28,1.300000
2010-04-30,1.301000
2010-05-06,1.293000
2010-05-07,1.298000
2010-05-10,1.327000
2010-05-11,1.332000
2010-05-12,1.317000
2010-05-13,1.325000
2010-05-14,1.316000
2010-05-17,1.303000
2010-05-18,1.317000
2010-05-19,1.308000
2010-05-20,1.281000
2010-05-21,1.262000
2010-05-24,1.277000
2010-05-25,1.244000
2010-05-26,1.234000
2010-05-27,1.272000
2010-05-28,1.278000
2010-05-31,1.284000
2010-06-01,1.280000
2010-06-02,1.261000
2010-06-03,1.271000
2010-06-04,1.262000
2010-06-07,1.220000
2010-06-08,1.229000
2010-06-09,1.203000
2010-06-10,1.202000
2010-06-11,1.229000
2010-06-14,1.231000
2010-06-15,1.228000
2010-06-16,1.238000
2010-06-17,1.224000
2010-06-18,1.201000
2010-06-21,1.220000
2010-06-22,1.192000
2010-06-23,1.174000
2010-06-24,1.150000
2010-06-25,1.150000
2010-06-28,1.160000
2010-06-29,1.123000
2010-06-30,1.095000
2010-07-01,1.073000
2010-07-02,1.106000
2010-07-05,1.120000
2010-07-06,1.140000
2010-07-07,1.145000
2010-07-08,1.144000
2010-07-09,1.160000
2010-07-12,1.127000
2010-07-13,1.133000
2010-07-14,1.146000
2010-07-15,1.090000
2010-07-16,1.095000
2010-07-20,1.102000
2010-07-21,1.098000
2010-07-22,1.069000
2010-07-23,1.079000
2010-07-26,1.076000
2010-07-27,1.064000
2010-07-28,1.099000
2010-07-29,1.090000
2010-07-30,1.081000
2010-08-02,1.062000
2010-08-03,1.052000
2010-08-04,1.014000
2010-08-05,1.048000
2010-08-06,1.072000
2010-08-09,1.034000
2010-08-10,1.049000
2010-08-11,1.030000
2010-08-12,1.020000
2010-08-13,1.003000
2010-08-16,0.970000
2010-08-17,0.961000
2010-08-18,0.944000
2010-08-19,0.957000
2010-08-20,0.953000
2010-08-23,0.962000
2010-08-24,0.948000
2010-08-25,0.930000
2010-08-26,0.964000
2010-08-27,1.029000
2010-08-30,1.050000
2010-08-31,0.992000
2010-09-01,1.051000
2010-09-02,1.099000
2010-09-03,1.123000
2010-09-06,1.177000
2010-09-07,1.131000
2010-09-08,1.116000
2010-09-09,1.113000
2010-09-10,1.140000
2010-09-13,1.137000
2010-09-14,1.122000
2010-09-15,1.038000
2010-09-16,1.038000
2010-09-17,1.066000
2010-09-21,1.042000
2010-09-22,1.024000
2010-09-24,0.997000
2010-09-27,0.999000
2010-09-28,0.965000
2010-09-29,0.926000
2010-09-30,0.937000
2010-10-01,0.962000
2010-10-04,0.943000
2010-10-05,0.919000
2010-10-06,0.848000
2010-10-07,0.869000
2010-10-08,0.870000
2010-10-12,0.857000
2010-10-13,0.882000
2010-10-14,0.882000
2010-10-15,0.883000
2010-10-18,0.878000
2010-10-19,0.888000
2010-10-20,0.898000
2010-10-21,0.891000
2010-10-22,0.894000
2010-10-25,0.904000
2010-10-26,0.909000
2010-10-27,0.953000
2010-10-28,0.915000
2010-10-29,0.937000
2010-11-01,0.952000
2010-11-02,0.948000
2010-11-04,0.931000
2010-11-05,0.941000
2010-11-08,0.969000
2010-11-09,0.983000
2010-11-10,1.002000
2010-11-11,1.013000
2010-11-12,1.010000
2010-11-15,1.057000
2010-11-16,1.038000
2010-11-17,1.066000
2010-11-18,1.113000
2010-11-19,1.071000
2010-11-22,1.132000
2010-11-24,1.131000
2010-11-25,1.154000
2010-11-26,1.187000
2010-11-29,1.180000
2010-11-30,1.190000
2010-12-01,1.161000
2010-12-02,1.194000
2010-12-03,1.200000
2010-12-06,1.153000
2010-12-07,1.168000
2010-12-08,1.235000
2010-12-09,1.254000
2010-12-10,1.195000
2010-12-13,1.242000
2010-12-14,1.242000
2010-12-15,1.251000
2010-12-16,1.266000
2010-12-17,1.191000
2010-12-20,1.181000
2010-12-21,1.177000
2010-12-22,1.143000
2010-12-24,1.154000
2010-12-27,1.165000
2010-12-28,1.137000
2010-12-29,1.165000
2010-12-30,1.127000
2011-01-04,1.167000
2011-01-05,1.162000
2011-01-06,1.214000
2011-01-07,1.200000
2011-01-11,1.192000
2011-01-12,1.179000
2011-01-13,1.193000
2011-01-14,1.203000
2011-01-17,1.218000
2011-01-18,1.228000
2011-01-19,1.266000
2011-01-20,1.214000
2011-01-21,1.217000
2011-01-24,1.237000
2011-01-25,1.257000
2011-01-26,1.238000
2011-01-27,1.232000
2011-01-28,1.224000
2011-01-31,1.220000
2011-02-01,1.237000
2011-02-02,1.231000
2011-02-03,1.244000
2011-02-04,1.288000
2011-02-07,1.292000
2011-02-08,1.322000
2011-02-09,1.334000
2011-02-10,1.312000
2011-02-14,1.312000
2011-02-15,1.308000
2011-02-16,1.352000
2011-02-17,1.343000
2011-02-18,1.311000
2011-02-21,1.318000
2011-02-22,1.288000
2011-02-23,1.259000
2011-02-24,1.239000
2011-02-25,1.255000
2011-02-28,1.266000
2011-03-01,1.300000
2011-03-02,1.261000
2011-03-03,1.286000
2011-03-04,1.291000
2011-03-07,1.269000
2011-03-08,1.288000
2011-03-09,1.293000
2011-03-10,1.298000
2011-03-11,1.247000
2011-03-14,1.209000
2011-03-15,1.214000
2011-03-16,1.223000
2011-03-17,1.205000
2011-03-18,1.210000
2011-03-22,1.249000
2011-03-23,1.221000
2011-03-24,1.210000
2011-03-25,1.221000
2011-03-28,1.241000
2011-03-29,1.232000
2011-03-30,1.246000
2011-03-31,1.255000
2011-04-01,1.280000
2011-04-04,1.296000
2011-04-05,1.277000
2011-04-06,1.296000
2011-04-07,1.311000
2011-04-08,1.321000
2011-04-11,1.326000
2011-04-12,1.333000
2011-04-13,1.320000
2011-04-14,1.297000
2011-04-15,1.289000
2011-04-18,1.261000
2011-04-19,1.247000
2011-04-20,1.238000
2011-04-21,1.238000
2011-04-22,1.225000
2011-04-25,1.238000
2011-04-26,1.230000
2011-04-27,1.226000
2011-04-28,1.217000
2011-05-02,1.219000
2011-05-06,1.158000
2011-05-09,1.164000
2011-05-10,1.155000
2011-05-11,1.145000
2011-05-12,1.141000
2011-05-13,1.132000
2011-05-16,1.147000
2011-05-17,1.167000
2011-05-18,1.167000
2011-05-19,1.167000
2011-05-20,1.144000
2011-05-23,1.145000
2011-05-24,1.140000
2011-05-25,1.139000
2011-05-26,1.159000
2011-05-27,1.135000
2011-05-30,1.140000
2011-05-31,1.169000
2011-06-01,1.177000
2011-06-02,1.134000
2011-06-03,1.129000
2011-06-06,1.139000
2011-06-07,1.154000
2011-06-08,1.150000
2011-06-09,1.129000
2011-06-10,1.130000
2011-06-13,1.137000
2011-06-14,1.146000
2011-06-15,1.156000
2011-06-16,1.119000
2011-06-17,1.119000
2011-06-20,1.119000
2011-06-21,1.125000
2011-06-22,1.125000
2011-06-23,1.112000
2011-06-24,1.111000
2011-06-27,1.102000
2011-06-28,1.093000
2011-06-29,1.121000
2011-06-30,1.138000
2011-07-01,1.145000
2011-07-04,1.162000
2011-07-05,1.172000
2011-07-06,1.182000
2011-07-07,1.178000
2011-07-08,1.178000
2011-07-11,1.145000
2011-07-12,1.117000
2011-07-13,1.113000
2011-07-14,1.085000
2011-07-15,1.099000
2011-07-19,1.081000
2011-07-20,1.091000
2011-07-21,1.106000
2011-07-22,1.111000
2011-07-25,1.103000
2011-07-26,1.107000
2011-07-27,1.098000
2011-07-28,1.088000
2011-07-29,1.095000
2011-08-01,1.095000
2011-08-02,1.057000
2011-08-03,1.028000
2011-08-04,1.033000
2011-08-05,1.019000
2011-08-08,1.026000
2011-08-09,1.061000
2011-08-10,1.060000
2011-08-11,1.056000
2011-08-12,1.065000
2011-08-15,1.062000
2011-08-16,1.057000
2011-08-17,1.044000
2011-08-18,1.020000
2011-08-19,1.010000
2011-08-22,1.012000
2011-08-23,1.036000
2011-08-24,1.037000
2011-08-25,1.062000
2011-08-26,1.066000
2011-08-29,1.044000
2011-08-30,1.045000
2011-08-31,1.056000
2011-09-01,1.075000
2011-09-02,1.056000
2011-09-05,1.009000
2011-09-06,0.981000
2011-09-07,1.000000
2011-09-08,1.011000
2011-09-09,1.001000
2011-09-12,0.997000
2011-09-13,1.002000
2011-09-14,0.993000
2011-09-15,0.993000
2011-09-16,1.008000
2011-09-20,0.995000
2011-09-21,0.991000
2011-09-22,0.986000
2011-09-26,0.983000
2011-09-27,1.007000
2011-09-28,1.012000
2011-09-29,1.008000
2011-09-30,1.032000
2011-10-03,1.032000
2011-10-04,0.994000
2011-10-05,0.972000
2011-10-06,0.976000
2011-10-07,0.986000
2011-10-11,0.996000
2011-10-12,1.002000
2011-10-13,1.022000
2011-10-14,1.022000
2011-10-17,1.028000
2011-10-18,1.028000
2011-10-19,1.028000
2011-10-20,1.014000
2011-10-21,1.014000
2011-10-24,1.029000
2011-10-25,1.025000
2011-10-26,1.001000
2011-10-27,1.021000
2011-10-28,1.050000
2011-10-31,1.056000
2011-11-01,1.032000
2011-11-02,1.003000
2011-11-04,1.000000
2011-11-07,1.001000
2011-11-08,0.992000
2011-11-09,0.992000
2011-11-10,0.978000
2011-11-11,0.979000
2011-11-14,0.990000
2011-11-15,0.981000
2011-11-16,0.966000
2011-11-17,0.972000
2011-11-18,0.961000
2011-11-21,0.972000
2011-11-22,0.983000
2011-11-24,0.999000
2011-11-25,1.043000
2011-11-28,1.072000
2011-11-29,1.080000
2011-11-30,1.082000
2011-12-01,1.082000
2011-12-02,1.063000
2011-12-05,1.045000
2011-12-06,1.040000
2011-12-07,1.045000
2011-12-08,1.035000
2011-12-09,1.012000
2011-12-12,1.017000
2011-12-13,0.998000
2011-12-14,0.993000
2011-12-15,0.982000
2011-12-16,0.984000
2011-12-19,0.975000
2011-12-20,0.981000
2011-12-21,0.981000
2011-12-22,0.982000
2011-12-26,0.982000
2011-12-27,0.987000
2011-12-28,1.002000
2011-12-29,0.998000
2011-12-30,0.987000
2012-01-04,0.997000
2012-01-05,0.993000
2012-01-06,0.989000
2012-01-10,0.986000
2012-01-11,0.977000
2012-01-12,0.964000
2012-01-13,0.955000
2012-01-16,0.945000
2012-01-17,0.970000
2012-01-18,0.975000
2012-01-19,0.976000
2012-01-20,0.990000
2012-01-23,1.006000
2012-01-24,1.015000
2012-01-25,1.016000
2012-01-26,0.992000
2012-01-27,0.977000
2012-01-30,0.970000
2012-01-31,0.974000
2012-02-01,0.970000
2012-02-02,0.961000
2012-02-03,0.962000
2012-02-06,0.982000
2012-02-07,0.986000
2012-02-08,1.001000
2012-02-09,1.001000
2012-02-10,0.992000
2012-02-13,0.993000
2012-02-14,0.982000
2012-02-15,0.980000
2012-02-16,0.960000
2012-02-17,0.966000
2012-02-20,0.967000
2012-02-21,0.981000
2012-02-22,0.995000
2012-02-23,0.997000
2012-02-24,0.992000
2012-02-27,0.992000
2012-02-28,0.983000
2012-02-29,0.977000
2012-03-01,0.972000
2012-03-02,0.986000
2012-03-05,0.984000
2012-03-06,0.983000
2012-03-07,0.974000
2012-03-08,0.983000
2012-03-09,0.984000
2012-03-12,0.970000
2012-03-13,0.970000
2012-03-14,1.004000
2012-03-15,1.056000
2012-03-16,1.046000
2012-03-19,1.033000
2012-03-21,1.019000
2012-03-22,1.025000
2012-03-23,1.025000
2012-03-26,1.014000
2012-03-27,1.015000
2012-03-28,1.002000
2012-03-29,0.993000
2012-03-30,0.988000
2012-04-02,1.014000
2012-04-03,1.028000
2012-04-04,1.028000
2012-04-05,1.007000
2012-04-06,0.992000
2012-04-09,0.973000
2012-04-10,0.959000
2012-04-11,0.955000
2012-04-12,0.955000
2012-04-13,0.950000
2012-04-16,0.942000
2012-04-17,0.937000
2012-04-18,0.946000
2012-04-19,0.948000
2012-04-20,0.945000
2012-04-23,0.930000
2012-04-24,0.943000
2012-04-25,0.935000
2012-04-26,0.925000
2012-04-27,0.902000
2012-05-01,0.893000
2012-05-02,0.903000
2012-05-07,0.876000
2012-05-08,0.883000
2012-05-09,0.869000
2012-05-10,0.878000
2012-05-11,0.865000
2012-05-14,0.866000
2012-05-15,0.871000
2012-05-16,0.847000
2012-05-17,0.867000
2012-05-18,0.847000
2012-05-21,0.877000
2012-05-22,0.876000
2012-05-23,0.881000
2012-05-24,0.885000
2012-05-25,0.899000
2012-05-28,0.895000
2012-05-29,0.868000
2012-05-30,0.863000
2012-05-31,0.848000
2012-06-01,0.836000
2012-06-04,0.843000
2012-06-05,0.878000
2012-06-06,0.863000
2012-06-07,0.872000
2012-06-08,0.849000
2012-06-11,0.867000
2012-06-12,0.845000
2012-06-13,0.855000
2012-06-14,0.860000
2012-06-15,0.850000
2012-06-18,0.837000
2012-06-19,0.813000
2012-06-20,0.824000
2012-06-21,0.824000
2012-06-22,0.828000
2012-06-25,0.832000
2012-06-26,0.825000
2012-06-27,0.811000
2012-06-28,0.821000
2012-06-29,0.839000
2012-07-02,0.831000
2012-07-03,0.819000
2012-07-04,0.819000
2012-07-05,0.810000
2012-07-06,0.805000
2012-07-09,0.796000
2012-07-10,0.797000
2012-07-11,0.788000
2012-07-12,0.774000
2012-07-13,0.774000
2012-07-17,0.775000
2012-07-18,0.760000
2012-07-19,0.747000
2012-07-20,0.752000
2012-07-23,0.733000
2012-07-24,0.743000
2012-07-25,0.734000
2012-07-26,0.743000
2012-07-27,0.753000
2012-07-30,0.787000
2012-07-31,0.802000
2012-08-01,0.788000
2012-08-02,0.783000
2012-08-03,0.744000
2012-08-06,0.751000
2012-08-07,0.790000
2012-08-08,0.809000
2012-08-09,0.809000
2012-08-10,0.809000
2012-08-13,0.801000
2012-08-14,0.806000
2012-08-15,0.830000
2012-08-16,0.874000
2012-08-17,0.845000
2012-08-20,0.856000
2012-08-21,0.838000
2012-08-22,0.838000
2012-08-23,0.843000
2012-08-24,0.825000
2012-08-27,0.826000
2012-08-28,0.826000
2012-08-29,0.817000
2012-08-30,0.822000
2012-08-31,0.817000
2012-09-03,0.805000
2012-09-04,0.801000
2012-09-05,0.792000
2012-09-06,0.796000
2012-09-07,0.811000
2012-09-10,0.793000
2012-09-11,0.793000
2012-09-12,0.803000
2012-09-13,0.823000
2012-09-14,0.794000
2012-09-18,0.810000
2012-09-19,0.814000
2012-09-20,0.800000
2012-09-21,0.800000
2012-09-24,0.792000
2012-09-25,0.797000
2012-09-26,0.783000
2012-09-27,0.783000
2012-09-28,0.774000
2012-10-01,0.765000
2012-10-02,0.764000
2012-10-03,0.771000
2012-10-04,0.771000
2012-10-05,0.780000
2012-10-09,0.777000
2012-10-10,0.773000
2012-10-11,0.758000
2012-10-12,0.769000
2012-10-15,0.759000
2012-10-16,0.765000
2012-10-17,0.775000
2012-10-18,0.799000
2012-10-19,0.790000
2012-10-22,0.786000
2012-10-23,0.791000
2012-10-24,0.782000
2012-10-25,0.787000
2012-10-26,0.772000
2012-10-29,0.781000
2012-10-30,0.772000
2012-10-31,0.784000
2012-11-01,0.789000
2012-11-02,0.789000
2012-11-05,0.780000
2012-11-06,0.771000
2012-11-07,0.776000
2012-11-08,0.756000
2012-11-09,0.748000
2012-11-12,0.744000
2012-11-13,0.748000
2012-11-14,0.754000
2012-11-15,0.749000
2012-11-16,0.745000
2012-11-19,0.750000
2012-11-20,0.746000
2012-11-21,0.751000
2012-11-22,0.758000
2012-11-26,0.753000
2012-11-27,0.753000
2012-11-28,0.740000
2012-11-29,0.735000
2012-11-30,0.730000
2012-12-03,0.727000
2012-12-04,0.720000
2012-12-05,0.706000
2012-12-06,0.682000
2012-12-07,0.701000
2012-12-10,0.693000
2012-12-11,0.697000
2012-12-12,0.698000
2012-12-13,0.723000
2012-12-14,0.729000
2012-12-17,0.734000
2012-12-18,0.754000
2012-12-19,0.778000
2012-12-20,0.768000
2012-12-21,0.759000
2012-12-25,0.765000
2012-12-26,0.784000
2012-12-27,0.799000
2012-12-28,0.794000
2013-01-04,0.835000
2013-01-07,0.835000
2013-01-08,0.825000
2013-01-09,0.825000
2013-01-10,0.825000
2013-01-11,0.816000
2013-01-15,0.773000
2013-01-16,0.754000
2013-01-17,0.742000
2013-01-18,0.759000
2013-01-21,0.745000
2013-01-22,0.742000
2013-01-23,0.741000
2013-01-24,0.742000
2013-01-25,0.733000
2013-01-28,0.758000
2013-01-29,0.777000
2013-01-30,0.787000
2013-01-31,0.763000
2013-02-01,0.783000
2013-02-04,0.817000
2013-02-05,0.803000
2013-02-06,0.784000
2013-02-07,0.775000
2013-02-08,0.769000
2013-02-12,0.760000
2013-02-13,0.751000
2013-02-14,0.779000
2013-02-15,0.761000
2013-02-18,0.757000
2013-02-19,0.754000
2013-02-20,0.759000
2013-02-21,0.754000
2013-02-22,0.744000
2013-02-25,0.724000
2013-02-26,0.700000
2013-02-27,0.686000
2013-02-28,0.681000
2013-03-01,0.678000
2013-03-04,0.630000
2013-03-05,0.656000
2013-03-06,0.662000
2013-03-07,0.666000
2013-03-08,0.647000
2013-03-11,0.652000
2013-03-12,0.632000
2013-03-13,0.623000
2013-03-14,0.618000
2013-03-15,0.615000
2013-03-18,0.585000
2013-03-19,0.591000
2013-03-21,0.577000
2013-03-22,0.562000
2013-03-25,0.558000
2013-03-26,0.544000
2013-03-27,0.519000
2013-03-28,0.514000
2013-03-29,0.564000
2013-04-01,0.565000
2013-04-02,0.565000
2013-04-03,0.555000
2013-04-04,0.442000
2013-04-05,0.534000
2013-04-08,0.525000
2013-04-09,0.531000
2013-04-10,0.585000
2013-04-11,0.555000
2013-04-12,0.623000
2013-04-15,0.648000
2013-04-16,0.595000
2013-04-17,0.604000
2013-04-18,0.589000
2013-04-19,0.584000
2013-04-22,0.612000
2013-04-23,0.589000
2013-04-24,0.600000
2013-04-25,0.585000
2013-04-26,0.594000
2013-04-30,0.611000
2013-05-01,0.591000
2013-05-02,0.563000
2013-05-07,0.598000
2013-05-08,0.598000
2013-05-09,0.599000
2013-05-10,0.700000
2013-05-13,0.778000
2013-05-14,0.853000
2013-05-15,0.868000
2013-05-16,0.843000
2013-05-17,0.806000
2013-05-20,0.849000
2013-05-21,0.882000
2013-05-22,0.886000
2013-05-23,0.835000
2013-05-24,0.842000
2013-05-27,0.840000
2013-05-28,0.905000
2013-05-29,0.937000
2013-05-30,0.889000
2013-05-31,0.865000
2013-06-03,0.809000
2013-06-04,0.869000
2013-06-05,0.850000
2013-06-06,0.831000
2013-06-07,0.846000
2013-06-10,0.833000
2013-06-11,0.866000
2013-06-12,0.872000
2013-06-13,0.858000
2013-06-14,0.814000
2013-06-17,0.834000
2013-06-18,0.820000
2013-06-19,0.810000
2013-06-20,0.834000
2013-06-21,0.872000
2013-06-24,0.878000
2013-06-25,0.864000
2013-06-26,0.864000
2013-06-27,0.836000
2013-06-28,0.845000
2013-07-01,0.879000
2013-07-02,0.889000
2013-07-03,0.880000
2013-07-04,0.861000
2013-07-05,0.855000
2013-07-08,0.879000
2013-07-09,0.867000
2013-07-10,0.851000
2013-07-11,0.818000
2013-07-12,0.818000
2013-07-16,0.824000
2013-07-17,0.818000
2013-07-18,0.805000
2013-07-19,0.804000
2013-07-22,0.792000
2013-07-23,0.780000
2013-07-24,0.777000
2013-07-25,0.801000
2013-07-26,0.792000
2013-07-29,0.797000
2013-07-30,0.797000
2013-07-31,0.797000
2013-08-01,0.797000
2013-08-02,0.811000
2013-08-05,0.778000
2013-08-06,0.788000
2013-08-07,0.760000
2013-08-08,0.760000
2013-08-09,0.759000
2013-08-12,0.754000
2013-08-13,0.740000
2013-08-14,0.761000
2013-08-15,0.752000
2013-08-16,0.767000
2013-08-19,0.773000
2013-08-20,0.754000
2013-08-21,0.744000
2013-08-22,0.759000
2013-08-23,0.774000
2013-08-26,0.775000
2013-08-27,0.756000
2013-08-28,0.731000
2013-08-29,0.720000
2013-08-30,0.735000
2013-09-02,0.756000
2013-09-03,0.764000
2013-09-04,0.768000
2013-09-05,0.768000
2013-09-06,0.784000
2013-09-09,0.750000
2013-09-10,0.731000
2013-09-11,0.736000
2013-09-12,0.724000
2013-09-13,0.722000
2013-09-17,0.712000
2013-09-18,0.708000
2013-09-19,0.674000
2013-09-20,0.694000
2013-09-24,0.675000
2013-09-25,0.675000
2013-09-26,0.695000
2013-09-27,0.685000
2013-09-30,0.685000
2013-10-01,0.662000
2013-10-02,0.647000
2013-10-03,0.642000
2013-10-04,0.657000
2013-10-07,0.648000
2013-10-08,0.657000
2013-10-09,0.657000
2013-10-10,0.657000
2013-10-11,0.658000
2013-10-15,0.668000
2013-10-16,0.644000
2013-10-17,0.635000
2013-10-18,0.625000
2013-10-21,0.630000
2013-10-22,0.626000
2013-10-23,0.611000
2013-10-24,0.616000
2013-10-25,0.621000
2013-10-28,0.622000
2013-10-29,0.616000
2013-10-30,0.597000
2013-10-31,0.603000
2013-11-01,0.603000
2013-11-05,0.614000
2013-11-06,0.619000
2013-11-07,0.599000
2013-11-08,0.594000
2013-11-11,0.595000
2013-11-12,0.604000
2013-11-13,0.609000
2013-11-14,0.605000
2013-11-15,0.639000
2013-11-18,0.640000
2013-11-19,0.627000
2013-11-20,0.622000
2013-11-21,0.636000
2013-11-22,0.636000
2013-11-25,0.646000
2013-11-26,0.626000
2013-11-27,0.611000
2013-11-28,0.611000
2013-11-29,0.611000
2013-12-02,0.622000
2013-12-03,0.643000
2013-12-04,0.642000
2013-12-05,0.643000
2013-12-06,0.667000
2013-12-09,0.653000
2013-12-10,0.663000
2013-12-11,0.653000
2013-12-12,0.653000
2013-12-13,0.682000
2013-12-16,0.682000
2013-12-17,0.660000
2013-12-18,0.653000
2013-12-19,0.673000
2013-12-20,0.678000
2013-12-24,0.674000
2013-12-25,0.689000
2013-12-26,0.707000
2013-12-27,0.708000
2013-12-30,0.736000
2014-01-06,0.725000
2014-01-07,0.696000
2014-01-08,0.701000
2014-01-09,0.696000
2014-01-10,0.696000
2014-01-14,0.653000
2014-01-15,0.662000
2014-01-16,0.673000
2014-01-17,0.674000
2014-01-20,0.664000
2014-01-21,0.689000
2014-01-22,0.679000
2014-01-23,0.661000
2014-01-24,0.636000
2014-01-27,0.637000
2014-01-28,0.631000
2014-01-29,0.641000
2014-01-30,0.622000
2014-01-31,0.627000
2014-02-03,0.622000
2014-02-04,0.607000
2014-02-05,0.603000
2014-02-06,0.613000
2014-02-07,0.622000
2014-02-10,0.609000
2014-02-12,0.615000
2014-02-13,0.605000
2014-02-14,0.595000
2014-02-17,0.610000
2014-02-18,0.611000
2014-02-19,0.612000
2014-02-20,0.598000
2014-02-21,0.608000
2014-02-24,0.603000
2014-02-25,0.598000
2014-02-26,0.598000
2014-02-27,0.599000
2014-02-28,0.594000
2014-03-03,0.589000
2014-03-04,0.593000
2014-03-05,0.607000
2014-03-06,0.607000
2014-03-07,0.617000
2014-03-10,0.618000
2014-03-11,0.623000
2014-03-12,0.623000
2014-03-13,0.637000
2014-03-14,0.619000
2014-03-17,0.619000
2014-03-18,0.615000
2014-03-19,0.605000
2014-03-20,0.595000
2014-03-24,0.605000
2014-03-25,0.605000
2014-03-26,0.626000
2014-03-27,0.626000
2014-03-28,0.626000
2014-03-31,0.641000
2014-04-01,0.617000
2014-04-02,0.627000
2014-04-03,0.642000
2014-04-04,0.642000
2014-04-07,0.614000
2014-04-08,0.619000
2014-04-09,0.614000
2014-04-10,0.609000
2014-04-11,0.605000
2014-04-14,0.605000
2014-04-15,0.606000
2014-04-16,0.611000
2014-04-17,0.606000
2014-04-18,0.602000
2014-04-21,0.607000
2014-04-22,0.607000
2014-04-23,0.618000
2014-04-24,0.618000
2014-04-25,0.628000
2014-04-28,0.619000
2014-04-30,0.623000
2014-05-01,0.624000
2014-05-02,0.614000
2014-05-07,0.606000
2014-05-08,0.611000
2014-05-09,0.611000
2014-05-12,0.616000
2014-05-13,0.617000
2014-05-14,0.611000
2014-05-15,0.602000
2014-05-16,0.593000
2014-05-19,0.598000
2014-05-20,0.599000
2014-05-21,0.603000
2014-05-22,0.609000
2014-05-23,0.600000
2014-05-26,0.602000
2014-05-27,0.606000
2014-05-28,0.598000
2014-05-29,0.584000
2014-05-30,0.589000
2014-06-02,0.598000
2014-06-03,0.601000
2014-06-04,0.606000
2014-06-05,0.612000
2014-06-06,0.592000
2014-06-09,0.593000
2014-06-10,0.589000
2014-06-11,0.598000
2014-06-12,0.594000
2014-06-13,0.599000
2014-06-16,0.595000
2014-06-17,0.585000
2014-06-18,0.590000
2014-06-19,0.585000
2014-06-20,0.576000
2014-06-23,0.582000
2014-06-24,0.577000
2014-06-25,0.572000
2014-06-26,0.567000
2014-06-27,0.558000
2014-06-30,0.564000
2014-07-01,0.554000
2014-07-02,0.562000
2014-07-03,0.565000
2014-07-04,0.565000
2014-07-07,0.565000
2014-07-08,0.555000
2014-07-09,0.546000
2014-07-10,0.547000
2014-07-11,0.536000
2014-07-14,0.542000
2014-07-15,0.542000
2014-07-16,0.548000
2014-07-17,0.537000
2014-07-18,0.543000
2014-07-22,0.544000
2014-07-23,0.540000
2014-07-24,0.530000
2014-07-25,0.536000
2014-07-28,0.531000
2014-07-29,0.531000
2014-07-30,0.537000
2014-07-31,0.542000
2014-08-01,0.543000
2014-08-04,0.538000
2014-08-05,0.529000
2014-08-06,0.529000
2014-08-07,0.538000
2014-08-08,0.519000
2014-08-11,0.525000
2014-08-12,0.520000
2014-08-13,0.520000
2014-08-14,0.516000
2014-08-15,0.516000
2014-08-18,0.511000
2014-08-19,0.511000
2014-08-20,0.526000
2014-08-21,0.541000
2014-08-22,0.522000
2014-08-25,0.522000
2014-08-26,0.512000
2014-08-27,0.508000
2014-08-28,0.503000
2014-08-29,0.508000
2014-09-01,0.509000
2014-09-02,0.520000
2014-09-03,0.520000
2014-09-04,0.521000
2014-09-05,0.531000
2014-09-08,0.521000
2014-09-09,0.522000
2014-09-10,0.537000
2014-09-11,0.561000
2014-09-12,0.567000
2014-09-16,0.572000
2014-09-17,0.548000
2014-09-18,0.563000
2014-09-19,0.554000
2014-09-22,0.535000
2014-09-24,0.526000
2014-09-25,0.521000
2014-09-26,0.517000
2014-09-29,0.522000
2014-09-30,0.522000
2014-10-01,0.527000
2014-10-02,0.522000
2014-10-03,0.519000
2014-10-06,0.519000
2014-10-07,0.514000
2014-10-08,0.504000
2014-10-09,0.490000
2014-10-10,0.502000
2014-10-14,0.496000
2014-10-15,0.490000
2014-10-16,0.491000
2014-10-17,0.472000
2014-10-20,0.492000
2014-10-21,0.483000
2014-10-22,0.489000
2014-10-23,0.484000
2014-10-24,0.473000
2014-10-27,0.474000
2014-10-28,0.465000
2014-10-29,0.471000
2014-10-30,0.475000
2014-10-31,0.466000
2014-11-04,0.449000
2014-11-05,0.475000
2014-11-06,0.476000
2014-11-07,0.482000
2014-11-10,0.467000
2014-11-11,0.492000
2014-11-12,0.531000
2014-11-13,0.507000
2014-11-14,0.486000
2014-11-17,0.481000
2014-11-18,0.512000
2014-11-19,0.484000
2014-11-20,0.480000
2014-11-21,0.471000
2014-11-25,0.461000
2014-11-26,0.447000
2014-11-27,0.436000
2014-11-28,0.431000
2014-12-01,0.436000
2014-12-02,0.445000
2014-12-03,0.426000
2014-12-04,0.427000
2014-12-05,0.417000
2014-12-08,0.433000
2014-12-09,0.414000
2014-12-10,0.405000
2014-12-11,0.405000
2014-12-12,0.395000
2014-12-15,0.376000
2014-12-16,0.356000
2014-12-17,0.357000
2014-12-18,0.348000
2014-12-19,0.353000
2014-12-22,0.338000
2014-12-24,0.334000
2014-12-25,0.314000
2014-12-26,0.329000
2014-12-29,0.324000
2014-12-30,0.325000
2015-01-05,0.326000
2015-01-06,0.289000
2015-01-07,0.299000
2015-01-08,0.284000
2015-01-09,0.279000
2015-01-13,0.265000
2015-01-14,0.256000
2015-01-15,0.250000
2015-01-16,0.241000
2015-01-19,0.206000
2015-01-20,0.221000
2015-01-21,0.251000
2015-01-22,0.321000
2015-01-23,0.244000
2015-01-26,0.229000
2015-01-27,0.269000
2015-01-28,0.293000
2015-01-29,0.293000
2015-01-30,0.288000
2015-02-02,0.293000
2015-02-03,0.363000
2015-02-04,0.382000
2015-02-05,0.362000
2015-02-06,0.343000
2015-02-09,0.362000
2015-02-10,0.397000
2015-02-12,0.398000
2015-02-13,0.423000
2015-02-16,0.454000
2015-02-17,0.399000
2015-02-18,0.417000
2015-02-19,0.398000
2015-02-20,0.393000
2015-02-23,0.389000
2015-02-24,0.381000
2015-02-25,0.347000
2015-02-26,0.348000
2015-02-27,0.349000
2015-03-02,0.354000
2015-03-03,0.395000
2015-03-04,0.400000
2015-03-05,0.395000
2015-03-06,0.376000
2015-03-09,0.422000
2015-03-10,0.462000
2015-03-11,0.413000
2015-03-12,0.374000
2015-03-13,0.408000
2015-03-16,0.414000
2015-03-17,0.410000
2015-03-18,0.361000
2015-03-19,0.322000
2015-03-20,0.322000
2015-03-23,0.307000
2015-03-24,0.307000
2015-03-25,0.328000
2015-03-26,0.328000
2015-03-27,0.373000
2015-03-30,0.368000
2015-03-31,0.398000
2015-04-01,0.378000
2015-04-02,0.339000
2015-04-03,0.354000
2015-04-06,0.340000
2015-04-07,0.360000
2015-04-08,0.360000
2015-04-09,0.361000
2015-04-10,0.341000
2015-04-13,0.342000
2015-04-14,0.327000
2015-04-15,0.328000
2015-04-16,0.332000
2015-04-17,0.307000
2015-04-20,0.313000
2015-04-21,0.313000
2015-04-22,0.309000
2015-04-23,0.319000
2015-04-24,0.294000
2015-04-27,0.310000
2015-04-28,0.306000
2015-04-30,0.336000
2015-05-01,0.370000
2015-05-07,0.440000
2015-05-08,0.421000
2015-05-11,0.402000
2015-05-12,0.461000
2015-05-13,0.466000
2015-05-14,0.457000
2015-05-15,0.402000
2015-05-18,0.387000
2015-05-19,0.393000
2015-05-20,0.403000
2015-05-21,0.418000
2015-05-22,0.423000
2015-05-25,0.433000
2015-05-26,0.431000
2015-05-27,0.400000
2015-05-28,0.411000
2015-05-29,0.406000
2015-06-01,0.412000
2015-06-02,0.429000
2015-06-03,0.455000
2015-06-04,0.484000
2015-06-05,0.475000
2015-06-08,0.486000
2015-06-09,0.443000
2015-06-10,0.491000
2015-06-11,0.524000
2015-06-12,0.497000
2015-06-15,0.498000
2015-06-16,0.493000
2015-06-17,0.473000
2015-06-18,0.434000
2015-06-19,0.415000
2015-06-22,0.425000
2015-06-23,0.465000
2015-06-24,0.455000
2015-06-25,0.470000
2015-06-26,0.470000
2015-06-29,0.437000
2015-06-30,0.451000
2015-07-01,0.471000
2015-07-02,0.511000
2015-07-03,0.482000
2015-07-06,0.462000
2015-07-07,0.453000
2015-07-08,0.415000
2015-07-09,0.448000
2015-07-10,0.434000
2015-07-13,0.445000
2015-07-14,0.460000
2015-07-15,0.454000
2015-07-16,0.445000
2015-07-17,0.426000
2015-07-21,0.423000
2015-07-22,0.416000
2015-07-23,0.417000
2015-07-24,0.412000
2015-07-27,0.414000
2015-07-28,0.408000
2015-07-29,0.409000
2015-07-30,0.419000
2015-07-31,0.414000
2015-08-03,0.420000
2015-08-04,0.395000
2015-08-05,0.406000
2015-08-06,0.430000
2015-08-07,0.425000
2015-08-10,0.411000
2015-08-11,0.407000
2015-08-12,0.367000
2015-08-13,0.388000
2015-08-14,0.388000
2015-08-17,0.403000
2015-08-18,0.384000
2015-08-19,0.384000
2015-08-20,0.369000
2015-08-21,0.364000
2015-08-24,0.360000
2015-08-25,0.385000
2015-08-26,0.385000
2015-08-27,0.400000
2015-08-28,0.396000
2015-08-31,0.392000
2015-09-01,0.381000
2015-09-02,0.386000
2015-09-03,0.391000
2015-09-04,0.362000
2015-09-07,0.363000
2015-09-08,0.355000
2015-09-09,0.359000
2015-09-10,0.349000
2015-09-11,0.344000
2015-09-14,0.355000
2015-09-15,0.370000
2015-09-16,0.365000
2015-09-17,0.360000
2015-09-18,0.331000
2015-09-24,0.328000
2015-09-25,0.323000
2015-09-28,0.348000
2015-09-29,0.334000
2015-09-30,0.348000
2015-10-01,0.329000
2015-10-02,0.319000
2015-10-05,0.316000
2015-10-06,0.325000
2015-10-07,0.330000
2015-10-08,0.331000
2015-10-09,0.326000
2015-10-13,0.322000
2015-10-14,0.313000
2015-10-15,0.323000
2015-10-16,0.323000
2015-10-19,0.329000
2015-10-20,0.319000
2015-10-21,0.324000
2015-10-22,0.314000
2015-10-23,0.309000
2015-10-26,0.320000
2015-10-27,0.309000
2015-10-28,0.300000
2015-10-29,0.300000
2015-10-30,0.306000
2015-11-02,0.316000
2015-11-04,0.322000
2015-11-05,0.321000
2015-11-06,0.327000
2015-11-09,0.343000
2015-11-10,0.323000
2015-11-11,0.328000
2015-11-12,0.319000
2015-11-13,0.314000
2015-11-16,0.314000
2015-11-17,0.309000
2015-11-18,0.309000
2015-11-19,0.309000
2015-11-20,0.325000
2015-11-24,0.330000
2015-11-25,0.314000
2015-11-26,0.310000
2015-11-27,0.316000
2015-11-30,0.317000
2015-12-01,0.315000
2015-12-02,0.315000
2015-12-03,0.311000
2015-12-04,0.323000
2015-12-07,0.323000
2015-12-08,0.309000
2015-12-09,0.303000
2015-12-10,0.303000
2015-12-11,0.308000
2015-12-14,0.295000
2015-12-15,0.290000
2015-12-16,0.295000
2015-12-17,0.295000
2015-12-18,0.265000
2015-12-21,0.271000
2015-12-22,0.271000
2015-12-24,0.276000
2015-12-25,0.277000
2015-12-28,0.267000
2015-12-29,0.267000
2015-12-30,0.267000
2016-01-04,0.264000
2016-01-05,0.259000
2016-01-06,0.253000
2016-01-07,0.245000
2016-01-08,0.230000
2016-01-12,0.221000
2016-01-13,0.210000
2016-01-14,0.231000
2016-01-15,0.221000
2016-01-18,0.206000
2016-01-19,0.216000
2016-01-20,0.216000
2016-01-21,0.227000
2016-01-22,0.237000
2016-01-25,0.228000
2016-01-26,0.224000
2016-01-27,0.218000
2016-01-28,0.229000
2016-01-29,0.104000
2016-02-01,0.068000
2016-02-02,0.085000
2016-02-03,0.067000
2016-02-04,0.064000
2016-02-05,0.036000
2016-02-08,0.046000
2016-02-09,-0.020000
2016-02-10,0.015000
2016-02-12,0.086000
2016-02-15,0.098000
2016-02-16,0.052000
2016-02-17,0.058000
2016-02-18,0.027000
2016-02-19,0.016000
2016-02-22,0.006000
2016-02-23,0.006000
2016-02-24,-0.046000
2016-02-25,-0.056000
2016-02-26,-0.055000
2016-02-29,-0.055000
2016-03-01,-0.049000
2016-03-02,-0.044000
2016-03-03,-0.023000
2016-03-04,-0.042000
2016-03-07,-0.052000
2016-03-08,-0.103000
2016-03-09,-0.022000
2016-03-10,-0.025000
2016-03-11,-0.016000
2016-03-14,-0.049000
2016-03-15,-0.025000
2016-03-16,-0.054000
2016-03-17,-0.054000
2016-03-18,-0.101000
2016-03-22,-0.100000
2016-03-23,-0.111000
2016-03-24,-0.094000
2016-03-25,-0.100000
2016-03-28,-0.094000
2016-03-29,-0.089000
2016-03-30,-0.094000
2016-03-31,-0.049000
2016-04-01,-0.065000
2016-04-04,-0.083000
2016-04-05,-0.068000
2016-04-06,-0.063000
2016-04-07,-0.058000
2016-04-08,-0.083000
2016-04-11,-0.088000
2016-04-12,-0.097000
2016-04-13,-0.088000
2016-04-14,-0.093000
2016-04-15,-0.113000
2016-04-18,-0.117000
2016-04-19,-0.129000
2016-04-20,-0.134000
2016-04-21,-0.123000
2016-04-22,-0.123000
2016-04-25,-0.071000
2016-04-26,-0.102000
2016-04-27,-0.067000
2016-04-28,-0.082000
2016-05-02,-0.112000
2016-05-06,-0.117000
2016-05-09,-0.107000
2016-05-10,-0.096000
2016-05-11,-0.100000
2016-05-12,-0.110000
2016-05-13,-0.110000
2016-05-16,-0.110000
2016-05-17,-0.109000
2016-05-18,-0.097000
2016-05-19,-0.072000
2016-05-20,-0.102000
2016-05-23,-0.097000
2016-05-24,-0.102000
2016-05-25,-0.094000
2016-05-26,-0.108000
2016-05-27,-0.113000
2016-05-30,-0.112000
2016-05-31,-0.112000
2016-06-01,-0.111000
2016-06-02,-0.103000
2016-06-03,-0.108000
2016-06-06,-0.127000
2016-06-07,-0.127000
2016-06-08,-0.117000
2016-06-09,-0.133000
2016-06-10,-0.158000
2016-06-13,-0.167000
2016-06-14,-0.172000
2016-06-15,-0.197000
2016-06-16,-0.208000
2016-06-17,-0.157000
2016-06-20,-0.151000
2016-06-21,-0.146000
2016-06-22,-0.150000
2016-06-23,-0.146000
2016-06-24,-0.201000
2016-06-27,-0.202000
2016-06-28,-0.233000
2016-06-29,-0.242000
2016-06-30,-0.237000
2016-07-01,-0.262000
2016-07-04,-0.257000
2016-07-05,-0.257000
2016-07-06,-0.278000
2016-07-07,-0.283000
2016-07-08,-0.293000
2016-07-11,-0.282000
2016-07-12,-0.287000
2016-07-13,-0.287000
2016-07-14,-0.266000
2016-07-15,-0.234000
2016-07-19,-0.233000
2016-07-20,-0.242000
2016-07-21,-0.234000
2016-07-22,-0.229000
2016-07-25,-0.242000
2016-07-26,-0.257000
2016-07-27,-0.297000
2016-07-28,-0.279000
2016-07-29,-0.178000
2016-08-01,-0.136000
2016-08-02,-0.060000
2016-08-03,-0.085000
2016-08-04,-0.075000
2016-08-05,-0.096000
2016-08-08,-0.049000
2016-08-09,-0.081000
2016-08-10,-0.106000
2016-08-12,-0.106000
2016-08-15,-0.084000
2016-08-16,-0.094000
2016-08-17,-0.079000
2016-08-18,-0.079000
2016-08-19,-0.084000
2016-08-22,-0.069000
2016-08-23,-0.089000
2016-08-24,-0.078000
2016-08-25,-0.084000
2016-08-26,-0.068000
2016-08-29,-0.061000
2016-08-30,-0.068000
2016-08-31,-0.058000
2016-09-01,-0.047000
2016-09-02,-0.027000
2016-09-05,-0.027000
2016-09-06,-0.027000
2016-09-07,-0.061000
2016-09-08,-0.041000
2016-09-09,-0.020000
2016-09-12,-0.020000
2016-09-13,-0.021000
2016-09-14,-0.021000
2016-09-15,-0.045000
2016-09-16,-0.040000
2016-09-20,-0.060000
2016-09-21,-0.030000
2016-09-23,-0.054000
2016-09-26,-0.063000
2016-09-27,-0.079000
2016-09-28,-0.094000
2016-09-29,-0.089000
2016-09-30,-0.084000
2016-10-03,-0.073000
2016-10-04,-0.073000
2016-10-05,-0.063000
2016-10-06,-0.063000
2016-10-07,-0.068000
2016-10-11,-0.051000
2016-10-12,-0.062000
2016-10-13,-0.062000
2016-10-14,-0.056000
2016-10-17,-0.055000
2016-10-18,-0.050000
2016-10-19,-0.055000
2016-10-20,-0.064000
2016-10-21,-0.056000
2016-10-24,-0.055000
2016-10-25,-0.064000
2016-10-26,-0.064000
2016-10-27,-0.054000
2016-10-28,-0.045000
2016-10-31,-0.049000
2016-11-01,-0.048000
2016-11-02,-0.058000
2016-11-04,-0.059000
2016-11-07,-0.048000
2016-11-08,-0.063000
2016-11-09,-0.073000
2016-11-10,-0.043000
2016-11-11,-0.027000
2016-11-14,-0.013000
2016-11-15,0.007000
2016-11-16,0.023000
2016-11-17,0.013000
2016-11-18,0.044000
2016-11-21,0.033000
2016-11-22,0.032000
2016-11-24,0.037000
2016-11-25,0.039000
2016-11-28,0.016000
2016-11-29,0.016000
2016-11-30,0.021000
2016-12-01,0.029000
2016-12-02,0.034000
2016-12-05,0.024000
2016-12-06,0.044000
2016-12-07,0.029000
2016-12-08,0.039000
2016-12-09,0.050000
2016-12-12,0.070000
2016-12-13,0.080000
2016-12-14,0.055000
2016-12-15,0.075000
2016-12-16,0.076000
2016-12-19,0.076000
2016-12-20,0.066000
2016-12-21,0.056000
2016-12-22,0.051000
2016-12-26,0.056000
2016-12-27,0.061000
2016-12-28,0.057000
2016-12-29,0.042000
2016-12-30,0.043000
2017-01-04,0.064000
2017-01-05,0.058000
2017-01-06,0.053000
2017-01-10,0.058000
2017-01-11,0.059000
2017-01-12,0.043000
2017-01-13,0.049000
2017-01-16,0.054000
2017-01-17,0.049000
2017-01-18,0.054000
2017-01-19,0.074000
2017-01-20,0.065000
2017-01-23,0.055000
2017-01-24,0.045000
2017-01-25,0.071000
2017-01-26,0.090000
2017-01-27,0.080000
2017-01-30,0.086000
2017-01-31,0.087000
2017-02-01,0.096000
2017-02-02,0.110000
2017-02-03,0.102000
2017-02-06,0.106000
2017-02-07,0.102000
2017-02-08,0.097000
2017-02-09,0.086000
2017-02-10,0.086000
2017-02-13,0.092000
2017-02-14,0.098000
2017-02-15,0.092000
2017-02-16,0.097000
2017-02-17,0.093000
2017-02-20,0.099000
2017-02-21,0.099000
2017-02-22,0.089000
2017-02-23,0.081000
2017-02-24,0.067000
2017-02-27,0.054000
2017-02-28,0.059000
2017-03-01,0.069000
2017-03-02,0.078000
2017-03-03,0.068000
2017-03-06,0.069000
2017-03-07,0.064000
2017-03-08,0.069000
2017-03-09,0.084000
2017-03-10,0.085000
2017-03-13,0.085000
2017-03-14,0.085000
2017-03-15,0.090000
2017-03-16,0.070000
2017-03-17,0.071000
2017-03-21,0.061000
2017-03-22,0.056000
2017-03-23,0.051000
2017-03-24,0.061000
2017-03-27,0.057000
2017-03-28,0.057000
2017-03-29,0.052000
2017-03-30,0.062000
2017-03-31,0.067000
2017-04-03,0.072000
2017-04-04,0.062000
2017-04-05,0.062000
2017-04-06,0.058000
2017-04-07,0.048000
2017-04-10,0.048000
2017-04-11,0.038000
2017-04-12,0.018000
2017-04-13,0.023000
2017-04-14,0.013000
2017-04-17,0.003000
2017-04-18,0.013000
2017-04-19,0.004000
2017-04-20,0.014000
2017-04-21,0.014000
2017-04-24,0.024000
2017-04-25,0.019000
2017-04-26,0.021000
2017-04-27,0.021000
2017-04-28,0.016000
2017-05-01,0.016000
2017-05-02,0.022000
2017-05-08,0.032000
2017-05-09,0.038000
2017-05-10,0.042000
2017-05-11,0.053000
2017-05-12,0.046000
2017-05-15,0.041000
2017-05-16,0.047000
2017-05-17,0.047000
2017-05-18,0.048000
2017-05-19,0.043000
2017-05-22,0.054000
2017-05-23,0.049000
2017-05-24,0.054000
2017-05-25,0.054000
2017-05-26,0.044000
2017-05-29,0.045000
2017-05-30,0.045000
2017-05-31,0.050000
2017-06-01,0.049000
2017-06-02,0.047000
2017-06-05,0.044000
2017-06-06,0.039000
2017-06-07,0.040000
2017-06-08,0.065000
2017-06-09,0.050000
2017-06-12,0.055000
2017-06-13,0.060000
2017-06-14,0.060000
2017-06-15,0.050000
2017-06-16,0.050000
2017-06-19,0.051000
2017-06-20,0.051000
2017-06-21,0.055000
2017-06-22,0.051000
2017-06-23,0.051000
2017-06-26,0.051000
2017-06-27,0.046000
2017-06-28,0.056000
2017-06-29,0.057000
2017-06-30,0.086000
2017-07-03,0.082000
2017-07-04,0.078000
2017-07-05,0.082000
2017-07-06,0.098000
2017-07-07,0.088000
2017-07-10,0.093000
2017-07-11,0.093000
2017-07-12,0.088000
2017-07-13,0.078000
2017-07-14,0.078000
2017-07-18,0.068000
2017-07-19,0.074000
2017-07-20,0.074000
2017-07-21,0.068000
2017-07-24,0.069000
2017-07-25,0.069000
2017-07-26,0.080000
2017-07-27,0.070000
2017-07-28,0.074000
2017-07-31,0.078000
2017-08-01,0.075000
2017-08-02,0.075000
2017-08-03,0.070000
2017-08-04,0.065000
2017-08-07,0.070000
2017-08-08,0.070000
2017-08-09,0.060000
2017-08-10,0.060000
2017-08-14,0.056000
2017-08-15,0.052000
2017-08-16,0.042000
2017-08-17,0.047000
2017-08-18,0.043000
2017-08-21,0.038000
2017-08-22,0.043000
2017-08-23,0.038000
2017-08-24,0.028000
2017-08-25,0.018000
2017-08-28,0.013000
2017-08-29,0.009000
2017-08-30,0.009000
2017-08-31,0.008000
2017-09-01,0.005000
2017-09-04,0.001000
2017-09-05,0.009000
2017-09-06,0.004000
2017-09-07,0.009000
2017-09-08,-0.012000
2017-09-11,-0.006000
2017-09-12,0.015000
2017-09-13,0.020000
2017-09-14,0.035000
2017-09-15,0.015000
2017-09-19,0.026000
2017-09-20,0.026000
2017-09-21,0.026000
2017-09-22,0.021000
2017-09-25,0.021000
2017-09-26,0.026000
2017-09-27,0.047000
2017-09-28,0.069000
2017-09-29,0.062000
2017-10-02,0.073000
2017-10-03,0.073000
2017-10-04,0.053000
2017-10-05,0.043000
2017-10-06,0.053000
2017-10-10,0.059000
2017-10-11,0.063000
2017-10-12,0.063000
2017-10-13,0.063000
2017-10-16,0.064000
2017-10-17,0.069000
2017-10-18,0.069000
2017-10-19,0.064000
2017-10-20,0.074000
2017-10-23,0.069000
2017-10-24,0.069000
2017-10-25,0.070000
2017-10-26,0.070000
2017-10-27,0.070000
2017-10-30,0.070000
2017-10-31,0.071000
2017-11-01,0.060000
2017-11-02,0.055000
2017-11-06,0.026000
2017-11-07,0.032000
2017-11-08,0.027000
2017-11-09,0.032000
2017-11-10,0.042000
2017-11-13,0.052000
2017-11-14,0.053000
2017-11-15,0.048000
2017-11-16,0.048000
2017-11-17,0.038000
2017-11-20,0.039000
2017-11-21,0.033000
2017-11-22,0.029000
2017-11-24,0.035000
2017-11-27,0.041000
2017-11-28,0.046000
2017-11-29,0.035000
2017-11-30,0.040000
2017-12-01,0.040000
2017-12-04,0.045000
2017-12-05,0.053000
2017-12-06,0.049000
2017-12-07,0.049000
2017-12-08,0.044000
2017-12-11,0.044000
2017-12-12,0.040000
2017-12-13,0.045000
2017-12-14,0.045000
2017-12-15,0.040000
2017-12-18,0.036000
2017-12-19,0.036000
2017-12-20,0.051000
2017-12-21,0.056000
2017-12-22,0.046000
2017-12-25,0.036000
2017-12-26,0.041000
2017-12-27,0.052000
2017-12-28,0.052000
2017-12-29,0.047000
2018-01-04,0.052000
2018-01-05,0.057000
2018-01-09,0.067000
2018-01-10,0.083000
2018-01-11,0.068000
2018-01-12,0.073000
2018-01-15,0.074000
2018-01-16,0.079000
2018-01-17,0.084000
2018-01-18,0.079000
2018-01-19,0.079000
2018-01-22,0.079000
2018-01-23,0.074000
2018-01-24,0.079000
2018-01-25,0.084000
2018-01-26,0.074000
2018-01-29,0.085000
2018-01-30,0.095000
2018-01-31,0.085000
2018-02-01,0.095000
2018-02-02,0.085000
2018-02-05,0.086000
2018-02-06,0.075000
2018-02-07,0.075000
2018-02-08,0.081000
2018-02-09,0.071000
2018-02-13,0.071000
2018-02-14,0.066000
2018-02-15,0.066000
2018-02-16,0.062000
2018-02-19,0.061000
2018-02-20,0.066000
2018-02-21,0.058000
2018-02-22,0.058000
2018-02-23,0.053000
2018-02-26,0.054000
2018-02-27,0.049000
2018-02-28,0.054000
2018-03-01,0.048000
2018-03-02,0.063000
2018-03-05,0.038000
2018-03-06,0.049000
2018-03-07,0.044000
2018-03-08,0.049000
2018-03-09,0.044000
2018-03-12,0.044000
2018-03-13,0.045000
2018-03-14,0.045000
2018-03-15,0.040000
2018-03-16,0.031000
2018-03-19,0.036000
2018-03-20,0.036000
2018-03-22,0.031000
2018-03-23,0.016000
2018-03-26,0.022000
2018-03-27,0.032000
2018-03-28,0.032000
2018-03-29,0.037000
2018-03-30,0.043000
2018-04-02,0.042000
2018-04-03,0.022000
2018-04-04,0.027000
2018-04-05,0.037000
2018-04-06,0.038000
2018-04-09,0.033000
2018-04-10,0.033000
2018-04-11,0.028000
2018-04-12,0.033000
2018-04-13,0.033000
2018-04-16,0.039000
2018-04-17,0.039000
2018-04-18,0.034000
2018-04-19,0.039000
2018-04-20,0.059000
2018-04-23,0.060000
2018-04-24,0.055000
2018-04-25,0.060000
2018-04-26,0.060000
2018-04-27,0.055000
2018-05-01,0.040000
2018-05-02,0.045000
2018-05-07,0.046000
2018-05-08,0.050000
2018-05-09,0.051000
2018-05-10,0.052000
2018-05-11,0.047000
2018-05-14,0.052000
2018-05-15,0.058000
2018-05-16,0.058000
2018-05-17,0.062000
2018-05-18,0.062000
2018-05-21,0.059000
2018-05-22,0.053000
2018-05-23,0.048000
2018-05-24,0.048000
2018-05-25,0.043000
2018-05-28,0.043000
2018-05-29,0.038000
2018-05-30,0.033000
2018-05-31,0.039000
2018-06-01,0.050000
2018-06-04,0.056000
2018-06-05,0.056000
2018-06-06,0.056000
2018-06-07,0.055000
2018-06-08,0.051000
2018-06-11,0.051000
2018-06-12,0.057000
2018-06-13,0.057000
2018-06-14,0.046000
2018-06-15,0.041000
2018-06-18,0.041000
2018-06-19,0.037000
2018-06-20,0.042000
2018-06-21,0.043000
2018-06-22,0.039000
2018-06-25,0.040000
2018-06-26,0.045000
2018-06-27,0.046000
2018-06-28,0.040000
2018-06-29,0.040000
2018-07-02,0.035000
2018-07-03,0.037000
2018-07-04,0.032000
2018-07-05,0.032000
2018-07-06,0.027000
2018-07-09,0.028000
2018-07-10,0.038000
2018-07-11,0.038000
2018-07-12,0.038000
2018-07-13,0.038000
2018-07-17,0.039000
2018-07-18,0.044000
2018-07-19,0.039000
2018-07-20,0.034000
2018-07-23,0.086000
2018-07-24,0.085000
2018-07-25,0.070000
2018-07-26,0.091000
2018-07-27,0.101000
2018-07-30,0.106000
2018-07-31,0.050000
2018-08-01,0.129000
2018-08-02,0.121000
2018-08-03,0.110000
2018-08-06,0.105000
2018-08-07,0.110000
2018-08-08,0.110000
2018-08-09,0.115000
2018-08-10,0.105000
2018-08-13,0.103000
2018-08-14,0.106000
2018-08-15,0.097000
2018-08-16,0.104000
2018-08-17,0.099000
2018-08-20,0.100000
2018-08-21,0.094000
2018-08-22,0.100000
2018-08-23,0.100000
2018-08-24,0.106000
2018-08-27,0.101000
2018-08-28,0.101000
2018-08-29,0.107000
2018-08-30,0.115000
2018-08-31,0.110000
2018-09-03,0.127000
2018-09-04,0.125000
2018-09-05,0.121000
2018-09-06,0.116000
2018-09-07,0.116000
2018-09-10,0.121000
2018-09-11,0.116000
2018-09-12,0.116000
2018-09-13,0.116000
2018-09-14,0.117000
2018-09-18,0.123000
2018-09-19,0.128000
2018-09-20,0.128000
2018-09-21,0.140000
2018-09-25,0.141000
2018-09-26,0.135000
2018-09-27,0.130000
2018-09-28,0.134000
2018-10-01,0.139000
2018-10-02,0.137000
2018-10-03,0.137000
2018-10-04,0.157000
2018-10-05,0.148000
2018-10-09,0.158000
2018-10-10,0.152000
2018-10-11,0.144000
2018-10-12,0.149000
2018-10-15,0.144000
2018-10-16,0.149000
2018-10-17,0.147000
2018-10-18,0.153000
2018-10-19,0.150000
2018-10-22,0.154000
2018-10-23,0.149000
2018-10-24,0.135000
2018-10-25,0.115000
2018-10-26,0.115000
2018-10-29,0.110000
2018-10-30,0.121000
2018-10-31,0.127000
2018-11-01,0.127000
2018-11-02,0.132000
2018-11-05,0.132000
2018-11-06,0.132000
2018-11-07,0.128000
2018-11-08,0.129000
2018-11-09,0.129000
2018-11-12,0.124000
2018-11-13,0.119000
2018-11-14,0.114000
2018-11-15,0.114000
2018-11-16,0.110000
2018-11-19,0.100000
2018-11-20,0.110000
2018-11-21,0.102000
2018-11-22,0.102000
2018-11-26,0.097000
2018-11-27,0.098000
2018-11-28,0.108000
2018-11-29,0.091000
2018-11-30,0.097000
2018-12-03,0.093000
2018-12-04,0.077000
2018-12-05,0.078000
2018-12-06,0.063000
2018-12-07,0.068000
2018-12-10,0.048000
2018-12-11,0.053000
2018-12-12,0.064000
2018-12-13,0.064000
2018-12-14,0.043000
2018-12-17,0.043000
2018-12-18,0.040000
2018-12-19,0.046000
2018-12-20,0.041000
2018-12-21,0.053000
2018-12-25,0.029000
2018-12-26,0.036000
2018-12-27,0.037000
2018-12-28,0.013000
2019-01-04,-0.023000
2019-01-07,0.000000
2019-01-08,0.014000
2019-01-09,0.029000
2019-01-10,0.024000
2019-01-11,0.014000
2019-01-15,0.014000
2019-01-16,0.006000
2019-01-17,0.007000
2019-01-18,0.010000
2019-01-21,0.004000
2019-01-22,-0.001000
2019-01-23,0.004000
2019-01-24,0.009000
2019-01-25,-0.001000
2019-01-28,0.001000
2019-01-29,0.006000
2019-01-30,0.007000
2019-01-31,0.006000
2019-02-01,-0.019000
2019-02-04,-0.009000
2019-02-05,-0.009000
2019-02-06,-0.014000
2019-02-07,-0.008000
2019-02-08,-0.024000
2019-02-12,-0.006000
2019-02-13,-0.001000
2019-02-14,-0.006000
2019-02-15,-0.016000
2019-02-18,-0.016000
2019-02-19,-0.026000
2019-02-20,-0.031000
2019-02-21,-0.037000
2019-02-22,-0.037000
2019-02-25,-0.030000
2019-02-26,-0.020000
2019-02-27,-0.018000
2019-02-28,-0.019000
2019-03-01,-0.004000
2019-03-04,0.007000
2019-03-05,0.011000
2019-03-06,0.001000
2019-03-07,-0.004000
2019-03-08,-0.028000
2019-03-11,-0.030000
2019-03-12,-0.025000
2019-03-13,-0.040000
2019-03-14,-0.033000
2019-03-15,-0.028000
2019-03-18,-0.028000
2019-03-19,-0.037000
2019-03-20,-0.027000
2019-03-22,-0.061000
2019-03-25,-0.076000
2019-03-26,-0.056000
2019-03-27,-0.056000
2019-03-28,-0.086000
2019-03-29,-0.082000
2019-04-01,-0.070000
2019-04-02,-0.053000
2019-04-03,-0.053000
2019-04-04,-0.041000
2019-04-05,-0.032000
2019-04-08,-0.047000
2019-04-09,-0.046000
2019-04-10,-0.057000
2019-04-11,-0.062000
2019-04-12,-0.051000
2019-04-15,-0.031000
2019-04-16,-0.021000
2019-04-17,-0.009000
2019-04-18,-0.026000
2019-04-19,-0.026000
2019-04-22,-0.027000
2019-04-23,-0.030000
2019-04-24,-0.037000
2019-04-25,-0.031000
2019-04-26,-0.045000
2019-05-07,-0.049000
2019-05-08,-0.049000
2019-05-09,-0.044000
2019-05-10,-0.044000
2019-05-13,-0.043000
2019-05-14,-0.048000
2019-05-15,-0.048000
2019-05-16,-0.058000
2019-05-17,-0.053000
2019-05-20,-0.042000
2019-05-21,-0.042000
2019-05-22,-0.048000
2019-05-23,-0.058000
2019-05-24,-0.068000
2019-05-27,-0.062000
2019-05-28,-0.066000
2019-05-29,-0.089000
2019-05-30,-0.077000
2019-05-31,-0.092000
2019-06-03,-0.088000
2019-06-04,-0.097000
2019-06-05,-0.123000
2019-06-06,-0.116000
2019-06-07,-0.112000
2019-06-10,-0.117000
2019-06-11,-0.107000
2019-06-12,-0.107000
2019-06-13,-0.108000
2019-06-14,-0.122000
2019-06-17,-0.122000
2019-06-18,-0.122000
2019-06-19,-0.133000
2019-06-20,-0.163000
2019-06-21,-0.162000
2019-06-24,-0.146000
2019-06-25,-0.147000
2019-06-26,-0.140000
2019-06-27,-0.134000
2019-06-28,-0.156000
2019-07-01,-0.140000
2019-07-02,-0.135000
2019-07-03,-0.160000
2019-07-04,-0.160000
2019-07-05,-0.170000
2019-07-08,-0.154000
2019-07-09,-0.144000
2019-07-10,-0.128000
2019-07-11,-0.143000
2019-07-12,-0.118000
2019-07-16,-0.123000
2019-07-17,-0.128000
2019-07-18,-0.138000
2019-07-19,-0.138000
2019-07-22,-0.138000
2019-07-23,-0.148000
2019-07-24,-0.148000
2019-07-25,-0.153000
2019-07-26,-0.153000
2019-07-29,-0.148000
2019-07-30,-0.153000
2019-07-31,-0.157000
2019-08-01,-0.131000
2019-08-02,-0.167000
2019-08-05,-0.197000
2019-08-06,-0.181000
2019-08-07,-0.198000
2019-08-08,-0.191000
2019-08-09,-0.220000
2019-08-13,-0.237000
2019-08-14,-0.221000
2019-08-15,-0.238000
2019-08-16,-0.236000
2019-08-19,-0.231000
2019-08-20,-0.236000
2019-08-21,-0.241000
2019-08-22,-0.241000
2019-08-23,-0.235000
2019-08-26,-0.276000
2019-08-27,-0.265000
2019-08-28,-0.271000
2019-08-29,-0.286000
2019-08-30,-0.275000
2019-09-02,-0.266000
2019-09-03,-0.274000
2019-09-04,-0.286000
2019-09-05,-0.269000
2019-09-06,-0.243000
2019-09-09,-0.253000
2019-09-10,-0.221000
2019-09-11,-0.201000
2019-09-12,-0.207000
2019-09-13,-0.150000
2019-09-17,-0.145000
2019-09-18,-0.178000
2019-09-19,-0.220000
2019-09-20,-0.209000
2019-09-24,-0.231000
2019-09-25,-0.246000
2019-09-26,-0.236000
2019-09-27,-0.224000
2019-09-30,-0.206000
2019-10-01,-0.139000
2019-10-02,-0.169000
2019-10-03,-0.194000
2019-10-04,-0.215000
2019-10-07,-0.230000
2019-10-08,-0.203000
2019-10-09,-0.208000
2019-10-10,-0.214000
2019-10-11,-0.183000
2019-10-15,-0.171000
2019-10-16,-0.162000
2019-10-17,-0.157000
2019-10-18,-0.151000
2019-10-21,-0.136000
2019-10-23,-0.138000
2019-10-24,-0.145000
2019-10-25,-0.145000
2019-10-28,-0.129000
2019-10-29,-0.108000
2019-10-30,-0.120000
2019-10-31,-0.139000
2019-11-01,-0.179000
2019-11-05,-0.133000
2019-11-06,-0.083000
2019-11-07,-0.083000
2019-11-08,-0.058000
2019-11-11,-0.062000
2019-11-12,-0.032000
2019-11-13,-0.043000
2019-11-14,-0.067000
2019-11-15,-0.066000
2019-11-18,-0.082000
2019-11-19,-0.087000
2019-11-20,-0.106000
2019-11-21,-0.107000
2019-11-22,-0.077000
2019-11-25,-0.081000
2019-11-26,-0.092000
2019-11-27,-0.106000
2019-11-28,-0.086000
2019-11-29,-0.075000
2019-12-02,-0.039000
2019-12-03,-0.014000
2019-12-04,-0.029000
2019-12-05,-0.035000
2019-12-06,-0.009000
2019-12-09,0.001000
2019-12-10,-0.016000
2019-12-11,0.004000
2019-12-12,-0.015000
2019-12-13,-0.014000
2019-12-16,-0.019000
2019-12-17,-0.004000
2019-12-18,-0.009000
2019-12-19,0.000000
2019-12-20,0.014000
2019-12-23,0.008000
2019-12-24,0.008000
2019-12-25,-0.011000
2019-12-26,-0.012000
2019-12-27,-0.007000
2019-12-30,-0.015000
2020-01-06,-0.025000
2020-01-07,-0.008000
2020-01-08,-0.013000
2020-01-09,-0.003000
2020-01-10,-0.003000
2020-01-14,0.012000
2020-01-15,0.008000
2020-01-16,0.008000
2020-01-17,-0.002000
2020-01-20,0.008000
2020-01-21,-0.007000
2020-01-22,-0.002000
2020-01-23,-0.023000
2020-01-24,-0.022000
2020-01-27,-0.047000
2020-01-28,-0.037000
2020-01-29,-0.037000
2020-01-30,-0.056000
2020-01-31,-0.061000
2020-02-03,-0.060000
2020-02-04,-0.049000
2020-02-05,-0.033000
2020-02-06,-0.014000
2020-02-07,-0.035000
2020-02-10,-0.055000
2020-02-12,-0.040000
2020-02-13,-0.029000
2020-02-14,-0.030000
2020-02-17,-0.034000
2020-02-18,-0.049000
2020-02-19,-0.043000
2020-02-20,-0.039000
2020-02-21,-0.060000
2020-02-25,-0.098000
2020-02-26,-0.088000
2020-02-27,-0.102000
2020-02-28,-0.153000
2020-03-02,-0.133000
2020-03-03,-0.106000
2020-03-04,-0.136000
2020-03-05,-0.104000
2020-03-06,-0.128000
2020-03-09,-0.141000
2020-03-10,-0.033000
2020-03-11,-0.057000
2020-03-12,-0.046000
2020-03-13,0.007000
2020-03-16,0.024000
2020-03-17,0.020000
2020-03-18,0.064000
2020-03-19,0.104000
2020-03-23,0.078000
2020-03-24,0.049000
2020-03-25,0.048000
2020-03-26,0.019000
2020-03-27,0.024000
2020-03-30,0.021000
2020-03-31,0.031000
2020-04-01,0.018000
2020-04-02,-0.002000
2020-04-03,-0.011000
2020-04-06,0.003000
2020-04-07,0.004000
2020-04-08,0.013000
2020-04-09,0.012000
2020-04-10,-0.001000
2020-04-13,0.004000
2020-04-14,0.013000
2020-04-15,0.019000
2020-04-16,0.003000
2020-04-17,0.013000
2020-04-20,0.014000
2020-04-21,0.018000
2020-04-22,-0.006000
2020-04-23,-0.006000
2020-04-24,-0.020000
2020-04-27,-0.034000
2020-04-28,-0.045000
2020-04-30,-0.036000
2020-05-01,-0.024000
2020-05-07,0.002000
2020-05-08,0.002000
2020-05-11,0.013000
2020-05-12,-0.003000
2020-05-13,0.003000
2020-05-14,-0.003000
2020-05-15,0.001000
2020-05-18,-0.007000
2020-05-19,0.008000
2020-05-20,0.009000
2020-05-21,0.004000
2020-05-22,-0.001000
2020-05-25,0.010000
2020-05-26,0.010000
2020-05-27,0.007000
2020-05-28,0.005000
2020-05-29,0.009000
2020-06-01,0.014000
2020-06-02,0.013000
2020-06-03,0.018000
2020-06-04,0.034000
2020-06-05,0.049000
2020-06-08,0.050000
2020-06-09,0.025000
2020-06-10,0.031000
2020-06-11,0.017000
2020-06-12,0.021000
2020-06-15,0.011000
2020-06-16,0.028000
2020-06-17,0.027000
2020-06-18,0.022000
2020-06-19,0.022000
2020-06-22,0.020000
2020-06-23,0.020000
2020-06-24,0.025000
2020-06-25,0.025000
2020-06-26,0.020000
2020-06-29,0.025000
2020-06-30,0.042000
2020-07-01,0.062000
2020-07-02,0.042000
2020-07-03,0.022000
2020-07-06,0.043000
2020-07-07,0.036000
2020-07-08,0.018000
2020-07-09,0.018000
2020-07-10,0.018000
2020-07-13,0.029000
2020-07-14,0.024000
2020-07-15,0.024000
2020-07-16,0.014000
2020-07-17,0.014000
2020-07-20,0.025000
2020-07-21,0.016000
2020-07-22,0.016000
2020-07-27,0.021000
2020-07-28,0.027000
2020-07-29,0.023000
2020-07-30,0.023000
2020-07-31,0.018000
2020-08-03,0.029000
2020-08-04,0.019000
2020-08-05,0.014000
2020-08-06,0.024000
2020-08-07,0.014000
2020-08-11,0.034000
2020-08-12,0.048000
2020-08-13,0.040000
2020-08-14,0.054000
2020-08-17,0.050000
2020-08-18,0.044000
2020-08-19,0.034000
2020-08-20,0.034000
2020-08-21,0.039000
2020-08-24,0.030000
2020-08-25,0.038000
2020-08-26,0.050000
2020-08-27,0.050000
2020-08-28,0.065000
2020-08-31,0.056000
2020-09-01,0.051000
2020-09-02,0.050000
2020-09-03,0.040000
2020-09-04,0.045000
2020-09-07,0.051000
2020-09-08,0.045000
2020-09-09,0.034000
2020-09-10,0.033000
2020-09-11,0.029000
2020-09-14,0.027000
2020-09-15,0.027000
2020-09-16,0.028000
2020-09-17,0.022000
2020-09-18,0.023000
2020-09-23,0.020000
2020-09-24,0.019000
2020-09-25,0.020000
2020-09-28,0.036000
2020-09-29,0.031000
2020-09-30,0.027000
2020-10-01,0.022000
2020-10-02,0.017000
2020-10-05,0.023000
2020-10-06,0.033000
2020-10-07,0.038000
2020-10-08,0.037000
2020-10-09,0.032000
2020-10-12,0.029000
2020-10-13,0.028000
2020-10-14,0.030000
2020-10-15,0.023000
2020-10-16,0.024000
2020-10-19,0.025000
2020-10-20,0.024000
2020-10-21,0.034000
2020-10-22,0.034000
2020-10-23,0.040000
2020-10-26,0.035000
2020-10-27,0.030000
2020-10-28,0.025000
2020-10-29,0.031000
2020-10-30,0.041000
2020-11-02,0.046000
2020-11-04,0.042000
2020-11-05,0.023000
2020-11-06,0.022000
2020-11-09,0.022000
2020-11-10,0.038000
2020-11-11,0.043000
2020-11-12,0.033000
2020-11-13,0.027000
2020-11-16,0.027000
2020-11-17,0.027000
2020-11-18,0.023000
2020-11-19,0.017000
2020-11-20,0.018000
2020-11-24,0.028000
2020-11-25,0.023000
2020-11-26,0.029000
2020-11-27,0.035000
2020-11-30,0.034000
2020-12-01,0.025000
2020-12-02,0.029000
2020-12-03,0.028000
2020-12-04,0.029000
2020-12-07,0.029000
2020-12-08,0.023000
2020-12-09,0.026000
2020-12-10,0.022000
2020-12-11,0.022000
2020-12-14,0.023000
2020-12-15,0.012000
2020-12-16,0.017000
2020-12-17,0.016000
2020-12-18,0.017000
2020-12-21,0.022000
2020-12-22,0.016000
2020-12-23,0.017000
2020-12-24,0.028000
2020-12-25,0.027000
2020-12-28,0.028000
2020-12-29,0.035000
2020-12-30,0.035000
2021-01-04,0.033000
2021-01-05,0.021000
2021-01-06,0.027000
2021-01-07,0.037000
2021-01-08,0.038000
2021-01-12,0.033000
2021-01-13,0.028000
2021-01-14,0.033000
2021-01-15,0.033000
2021-01-18,0.049000
2021-01-19,0.044000
2021-01-20,0.040000
2021-01-21,0.034000
2021-01-22,0.040000
2021-01-25,0.040000
2021-01-26,0.035000
2021-01-27,0.041000
2021-01-28,0.041000
2021-01-29,0.056000
2021-02-01,0.061000
2021-02-02,0.057000
2021-02-03,0.062000
2021-02-04,0.061000
2021-02-05,0.061000
2021-02-08,0.071000
2021-02-09,0.072000
2021-02-10,0.082000
2021-02-12,0.067000
2021-02-15,0.083000
2021-02-16,0.083000
2021-02-17,0.104000
2021-02-18,0.099000
2021-02-19,0.108000
2021-02-22,0.124000
2021-02-24,0.125000
2021-02-25,0.149000
2021-02-26,0.168000
2021-03-01,0.160000
2021-03-02,0.135000
2021-03-03,0.123000
2021-03-04,0.143000
2021-03-05,0.095000
2021-03-08,0.120000
2021-03-09,0.137000
2021-03-10,0.131000
2021-03-11,0.110000
2021-03-12,0.121000
2021-03-15,0.116000
2021-03-16,0.107000
2021-03-17,0.102000
2021-03-18,0.111000
2021-03-19,0.123000
2021-03-22,0.088000
2021-03-23,0.088000
2021-03-24,0.078000
2021-03-25,0.092000
2021-03-26,0.088000
2021-03-29,0.079000
2021-03-30,0.099000
2021-03-31,0.104000
2021-04-01,0.122000
2021-04-02,0.117000
2021-04-05,0.117000
2021-04-06,0.107000
2021-04-07,0.098000
2021-04-08,0.099000
2021-04-09,0.102000
2021-04-12,0.108000
2021-04-13,0.103000
2021-04-14,0.089000
2021-04-15,0.089000
2021-04-16,0.089000
2021-04-19,0.084000
2021-04-20,0.084000
2021-04-21,0.075000
2021-04-22,0.070000
2021-04-23,0.070000
2021-04-26,0.075000
2021-04-27,0.086000
2021-04-28,0.095000
2021-04-30,0.095000
2021-05-06,0.091000
2021-05-07,0.086000
2021-05-10,0.087000
2021-05-11,0.077000
2021-05-12,0.082000
2021-05-13,0.098000
2021-05-14,0.087000
2021-05-17,0.082000
2021-05-18,0.082000
2021-05-19,0.077000
2021-05-20,0.088000
2021-05-21,0.086000
2021-05-24,0.083000
2021-05-25,0.078000
2021-05-26,0.077000
2021-05-27,0.079000
2021-05-28,0.089000
2021-05-31,0.084000
2021-06-01,0.085000
2021-06-02,0.084000
2021-06-03,0.090000
2021-06-04,0.092000
2021-06-07,0.084000
2021-06-08,0.080000
2021-06-09,0.075000
2021-06-10,0.056000
2021-06-11,0.040000
2021-06-14,0.045000
2021-06-15,0.056000
2021-06-16,0.056000
2021-06-17,0.070000
2021-06-18,0.066000
2021-06-21,0.053000
2021-06-22,0.063000
2021-06-23,0.063000
2021-06-24,0.064000
2021-06-25,0.059000
2021-06-28,0.070000
2021-06-29,0.070000
2021-06-30,0.070000
2021-07-01,0.052000
2021-07-02,0.042000
2021-07-05,0.032000
2021-07-06,0.043000
2021-07-07,0.033000
2021-07-08,0.028000
2021-07-09,0.029000
2021-07-12,0.028000
2021-07-13,0.023000
2021-07-14,0.019000
2021-07-15,0.014000
2021-07-16,0.019000
2021-07-19,0.018000
2021-07-20,0.014000
2021-07-21,0.015000
2021-07-26,0.015000
2021-07-27,0.020000
2021-07-28,0.016000
2021-07-29,0.022000
2021-07-30,0.022000
2021-08-02,0.022000
2021-08-03,0.012000
2021-08-04,0.007000
2021-08-05,0.012000
2021-08-06,0.017000
2021-08-10,0.028000
2021-08-11,0.044000
2021-08-12,0.028000
2021-08-13,0.029000
2021-08-16,0.018000
2021-08-17,0.012000
2021-08-18,0.018000
2021-08-19,0.018000
2021-08-20,0.013000
2021-08-23,0.025000
2021-08-24,0.025000
2021-08-25,0.026000
2021-08-26,0.024000
2021-08-27,0.029000
2021-08-30,0.025000
2021-08-31,0.030000
2021-09-01,0.035000
2021-09-02,0.040000
2021-09-03,0.046000
2021-09-06,0.051000
2021-09-07,0.046000
2021-09-08,0.053000
2021-09-09,0.047000
2021-09-10,0.051000
2021-09-13,0.051000
2021-09-14,0.051000
2021-09-15,0.041000
2021-09-16,0.052000
2021-09-17,0.057000
2021-09-21,0.047000
2021-09-22,0.044000
2021-09-24,0.063000
2021-09-27,0.063000
2021-09-28,0.084000
2021-09-29,0.080000
2021-09-30,0.081000
2021-10-01,0.064000
2021-10-04,0.059000
2021-10-05,0.062000
2021-10-06,0.083000
2021-10-07,0.073000
2021-10-08,0.083000
2021-10-11,0.093000
2021-10-12,0.093000
2021-10-13,0.088000
2021-10-14,0.084000
2021-10-15,0.079000
2021-10-18,0.094000
2021-10-19,0.090000
2021-10-20,0.095000
2021-10-21,0.090000
2021-10-22,0.095000
2021-10-25,0.100000
2021-10-26,0.104000
2021-10-27,0.101000
2021-10-28,0.091000
2021-10-29,0.101000
2021-11-01,0.097000
2021-11-02,0.087000
2021-11-04,0.081000
2021-11-05,0.067000
2021-11-08,0.062000
2021-11-09,0.068000
2021-11-10,0.062000
2021-11-11,0.072000
2021-11-12,0.078000
2021-11-15,0.072000
2021-11-16,0.078000
2021-11-17,0.079000
2021-11-18,0.089000
2021-11-19,0.083000
2021-11-22,0.079000
2021-11-24,0.091000
2021-11-25,0.090000
2021-11-26,0.079000
2021-11-29,0.081000
2021-11-30,0.067000
2021-12-01,0.072000
2021-12-02,0.066000
2021-12-03,0.063000
2021-12-06,0.048000
2021-12-07,0.063000
2021-12-08,0.058000
2021-12-09,0.058000
2021-12-10,0.063000
2021-12-13,0.058000
2021-12-14,0.060000
2021-12-15,0.059000
2021-12-16,0.054000
2021-12-17,0.060000
2021-12-20,0.050000
2021-12-21,0.067000
2021-12-22,0.072000
2021-12-23,0.078000
2021-12-24,0.079000
2021-12-27,0.078000
2021-12-28,0.078000
2021-12-29,0.073000
2021-12-30,0.089000
2022-01-04,0.104000
2022-01-05,0.098000
2022-01-06,0.118000
2022-01-07,0.133000
2022-01-11,0.153000
2022-01-12,0.129000
2022-01-13,0.129000
2022-01-14,0.150000
2022-01-17,0.145000
2022-01-18,0.150000
2022-01-19,0.139000
2022-01-20,0.145000
2022-01-21,0.135000
2022-01-24,0.141000
2022-01-25,0.141000
2022-01-26,0.141000
2022-01-27,0.161000
2022-01-28,0.172000
2022-01-31,0.177000
2022-02-01,0.187000
2022-02-02,0.182000
2022-02-03,0.182000
2022-02-04,0.203000
2022-02-07,0.202000
2022-02-08,0.213000
2022-02-09,0.212000
2022-02-10,0.233000
2022-02-14,0.223000
2022-02-15,0.219000
2022-02-16,0.223000
2022-02-17,0.227000
2022-02-18,0.223000
2022-02-21,0.213000
2022-02-22,0.197000
2022-02-24,0.193000
2022-02-25,0.214000
2022-02-28,0.191000
2022-03-01,0.186000
2022-03-02,0.144000
2022-03-03,0.178000
2022-03-04,0.164000
2022-03-07,0.153000
2022-03-08,0.165000
2022-03-09,0.174000
2022-03-10,0.198000
2022-03-11,0.193000
2022-03-14,0.204000
2022-03-15,0.219000
2022-03-16,0.213000
2022-03-17,0.213000
2022-03-18,0.218000
2022-03-22,0.229000
2022-03-23,0.234000
2022-03-24,0.243000
2022-03-25,0.248000
2022-03-28,0.263000
2022-03-29,0.255000
2022-03-30,0.224000
2022-03-31,0.218000
2022-04-01,0.226000
2022-04-04,0.223000
2022-04-05,0.212000
2022-04-06,0.238000
2022-04-07,0.232000
2022-04-08,0.227000
2022-04-11,0.236000
2022-04-12,0.241000
2022-04-13,0.236000
2022-04-14,0.237000
2022-04-15,0.242000
2022-04-18,0.242000
2022-04-19,0.244000
2022-04-20,0.253000
2022-04-21,0.249000
2022-04-22,0.250000
2022-04-25,0.250000
2022-04-26,0.251000
2022-04-27,0.250000
2022-04-28,0.220000
2022-05-02,0.231000
2022-05-06,0.247000
2022-05-09,0.253000
2022-05-10,0.253000
2022-05-11,0.253000
2022-05-12,0.251000
2022-05-13,0.247000
2022-05-16,0.247000
2022-05-17,0.247000
2022-05-18,0.246000
2022-05-19,0.246000
2022-05-20,0.243000
2022-05-23,0.244000
2022-05-24,0.239000
2022-05-25,0.215000
2022-05-26,0.240000
2022-05-27,0.236000
2022-05-30,0.241000
2022-05-31,0.246000
2022-06-01,0.242000
2022-06-02,0.251000
2022-06-03,0.241000
2022-06-06,0.252000
2022-06-07,0.257000
2022-06-08,0.257000
2022-06-09,0.255000
2022-06-10,0.261000
2022-06-13,0.264000
2022-06-14,0.264000
2022-06-15,0.271000
2022-06-16,0.269000
2022-06-17,0.239000
2022-06-20,0.248000
2022-06-21,0.252000
2022-06-22,0.255000
2022-06-23,0.246000
2022-06-24,0.240000
2022-06-27,0.252000
2022-06-28,0.252000
2022-06-29,0.246000
2022-06-30,0.242000
2022-07-01,0.229000
2022-07-04,0.235000
2022-07-05,0.253000
2022-07-06,0.248000
2022-07-07,0.249000
2022-07-08,0.248000
2022-07-11,0.244000
2022-07-12,0.244000
2022-07-13,0.235000
2022-07-14,0.235000
2022-07-15,0.235000
2022-07-19,0.238000
2022-07-20,0.244000
2022-07-21,0.239000
2022-07-22,0.222000
2022-07-25,0.208000
2022-07-26,0.215000
2022-07-27,0.211000
2022-07-28,0.209000
2022-07-29,0.185000
2022-08-01,0.190000
2022-08-02,0.180000
2022-08-03,0.195000
2022-08-04,0.181000
2022-08-05,0.172000
2022-08-08,0.182000
2022-08-09,0.172000
2022-08-10,0.202000
2022-08-12,0.197000
2022-08-15,0.197000
2022-08-16,0.178000
2022-08-17,0.192000
2022-08-18,0.208000
2022-08-19,0.208000
2022-08-22,0.235000
2022-08-23,0.231000
2022-08-24,0.236000
2022-08-25,0.241000
2022-08-26,0.230000
2022-08-29,0.254000
2022-08-30,0.234000
2022-08-31,0.235000
2022-09-01,0.250000
2022-09-02,0.250000
2022-09-05,0.245000
2022-09-06,0.253000
2022-09-07,0.263000
2022-09-08,0.263000
2022-09-09,0.265000
2022-09-12,0.265000
2022-09-13,0.260000
2022-09-14,0.270000
2022-09-15,0.272000
2022-09-16,0.273000
2022-09-20,0.274000
2022-09-21,0.287000
2022-09-22,0.270000
2022-09-26,0.287000
2022-09-27,0.294000
2022-09-28,0.284000
2022-09-29,0.283000
2022-09-30,0.277000
2022-10-03,0.267000
2022-10-04,0.249000
2022-10-05,0.249000
2022-10-06,0.249000
2022-10-07,0.250000
2022-10-11,0.256000
2022-10-12,0.257000
2022-10-13,0.252000
2022-10-14,0.253000
2022-10-17,0.259000
2022-10-18,0.259000
2022-10-19,0.259000
2022-10-20,0.261000
2022-10-21,0.261000
2022-10-24,0.263000
2022-10-25,0.263000
2022-10-26,0.264000
2022-10-27,0.265000
2022-10-28,0.254000
2022-10-31,0.253000
2022-11-01,0.264000
2022-11-02,0.258000
2022-11-04,0.263000
2022-11-07,0.265000
2022-11-08,0.267000
2022-11-09,0.267000
2022-11-10,0.263000
2022-11-11,0.252000
2022-11-14,0.259000
2022-11-15,0.259000
2022-11-16,0.260000
2022-11-17,0.261000
2022-11-18,0.267000
2022-11-21,0.263000
2022-11-22,0.263000
2022-11-24,0.268000
2022-11-25,0.275000
2022-11-28,0.278000
2022-11-29,0.278000
2022-11-30,0.276000
2022-12-01,0.276000
2022-12-02,0.279000
2022-12-05,0.281000
2022-12-06,0.282000
2022-12-07,0.281000
2022-12-08,0.278000
2022-12-09,0.277000
2022-12-12,0.280000
2022-12-13,0.278000
2022-12-14,0.277000
2022-12-15,0.281000
2022-12-16,0.280000
2022-12-19,0.282000
2022-12-20,0.432000
2022-12-21,0.517000
2022-12-22,0.431000
2022-12-23,0.424000
2022-12-26,0.482000
2022-12-27,0.501000
2022-12-28,0.493000
2022-12-29,0.489000
2022-12-30,0.454000
2023-01-04,0.491000
2023-01-05,0.508000
2023-01-06,0.508000
2023-01-10,0.509000
2023-01-11,0.509000
2023-01-12,0.509000
2023-01-13,0.508000
2023-01-16,0.510000
2023-01-17,0.512000
2023-01-18,0.430000
2023-01-19,0.422000
2023-01-20,0.418000
2023-01-23,0.396000
2023-01-24,0.427000
2023-01-25,0.457000
2023-01-26,0.483000
2023-01-27,0.497000
2023-01-30,0.497000
2023-01-31,0.511000
2023-02-01,0.500000
2023-02-02,0.515000
2023-02-03,0.503000
2023-02-06,0.511000
2023-02-07,0.511000
2023-02-08,0.511000
2023-02-09,0.511000
2023-02-10,0.514000
2023-02-13,0.524000
2023-02-14,0.524000
2023-02-15,0.525000
2023-02-16,0.526000
2023-02-17,0.528000
2023-02-20,0.530000
2023-02-21,0.531000
2023-02-22,0.531000
2023-02-24,0.530000
2023-02-27,0.532000
2023-02-28,0.524000
2023-03-01,0.525000
2023-03-02,0.527000
2023-03-03,0.527000
2023-03-06,0.530000
2023-03-07,0.528000
2023-03-08,0.529000
2023-03-09,0.530000
2023-03-10,0.428000
2023-03-13,0.342000
2023-03-14,0.314000
2023-03-15,0.360000
2023-03-16,0.325000
2023-03-17,0.317000
2023-03-20,0.281000
2023-03-22,0.378000
2023-03-23,0.339000
2023-03-24,0.321000
2023-03-27,0.330000
2023-03-28,0.337000
2023-03-29,0.335000
2023-03-30,0.362000
2023-03-31,0.389000
2023-04-03,0.422000
2023-04-04,0.478000
2023-04-05,0.473000
2023-04-06,0.472000
2023-04-07,0.462000
2023-04-10,0.468000
2023-04-11,0.459000
2023-04-12,0.469000
2023-04-13,0.465000
2023-04-14,0.465000
2023-04-17,0.489000
2023-04-18,0.480000
2023-04-19,0.480000
2023-04-20,0.480000
2023-04-21,0.470000
2023-04-24,0.476000
2023-04-25,0.486000
2023-04-26,0.466000
2023-04-27,0.466000
2023-04-28,0.403000
2023-05-01,0.413000
2023-05-02,0.428000
2023-05-08,0.424000
2023-05-09,0.435000
2023-05-10,0.425000
2023-05-11,0.399000
2023-05-12,0.396000
2023-05-15,0.421000
2023-05-16,0.406000
2023-05-17,0.375000
2023-05-18,0.395000
2023-05-19,0.415000
2023-05-22,0.397000
2023-05-23,0.410000
2023-05-24,0.421000
2023-05-25,0.441000
2023-05-26,0.432000
2023-05-29,0.453000
2023-05-30,0.448000
2023-05-31,0.448000
2023-06-01,0.434000
2023-06-02,0.430000
2023-06-05,0.450000
2023-06-06,0.440000
2023-06-07,0.434000
2023-06-08,0.455000
2023-06-09,0.451000
2023-06-12,0.446000
2023-06-13,0.438000
2023-06-14,0.447000
2023-06-15,0.447000
2023-06-16,0.422000
2023-06-19,0.413000
2023-06-20,0.406000
2023-06-21,0.393000
2023-06-22,0.395000
2023-06-23,0.390000
2023-06-26,0.378000
2023-06-27,0.398000
2023-06-28,0.414000
2023-06-29,0.409000
2023-06-30,0.426000
2023-07-03,0.432000
2023-07-04,0.400000
2023-07-05,0.384000
2023-07-06,0.409000
2023-07-07,0.439000
2023-07-10,0.468000
2023-07-11,0.454000
2023-07-12,0.480000
2023-07-13,0.470000
2023-07-14,0.480000
2023-07-18,0.485000
2023-07-19,0.466000
2023-07-20,0.465000
2023-07-21,0.481000
2023-07-24,0.461000
2023-07-25,0.466000
2023-07-26,0.451000
2023-07-27,0.443000
2023-07-28,0.551000
2023-07-31,0.605000
2023-08-01,0.596000
2023-08-02,0.630000
2023-08-03,0.654000
2023-08-04,0.643000
2023-08-07,0.625000
2023-08-08,0.610000
2023-08-09,0.572000
2023-08-10,0.591000
2023-08-14,0.621000
2023-08-15,0.632000
2023-08-16,0.631000
2023-08-17,0.657000
2023-08-18,0.632000
2023-08-21,0.657000
2023-08-22,0.673000
2023-08-23,0.682000
2023-08-24,0.654000
2023-08-25,0.663000
2023-08-28,0.669000
2023-08-29,0.650000
2023-08-30,0.661000
2023-08-31,0.657000
2023-09-01,0.636000
2023-09-04,0.652000
2023-09-05,0.666000
2023-09-06,0.662000
2023-09-07,0.667000
2023-09-08,0.658000
2023-09-11,0.715000
2023-09-12,0.716000
2023-09-13,0.715000
2023-09-14,0.715000
2023-09-15,0.715000
2023-09-19,0.727000
2023-09-20,0.731000
2023-09-21,0.758000
2023-09-22,0.754000
2023-09-25,0.738000
2023-09-26,0.752000
2023-09-27,0.747000
2023-09-28,0.765000
2023-09-29,0.774000
2023-10-02,0.779000
2023-10-03,0.764000
2023-10-04,0.808000
2023-10-05,0.803000
2023-10-06,0.802000
2023-10-10,0.776000
2023-10-11,0.776000
2023-10-12,0.756000
2023-10-13,0.765000
2023-10-16,0.757000
2023-10-17,0.787000
2023-10-18,0.811000
2023-10-19,0.845000
2023-10-20,0.841000
2023-10-23,0.865000
2023-10-24,0.846000
2023-10-25,0.856000
2023-10-26,0.884000
2023-10-27,0.875000
2023-10-30,0.895000
2023-10-31,0.952000
2023-11-01,0.959000
2023-11-02,0.920000
2023-11-06,0.876000
2023-11-07,0.882000
2023-11-08,0.852000
2023-11-09,0.843000
2023-11-10,0.859000
2023-11-13,0.879000
2023-11-14,0.860000
2023-11-15,0.807000
2023-11-16,0.798000
2023-11-17,0.765000
2023-11-20,0.756000
2023-11-21,0.712000
2023-11-22,0.742000
2023-11-24,0.786000
2023-11-27,0.787000
2023-11-28,0.768000
2023-11-29,0.695000
2023-11-30,0.691000
2023-12-01,0.720000
2023-12-04,0.712000
2023-12-05,0.687000
2023-12-06,0.667000
2023-12-07,0.771000
2023-12-08,0.791000
2023-12-11,0.798000
2023-12-12,0.758000
2023-12-13,0.709000
2023-12-14,0.693000
2023-12-15,0.728000
2023-12-18,0.689000
2023-12-19,0.663000
2023-12-20,0.581000
2023-12-21,0.610000
2023-12-22,0.651000
2023-12-25,0.637000
2023-12-26,0.657000
2023-12-27,0.624000
2023-12-28,0.616000
2023-12-29,0.647000
2024-01-04,0.649000
2024-01-05,0.634000
2024-01-09,0.614000
2024-01-10,0.621000
2024-01-11,0.605000
2024-01-12,0.591000
2024-01-15,0.563000
2024-01-16,0.596000
2024-01-17,0.612000
2024-01-18,0.656000
2024-01-19,0.671000
2024-01-22,0.657000
2024-01-23,0.643000
2024-01-24,0.721000
2024-01-25,0.750000
2024-01-26,0.721000
2024-01-29,0.727000
2024-01-30,0.714000
2024-01-31,0.737000
2024-02-01,0.699000
2024-02-02,0.667000
2024-02-05,0.725000
2024-02-06,0.725000
2024-02-07,0.714000
2024-02-08,0.706000
2024-02-09,0.731000
2024-02-13,0.736000
2024-02-14,0.764000
2024-02-15,0.736000
2024-02-16,0.737000
2024-02-19,0.738000
2024-02-20,0.742000
2024-02-21,0.732000
2024-02-22,0.727000
2024-02-26,0.699000
2024-02-27,0.704000
2024-02-28,0.709000
2024-02-29,0.724000
2024-03-01,0.728000
2024-03-04,0.725000
2024-03-05,0.714000
2024-03-06,0.725000
2024-03-07,0.741000
2024-03-08,0.746000
2024-03-11,0.777000
2024-03-12,0.783000
2024-03-13,0.773000
2024-03-14,0.792000
2024-03-15,0.802000
2024-03-18,0.774000
2024-03-19,0.744000
2024-03-21,0.762000
2024-03-22,0.762000
2024-03-25,0.752000
2024-03-26,0.757000
2024-03-27,0.738000
2024-03-28,0.730000
2024-03-29,0.750000
2024-04-01,0.765000
2024-04-02,0.770000
2024-04-03,0.770000
2024-04-04,0.780000
2024-04-05,0.771000
2024-04-08,0.792000
2024-04-09,0.786000
2024-04-10,0.801000
2024-04-11,0.854000
2024-04-12,0.864000
2024-04-15,0.864000
2024-04-16,0.870000
2024-04-17,0.889000
2024-04-18,0.871000
2024-04-19,0.837000
2024-04-22,0.885000
2024-04-23,0.886000
2024-04-24,0.891000
2024-04-25,0.896000
2024-04-26,0.925000
2024-04-30,0.879000
2024-05-01,0.898000
2024-05-02,0.908000
2024-05-07,0.881000
2024-05-08,0.887000
2024-05-09,0.916000
2024-05-10,0.917000
2024-05-13,0.946000
2024-05-14,0.969000
2024-05-15,0.962000
2024-05-16,0.934000
2024-05-17,0.957000
2024-05-20,0.987000
2024-05-21,0.992000
2024-05-22,1.007000
2024-05-23,1.011000
2024-05-24,1.016000
2024-05-27,1.031000
2024-05-28,1.047000
2024-05-29,1.084000
2024-05-30,1.066000
2024-05-31,1.080000
2024-06-03,1.071000
2024-06-04,1.043000
2024-06-05,1.014000
2024-06-06,0.972000
2024-06-07,0.986000
2024-06-10,1.045000
2024-06-11,1.035000
2024-06-12,1.000000
2024-06-13,0.982000
2024-06-14,0.950000
2024-06-17,0.947000
2024-06-18,0.963000
2024-06-19,0.955000
2024-06-20,0.973000
2024-06-21,0.999000
2024-06-24,1.010000
2024-06-25,1.020000
2024-06-26,1.044000
2024-06-27,1.092000
2024-06-28,1.062000
2024-07-01,1.083000
2024-07-02,1.104000
2024-07-03,1.100000
2024-07-04,1.086000
2024-07-05,1.072000
2024-07-08,1.092000
2024-07-09,1.079000
2024-07-10,1.093000
2024-07-11,1.089000
2024-07-12,1.055000
2024-07-16,1.032000
2024-07-17,1.042000
2024-07-18,1.047000
2024-07-19,1.053000
2024-07-22,1.063000
2024-07-23,1.073000
2024-07-24,1.084000
2024-07-25,1.078000
2024-07-26,1.068000
2024-07-29,1.041000
2024-07-30,1.012000
2024-07-31,1.070000
2024-08-01,1.046000
2024-08-02,0.974000
2024-08-05,0.781000
2024-08-06,0.908000
2024-08-07,0.899000
2024-08-08,0.855000
2024-08-09,0.881000
2024-08-13,0.869000
2024-08-14,0.833000
2024-08-15,0.861000
2024-08-16,0.898000
2024-08-19,0.914000
2024-08-20,0.916000
2024-08-21,0.896000
2024-08-22,0.900000
2024-08-23,0.919000
2024-08-26,0.910000
2024-08-27,0.906000
2024-08-28,0.921000
2024-08-29,0.917000
2024-08-30,0.922000
2024-09-02,0.936000
2024-09-03,0.952000
2024-09-04,0.917000
2024-09-05,0.904000
2024-09-06,0.880000
2024-09-09,0.925000
2024-09-10,0.926000
2024-09-11,0.886000
2024-09-12,0.896000
2024-09-13,0.878000
2024-09-17,0.863000
2024-09-18,0.860000
2024-09-19,0.889000
2024-09-20,0.898000
2024-09-24,0.848000
2024-09-25,0.852000
2024-09-26,0.872000
2024-09-27,0.849000
2024-09-30,0.894000
2024-10-01,0.894000
2024-10-02,0.859000
2024-10-03,0.867000
2024-10-04,0.886000
2024-10-07,0.926000
2024-10-08,0.926000
2024-10-09,0.936000
2024-10-10,0.960000
2024-10-11,0.950000
2024-10-15,0.976000
2024-10-16,0.957000
2024-10-17,0.967000
2024-10-18,0.972000
2024-10-21,0.963000
2024-10-22,0.983000
2024-10-23,0.983000
2024-10-24,0.964000
2024-10-25,0.955000
2024-10-28,0.981000
2024-10-29,0.981000
2024-10-30,0.961000
2024-10-31,0.947000
2024-11-01,0.952000
2024-11-05,0.944000
2024-11-06,0.993000
2024-11-07,1.016000
2024-11-08,1.011000
2024-11-11,1.009000
2024-11-12,1.019000
2024-11-13,1.053000
2024-11-14,1.069000
2024-11-15,1.082000
2024-11-18,1.083000
2024-11-19,1.078000
2024-11-20,1.077000
2024-11-21,1.106000
2024-11-22,1.092000
2024-11-25,1.084000
2024-11-26,1.074000
2024-11-27,1.083000
2024-11-28,1.065000
2024-11-29,1.064000
2024-12-02,1.091000
2024-12-03,1.091000
2024-12-04,1.068000
2024-12-05,1.082000
2024-12-06,1.068000
2024-12-09,1.054000
2024-12-10,1.078000
2024-12-11,1.083000
2024-12-12,1.065000
2024-12-13,1.055000
2024-12-16,1.084000
2024-12-17,1.094000
2024-12-18,1.079000
2024-12-19,1.097000
2024-12-20,1.070000
2024-12-23,1.081000
2024-12-24,1.086000
2024-12-25,1.086000
2024-12-26,1.103000
2024-12-27,1.119000
2024-12-30,1.111000
2025-01-06,1.145000
2025-01-07,1.148000
2025-01-08,1.182000
2025-01-09,1.178000
2025-01-10,1.202000
2025-01-14,1.246000
2025-01-15,1.255000
2025-01-16,1.207000
2025-01-17,1.207000
2025-01-20,1.199000
2025-01-21,1.194000
2025-01-22,1.205000
2025-01-23,1.215000
2025-01-24,1.238000
2025-01-27,1.225000
2025-01-28,1.201000
2025-01-29,1.201000
2025-01-30,1.221000
2025-01-31,1.250000
2025-02-03,1.254000
2025-02-04,1.282000
2025-02-05,1.289000
2025-02-06,1.270000
2025-02-07,1.307000
2025-02-10,1.318000
2025-02-12,1.346000
2025-02-13,1.357000
2025-02-14,1.357000
2025-02-17,1.390000
2025-02-18,1.432000
2025-02-19,1.432000
2025-02-20,1.441000
2025-02-21,1.427000
2025-02-25,1.387000
2025-02-26,1.373000
2025-02-27,1.398000
2025-02-28,1.378000
2025-03-03,1.412000
2025-03-04,1.428000
2025-03-05,1.448000
2025-03-06,1.517000
2025-03-07,1.523000
2025-03-10,1.575000
2025-03-11,1.511000
2025-03-12,1.527000
2025-03-13,1.549000
2025-03-14,1.522000
2025-03-17,1.513000
2025-03-18,1.507000
2025-03-19,1.520000
2025-03-21,1.527000
2025-03-24,1.549000
2025-03-25,1.578000
2025-03-26,1.583000
2025-03-27,1.588000
2025-03-28,1.551000
2025-03-31,1.497000
2025-04-01,1.511000
2025-04-02,1.481000
2025-04-03,1.366000
2025-04-04,1.176000
2025-04-07,1.129000
2025-04-08,1.268000
2025-04-09,1.284000
2025-04-10,1.379000
2025-04-11,1.357000
2025-04-14,1.350000
2025-04-15,1.377000
2025-04-16,1.305000
2025-04-17,1.320000
2025-04-18,1.302000
2025-04-21,1.302000
2025-04-22,1.323000
2025-04-23,1.340000
2025-04-24,1.328000
2025-04-25,1.347000
2025-04-28,1.329000
2025-04-30,1.330000
2025-05-01,1.291000
2025-05-02,1.283000
2025-05-07,1.318000
2025-05-08,1.343000
2025-05-09,1.370000
2025-05-12,1.405000
2025-05-13,1.460000
2025-05-14,1.466000
2025-05-15,1.489000
2025-05-16,1.466000
2025-05-19,1.494000
2025-05-20,1.530000
2025-05-21,1.530000
2025-05-22,1.573000
2025-05-23,1.559000
2025-05-26,1.522000
2025-05-27,1.479000
2025-05-28,1.531000
2025-05-29,1.532000
2025-05-30,1.518000
2025-06-02,1.523000
2025-06-03,1.499000
2025-06-04,1.518000
2025-06-05,1.481000
2025-06-06,1.477000
2025-06-09,1.491000
2025-06-10,1.498000
2025-06-11,1.480000
2025-06-12,1.480000
2025-06-13,1.429000
2025-06-16,1.477000
2025-06-17,1.498000
2025-06-18,1.479000
2025-06-19,1.439000
2025-06-20,1.424000
2025-06-23,1.437000
2025-06-24,1.445000
2025-06-25,1.426000
2025-06-26,1.445000
2025-06-27,1.459000
2025-06-30,1.462000
2025-07-01,1.419000
2025-07-02,1.434000
2025-07-03,1.448000
2025-07-04,1.444000
2025-07-07,1.463000
2025-07-08,1.492000
2025-07-09,1.507000
2025-07-10,1.498000
2025-07-11,1.507000
2025-07-14,1.574000
2025-07-15,1.588000
2025-07-16,1.575000
2025-07-17,1.561000
2025-07-18,1.528000
2025-07-22,1.510000
2025-07-23,1.596000
2025-07-24,1.605000
2025-07-25,1.605000
2025-07-28,1.571000
2025-07-29,1.564000
2025-07-30,1.565000
2025-07-31,1.559000
2025-08-01,1.560000
2025-08-04,1.520000
2025-08-05,1.487000
2025-08-06,1.509000
2025-08-07,1.500000
2025-08-08,1.502000
2025-08-12,1.516000
2025-08-13,1.530000
2025-08-14,1.563000
2025-08-15,1.574000
2025-08-18,1.584000
2025-08-19,1.603000
2025-08-20,1.617000
2025-08-21,1.617000
2025-08-22,1.626000
2025-08-25,1.628000
2025-08-26,1.631000
2025-08-27,1.637000
2025-08-28,1.628000
2025-08-29,1.613000
2025-09-01,1.633000
2025-09-02,1.615000
2025-09-03,1.643000
2025-09-04,1.617000
2025-09-05,1.590000
2025-09-08,1.586000
2025-09-09,1.580000
2025-09-10,1.585000
2025-09-11,1.594000
2025-09-12,1.613000
2025-09-16,1.623000
2025-09-17,1.611000
2025-09-18,1.615000
2025-09-19,1.655000
2025-09-22,1.669000
2025-09-24,1.655000
2025-09-25,1.659000
2025-09-26,1.669000
2025-09-29,1.657000
2025-09-30,1.662000
2025-10-01,1.663000
2025-10-02,1.675000
2025-10-03,1.667000
2025-10-06,1.677000
2025-10-07,1.682000
2025-10-08,1.701000
2025-10-09,1.697000
2025-10-10,1.697000
2025-10-14,1.670000
2025-10-15,1.662000
2025-10-16,1.663000
2025-10-17,1.638000
2025-10-20,1.676000
2025-10-21,1.667000
2025-10-22,1.663000
2025-10-23,1.667000
2025-10-24,1.667000
2025-10-27,1.683000
2025-10-28,1.654000
2025-10-29,1.664000
2025-10-30,1.660000
2025-10-31,1.670000
2025-11-04,1.684000
2025-11-05,1.676000
2025-11-06,1.694000
2025-11-07,1.688000
2025-11-10,1.712000
2025-11-11,1.704000
2025-11-12,1.700000
2025-11-13,1.705000
2025-11-14,1.714000
2025-11-17,1.745000
2025-11-18,1.759000
2025-11-19,1.779000
2025-11-20,1.824000
2025-11-21,1.792000
2025-11-25,1.811000
2025-11-26,1.825000
2025-11-27,1.807000
2025-11-28,1.812000
2025-12-01,1.881000
2025-12-02,1.864000
2025-12-03,1.897000
2025-12-04,1.939000
2025-12-05,1.951000
2025-12-08,1.966000
2025-12-09,1.962000
2025-12-10,1.958000
2025-12-11,1.933000
2025-12-12,1.956000
2025-12-15,1.961000
2025-12-16,1.957000
2025-12-17,1.980000
2025-12-18,1.972000
2025-12-19,2.021000
2025-12-22,2.073000
2025-12-23,2.039000
2025-12-24,2.044000
2025-12-25,2.042000
2025-12-26,2.039000
2025-12-29,2.052000
2025-12-30,2.066000
2026-01-05,2.111000
2026-01-06,2.123000
2026-01-07,2.124000
2026-01-08,2.083000
2026-01-09,2.096000
2026-01-13,2.163000
2026-01-14,2.182000
2026-01-15,2.164000
2026-01-16,2.182000
2026-01-19,2.266000
2026-01-20,2.330000
2026-01-21,2.280000
2026-01-22,2.239000
2026-01-23,2.253000
2026-01-26,2.236000
2026-01-27,2.281000
2026-01-28,2.237000
2026-01-29,2.252000
2026-01-30,2.247000
2026-02-02,2.235000
2026-02-03,2.258000
2026-02-04,2.249000
2026-02-05,2.231000
2026-02-06,2.236000
2026-02-09,2.289000
2026-02-10,2.241000
2026-02-12,2.238000
2026-02-13,2.218000
2026-02-16,2.220000
2026-02-17,2.143000
2026-02-18,2.152000
2026-02-19,2.157000
2026-02-20,2.125000
2026-02-24,2.119000
2026-02-25,2.154000
2026-02-26,2.168000
2026-02-27,2.132000
2026-03-02,2.087000
2026-03-03,2.148000
2026-03-04,2.134000
2026-03-05,2.175000
2026-03-06,2.180000
2026-03-09,2.205000
2026-03-10,2.199000
2026-03-11,2.178000
2026-03-12,2.201000
2026-03-13,2.255000
2026-03-16,2.288000
2026-03-17,2.279000
2026-03-18,2.231000
2026-03-19,2.273000
2026-03-23,2.322000
2026-03-24,2.282000
2026-03-25,2.267000
2026-03-26,2.286000
2026-03-27,2.380000
2026-03-30,2.368000
2026-03-31,2.366000
2026-04-01,2.315000
2026-04-02,2.395000
2026-04-03,2.386000
2026-04-06,2.429000
2026-04-07,2.411000
2026-04-08,2.374000
2026-04-09,2.397000
2026-04-10,2.439000
2026-04-13,2.467000
2026-04-14,2.423000
2026-04-15,2.414000
2026-04-16,2.409000
2026-04-17,2.428000
2026-04-20,2.405000
2026-04-21,2.392000
2026-04-22,2.406000
2026-04-23,2.429000
2026-04-24,2.443000
2026-04-27,2.477000
2026-04-28,2.468000
2026-04-30,2.520000
2026-05-01,2.507000
2026-05-07,2.485000
2026-05-08,2.485000
2026-05-11,2.527000
2026-05-12,2.546000
2026-05-13,2.587000
2026-05-14,2.628000
2026-05-15,2.691000
2026-05-18,2.729000
2026-05-19,2.783000
2026-05-20,2.770000
2026-05-21,2.748000
2026-05-22,2.749000
2026-05-25,2.686000
2026-05-26,2.713000
2026-05-27,2.687000
2026-05-28,2.692000
2026-05-29,2.657000
2026-06-01,2.682000
2026-06-02,2.577000
2026-06-03,2.645000
2026-06-04,2.671000
2026-06-05,2.669000
2026-06-08,2.715000
2026-06-09,2.669000
2026-06-10,2.681000
2026-06-11,2.682000
2026-06-12,2.643000
2026-06-15,2.589000
2026-06-16,2.655000
2026-06-17,2.613000
2026-06-18,2.628000
2026-06-19,2.656000
2026-06-22,2.677000
2026-06-23,2.683000
2026-06-24,2.674000
2026-06-25,2.637000
2026-06-26,2.611000
2026-06-29,2.644000
2026-06-30,2.690000
2026-07-01,2.711000
2026-07-02,2.778000
2026-07-03,2.768000
2026-07-06,2.823000
2026-07-07,2.834000
2026-07-08,2.856000
2026-07-09,2.866000
2026-07-10,2.761000
2026-07-13,2.786000
2026-07-14,2.713000
2026-07-15,2.697000
2026-07-16,2.719000
2026-07-17,2.715000
2026-07-21,2.731000
2026-07-22,2.745000
2026-07-23,2.776000
2026-07-24,2.815000
2026-07-27,2.778000
2026-07-28,2.783000
2026-07-29,2.757000
2026-07-30,2.801000
2026-07-31,2.801000
2026-08-03,2.824000
2026-08-04,2.848000
2026-08-05,2.813000
2026-08-06,2.773000
2026-08-07,2.804000
2026-08-10,2.815000
2026-08-12,2.856000
2026-08-13,2.873000
2026-08-14,2.878000
2026-08-17,2.919000
2026-08-18,2.934000
2026-08-19,2.894000
2026-08-20,2.854000
2026-08-21,2.882000
2026-08-24,2.887000
2026-08-25,2.897000
2026-08-26,2.892000
2026-08-27,2.897000
2026-08-28,2.930000
2026-08-31,2.943000
