date,taux
1974-09-24,8.348000
1974-09-25,8.348000
1974-09-26,8.348000
1974-09-27,8.349000
1974-09-28,8.349000
1974-09-30,8.350000
1974-10-01,8.354000
1974-10-02,8.354000
1974-10-03,8.354000
1974-10-04,8.355000
1974-10-05,8.355000
1974-10-07,8.356000
1974-10-08,8.357000
1974-10-09,8.357000
1974-10-11,8.358000
1974-10-12,8.359000
1974-10-14,8.359000
1974-10-15,8.360000
1974-10-16,8.360000
1974-10-17,8.361000
1974-10-18,8.361000
1974-10-21,8.362000
1974-10-22,8.363000
1974-10-23,8.363000
1974-10-24,8.364000
1974-10-25,8.364000
1974-10-26,8.365000
1974-10-28,8.366000
1974-10-29,8.366000
1974-10-30,8.366000
1974-10-31,8.367000
1974-11-01,8.367000
1974-11-02,8.368000
1974-11-05,8.369000
1974-11-06,8.369000
1974-11-07,8.370000
1974-11-08,8.370000
1974-11-09,8.371000
1974-11-11,8.372000
1974-11-12,8.372000
1974-11-13,8.372000
1974-11-14,8.373000
1974-11-15,8.373000
1974-11-18,8.375000
1974-11-19,8.376000
1974-11-20,8.380000
1974-11-21,8.387000
1974-11-22,8.394000
1974-11-25,8.395000
1974-11-26,8.395000
1974-11-27,8.395000
1974-11-28,8.395000
1974-11-29,8.396000
1974-11-30,8.396000
1974-12-02,8.397000
1974-12-03,8.397000
1974-12-04,8.397000
1974-12-05,8.397000
1974-12-06,8.398000
1974-12-07,8.398000
1974-12-09,8.398000
1974-12-10,8.399000
1974-12-11,8.399000
1974-12-12,8.399000
1974-12-13,8.400000
1974-12-14,8.400000
1974-12-16,8.400000
1974-12-17,8.401000
1974-12-18,8.401000
1974-12-19,8.401000
1974-12-20,8.401000
1974-12-23,8.402000
1974-12-24,8.403000
1974-12-25,8.403000
1974-12-26,8.403000
1974-12-27,8.403000
1974-12-28,8.404000
1975-01-04,8.402000
1975-01-06,8.403000
1975-01-07,8.403000
1975-01-08,8.403000
1975-01-09,8.404000
1975-01-10,8.404000
1975-01-11,8.404000
1975-01-13,8.405000
1975-01-14,8.405000
1975-01-16,8.405000
1975-01-17,8.406000
1975-01-20,8.406000
1975-01-21,8.407000
1975-01-22,8.407000
1975-01-23,8.407000
1975-01-24,8.407000
1975-01-25,8.408000
1975-01-27,8.408000
1975-01-28,8.408000
1975-01-29,8.409000
1975-01-30,8.409000
1975-01-31,8.409000
1975-02-01,8.409000
1975-02-03,8.410000
1975-02-04,8.410000
1975-02-05,8.410000
1975-02-06,8.411000
1975-02-07,8.411000
1975-02-08,8.411000
1975-02-10,8.412000
1975-02-12,8.412000
1975-02-13,8.417000
1975-02-14,8.418000
1975-02-17,8.426000
1975-02-18,8.427000
1975-02-19,8.425000
1975-02-20,8.421000
1975-02-21,8.411000
1975-02-22,8.421000
1975-02-24,8.422000
1975-02-25,8.423000
1975-02-26,8.423000
1975-02-27,8.423000
1975-02-28,8.430000
1975-03-01,8.430000
1975-03-03,8.431000
1975-03-04,8.431000
1975-03-05,8.432000
1975-03-06,8.432000
1975-03-07,8.433000
1975-03-08,8.433000
1975-03-10,8.434000
1975-03-11,8.434000
1975-03-12,8.435000
1975-03-13,8.435000
1975-03-14,8.435000
1975-03-17,8.437000
1975-03-18,8.437000
1975-03-19,8.437000
1975-03-20,8.438000
1975-03-22,8.439000
1975-03-24,8.439000
1975-03-25,8.440000
1975-03-26,8.440000
1975-03-27,8.441000
1975-03-28,8.441000
1975-03-29,8.441000
1975-03-31,8.442000
1975-04-01,8.439000
1975-04-02,8.439000
1975-04-03,8.439000
1975-04-04,8.440000
1975-04-05,8.440000
1975-04-07,8.441000
1975-04-08,8.441000
1975-04-09,8.442000
1975-04-10,8.442000
1975-04-11,8.443000
1975-04-12,8.443000
1975-04-14,8.444000
1975-04-15,8.444000
1975-04-16,8.445000
1975-04-17,8.445000
1975-04-18,8.445000
1975-04-21,8.453000
1975-04-22,8.453000
1975-04-23,8.454000
1975-04-24,8.454000
1975-04-25,8.455000
1975-04-26,8.455000
1975-04-28,8.456000
1975-04-30,8.457000
1975-05-01,8.457000
1975-05-02,8.458000
1975-05-06,8.459000
1975-05-07,8.460000
1975-05-08,8.460000
1975-05-09,8.460000
1975-05-10,8.461000
1975-05-12,8.462000
1975-05-13,8.468000
1975-05-14,8.468000
1975-05-15,8.469000
1975-05-16,8.469000
1975-05-19,8.470000
1975-05-20,8.462000
1975-05-21,8.395000
1975-05-22,8.422000
1975-05-23,8.406000
1975-05-24,8.407000
1975-05-26,8.408000
1975-05-27,8.408000
1975-05-28,8.409000
1975-05-29,8.409000
1975-05-30,8.410000
1975-05-31,8.410000
1975-06-02,8.411000
1975-06-03,8.412000
1975-06-04,8.412000
1975-06-05,8.413000
1975-06-06,8.413000
1975-06-07,8.414000
1975-06-09,8.428000
1975-06-10,8.428000
1975-06-11,8.429000
1975-06-12,8.430000
1975-06-13,8.430000
1975-06-14,8.444000
1975-06-16,8.445000
1975-06-17,8.445000
1975-06-18,8.446000
1975-06-19,8.446000
1975-06-20,8.447000
1975-06-23,8.448000
1975-06-24,8.449000
1975-06-25,8.450000
1975-06-26,8.450000
1975-06-27,8.451000
1975-06-28,8.451000
1975-06-30,8.452000
1975-07-01,8.453000
1975-07-02,8.453000
1975-07-03,8.454000
1975-07-04,8.454000
1975-07-05,8.455000
1975-07-07,8.456000
1975-07-08,8.456000
1975-07-09,8.457000
1975-07-10,8.458000
1975-07-11,8.458000
1975-07-12,8.459000
1975-07-14,8.460000
1975-07-15,8.460000
1975-07-16,8.461000
1975-07-17,8.462000
1975-07-18,8.462000
1975-07-21,8.464000
1975-07-22,8.465000
1975-07-23,8.465000
1975-07-24,8.466000
1975-07-25,8.466000
1975-07-26,8.467000
1975-07-28,8.468000
1975-07-29,8.495000
1975-07-30,8.503000
1975-07-31,8.511000
1975-08-01,8.511000
1975-08-02,8.512000
1975-08-04,8.513000
1975-08-05,8.514000
1975-08-06,8.514000
1975-08-07,8.515000
1975-08-08,8.516000
1975-08-09,8.516000
1975-08-11,8.518000
1975-08-12,8.518000
1975-08-13,8.519000
1975-08-14,8.519000
1975-08-15,8.520000
1975-08-18,8.522000
1975-08-19,8.523000
1975-08-20,8.515000
1975-08-21,8.481000
1975-08-22,8.474000
1975-08-23,8.474000
1975-08-25,8.475000
1975-08-26,8.475000
1975-08-27,8.475000
1975-08-28,8.475000
1975-08-29,8.476000
1975-08-30,8.476000
1975-09-01,8.476000
1975-09-02,8.476000
1975-09-03,8.477000
1975-09-04,8.477000
1975-09-05,8.477000
1975-09-06,8.477000
1975-09-08,8.478000
1975-09-09,8.478000
1975-09-10,8.478000
1975-09-11,8.472000
1975-09-12,8.472000
1975-09-13,8.472000
1975-09-16,8.473000
1975-09-17,8.473000
1975-09-18,8.473000
1975-09-19,8.473000
1975-09-22,8.474000
1975-09-23,8.474000
1975-09-25,8.475000
1975-09-26,8.493000
1975-09-27,8.494000
1975-09-29,8.494000
1975-09-30,8.494000
1975-10-01,8.495000
1975-10-02,8.495000
1975-10-03,8.495000
1975-10-04,8.496000
1975-10-06,8.496000
1975-10-07,8.496000
1975-10-08,8.497000
1975-10-09,8.534000
1975-10-11,8.548000
1975-10-13,8.548000
1975-10-14,8.553000
1975-10-15,8.553000
1975-10-16,8.554000
1975-10-17,8.558000
1975-10-20,8.558000
1975-10-21,8.558000
1975-10-22,8.591000
1975-10-23,8.592000
1975-10-24,8.576000
1975-10-25,8.576000
1975-10-27,8.577000
1975-10-28,8.577000
1975-10-29,8.577000
1975-10-30,8.585000
1975-10-31,8.586000
1975-11-01,8.586000
1975-11-04,8.583000
1975-11-05,8.583000
1975-11-06,8.571000
1975-11-07,8.571000
1975-11-08,8.571000
1975-11-10,8.572000
1975-11-11,8.572000
1975-11-12,8.572000
1975-11-13,8.573000
1975-11-14,8.573000
1975-11-17,8.574000
1975-11-18,8.571000
1975-11-19,8.571000
1975-11-20,8.570000
1975-11-21,8.597000
1975-11-22,8.592000
1975-11-25,8.593000
1975-11-26,8.593000
1975-11-27,8.593000
1975-11-28,8.593000
1975-11-29,8.593000
1975-12-01,8.615000
1975-12-02,8.626000
1975-12-03,8.626000
1975-12-04,8.624000
1975-12-05,8.637000
1975-12-06,8.637000
1975-12-08,8.637000
1975-12-09,8.637000
1975-12-10,8.637000
1975-12-11,8.638000
1975-12-12,8.639000
1975-12-13,8.640000
1975-12-15,8.641000
1975-12-16,8.641000
1975-12-17,8.642000
1975-12-18,8.653000
1975-12-19,8.647000
1975-12-22,8.647000
1975-12-23,8.647000
1975-12-24,8.669000
1975-12-25,8.675000
1975-12-26,8.699000
1975-12-27,8.709000
1976-01-05,8.708000
1976-01-06,8.708000
1976-01-07,8.708000
1976-01-08,8.708000
1976-01-09,8.708000
1976-01-10,8.708000
1976-01-12,8.698000
1976-01-13,8.688000
1976-01-14,8.684000
1976-01-16,8.687000
1976-01-19,8.682000
1976-01-20,8.663000
1976-01-21,8.654000
1976-01-22,8.648000
1976-01-23,8.686000
1976-01-24,8.620000
1976-01-26,8.582000
1976-01-27,8.576000
1976-01-28,8.548000
1976-01-29,8.542000
1976-01-30,8.543000
1976-01-31,8.543000
1976-02-02,8.535000
1976-02-03,8.536000
1976-02-04,8.536000
1976-02-05,8.537000
1976-02-06,8.537000
1976-02-07,8.529000
1976-02-09,8.521000
1976-02-10,8.522000
1976-02-12,8.523000
1976-02-13,8.524000
1976-02-14,8.524000
1976-02-16,8.526000
1976-02-17,8.526000
1976-02-18,8.527000
1976-02-19,8.528000
1976-02-20,8.530000
1976-02-23,8.571000
1976-02-24,8.572000
1976-02-25,8.573000
1976-02-26,8.575000
1976-02-27,8.577000
1976-02-28,8.578000
1976-03-01,8.573000
1976-03-02,8.574000
1976-03-03,8.575000
1976-03-04,8.575000
1976-03-05,8.576000
1976-03-06,8.577000
1976-03-08,8.580000
1976-03-09,8.580000
1976-03-10,8.581000
1976-03-11,8.582000
1976-03-12,8.582000
1976-03-13,8.583000
1976-03-15,8.591000
1976-03-16,8.593000
1976-03-17,8.596000
1976-03-18,8.596000
1976-03-19,8.597000
1976-03-22,8.599000
1976-03-23,8.600000
1976-03-24,8.600000
1976-03-25,8.601000
1976-03-26,8.602000
1976-03-27,8.602000
1976-03-29,8.604000
1976-03-30,8.605000
1976-03-31,8.605000
1976-04-01,8.583000
1976-04-02,8.582000
1976-04-03,8.581000
1976-04-05,8.582000
1976-04-06,8.583000
1976-04-07,8.579000
1976-04-08,8.580000
1976-04-09,8.581000
1976-04-10,8.581000
1976-04-12,8.583000
1976-04-13,8.584000
1976-04-14,8.597000
1976-04-15,8.598000
1976-04-16,8.599000
1976-04-19,8.601000
1976-04-20,8.602000
1976-04-21,8.603000
1976-04-22,8.604000
1976-04-23,8.618000
1976-04-24,8.619000
1976-04-26,8.621000
1976-04-27,8.621000
1976-04-28,8.622000
1976-04-30,8.624000
1976-05-01,8.625000
1976-05-04,8.627000
1976-05-06,8.629000
1976-05-07,8.630000
1976-05-08,8.631000
1976-05-10,8.632000
1976-05-11,8.633000
1976-05-12,8.634000
1976-05-13,8.635000
1976-05-14,8.636000
1976-05-17,8.638000
1976-05-18,8.639000
1976-05-19,8.640000
1976-05-20,8.637000
1976-05-21,8.572000
1976-05-22,8.607000
1976-05-24,8.609000
1976-05-25,8.609000
1976-05-26,8.610000
1976-05-27,8.611000
1976-05-28,8.612000
1976-05-29,8.612000
1976-05-31,8.614000
1976-06-01,8.614000
1976-06-02,8.615000
1976-06-03,8.616000
1976-06-04,8.617000
1976-06-05,8.617000
1976-06-07,8.619000
1976-06-08,8.619000
1976-06-09,8.620000
1976-06-10,8.621000
1976-06-11,8.621000
1976-06-12,8.622000
1976-06-14,8.624000
1976-06-15,8.624000
1976-06-16,8.625000
1976-06-17,8.626000
1976-06-18,8.627000
1976-06-21,8.629000
1976-06-22,8.629000
1976-06-23,8.649000
1976-06-24,8.650000
1976-06-25,8.651000
1976-06-26,8.662000
1976-06-28,8.664000
1976-06-29,8.675000
1976-06-30,8.678000
1976-07-01,8.665000
1976-07-02,8.666000
1976-07-03,8.667000
1976-07-05,8.668000
1976-07-06,8.670000
1976-07-07,8.671000
1976-07-08,8.672000
1976-07-09,8.673000
1976-07-10,8.673000
1976-07-12,8.675000
1976-07-13,8.675000
1976-07-14,8.676000
1976-07-15,8.662000
1976-07-16,8.647000
1976-07-19,8.649000
1976-07-20,8.650000
1976-07-21,8.651000
1976-07-22,8.652000
1976-07-23,8.662000
1976-07-24,8.651000
1976-07-26,8.651000
1976-07-27,8.652000
1976-07-28,8.653000
1976-07-29,8.654000
1976-07-30,8.654000
1976-07-31,8.655000
1976-08-02,8.670000
1976-08-03,8.693000
1976-08-04,8.683000
1976-08-05,8.694000
1976-08-06,8.721000
1976-08-07,8.714000
1976-08-09,8.716000
1976-08-10,8.720000
1976-08-11,8.709000
1976-08-12,8.729000
1976-08-13,8.732000
1976-08-14,8.732000
1976-08-16,8.734000
1976-08-17,8.735000
1976-08-18,8.746000
1976-08-19,8.739000
1976-08-20,8.748000
1976-08-23,8.827000
1976-08-24,8.830000
1976-08-25,8.838000
1976-08-26,8.843000
1976-08-27,8.853000
1976-08-28,8.853000
1976-08-30,8.853000
1976-08-31,8.853000
1976-09-01,8.854000
1976-09-02,8.854000
1976-09-03,8.855000
1976-09-04,8.855000
1976-09-06,8.852000
1976-09-07,8.852000
1976-09-08,8.853000
1976-09-09,8.856000
1976-09-10,8.853000
1976-09-11,8.853000
1976-09-13,8.854000
1976-09-14,8.855000
1976-09-16,8.856000
1976-09-17,8.857000
1976-09-20,8.858000
1976-09-21,8.858000
1976-09-22,8.859000
1976-09-24,8.860000
1976-09-25,8.860000
1976-09-27,8.861000
1976-09-28,8.861000
1976-09-29,8.862000
1976-09-30,8.862000
1976-10-01,8.862000
1976-10-02,8.863000
1976-10-04,8.864000
1976-10-05,8.864000
1976-10-06,8.881000
1976-10-07,8.915000
1976-10-08,8.949000
1976-10-09,8.958000
1976-10-12,8.988000
1976-10-13,8.988000
1976-10-14,8.988000
1976-10-15,8.989000
1976-10-18,8.991000
1976-10-19,8.991000
1976-10-20,8.992000
1976-10-21,8.989000
1976-10-22,8.990000
1976-10-23,8.985000
1976-10-25,8.987000
1976-10-26,8.987000
1976-10-27,8.988000
1976-10-28,8.988000
1976-10-29,8.990000
1976-10-30,8.990000
1976-11-01,8.991000
1976-11-02,8.991000
1976-11-04,8.992000
1976-11-05,8.993000
1976-11-06,8.993000
1976-11-08,8.994000
1976-11-09,8.994000
1976-11-10,8.993000
1976-11-11,8.993000
1976-11-12,8.994000
1976-11-13,8.994000
1976-11-15,8.995000
1976-11-16,8.995000
1976-11-17,8.996000
1976-11-18,8.996000
1976-11-19,8.996000
1976-11-22,8.981000
1976-11-24,8.982000
1976-11-25,8.983000
1976-11-26,8.984000
1976-11-27,8.984000
1976-11-29,8.985000
1976-11-30,8.988000
1976-12-01,8.986000
1976-12-02,8.987000
1976-12-03,8.990000
1976-12-04,8.991000
1976-12-06,8.992000
1976-12-07,8.994000
1976-12-08,8.994000
1976-12-09,8.995000
1976-12-10,8.996000
1976-12-11,8.996000
1976-12-13,8.998000
1976-12-14,8.998000
1976-12-15,9.000000
1976-12-16,9.002000
1976-12-17,9.003000
1976-12-20,9.006000
1976-12-21,9.006000
1976-12-22,9.007000
1976-12-23,8.980000
1976-12-24,8.970000
1976-12-25,8.943000
1976-12-27,8.919000
1976-12-28,8.919000
1977-01-04,8.923000
1977-01-05,8.923000
1977-01-06,8.911000
1977-01-07,8.912000
1977-01-08,8.913000
1977-01-10,8.900000
1977-01-11,8.901000
1977-01-12,8.888000
1977-01-13,8.888000
1977-01-14,8.888000
1977-01-17,8.877000
1977-01-18,8.877000
1977-01-19,8.878000
1977-01-20,8.853000
1977-01-21,8.839000
1977-01-22,8.827000
1977-01-24,8.802000
1977-01-25,8.802000
1977-01-26,8.777000
1977-01-27,8.750000
1977-01-28,8.752000
1977-01-29,8.752000
1977-01-31,8.753000
1977-02-01,8.754000
1977-02-02,8.755000
1977-02-03,8.755000
1977-02-04,8.756000
1977-02-05,8.743000
1977-02-07,8.744000
1977-02-08,8.732000
1977-02-09,8.719000
1977-02-10,8.720000
1977-02-12,8.721000
1977-02-14,8.696000
1977-02-15,8.670000
1977-02-16,8.657000
1977-02-17,8.645000
1977-02-18,8.645000
1977-02-21,8.679000
1977-02-22,8.677000
1977-02-23,8.677000
1977-02-24,8.677000
1977-02-25,8.677000
1977-02-26,8.678000
1977-02-28,8.655000
1977-03-01,8.655000
1977-03-02,8.656000
1977-03-03,8.659000
1977-03-04,8.660000
1977-03-05,8.660000
1977-03-07,8.661000
1977-03-08,8.662000
1977-03-09,8.662000
1977-03-10,8.663000
1977-03-11,8.663000
1977-03-12,8.649000
1977-03-14,8.652000
1977-03-15,8.640000
1977-03-16,8.641000
1977-03-17,8.641000
1977-03-18,8.629000
1977-03-22,8.619000
1977-03-23,8.619000
1977-03-24,8.607000
1977-03-25,8.582000
1977-03-26,8.583000
1977-03-28,8.559000
1977-03-29,8.559000
1977-03-30,8.560000
1977-03-31,8.560000
1977-04-01,8.520000
1977-04-02,8.520000
1977-04-04,8.470000
1977-04-05,8.441000
1977-04-06,8.391000
1977-04-07,8.366000
1977-04-08,8.366000
1977-04-09,8.342000
1977-04-11,8.320000
1977-04-12,8.293000
1977-04-13,8.242000
1977-04-14,8.192000
1977-04-15,8.167000
1977-04-18,8.092000
1977-04-19,8.004000
1977-04-20,7.980000
1977-04-21,7.980000
1977-04-22,7.969000
1977-04-23,7.970000
1977-04-25,7.971000
1977-04-26,7.969000
1977-04-27,7.945000
1977-04-28,7.920000
1977-04-30,7.896000
1977-05-02,7.897000
1977-05-04,7.872000
1977-05-06,7.822000
1977-05-07,7.823000
1977-05-09,7.824000
1977-05-10,7.824000
1977-05-11,7.824000
1977-05-12,7.825000
1977-05-13,7.825000
1977-05-14,7.826000
1977-05-16,7.778000
1977-05-17,7.741000
1977-05-18,7.691000
1977-05-19,7.667000
1977-05-20,7.633000
1977-05-23,7.595000
1977-05-24,7.596000
1977-05-25,7.596000
1977-05-26,7.572000
1977-05-27,7.554000
1977-05-28,7.555000
1977-05-30,7.560000
1977-05-31,7.535000
1977-06-01,7.536000
1977-06-02,7.537000
1977-06-03,7.537000
1977-06-04,7.538000
1977-06-06,7.514000
1977-06-07,7.491000
1977-06-08,7.468000
1977-06-09,7.473000
1977-06-10,7.473000
1977-06-11,7.474000
1977-06-13,7.475000
1977-06-14,7.475000
1977-06-15,7.476000
1977-06-16,7.476000
1977-06-17,7.476000
1977-06-20,7.478000
1977-06-21,7.478000
1977-06-22,7.479000
1977-06-23,7.479000
1977-06-24,7.479000
1977-06-25,7.480000
1977-06-27,7.481000
1977-06-28,7.482000
1977-06-29,7.457000
1977-06-30,7.418000
1977-07-01,7.366000
1977-07-02,7.346000
1977-07-04,7.267000
1977-07-05,7.201000
1977-07-06,7.149000
1977-07-07,7.149000
1977-07-08,7.150000
1977-07-09,7.139000
1977-07-11,7.103000
1977-07-12,7.055000
1977-07-13,7.007000
1977-07-14,6.935000
1977-07-15,6.887000
1977-07-18,6.837000
1977-07-19,6.778000
1977-07-20,6.730000
1977-07-21,6.707000
1977-07-22,6.707000
1977-07-23,6.696000
1977-07-25,6.697000
1977-07-26,6.697000
1977-07-27,6.698000
1977-07-28,6.698000
1977-07-29,6.687000
1977-07-30,6.687000
1977-08-01,6.689000
1977-08-02,6.689000
1977-08-03,6.690000
1977-08-04,6.690000
1977-08-05,6.690000
1977-08-06,6.690000
1977-08-08,6.716000
1977-08-09,6.717000
1977-08-10,6.717000
1977-08-11,6.718000
1977-08-12,6.718000
1977-08-13,6.719000
1977-08-15,6.719000
1977-08-16,6.720000
1977-08-17,6.793000
1977-08-18,6.817000
1977-08-19,6.817000
1977-08-22,6.805000
1977-08-23,6.846000
1977-08-24,6.855000
1977-08-25,6.859000
1977-08-26,6.858000
1977-08-27,6.858000
1977-08-29,6.858000
1977-08-30,6.841000
1977-08-31,6.826000
1977-09-01,6.825000
1977-09-02,6.825000
1977-09-03,6.825000
1977-09-05,6.824000
1977-09-06,6.824000
1977-09-07,6.829000
1977-09-08,6.831000
1977-09-09,6.829000
1977-09-10,6.839000
1977-09-12,6.844000
1977-09-13,6.844000
1977-09-14,6.887000
1977-09-16,6.887000
1977-09-19,6.886000
1977-09-20,6.886000
1977-09-21,6.886000
1977-09-22,6.886000
1977-09-24,6.886000
1977-09-26,6.886000
1977-09-27,6.886000
1977-09-28,6.886000
1977-09-29,6.886000
1977-09-30,6.885000
1977-10-01,6.885000
1977-10-03,6.885000
1977-10-04,6.885000
1977-10-05,6.885000
1977-10-06,6.884000
1977-10-07,6.882000
1977-10-08,6.883000
1977-10-11,6.883000
1977-10-12,6.898000
1977-10-13,6.898000
1977-10-14,6.898000
1977-10-17,6.899000
1977-10-18,6.899000
1977-10-19,6.899000
1977-10-20,6.899000
1977-10-21,6.922000
1977-10-22,6.922000
1977-10-24,6.921000
1977-10-25,6.897000
1977-10-26,6.886000
1977-10-27,6.849000
1977-10-28,6.803000
1977-10-29,6.779000
1977-10-31,6.743000
1977-11-01,6.732000
1977-11-02,6.732000
1977-11-04,6.732000
1977-11-05,6.732000
1977-11-07,6.732000
1977-11-08,6.732000
1977-11-09,6.732000
1977-11-10,6.732000
1977-11-11,6.732000
1977-11-12,6.732000
1977-11-14,6.708000
1977-11-15,6.684000
1977-11-16,6.684000
1977-11-17,6.672000
1977-11-18,6.672000
1977-11-21,6.665000
1977-11-22,6.660000
1977-11-24,6.636000
1977-11-25,6.611000
1977-11-26,6.611000
1977-11-28,6.612000
1977-11-29,6.587000
1977-11-30,6.563000
1977-12-01,6.539000
1977-12-02,6.539000
1977-12-03,6.539000
1977-12-05,6.539000
1977-12-06,6.506000
1977-12-07,6.485000
1977-12-08,6.485000
1977-12-09,6.485000
1977-12-10,6.485000
1977-12-12,6.485000
1977-12-13,6.486000
1977-12-14,6.487000
1977-12-15,6.486000
1977-12-16,6.486000
1977-12-19,6.486000
1977-12-20,6.473000
1977-12-21,6.398000
1977-12-22,6.378000
1977-12-23,6.293000
1977-12-24,6.267000
1977-12-26,6.193000
1977-12-27,6.093000
1977-12-28,6.092000
1978-01-04,6.094000
1978-01-05,6.094000
1978-01-06,6.095000
1978-01-07,6.095000
1978-01-09,6.096000
1978-01-10,6.096000
1978-01-11,6.096000
1978-01-12,6.097000
1978-01-13,6.097000
1978-01-14,6.098000
1978-01-17,5.978000
1978-01-18,5.918000
1978-01-19,5.919000
1978-01-20,5.920000
1978-01-23,5.922000
1978-01-24,5.923000
1978-01-25,5.922000
1978-01-26,5.922000
1978-01-27,5.922000
1978-01-28,5.922000
1978-01-30,5.877000
1978-01-31,5.878000
1978-02-01,5.879000
1978-02-02,5.880000
1978-02-03,5.880000
1978-02-04,5.893000
1978-02-06,5.894000
1978-02-07,5.894000
1978-02-08,5.964000
1978-02-09,5.966000
1978-02-10,5.967000
1978-02-13,5.970000
1978-02-14,5.971000
1978-02-15,5.972000
1978-02-16,6.008000
1978-02-17,6.009000
1978-02-20,6.031000
1978-02-21,6.032000
1978-02-22,6.044000
1978-02-23,6.090000
1978-02-24,6.132000
1978-02-25,6.131000
1978-02-27,6.106000
1978-02-28,6.083000
1978-03-01,6.084000
1978-03-02,6.084000
1978-03-03,6.095000
1978-03-04,6.097000
1978-03-06,6.098000
1978-03-07,6.098000
1978-03-08,6.089000
1978-03-09,6.075000
1978-03-10,6.079000
1978-03-11,6.080000
1978-03-13,6.080000
1978-03-14,6.071000
1978-03-15,6.060000
1978-03-16,6.051000
1978-03-17,6.053000
1978-03-20,6.043000
1978-03-22,6.044000
1978-03-23,6.044000
1978-03-24,6.033000
1978-03-25,6.034000
1978-03-27,6.035000
1978-03-28,6.036000
1978-03-29,6.037000
1978-03-30,6.037000
1978-03-31,6.039000
1978-04-01,6.040000
1978-04-03,6.043000
1978-04-04,6.042000
1978-04-05,6.042000
1978-04-06,5.999000
1978-04-07,5.977000
1978-04-08,5.933000
1978-04-10,5.912000
1978-04-11,5.913000
1978-04-12,5.914000
1978-04-13,5.914000
1978-04-14,5.915000
1978-04-17,5.917000
1978-04-18,5.917000
1978-04-19,5.918000
1978-04-20,5.920000
1978-04-21,5.920000
1978-04-22,5.921000
1978-04-24,5.922000
1978-04-25,5.922000
1978-04-26,5.922000
1978-04-27,5.923000
1978-04-28,5.923000
1978-05-01,5.924000
1978-05-02,5.925000
1978-05-04,5.926000
1978-05-06,5.926000
1978-05-08,5.927000
1978-05-09,5.928000
1978-05-10,5.928000
1978-05-11,5.929000
1978-05-12,5.929000
1978-05-13,5.930000
1978-05-15,5.931000
1978-05-16,5.931000
1978-05-17,5.931000
1978-05-18,5.932000
1978-05-19,5.932000
1978-05-22,5.859000
1978-05-23,5.858000
1978-05-24,5.858000
1978-05-25,5.859000
1978-05-26,5.859000
1978-05-27,5.859000
1978-05-29,5.859000
1978-05-30,5.858000
1978-05-31,5.879000
1978-06-01,5.838000
1978-06-02,5.831000
1978-06-03,5.830000
1978-06-05,5.830000
1978-06-06,5.830000
1978-06-07,5.830000
1978-06-08,5.830000
1978-06-09,5.830000
1978-06-10,5.830000
1978-06-12,5.830000
1978-06-13,5.830000
1978-06-14,5.830000
1978-06-15,5.830000
1978-06-16,5.830000
1978-06-19,5.830000
1978-06-20,5.830000
1978-06-21,5.831000
1978-06-22,5.831000
1978-06-23,5.851000
1978-06-24,5.851000
1978-06-26,5.851000
1978-06-27,5.851000
1978-06-28,5.851000
1978-06-29,5.854000
1978-06-30,5.854000
1978-07-01,5.854000
1978-07-03,5.854000
1978-07-04,5.854000
1978-07-05,5.854000
1978-07-06,5.855000
1978-07-07,5.853000
1978-07-08,5.854000
1978-07-10,5.854000
1978-07-11,5.854000
1978-07-12,5.854000
1978-07-13,5.854000
1978-07-14,5.855000
1978-07-17,5.866000
1978-07-18,5.866000
1978-07-19,5.867000
1978-07-20,5.867000
1978-07-21,5.888000
1978-07-22,5.889000
1978-07-24,5.889000
1978-07-25,5.889000
1978-07-26,5.889000
1978-07-27,5.890000
1978-07-28,5.890000
1978-07-29,5.890000
1978-07-31,5.891000
1978-08-01,5.891000
1978-08-02,5.891000
1978-08-03,5.891000
1978-08-04,5.892000
1978-08-05,5.892000
1978-08-07,5.904000
1978-08-08,5.915000
1978-08-09,5.939000
1978-08-10,5.939000
1978-08-11,5.951000
1978-08-12,5.951000
1978-08-14,5.952000
1978-08-15,5.952000
1978-08-16,5.952000
1978-08-17,5.952000
1978-08-18,5.975000
1978-08-21,5.861000
1978-08-22,5.862000
1978-08-23,5.862000
1978-08-24,5.863000
1978-08-25,5.863000
1978-08-26,5.863000
1978-08-28,5.867000
1978-08-29,5.870000
1978-08-30,5.851000
1978-08-31,5.852000
1978-09-01,5.852000
1978-09-02,5.854000
1978-09-04,5.856000
1978-09-05,5.860000
1978-09-06,5.861000
1978-09-07,5.861000
1978-09-08,5.861000
1978-09-09,5.862000
1978-09-11,5.862000
1978-09-12,5.862000
1978-09-13,5.862000
1978-09-14,5.862000
1978-09-18,5.863000
1978-09-19,5.862000
1978-09-20,5.862000
1978-09-21,5.863000
1978-09-22,5.863000
1978-09-25,5.864000
1978-09-26,5.864000
1978-09-27,5.865000
1978-09-28,5.864000
1978-09-29,5.864000
1978-09-30,5.865000
1978-10-02,5.865000
1978-10-03,5.866000
1978-10-04,5.845000
1978-10-05,5.845000
1978-10-06,5.843000
1978-10-07,5.798000
1978-10-09,5.799000
1978-10-11,5.801000
1978-10-12,5.801000
1978-10-13,5.801000
1978-10-14,5.802000
1978-10-16,5.803000
1978-10-17,5.804000
1978-10-18,5.805000
1978-10-19,5.807000
1978-10-20,5.795000
1978-10-23,5.797000
1978-10-24,5.787000
1978-10-25,5.776000
1978-10-26,5.755000
1978-10-27,5.755000
1978-10-28,5.756000
1978-10-30,5.757000
1978-10-31,5.757000
1978-11-01,5.757000
1978-11-02,5.758000
1978-11-04,5.759000
1978-11-06,5.760000
1978-11-07,5.761000
1978-11-08,5.761000
1978-11-09,5.762000
1978-11-10,5.762000
1978-11-11,5.763000
1978-11-13,5.764000
1978-11-14,5.765000
1978-11-15,5.766000
1978-11-16,5.766000
1978-11-17,5.767000
1978-11-20,5.777000
1978-11-21,5.777000
1978-11-22,6.100000
1978-11-24,6.102000
1978-11-25,6.103000
1978-11-27,6.105000
1978-11-28,6.104000
1978-11-29,6.103000
1978-11-30,6.102000
1978-12-01,6.115000
1978-12-02,6.116000
1978-12-04,6.118000
1978-12-05,6.119000
1978-12-06,6.120000
1978-12-07,6.121000
1978-12-08,6.122000
1978-12-09,6.123000
1978-12-11,6.125000
1978-12-12,6.123000
1978-12-13,6.126000
1978-12-14,6.127000
1978-12-15,6.128000
1978-12-18,6.131000
1978-12-19,6.131000
1978-12-20,6.132000
1978-12-21,6.133000
1978-12-22,6.134000
1978-12-23,6.135000
1978-12-25,6.137000
1978-12-26,6.137000
1978-12-27,6.138000
1978-12-28,6.151000
1979-01-04,6.157000
1979-01-05,6.158000
1979-01-06,6.159000
1979-01-08,6.160000
1979-01-09,6.161000
1979-01-10,6.162000
1979-01-11,6.162000
1979-01-12,6.162000
1979-01-13,6.163000
1979-01-16,6.165000
1979-01-17,6.166000
1979-01-18,6.166000
1979-01-19,6.167000
1979-01-22,6.169000
1979-01-23,6.123000
1979-01-24,6.125000
1979-01-25,6.126000
1979-01-26,6.126000
1979-01-27,6.127000
1979-01-29,6.128000
1979-01-30,6.129000
1979-01-31,6.130000
1979-02-01,6.130000
1979-02-02,6.131000
1979-02-03,6.132000
1979-02-05,6.133000
1979-02-06,6.134000
1979-02-07,6.134000
1979-02-08,6.135000
1979-02-09,6.136000
1979-02-10,6.136000
1979-02-13,6.138000
1979-02-14,6.173000
1979-02-15,6.207000
1979-02-16,6.231000
1979-02-19,6.235000
1979-02-20,6.253000
1979-02-21,6.193000
1979-02-22,6.186000
1979-02-23,6.217000
1979-02-24,6.238000
1979-02-26,6.263000
1979-02-27,6.289000
1979-02-28,6.337000
1979-03-01,6.380000
1979-03-02,6.460000
1979-03-03,6.508000
1979-03-05,6.526000
1979-03-06,6.620000
1979-03-07,6.708000
1979-03-08,6.723000
1979-03-09,6.786000
1979-03-10,6.779000
1979-03-12,6.737000
1979-03-13,6.706000
1979-03-14,6.658000
1979-03-15,6.661000
1979-03-16,6.662000
1979-03-19,6.682000
1979-03-20,6.681000
1979-03-22,6.682000
1979-03-23,6.730000
1979-03-24,6.727000
1979-03-26,6.768000
1979-03-27,6.765000
1979-03-28,6.767000
1979-03-29,6.809000
1979-03-30,6.803000
1979-03-31,6.804000
1979-04-02,6.976000
1979-04-03,7.034000
1979-04-04,7.138000
1979-04-05,7.236000
1979-04-06,7.324000
1979-04-07,7.325000
1979-04-09,7.327000
1979-04-10,7.328000
1979-04-11,7.326000
1979-04-12,7.327000
1979-04-13,7.328000
1979-04-14,7.329000
1979-04-16,7.330000
1979-04-17,7.331000
1979-04-18,7.332000
1979-04-19,7.403000
1979-04-20,7.479000
1979-04-23,7.482000
1979-04-24,7.483000
1979-04-25,7.483000
1979-04-26,7.521000
1979-04-27,7.521000
1979-04-28,7.522000
1979-05-01,7.524000
1979-05-02,7.525000
1979-05-04,7.526000
1979-05-07,7.528000
1979-05-08,7.529000
1979-05-09,7.530000
1979-05-10,7.531000
1979-05-11,7.532000
1979-05-12,7.532000
1979-05-14,7.534000
1979-05-15,7.534000
1979-05-16,7.535000
1979-05-17,7.536000
1979-05-18,7.536000
1979-05-21,7.553000
1979-05-22,7.494000
1979-05-23,7.495000
1979-05-24,7.494000
1979-05-25,7.493000
1979-05-26,7.494000
1979-05-28,7.535000
1979-05-29,7.531000
1979-05-30,7.532000
1979-05-31,7.533000
1979-06-01,7.542000
1979-06-02,7.539000
1979-06-04,7.588000
1979-06-05,7.681000
1979-06-06,7.748000
1979-06-07,7.748000
1979-06-08,7.776000
1979-06-09,7.776000
1979-06-11,7.853000
1979-06-12,7.876000
1979-06-13,7.928000
1979-06-14,7.976000
1979-06-15,8.002000
1979-06-18,8.030000
1979-06-19,8.031000
1979-06-20,8.033000
1979-06-21,8.037000
1979-06-22,7.942000
1979-06-23,7.922000
1979-06-25,7.902000
1979-06-26,7.890000
1979-06-27,7.869000
1979-06-28,7.848000
1979-06-29,7.841000
1979-06-30,7.842000
1979-07-02,7.842000
1979-07-03,7.846000
1979-07-04,7.847000
1979-07-05,7.852000
1979-07-06,7.859000
1979-07-07,7.861000
1979-07-09,7.866000
1979-07-10,7.749000
1979-07-11,7.755000
1979-07-12,7.755000
1979-07-13,7.756000
1979-07-14,7.759000
1979-07-16,7.709000
1979-07-17,7.712000
1979-07-18,7.713000
1979-07-19,7.715000
1979-07-20,7.715000
1979-07-23,7.718000
1979-07-24,7.597000
1979-07-25,7.575000
1979-07-26,7.464000
1979-07-27,7.464000
1979-07-28,7.534000
1979-07-30,7.533000
1979-07-31,7.556000
1979-08-01,7.557000
1979-08-02,7.557000
1979-08-03,7.557000
1979-08-04,7.557000
1979-08-06,7.557000
1979-08-07,7.558000
1979-08-08,7.558000
1979-08-09,7.558000
1979-08-10,7.560000
1979-08-11,7.560000
1979-08-13,7.584000
1979-08-14,7.584000
1979-08-15,7.608000
1979-08-16,7.608000
1979-08-17,7.630000
1979-08-20,7.621000
1979-08-21,7.639000
1979-08-22,7.640000
1979-08-23,7.641000
1979-08-24,7.641000
1979-08-25,7.646000
1979-08-27,7.663000
1979-08-28,7.684000
1979-08-29,7.689000
1979-08-30,7.687000
1979-08-31,7.687000
1979-09-01,7.687000
1979-09-03,7.687000
1979-09-04,7.688000
1979-09-05,7.682000
1979-09-06,7.663000
1979-09-07,7.663000
1979-09-08,7.663000
1979-09-10,7.663000
1979-09-11,7.663000
1979-09-12,7.637000
1979-09-13,7.625000
1979-09-14,7.610000
1979-09-17,7.610000
1979-09-18,7.623000
1979-09-19,7.662000
1979-09-20,7.662000
1979-09-21,7.662000
1979-09-22,7.639000
1979-09-25,7.653000
1979-09-26,7.653000
1979-09-27,7.653000
1979-09-28,7.638000
1979-09-29,7.638000
1979-10-01,7.638000
1979-10-02,7.626000
1979-10-03,7.616000
1979-10-04,7.615000
1979-10-05,7.615000
1979-10-06,7.604000
1979-10-08,7.625000
1979-10-09,7.651000
1979-10-11,7.664000
1979-10-12,7.700000
1979-10-13,7.759000
1979-10-15,7.763000
1979-10-16,7.811000
1979-10-17,7.833000
1979-10-18,7.857000
1979-10-19,7.914000
1979-10-22,7.913000
1979-10-23,7.969000
1979-10-24,7.995000
1979-10-25,8.034000
1979-10-26,8.011000
1979-10-27,7.998000
1979-10-29,7.998000
1979-10-30,7.998000
1979-10-31,7.993000
1979-11-01,7.947000
1979-11-02,7.921000
1979-11-05,7.927000
1979-11-06,7.967000
1979-11-07,7.995000
1979-11-08,7.995000
1979-11-09,8.017000
1979-11-10,8.049000
1979-11-12,8.041000
1979-11-13,8.067000
1979-11-14,8.080000
1979-11-15,8.155000
1979-11-16,8.155000
1979-11-19,8.160000
1979-11-20,8.231000
1979-11-21,8.306000
1979-11-22,8.333000
1979-11-24,8.390000
1979-11-26,8.520000
1979-11-27,8.521000
1979-11-28,8.505000
1979-11-29,8.445000
1979-11-30,8.349000
1979-12-01,8.265000
1979-12-03,8.263000
1979-12-04,8.294000
1979-12-05,8.260000
1979-12-06,8.321000
1979-12-07,8.282000
1979-12-08,8.170000
1979-12-10,8.167000
1979-12-11,8.166000
1979-12-12,8.239000
1979-12-13,8.239000
1979-12-14,8.250000
1979-12-17,8.270000
1979-12-18,8.249000
1979-12-19,8.194000
1979-12-20,8.193000
1979-12-21,8.193000
1979-12-22,8.192000
1979-12-24,8.191000
1979-12-25,8.190000
1979-12-26,8.190000
1979-12-27,8.213000
1979-12-28,8.213000
1980-01-04,8.210000
1980-01-05,8.210000
1980-01-07,8.209000
1980-01-08,8.169000
1980-01-09,8.119000
1980-01-10,8.104000
1980-01-11,8.102000
1980-01-12,8.102000
1980-01-14,8.072000
1980-01-16,8.043000
1980-01-17,7.991000
1980-01-18,7.992000
1980-01-21,8.003000
1980-01-22,8.031000
1980-01-23,8.001000
1980-01-24,7.996000
1980-01-25,7.996000
1980-01-26,8.008000
1980-01-28,8.009000
1980-01-29,8.009000
1980-01-30,8.009000
1980-01-31,8.008000
1980-02-01,8.008000
1980-02-02,8.008000
1980-02-04,8.007000
1980-02-05,8.019000
1980-02-06,8.031000
1980-02-07,8.078000
1980-02-08,8.165000
1980-02-09,8.226000
1980-02-12,8.226000
1980-02-13,8.236000
1980-02-14,8.242000
1980-02-15,8.314000
1980-02-18,8.390000
1980-02-19,8.468000
1980-02-20,8.603000
1980-02-21,8.668000
1980-02-22,8.800000
1980-02-23,8.909000
1980-02-25,8.913000
1980-02-26,8.676000
1980-02-27,8.677000
1980-02-28,8.704000
1980-02-29,8.699000
1980-03-01,8.699000
1980-03-03,8.736000
1980-03-04,8.845000
1980-03-05,8.842000
1980-03-06,8.844000
1980-03-07,9.011000
1980-03-08,9.162000
1980-03-10,9.325000
1980-03-11,9.489000
1980-03-12,9.488000
1980-03-13,9.487000
1980-03-14,9.457000
1980-03-17,9.501000
1980-03-18,9.500000
1980-03-19,9.499000
1980-03-21,9.506000
1980-03-22,9.303000
1980-03-24,9.300000
1980-03-25,9.096000
1980-03-26,9.096000
1980-03-27,9.088000
1980-03-28,9.088000
1980-03-29,9.087000
1980-03-31,9.086000
1980-04-01,9.174000
1980-04-02,9.342000
1980-04-03,9.509000
1980-04-04,9.749000
1980-04-05,9.986000
1980-04-07,10.211000
1980-04-08,10.508000
1980-04-09,10.656000
1980-04-10,10.574000
1980-04-11,10.423000
1980-04-12,10.421000
1980-04-14,10.430000
1980-04-15,10.441000
1980-04-16,10.443000
1980-04-17,10.133000
1980-04-18,9.900000
1980-04-21,9.900000
1980-04-22,9.667000
1980-04-23,9.626000
1980-04-24,9.496000
1980-04-25,9.296000
1980-04-26,9.295000
1980-04-28,9.495000
1980-04-30,9.494000
1980-05-01,9.406000
1980-05-02,9.239000
1980-05-06,9.151000
1980-05-07,8.892000
1980-05-08,8.887000
1980-05-09,8.908000
1980-05-10,8.814000
1980-05-12,8.623000
1980-05-13,8.533000
1980-05-14,8.532000
1980-05-15,8.574000
1980-05-16,8.573000
1980-05-19,8.573000
1980-05-20,8.568000
1980-05-21,8.693000
1980-05-22,8.703000
1980-05-23,8.670000
1980-05-24,8.498000
1980-05-26,8.390000
1980-05-27,8.440000
1980-05-28,8.431000
1980-05-29,8.438000
1980-05-30,8.370000
1980-05-31,8.224000
1980-06-02,8.225000
1980-06-03,8.154000
1980-06-04,8.107000
1980-06-05,8.058000
1980-06-06,8.056000
1980-06-07,8.057000
1980-06-09,8.081000
1980-06-10,8.113000
1980-06-11,8.203000
1980-06-12,8.203000
1980-06-13,8.114000
1980-06-14,8.088000
1980-06-16,8.125000
1980-06-17,8.166000
1980-06-18,8.180000
1980-06-19,8.219000
1980-06-20,8.195000
1980-06-23,8.195000
1980-06-24,8.181000
1980-06-25,8.181000
1980-06-26,8.181000
1980-06-27,8.181000
1980-06-28,8.197000
1980-06-30,8.197000
1980-07-01,8.221000
1980-07-02,8.260000
1980-07-03,8.261000
1980-07-04,8.175000
1980-07-05,8.175000
1980-07-07,8.191000
1980-07-08,8.253000
1980-07-09,8.258000
1980-07-10,8.283000
1980-07-11,8.304000
1980-07-12,8.304000
1980-07-14,8.330000
1980-07-15,8.375000
1980-07-16,8.392000
1980-07-17,8.393000
1980-07-18,8.328000
1980-07-21,8.335000
1980-07-22,8.377000
1980-07-23,8.421000
1980-07-24,8.441000
1980-07-25,8.441000
1980-07-26,8.440000
1980-07-28,8.440000
1980-07-29,8.441000
1980-07-30,8.441000
1980-07-31,8.466000
1980-08-01,8.439000
1980-08-02,8.482000
1980-08-04,8.570000
1980-08-05,8.571000
1980-08-06,8.571000
1980-08-07,8.572000
1980-08-08,8.555000
1980-08-09,8.556000
1980-08-11,8.556000
1980-08-12,8.556000
1980-08-13,8.441000
1980-08-14,8.441000
1980-08-15,8.441000
1980-08-18,8.467000
1980-08-19,8.467000
1980-08-20,8.393000
1980-08-21,8.350000
1980-08-22,8.386000
1980-08-23,8.387000
1980-08-25,8.389000
1980-08-26,8.416000
1980-08-27,8.418000
1980-08-28,8.418000
1980-08-29,8.460000
1980-08-30,8.461000
1980-09-01,8.462000
1980-09-02,8.506000
1980-09-03,8.544000
1980-09-04,8.444000
1980-09-05,8.418000
1980-09-06,8.418000
1980-09-08,8.419000
1980-09-09,8.423000
1980-09-10,8.423000
1980-09-11,8.432000
1980-09-12,8.458000
1980-09-13,8.459000
1980-09-16,8.486000
1980-09-17,8.511000
1980-09-18,8.511000
1980-09-19,8.512000
1980-09-22,8.514000
1980-09-24,8.585000
1980-09-25,8.585000
1980-09-26,8.586000
1980-09-27,8.587000
1980-09-29,8.586000
1980-09-30,8.586000
1980-10-01,8.760000
1980-10-02,8.763000
1980-10-03,8.764000
1980-10-04,8.745000
1980-10-06,8.746000
1980-10-07,8.747000
1980-10-08,8.747000
1980-10-09,8.746000
1980-10-11,8.781000
1980-10-13,8.782000
1980-10-14,8.764000
1980-10-15,8.695000
1980-10-16,8.522000
1980-10-17,8.523000
1980-10-20,8.481000
1980-10-21,8.457000
1980-10-22,8.457000
1980-10-23,8.458000
1980-10-24,8.442000
1980-10-25,8.443000
1980-10-27,8.426000
1980-10-28,8.427000
1980-10-29,8.443000
1980-10-30,8.425000
1980-10-31,8.408000
1980-11-01,8.401000
1980-11-04,8.402000
1980-11-05,8.403000
1980-11-06,8.401000
1980-11-07,8.394000
1980-11-08,8.394000
1980-11-10,8.385000
1980-11-11,8.430000
1980-11-12,8.428000
1980-11-13,8.475000
1980-11-14,8.457000
1980-11-17,8.455000
1980-11-18,8.455000
1980-11-19,8.458000
1980-11-20,8.466000
1980-11-21,8.390000
1980-11-22,8.457000
1980-11-25,8.552000
1980-11-26,8.689000
1980-11-27,8.774000
1980-11-28,8.867000
1980-11-29,8.868000
1980-12-01,8.869000
1980-12-02,8.869000
1980-12-03,8.869000
1980-12-04,8.843000
1980-12-05,8.639000
1980-12-06,8.692000
1980-12-08,8.695000
1980-12-09,8.696000
1980-12-10,8.737000
1980-12-11,8.779000
1980-12-12,8.912000
1980-12-13,8.913000
1980-12-15,8.919000
1980-12-16,8.919000
1980-12-17,8.920000
1980-12-18,8.921000
1980-12-19,8.876000
1980-12-22,8.861000
1980-12-23,8.861000
1980-12-24,8.817000
1980-12-25,8.818000
1980-12-26,8.818000
1980-12-27,8.819000
1981-01-05,8.779000
1981-01-06,8.690000
1981-01-07,8.690000
1981-01-08,8.577000
1981-01-09,8.535000
1981-01-10,8.536000
1981-01-12,8.538000
1981-01-13,8.536000
1981-01-14,8.537000
1981-01-16,8.554000
1981-01-19,8.592000
1981-01-20,8.593000
1981-01-21,8.593000
1981-01-22,8.566000
1981-01-23,8.577000
1981-01-24,8.560000
1981-01-26,8.562000
1981-01-27,8.543000
1981-01-28,8.518000
1981-01-29,8.459000
1981-01-30,8.449000
1981-01-31,8.372000
1981-02-02,8.373000
1981-02-03,8.374000
1981-02-04,8.347000
1981-02-05,8.314000
1981-02-06,8.235000
1981-02-07,8.217000
1981-02-09,8.247000
1981-02-10,8.318000
1981-02-12,8.320000
1981-02-13,8.363000
1981-02-14,8.364000
1981-02-16,8.384000
1981-02-17,8.402000
1981-02-18,8.340000
1981-02-19,8.284000
1981-02-20,8.293000
1981-02-23,8.243000
1981-02-24,8.232000
1981-02-25,8.233000
1981-02-26,8.233000
1981-02-27,8.213000
1981-02-28,8.203000
1981-03-02,8.208000
1981-03-03,8.210000
1981-03-04,8.210000
1981-03-05,8.177000
1981-03-06,8.177000
1981-03-07,8.180000
1981-03-09,8.163000
1981-03-10,8.130000
1981-03-11,8.132000
1981-03-12,8.114000
1981-03-13,8.035000
1981-03-14,8.009000
1981-03-16,7.936000
1981-03-17,7.982000
1981-03-18,7.984000
1981-03-19,7.985000
1981-03-20,7.984000
1981-03-23,7.985000
1981-03-24,7.986000
1981-03-25,7.975000
1981-03-26,7.972000
1981-03-27,7.890000
1981-03-28,7.874000
1981-03-30,7.875000
1981-03-31,7.875000
1981-04-01,7.760000
1981-04-02,7.761000
1981-04-03,7.765000
1981-04-04,7.765000
1981-04-06,7.766000
1981-04-07,7.785000
1981-04-08,7.785000
1981-04-09,7.795000
1981-04-10,7.796000
1981-04-11,7.814000
1981-04-13,7.860000
1981-04-14,7.860000
1981-04-15,7.860000
1981-04-16,7.861000
1981-04-17,7.861000
1981-04-20,7.862000
1981-04-21,7.863000
1981-04-22,7.863000
1981-04-23,7.908000
1981-04-24,7.953000
1981-04-25,7.953000
1981-04-27,7.954000
1981-04-28,7.953000
1981-04-30,7.982000
1981-05-01,8.000000
1981-05-02,8.000000
1981-05-06,8.029000
1981-05-07,8.056000
1981-05-08,8.091000
1981-05-09,8.091000
1981-05-11,8.092000
1981-05-12,8.127000
1981-05-13,8.217000
1981-05-14,8.330000
1981-05-15,8.313000
1981-05-18,8.315000
1981-05-19,8.316000
1981-05-20,8.341000
1981-05-21,8.298000
1981-05-22,8.278000
1981-05-23,8.237000
1981-05-25,8.238000
1981-05-26,8.238000
1981-05-27,8.254000
1981-05-28,8.255000
1981-05-29,8.227000
1981-05-30,8.164000
1981-06-01,8.165000
1981-06-02,8.201000
1981-06-03,8.219000
1981-06-04,8.220000
1981-06-05,8.236000
1981-06-06,8.244000
1981-06-08,8.244000
1981-06-09,8.244000
1981-06-10,8.223000
1981-06-11,8.204000
1981-06-12,8.205000
1981-06-13,8.205000
1981-06-15,8.182000
1981-06-16,8.136000
1981-06-17,8.129000
1981-06-18,8.128000
1981-06-19,8.135000
1981-06-22,8.137000
1981-06-23,8.138000
1981-06-24,8.138000
1981-06-25,8.138000
1981-06-26,8.139000
1981-06-27,8.122000
1981-06-29,8.123000
1981-06-30,8.114000
1981-07-01,8.096000
1981-07-02,8.080000
1981-07-03,8.081000
1981-07-04,8.099000
1981-07-06,8.118000
1981-07-07,8.126000
1981-07-08,8.120000
1981-07-09,8.120000
1981-07-10,8.104000
1981-07-11,8.094000
1981-07-13,8.086000
1981-07-14,8.098000
1981-07-15,8.108000
1981-07-16,8.109000
1981-07-17,8.128000
1981-07-20,8.149000
1981-07-21,8.192000
1981-07-22,8.248000
1981-07-23,8.307000
1981-07-24,8.283000
1981-07-25,8.283000
1981-07-27,8.286000
1981-07-28,8.322000
1981-07-29,8.374000
1981-07-30,8.373000
1981-07-31,8.392000
1981-08-01,8.481000
1981-08-03,8.526000
1981-08-04,8.527000
1981-08-05,8.509000
1981-08-06,8.475000
1981-08-07,8.451000
1981-08-08,8.434000
1981-08-10,8.436000
1981-08-11,8.438000
1981-08-12,8.439000
1981-08-13,8.412000
1981-08-14,8.414000
1981-08-17,8.443000
1981-08-18,8.444000
1981-08-19,8.446000
1981-08-20,8.436000
1981-08-21,8.383000
1981-08-22,8.400000
1981-08-24,8.445000
1981-08-25,8.461000
1981-08-26,8.488000
1981-08-27,8.513000
1981-08-28,8.544000
1981-08-29,8.545000
1981-08-31,8.561000
1981-09-01,8.569000
1981-09-02,8.569000
1981-09-03,8.512000
1981-09-04,8.485000
1981-09-05,8.476000
1981-09-07,8.468000
1981-09-08,8.423000
1981-09-09,8.378000
1981-09-10,8.379000
1981-09-11,8.381000
1981-09-12,8.358000
1981-09-14,8.350000
1981-09-16,8.327000
1981-09-17,8.328000
1981-09-18,8.322000
1981-09-21,8.323000
1981-09-22,8.340000
1981-09-24,8.370000
1981-09-25,8.388000
1981-09-26,8.389000
1981-09-28,8.392000
1981-09-29,8.393000
1981-09-30,8.394000
1981-10-01,8.368000
1981-10-02,8.341000
1981-10-03,8.345000
1981-10-05,8.330000
1981-10-06,8.331000
1981-10-07,8.359000
1981-10-08,8.361000
1981-10-09,8.318000
1981-10-12,8.325000
1981-10-13,8.294000
1981-10-14,8.284000
1981-10-15,8.285000
1981-10-16,8.312000
1981-10-19,8.316000
1981-10-20,8.333000
1981-10-21,8.334000
1981-10-22,8.377000
1981-10-23,8.377000
1981-10-24,8.379000
1981-10-26,8.382000
1981-10-27,8.355000
1981-10-28,8.349000
1981-10-29,8.351000
1981-10-30,8.352000
1981-10-31,8.317000
1981-11-02,8.294000
1981-11-04,8.262000
1981-11-05,8.253000
1981-11-06,8.254000
1981-11-07,8.221000
1981-11-09,8.196000
1981-11-10,8.145000
1981-11-11,8.113000
1981-11-12,8.070000
1981-11-13,8.010000
1981-11-14,8.039000
1981-11-16,8.041000
1981-11-17,8.043000
1981-11-18,8.026000
1981-11-19,7.819000
1981-11-20,7.872000
1981-11-24,8.156000
1981-11-25,8.076000
1981-11-26,8.048000
1981-11-27,8.044000
1981-11-28,8.061000
1981-11-30,8.085000
1981-12-01,8.080000
1981-12-02,8.080000
1981-12-03,8.021000
1981-12-04,7.943000
1981-12-05,7.944000
1981-12-07,7.896000
1981-12-08,7.867000
1981-12-09,7.847000
1981-12-10,7.831000
1981-12-11,7.836000
1981-12-12,7.842000
1981-12-14,7.865000
1981-12-15,7.864000
1981-12-16,7.866000
1981-12-17,7.883000
1981-12-18,7.885000
1981-12-21,7.913000
1981-12-22,7.972000
1981-12-23,7.974000
1981-12-24,7.975000
1981-12-25,8.018000
1981-12-26,8.003000
1981-12-28,7.963000
1982-01-04,7.957000
1982-01-05,7.974000
1982-01-06,7.993000
1982-01-07,7.984000
1982-01-08,7.931000
1982-01-09,7.894000
1982-01-11,7.846000
1982-01-12,7.848000
1982-01-13,7.849000
1982-01-14,7.841000
1982-01-18,7.856000
1982-01-19,7.875000
1982-01-20,7.877000
1982-01-21,7.880000
1982-01-22,7.881000
1982-01-23,7.883000
1982-01-25,7.914000
1982-01-26,7.951000
1982-01-27,7.953000
1982-01-28,7.968000
1982-01-29,7.963000
1982-01-30,7.947000
1982-02-01,7.947000
1982-02-02,8.011000
1982-02-03,8.038000
1982-02-04,8.058000
1982-02-05,8.050000
1982-02-06,8.044000
1982-02-08,8.047000
1982-02-09,8.048000
1982-02-10,8.057000
1982-02-12,8.085000
1982-02-13,8.086000
1982-02-15,8.072000
1982-02-16,8.080000
1982-02-17,8.039000
1982-02-18,8.024000
1982-02-19,7.975000
1982-02-22,7.795000
1982-02-23,7.816000
1982-02-24,7.821000
1982-02-25,7.803000
1982-02-26,7.824000
1982-02-27,7.827000
1982-03-01,7.827000
1982-03-02,7.812000
1982-03-03,7.797000
1982-03-04,7.756000
1982-03-05,7.697000
1982-03-06,7.680000
1982-03-08,7.625000
1982-03-09,7.628000
1982-03-10,7.632000
1982-03-11,7.632000
1982-03-12,7.632000
1982-03-13,7.631000
1982-03-15,7.621000
1982-03-16,7.569000
1982-03-17,7.534000
1982-03-18,7.451000
1982-03-19,7.456000
1982-03-23,7.508000
1982-03-24,7.509000
1982-03-25,7.512000
1982-03-26,7.494000
1982-03-27,7.496000
1982-03-29,7.518000
1982-03-30,7.519000
1982-03-31,7.520000
1982-04-01,7.538000
1982-04-02,7.521000
1982-04-03,7.522000
1982-04-05,7.543000
1982-04-06,7.568000
1982-04-07,7.570000
1982-04-08,7.574000
1982-04-09,7.578000
1982-04-10,7.579000
1982-04-12,7.582000
1982-04-13,7.565000
1982-04-14,7.567000
1982-04-15,7.577000
1982-04-16,7.599000
1982-04-19,7.612000
1982-04-20,7.614000
1982-04-21,7.614000
1982-04-22,7.615000
1982-04-23,7.617000
1982-04-24,7.582000
1982-04-26,7.585000
1982-04-27,7.561000
1982-04-28,7.555000
1982-04-30,7.549000
1982-05-01,7.550000
1982-05-04,7.554000
1982-05-06,7.547000
1982-05-07,7.521000
1982-05-08,7.523000
1982-05-10,7.526000
1982-05-11,7.537000
1982-05-12,7.529000
1982-05-13,7.530000
1982-05-14,7.542000
1982-05-17,7.554000
1982-05-18,7.609000
1982-05-19,7.645000
1982-05-20,7.664000
1982-05-21,7.599000
1982-05-22,7.608000
1982-05-24,7.646000
1982-05-25,7.740000
1982-05-26,7.829000
1982-05-27,7.932000
1982-05-28,7.934000
1982-05-29,7.957000
1982-05-31,7.970000
1982-06-01,8.039000
1982-06-02,8.069000
1982-06-03,8.133000
1982-06-04,8.175000
1982-06-05,8.183000
1982-06-07,8.219000
1982-06-08,8.221000
1982-06-09,8.304000
1982-06-10,8.408000
1982-06-11,8.394000
1982-06-12,8.350000
1982-06-14,8.352000
1982-06-15,8.391000
1982-06-16,8.435000
1982-06-17,8.505000
1982-06-18,8.540000
1982-06-21,8.568000
1982-06-22,8.587000
1982-06-23,8.590000
1982-06-24,8.537000
1982-06-25,8.597000
1982-06-26,8.623000
1982-06-28,8.628000
1982-06-29,8.630000
1982-06-30,8.588000
1982-07-01,8.591000
1982-07-02,8.574000
1982-07-03,8.570000
1982-07-05,8.554000
1982-07-06,8.553000
1982-07-07,8.580000
1982-07-08,8.599000
1982-07-09,8.582000
1982-07-10,8.548000
1982-07-12,8.505000
1982-07-13,8.506000
1982-07-14,8.508000
1982-07-15,8.510000
1982-07-16,8.534000
1982-07-19,8.471000
1982-07-20,8.472000
1982-07-21,8.474000
1982-07-22,8.483000
1982-07-23,8.493000
1982-07-24,8.487000
1982-07-26,8.487000
1982-07-27,8.507000
1982-07-28,8.506000
1982-07-29,8.508000
1982-07-30,8.491000
1982-07-31,8.468000
1982-08-02,8.471000
1982-08-03,8.429000
1982-08-04,8.439000
1982-08-05,8.481000
1982-08-06,8.500000
1982-08-07,8.542000
1982-08-09,8.571000
1982-08-10,8.614000
1982-08-11,8.683000
1982-08-12,8.685000
1982-08-13,8.668000
1982-08-14,8.603000
1982-08-16,8.603000
1982-08-17,8.647000
1982-08-18,8.547000
1982-08-19,8.445000
1982-08-20,8.437000
1982-08-23,8.391000
1982-08-24,8.411000
1982-08-25,8.417000
1982-08-26,8.400000
1982-08-27,8.387000
1982-08-28,8.403000
1982-08-30,8.419000
1982-08-31,8.444000
1982-09-01,8.416000
1982-09-02,8.418000
1982-09-03,8.411000
1982-09-04,8.399000
1982-09-06,8.410000
1982-09-07,8.399000
1982-09-08,8.395000
1982-09-09,8.388000
1982-09-10,8.413000
1982-09-11,8.439000
1982-09-13,8.440000
1982-09-14,8.442000
1982-09-16,8.461000
1982-09-17,8.461000
1982-09-20,8.474000
1982-09-21,8.493000
1982-09-22,8.484000
1982-09-24,8.469000
1982-09-25,8.471000
1982-09-27,8.481000
1982-09-28,8.529000
1982-09-29,8.488000
1982-09-30,8.490000
1982-10-01,8.499000
1982-10-02,8.509000
1982-10-04,8.521000
1982-10-05,8.562000
1982-10-06,8.595000
1982-10-07,8.579000
1982-10-08,8.514000
1982-10-09,8.499000
1982-10-12,8.510000
1982-10-13,8.526000
1982-10-14,8.536000
1982-10-15,8.513000
1982-10-18,8.508000
1982-10-19,8.509000
1982-10-20,8.509000
1982-10-21,8.518000
1982-10-22,8.520000
1982-10-23,8.529000
1982-10-25,8.548000
1982-10-26,8.559000
1982-10-27,8.558000
1982-10-28,8.559000
1982-10-29,8.561000
1982-10-30,8.551000
1982-11-01,8.554000
1982-11-02,8.538000
1982-11-04,8.530000
1982-11-05,8.524000
1982-11-06,8.500000
1982-11-08,8.500000
1982-11-09,8.502000
1982-11-10,8.470000
1982-11-11,8.446000
1982-11-12,8.430000
1982-11-13,8.387000
1982-11-15,8.416000
1982-11-16,8.448000
1982-11-17,8.434000
1982-11-18,8.433000
1982-11-19,8.418000
1982-11-22,8.399000
1982-11-24,8.383000
1982-11-25,8.369000
1982-11-26,8.360000
1982-11-27,8.340000
1982-11-29,8.306000
1982-11-30,8.219000
1982-12-01,8.027000
1982-12-02,7.951000
1982-12-03,7.947000
1982-12-04,7.949000
1982-12-06,7.970000
1982-12-07,7.892000
1982-12-08,7.872000
1982-12-09,7.889000
1982-12-10,7.952000
1982-12-11,7.950000
1982-12-13,7.955000
1982-12-14,7.937000
1982-12-15,7.904000
1982-12-16,7.892000
1982-12-17,7.933000
1982-12-20,7.931000
1982-12-21,7.913000
1982-12-22,7.844000
1982-12-23,7.792000
1982-12-24,7.725000
1982-12-25,7.744000
1982-12-27,7.746000
1982-12-28,7.721000
1983-01-04,7.597000
1983-01-05,7.590000
1983-01-06,7.631000
1983-01-07,7.632000
1983-01-08,7.634000
1983-01-10,7.608000
1983-01-11,7.591000
1983-01-12,7.582000
1983-01-13,7.562000
1983-01-14,7.511000
1983-01-17,7.505000
1983-01-18,7.506000
1983-01-19,7.583000
1983-01-20,7.654000
1983-01-21,7.717000
1983-01-22,7.852000
1983-01-24,7.982000
1983-01-25,7.997000
1983-01-26,7.853000
1983-01-27,7.853000
1983-01-28,7.854000
1983-01-29,7.856000
1983-01-31,7.897000
1983-02-01,7.881000
1983-02-02,7.873000
1983-02-03,7.873000
1983-02-04,7.856000
1983-02-05,7.865000
1983-02-07,7.865000
1983-02-08,7.858000
1983-02-09,7.841000
1983-02-10,7.824000
1983-02-12,7.732000
1983-02-14,7.706000
1983-02-15,7.671000
1983-02-16,7.655000
1983-02-17,7.674000
1983-02-18,7.735000
1983-02-21,7.759000
1983-02-22,7.791000
1983-02-23,7.822000
1983-02-24,7.807000
1983-02-25,7.772000
1983-02-26,7.739000
1983-02-28,7.758000
1983-03-01,7.793000
1983-03-02,7.790000
1983-03-03,7.791000
1983-03-04,7.810000
1983-03-05,7.818000
1983-03-07,7.817000
1983-03-08,7.841000
1983-03-09,7.888000
1983-03-10,7.896000
1983-03-11,7.940000
1983-03-12,7.957000
1983-03-14,7.958000
1983-03-15,7.936000
1983-03-16,7.921000
1983-03-17,7.913000
1983-03-18,7.856000
1983-03-22,7.809000
1983-03-23,7.809000
1983-03-24,7.803000
1983-03-25,7.771000
1983-03-26,7.776000
1983-03-28,7.779000
1983-03-29,7.786000
1983-03-30,7.788000
1983-03-31,7.790000
1983-04-01,7.760000
1983-04-02,7.744000
1983-04-04,7.747000
1983-04-05,7.756000
1983-04-06,7.749000
1983-04-07,7.732000
1983-04-08,7.750000
1983-04-09,7.744000
1983-04-11,7.745000
1983-04-12,7.747000
1983-04-13,7.749000
1983-04-14,7.765000
1983-04-15,7.782000
1983-04-18,7.787000
1983-04-19,7.787000
1983-04-20,7.788000
1983-04-21,7.823000
1983-04-22,7.817000
1983-04-23,7.817000
1983-04-25,7.803000
1983-04-26,7.805000
1983-04-27,7.807000
1983-04-28,7.792000
1983-04-30,7.792000
1983-05-02,7.778000
1983-05-04,7.755000
1983-05-06,7.733000
1983-05-07,7.698000
1983-05-09,7.674000
1983-05-10,7.668000
1983-05-11,7.670000
1983-05-12,7.687000
1983-05-13,7.696000
1983-05-14,7.715000
1983-05-16,7.741000
1983-05-17,7.751000
1983-05-18,7.778000
1983-05-19,7.831000
1983-05-20,7.814000
1983-05-23,7.837000
1983-05-24,7.821000
1983-05-25,7.794000
1983-05-26,7.788000
1983-05-27,7.822000
1983-05-28,7.848000
1983-05-30,7.884000
1983-05-31,7.885000
1983-06-01,7.927000
1983-06-02,7.898000
1983-06-03,7.898000
1983-06-04,7.899000
1983-06-06,7.912000
1983-06-07,7.906000
1983-06-08,7.932000
1983-06-09,7.934000
1983-06-10,7.916000
1983-06-11,7.865000
1983-06-13,7.837000
1983-06-14,7.813000
1983-06-15,7.840000
1983-06-16,7.857000
1983-06-17,7.823000
1983-06-20,7.818000
1983-06-21,7.795000
1983-06-22,7.793000
1983-06-23,7.802000
1983-06-24,7.785000
1983-06-25,7.769000
1983-06-27,7.771000
1983-06-28,7.798000
1983-06-29,7.814000
1983-06-30,7.809000
1983-07-01,7.793000
1983-07-02,7.802000
1983-07-04,7.802000
1983-07-05,7.820000
1983-07-06,7.855000
1983-07-07,7.838000
1983-07-08,7.854000
1983-07-09,7.874000
1983-07-11,7.881000
1983-07-12,7.883000
1983-07-13,7.891000
1983-07-14,7.892000
1983-07-15,7.893000
1983-07-18,7.884000
1983-07-19,7.868000
1983-07-20,7.870000
1983-07-21,7.871000
1983-07-22,7.887000
1983-07-23,7.907000
1983-07-25,7.907000
1983-07-26,7.883000
1983-07-27,7.885000
1983-07-28,7.894000
1983-07-29,7.911000
1983-07-30,7.921000
1983-08-01,7.939000
1983-08-02,7.941000
1983-08-03,7.924000
1983-08-04,7.915000
1983-08-05,7.924000
1983-08-06,7.925000
1983-08-08,7.925000
1983-08-09,7.934000
1983-08-10,7.935000
1983-08-11,7.944000
1983-08-12,7.945000
1983-08-15,7.913000
1983-08-16,7.904000
1983-08-17,7.888000
1983-08-18,7.881000
1983-08-19,7.890000
1983-08-20,7.873000
1983-08-22,7.880000
1983-08-23,7.856000
1983-08-24,7.837000
1983-08-25,7.834000
1983-08-26,7.823000
1983-08-27,7.824000
1983-08-29,7.828000
1983-08-30,7.821000
1983-08-31,7.804000
1983-09-01,7.802000
1983-09-02,7.794000
1983-09-03,7.775000
1983-09-05,7.767000
1983-09-06,7.751000
1983-09-07,7.747000
1983-09-08,7.722000
1983-09-09,7.676000
1983-09-12,7.634000
1983-09-13,7.676000
1983-09-14,7.685000
1983-09-16,7.684000
1983-09-17,7.677000
1983-09-19,7.653000
1983-09-20,7.651000
1983-09-21,7.653000
1983-09-22,7.653000
1983-09-24,7.612000
1983-09-26,7.585000
1983-09-27,7.579000
1983-09-28,7.604000
1983-09-29,7.605000
1983-09-30,7.587000
1983-10-01,7.564000
1983-10-03,7.511000
1983-10-04,7.525000
1983-10-05,7.489000
1983-10-06,7.421000
1983-10-07,7.404000
1983-10-11,7.419000
1983-10-12,7.452000
1983-10-13,7.459000
1983-10-14,7.512000
1983-10-15,7.496000
1983-10-17,7.479000
1983-10-18,7.472000
1983-10-19,7.487000
1983-10-20,7.480000
1983-10-21,7.462000
1983-10-22,7.472000
1983-10-24,7.488000
1983-10-25,7.490000
1983-10-26,7.492000
1983-10-27,7.491000
1983-10-28,7.492000
1983-10-29,7.501000
1983-10-31,7.502000
1983-11-01,7.502000
1983-11-02,7.475000
1983-11-04,7.465000
1983-11-05,7.466000
1983-11-07,7.474000
1983-11-08,7.475000
1983-11-09,7.475000
1983-11-10,7.458000
1983-11-11,7.439000
1983-11-14,7.431000
1983-11-15,7.424000
1983-11-16,7.415000
1983-11-17,7.405000
1983-11-18,7.371000
1983-11-19,7.356000
1983-11-21,7.354000
1983-11-22,7.372000
1983-11-24,7.399000
1983-11-25,7.408000
1983-11-26,7.370000
1983-11-28,7.353000
1983-11-29,7.337000
1983-11-30,7.292000
1983-12-01,7.274000
1983-12-02,7.273000
1983-12-03,7.273000
1983-12-05,7.274000
1983-12-06,7.266000
1983-12-07,7.258000
1983-12-08,7.216000
1983-12-09,7.178000
1983-12-12,7.209000
1983-12-13,7.202000
1983-12-14,7.219000
1983-12-15,7.194000
1983-12-16,7.194000
1983-12-17,7.185000
1983-12-19,7.185000
1983-12-20,7.176000
1983-12-21,7.168000
1983-12-22,7.162000
1983-12-23,7.154000
1983-12-24,7.182000
1983-12-26,7.183000
1983-12-27,7.183000
1983-12-28,7.168000
1984-01-04,7.169000
1984-01-05,7.196000
1984-01-06,7.239000
1984-01-07,7.223000
1984-01-09,7.257000
1984-01-10,7.284000
1984-01-11,7.278000
1984-01-12,7.242000
1984-01-13,7.225000
1984-01-17,7.190000
1984-01-18,7.180000
1984-01-19,7.135000
1984-01-20,7.136000
1984-01-21,7.153000
1984-01-23,7.154000
1984-01-24,7.162000
1984-01-25,7.145000
1984-01-26,7.146000
1984-01-27,7.137000
1984-01-28,7.127000
1984-01-30,7.128000
1984-01-31,7.138000
1984-02-01,7.155000
1984-02-02,7.163000
1984-02-03,7.157000
1984-02-04,7.147000
1984-02-06,7.148000
1984-02-07,7.139000
1984-02-08,7.123000
1984-02-09,7.096000
1984-02-10,7.114000
1984-02-13,7.115000
1984-02-14,7.123000
1984-02-15,7.113000
1984-02-16,7.087000
1984-02-17,7.043000
1984-02-18,7.054000
1984-02-20,7.080000
1984-02-21,7.181000
1984-02-22,7.152000
1984-02-23,7.135000
1984-02-24,7.162000
1984-02-25,7.141000
1984-02-27,7.142000
1984-02-28,7.150000
1984-02-29,7.145000
1984-03-01,7.135000
1984-03-02,7.115000
1984-03-03,7.068000
1984-03-05,7.003000
1984-03-06,6.963000
1984-03-07,6.890000
1984-03-08,6.865000
1984-03-09,6.884000
1984-03-12,6.903000
1984-03-13,6.893000
1984-03-14,6.882000
1984-03-15,6.765000
1984-03-16,6.787000
1984-03-17,6.798000
1984-03-19,6.824000
1984-03-21,6.863000
1984-03-22,6.872000
1984-03-23,6.900000
1984-03-24,6.892000
1984-03-26,6.854000
1984-03-27,6.809000
1984-03-28,6.809000
1984-03-29,6.791000
1984-03-30,6.801000
1984-03-31,6.783000
1984-04-02,6.766000
1984-04-03,6.786000
1984-04-04,6.841000
1984-04-05,6.860000
1984-04-06,6.897000
1984-04-07,6.881000
1984-04-09,6.881000
1984-04-10,6.872000
1984-04-11,6.809000
1984-04-12,6.793000
1984-04-13,6.794000
1984-04-16,6.805000
1984-04-17,6.824000
1984-04-18,6.806000
1984-04-19,6.826000
1984-04-20,6.836000
1984-04-21,6.817000
1984-04-23,6.808000
1984-04-24,6.818000
1984-04-25,6.827000
1984-04-26,6.856000
1984-04-27,6.873000
1984-04-28,6.902000
1984-05-01,6.928000
1984-05-02,6.947000
1984-05-04,6.921000
1984-05-07,6.992000
1984-05-08,7.047000
1984-05-09,7.037000
1984-05-10,7.063000
1984-05-11,7.063000
1984-05-14,7.089000
1984-05-15,7.108000
1984-05-16,7.098000
1984-05-17,7.124000
1984-05-18,7.203000
1984-05-19,7.176000
1984-05-21,7.198000
1984-05-22,7.189000
1984-05-23,7.219000
1984-05-24,7.220000
1984-05-25,7.250000
1984-05-26,7.333000
1984-05-28,7.324000
1984-05-29,7.323000
1984-05-30,7.418000
1984-05-31,7.427000
1984-06-01,7.362000
1984-06-02,7.291000
1984-06-04,7.252000
1984-06-05,7.190000
1984-06-06,7.224000
1984-06-07,7.213000
1984-06-08,7.209000
1984-06-11,7.192000
1984-06-12,7.200000
1984-06-13,7.225000
1984-06-14,7.219000
1984-06-15,7.218000
1984-06-16,7.228000
1984-06-18,7.229000
1984-06-19,7.229000
1984-06-20,7.241000
1984-06-21,7.264000
1984-06-22,7.281000
1984-06-23,7.328000
1984-06-25,7.368000
1984-06-26,7.344000
1984-06-27,7.324000
1984-06-28,7.325000
1984-06-29,7.305000
1984-06-30,7.298000
1984-07-02,7.312000
1984-07-03,7.330000
1984-07-04,7.312000
1984-07-05,7.302000
1984-07-06,7.320000
1984-07-07,7.319000
1984-07-09,7.327000
1984-07-10,7.298000
1984-07-11,7.297000
1984-07-12,7.290000
1984-07-13,7.280000
1984-07-16,7.242000
1984-07-17,7.251000
1984-07-18,7.276000
1984-07-19,7.285000
1984-07-20,7.303000
1984-07-21,7.329000
1984-07-23,7.337000
1984-07-24,7.336000
1984-07-25,7.319000
1984-07-26,7.273000
1984-07-27,7.263000
1984-07-28,7.272000
1984-07-30,7.270000
1984-07-31,7.260000
1984-08-01,7.269000
1984-08-02,7.251000
1984-08-03,7.186000
1984-08-04,7.105000
1984-08-06,7.077000
1984-08-07,7.121000
1984-08-08,7.120000
1984-08-09,7.102000
1984-08-10,7.083000
1984-08-13,7.090000
1984-08-14,7.083000
1984-08-15,7.044000
1984-08-16,7.043000
1984-08-17,7.026000
1984-08-18,6.990000
1984-08-20,6.984000
1984-08-21,7.019000
1984-08-22,7.009000
1984-08-23,6.992000
1984-08-24,6.983000
1984-08-25,6.983000
1984-08-27,6.991000
1984-08-28,7.011000
1984-08-29,7.007000
1984-08-30,6.999000
1984-08-31,7.009000
1984-09-01,6.995000
1984-09-03,6.958000
1984-09-04,6.957000
1984-09-05,6.968000
1984-09-06,6.998000
1984-09-07,6.981000
1984-09-10,7.000000
1984-09-11,6.985000
1984-09-12,6.985000
1984-09-13,6.976000
1984-09-14,6.949000
1984-09-17,6.951000
1984-09-18,6.952000
1984-09-19,6.933000
1984-09-20,6.905000
1984-09-21,6.847000
1984-09-22,6.866000
1984-09-25,6.903000
1984-09-26,6.932000
1984-09-27,6.913000
1984-09-28,6.884000
1984-09-29,6.884000
1984-10-01,6.868000
1984-10-02,6.859000
1984-10-03,6.850000
1984-10-04,6.824000
1984-10-05,6.797000
1984-10-06,6.806000
1984-10-08,6.814000
1984-10-09,6.824000
1984-10-11,6.798000
1984-10-12,6.778000
1984-10-15,6.770000
1984-10-16,6.774000
1984-10-17,6.797000
1984-10-18,6.778000
1984-10-19,6.704000
1984-10-20,6.628000
1984-10-22,6.636000
1984-10-23,6.599000
1984-10-24,6.601000
1984-10-25,6.704000
1984-10-26,6.733000
1984-10-27,6.723000
1984-10-29,6.685000
1984-10-30,6.694000
1984-10-31,6.669000
1984-11-01,6.631000
1984-11-02,6.539000
1984-11-05,6.531000
1984-11-06,6.549000
1984-11-07,6.530000
1984-11-08,6.588000
1984-11-09,6.560000
1984-11-12,6.577000
1984-11-13,6.542000
1984-11-14,6.542000
1984-11-15,6.588000
1984-11-16,6.569000
1984-11-17,6.560000
1984-11-19,6.563000
1984-11-20,6.542000
1984-11-21,6.567000
1984-11-22,6.546000
1984-11-24,6.538000
1984-11-26,6.510000
1984-11-27,6.480000
1984-11-28,6.480000
1984-11-29,6.433000
1984-11-30,6.432000
1984-12-01,6.443000
1984-12-03,6.425000
1984-12-04,6.413000
1984-12-05,6.402000
1984-12-06,6.423000
1984-12-07,6.425000
1984-12-10,6.447000
1984-12-11,6.463000
1984-12-12,6.491000
1984-12-13,6.443000
1984-12-14,6.453000
1984-12-15,6.452000
1984-12-17,6.442000
1984-12-18,6.434000
1984-12-19,6.409000
1984-12-20,6.410000
1984-12-21,6.410000
1984-12-22,6.410000
1984-12-24,6.428000
1984-12-25,6.427000
1984-12-26,6.406000
1984-12-27,6.398000
1984-12-28,6.399000
1985-01-04,6.426000
1985-01-05,6.473000
1985-01-07,6.501000
1985-01-08,6.465000
1985-01-09,6.464000
1985-01-10,6.472000
1985-01-11,6.471000
1985-01-14,6.470000
1985-01-16,6.471000
1985-01-17,6.469000
1985-01-18,6.469000
1985-01-19,6.471000
1985-01-21,6.443000
1985-01-22,6.434000
1985-01-23,6.433000
1985-01-24,6.435000
1985-01-25,6.418000
1985-01-26,6.409000
1985-01-28,6.399000
1985-01-29,6.401000
1985-01-30,6.400000
1985-01-31,6.392000
1985-02-01,6.392000
1985-02-02,6.412000
1985-02-04,6.441000
1985-02-05,6.469000
1985-02-06,6.468000
1985-02-07,6.507000
1985-02-08,6.584000
1985-02-12,6.703000
1985-02-13,6.683000
1985-02-14,6.591000
1985-02-15,6.498000
1985-02-16,6.497000
1985-02-18,6.498000
1985-02-19,6.500000
1985-02-20,6.561000
1985-02-21,6.611000
1985-02-22,6.663000
1985-02-23,6.762000
1985-02-25,6.711000
1985-02-26,6.652000
1985-02-27,6.630000
1985-02-28,6.669000
1985-03-01,6.668000
1985-03-02,6.648000
1985-03-04,6.618000
1985-03-05,6.645000
1985-03-06,6.665000
1985-03-07,6.692000
1985-03-08,6.664000
1985-03-11,6.651000
1985-03-12,6.638000
1985-03-13,6.617000
1985-03-14,6.615000
1985-03-15,6.633000
1985-03-16,6.631000
1985-03-18,6.630000
1985-03-19,6.639000
1985-03-20,6.630000
1985-03-22,6.577000
1985-03-23,6.588000
1985-03-25,6.586000
1985-03-26,6.578000
1985-03-27,6.548000
1985-03-28,6.538000
1985-03-29,6.528000
1985-03-30,6.538000
1985-04-01,6.549000
1985-04-02,6.559000
1985-04-03,6.549000
1985-04-04,6.540000
1985-04-05,6.550000
1985-04-06,6.559000
1985-04-08,6.559000
1985-04-09,6.539000
1985-04-10,6.547000
1985-04-11,6.526000
1985-04-12,6.507000
1985-04-15,6.489000
1985-04-16,6.488000
1985-04-17,6.489000
1985-04-18,6.498000
1985-04-19,6.454000
1985-04-20,6.462000
1985-04-22,6.478000
1985-04-23,6.480000
1985-04-24,6.487000
1985-04-25,6.497000
1985-04-26,6.516000
1985-04-27,6.506000
1985-04-30,6.505000
1985-05-01,6.495000
1985-05-02,6.487000
1985-05-04,6.476000
1985-05-07,6.475000
1985-05-08,6.467000
1985-05-09,6.466000
1985-05-10,6.456000
1985-05-13,6.446000
1985-05-14,6.436000
1985-05-15,6.438000
1985-05-16,6.437000
1985-05-17,6.447000
1985-05-18,6.446000
1985-05-20,6.428000
1985-05-21,6.418000
1985-05-22,6.388000
1985-05-23,6.387000
1985-05-24,6.381000
1985-05-25,6.363000
1985-05-27,6.373000
1985-05-28,6.383000
1985-05-29,6.386000
1985-05-30,6.386000
1985-05-31,6.387000
1985-06-01,6.378000
1985-06-03,6.379000
1985-06-04,6.355000
1985-06-05,6.349000
1985-06-06,6.348000
1985-06-07,6.370000
1985-06-10,6.383000
1985-06-11,6.362000
1985-06-12,6.360000
1985-06-13,6.378000
1985-06-14,6.359000
1985-06-15,6.348000
1985-06-17,6.348000
1985-06-18,6.351000
1985-06-19,6.340000
1985-06-20,6.340000
1985-06-21,6.314000
1985-06-22,6.312000
1985-06-24,6.293000
1985-06-25,6.292000
1985-06-26,6.283000
1985-06-27,6.273000
1985-06-28,6.274000
1985-06-29,6.275000
1985-07-01,6.266000
1985-07-02,6.269000
1985-07-03,6.268000
1985-07-04,6.270000
1985-07-05,6.271000
1985-07-06,6.243000
1985-07-08,6.236000
1985-07-09,6.246000
1985-07-10,6.229000
1985-07-11,6.211000
1985-07-12,6.222000
1985-07-15,6.213000
1985-07-16,6.223000
1985-07-17,6.223000
1985-07-18,6.223000
1985-07-19,6.205000
1985-07-20,6.195000
1985-07-22,6.205000
1985-07-23,6.198000
1985-07-24,6.206000
1985-07-25,6.225000
1985-07-26,6.253000
1985-07-27,6.292000
1985-07-29,6.301000
1985-07-30,6.347000
1985-07-31,6.311000
1985-08-01,6.264000
1985-08-02,6.264000
1985-08-03,6.274000
1985-08-05,6.275000
1985-08-06,6.265000
1985-08-07,6.265000
1985-08-08,6.246000
1985-08-09,6.248000
1985-08-12,6.228000
1985-08-13,6.230000
1985-08-14,6.229000
1985-08-15,6.211000
1985-08-16,6.201000
1985-08-17,6.194000
1985-08-19,6.184000
1985-08-20,6.185000
1985-08-21,6.151000
1985-08-22,6.130000
1985-08-23,6.130000
1985-08-24,6.138000
1985-08-26,6.149000
1985-08-27,6.138000
1985-08-28,6.129000
1985-08-29,6.120000
1985-08-30,6.139000
1985-08-31,6.159000
1985-09-02,6.169000
1985-09-03,6.170000
1985-09-04,6.170000
1985-09-05,6.154000
1985-09-06,6.172000
1985-09-07,6.191000
1985-09-09,6.181000
1985-09-10,6.163000
1985-09-11,6.162000
1985-09-12,6.164000
1985-09-13,6.126000
1985-09-17,6.089000
1985-09-18,6.100000
1985-09-19,6.100000
1985-09-20,6.073000
1985-09-21,6.075000
1985-09-24,5.981000
1985-09-25,5.944000
1985-09-26,6.006000
1985-09-27,5.998000
1985-09-28,5.980000
1985-09-30,5.971000
1985-10-01,5.934000
1985-10-02,5.855000
1985-10-03,5.900000
1985-10-04,5.954000
1985-10-05,6.002000
1985-10-07,6.039000
1985-10-08,5.982000
1985-10-09,5.985000
1985-10-11,6.002000
1985-10-14,5.973000
1985-10-15,5.945000
1985-10-16,5.943000
1985-10-17,5.933000
1985-10-18,5.895000
1985-10-19,5.878000
1985-10-21,5.878000
1985-10-22,5.906000
1985-10-23,5.907000
1985-10-24,5.926000
1985-10-25,6.484000
1985-10-26,6.596000
1985-10-28,6.829000
1985-10-29,6.784000
1985-10-30,6.756000
1985-10-31,6.756000
1985-11-01,6.870000
1985-11-02,6.823000
1985-11-05,6.779000
1985-11-06,6.733000
1985-11-07,6.688000
1985-11-08,6.733000
1985-11-11,6.782000
1985-11-12,6.781000
1985-11-13,6.873000
1985-11-14,6.985000
1985-11-15,6.957000
1985-11-16,6.865000
1985-11-18,6.867000
1985-11-19,6.824000
1985-11-20,6.721000
1985-11-21,6.501000
1985-11-22,6.399000
1985-11-25,6.366000
1985-11-26,6.274000
1985-11-27,6.319000
1985-11-28,6.282000
1985-11-29,6.273000
1985-11-30,6.265000
1985-12-02,6.267000
1985-12-03,6.268000
1985-12-04,6.262000
1985-12-05,6.274000
1985-12-06,6.282000
1985-12-07,6.283000
1985-12-09,6.286000
1985-12-10,6.275000
1985-12-11,6.192000
1985-12-12,6.192000
1985-12-13,6.202000
1985-12-16,6.062000
1985-12-17,6.060000
1985-12-18,6.045000
1985-12-19,6.073000
1985-12-20,6.058000
1985-12-21,6.058000
1985-12-23,6.058000
1985-12-24,5.998000
1985-12-25,6.002000
1985-12-26,5.974000
1985-12-27,5.949000
1985-12-28,5.930000
1986-01-04,5.936000
1986-01-06,5.966000
1986-01-07,5.986000
1986-01-08,5.938000
1986-01-09,5.977000
1986-01-10,6.083000
1986-01-13,6.085000
1986-01-14,6.049000
1986-01-16,6.011000
1986-01-17,6.022000
1986-01-18,6.051000
1986-01-20,6.116000
1986-01-21,6.068000
1986-01-22,6.070000
1986-01-23,6.099000
1986-01-24,6.083000
1986-01-25,5.994000
1986-01-27,6.013000
1986-01-28,6.012000
1986-01-29,5.966000
1986-01-30,5.950000
1986-01-31,5.912000
1986-02-01,5.905000
1986-02-03,5.838000
1986-02-04,5.840000
1986-02-05,5.849000
1986-02-06,5.830000
1986-02-07,5.841000
1986-02-10,5.813000
1986-02-12,5.756000
1986-02-13,5.738000
1986-02-14,5.711000
1986-02-15,5.662000
1986-02-17,5.617000
1986-02-18,5.540000
1986-02-19,5.513000
1986-02-20,5.482000
1986-02-21,5.433000
1986-02-22,5.404000
1986-02-24,5.404000
1986-02-25,5.377000
1986-02-26,5.328000
1986-02-27,5.233000
1986-02-28,5.237000
1986-03-01,5.245000
1986-03-03,5.245000
1986-03-04,5.243000
1986-03-05,5.244000
1986-03-06,5.147000
1986-03-07,5.148000
1986-03-10,5.149000
1986-03-11,5.051000
1986-03-12,4.963000
1986-03-13,4.961000
1986-03-14,5.007000
1986-03-15,4.961000
1986-03-17,4.943000
1986-03-18,4.959000
1986-03-19,4.988000
1986-03-20,4.963000
1986-03-22,4.854000
1986-03-24,4.806000
1986-03-25,4.832000
1986-03-26,4.831000
1986-03-27,4.786000
1986-03-28,4.788000
1986-03-29,4.854000
1986-03-31,4.809000
1986-04-01,4.825000
1986-04-02,4.832000
1986-04-03,4.854000
1986-04-04,4.993000
1986-04-05,4.993000
1986-04-07,5.044000
1986-04-08,5.067000
1986-04-09,5.115000
1986-04-10,5.115000
1986-04-11,5.069000
1986-04-14,5.044000
1986-04-15,5.042000
1986-04-16,5.018000
1986-04-17,4.974000
1986-04-18,4.919000
1986-04-19,4.917000
1986-04-21,4.871000
1986-04-22,4.873000
1986-04-23,4.903000
1986-04-24,4.901000
1986-04-25,4.902000
1986-04-26,4.903000
1986-04-28,4.934000
1986-04-30,4.933000
1986-05-01,5.030000
1986-05-02,5.057000
1986-05-06,5.067000
1986-05-07,5.076000
1986-05-08,5.085000
1986-05-09,5.086000
1986-05-12,5.095000
1986-05-13,5.153000
1986-05-14,5.152000
1986-05-15,5.161000
1986-05-16,5.209000
1986-05-17,5.210000
1986-05-19,5.210000
1986-05-20,5.203000
1986-05-21,5.339000
1986-05-22,5.333000
1986-05-23,5.335000
1986-05-24,5.328000
1986-05-26,5.329000
1986-05-27,5.366000
1986-05-28,5.377000
1986-05-29,5.423000
1986-05-30,5.451000
1986-05-31,5.411000
1986-06-02,5.471000
1986-06-03,5.502000
1986-06-04,5.456000
1986-06-05,5.453000
1986-06-06,5.439000
1986-06-07,5.370000
1986-06-09,5.389000
1986-06-10,5.392000
1986-06-11,5.391000
1986-06-12,5.411000
1986-06-13,5.393000
1986-06-16,5.392000
1986-06-17,5.417000
1986-06-18,5.429000
1986-06-19,5.428000
1986-06-20,5.450000
1986-06-21,5.461000
1986-06-23,5.471000
1986-06-24,5.433000
1986-06-25,5.406000
1986-06-26,5.387000
1986-06-27,5.356000
1986-06-28,5.293000
1986-06-30,5.282000
1986-07-01,5.281000
1986-07-02,5.308000
1986-07-03,5.269000
1986-07-04,5.250000
1986-07-05,5.224000
1986-07-07,5.224000
1986-07-08,5.255000
1986-07-09,5.271000
1986-07-10,5.242000
1986-07-11,5.250000
1986-07-14,5.261000
1986-07-15,5.252000
1986-07-16,5.262000
1986-07-17,5.263000
1986-07-18,5.244000
1986-07-19,5.226000
1986-07-21,5.226000
1986-07-22,5.235000
1986-07-23,5.234000
1986-07-24,5.225000
1986-07-25,5.226000
1986-07-26,5.225000
1986-07-28,5.225000
1986-07-29,5.227000
1986-07-30,5.226000
1986-07-31,5.207000
1986-08-01,5.188000
1986-08-02,5.170000
1986-08-04,5.159000
1986-08-05,5.160000
1986-08-06,5.178000
1986-08-07,5.169000
1986-08-08,5.170000
1986-08-11,5.160000
1986-08-12,5.143000
1986-08-13,5.114000
1986-08-14,5.104000
1986-08-15,5.073000
1986-08-18,5.055000
1986-08-19,5.035000
1986-08-20,5.028000
1986-08-21,5.002000
1986-08-22,4.956000
1986-08-23,4.925000
1986-08-25,4.927000
1986-08-26,4.926000
1986-08-27,4.928000
1986-08-28,4.927000
1986-08-29,4.918000
1986-08-30,4.890000
1986-09-01,4.881000
1986-09-02,4.891000
1986-09-03,4.940000
1986-09-04,4.939000
1986-09-05,4.920000
1986-09-06,4.988000
1986-09-08,4.988000
1986-09-09,4.987000
1986-09-10,4.967000
1986-09-11,4.967000
1986-09-12,5.035000
1986-09-16,5.082000
1986-09-17,5.044000
1986-09-18,5.044000
1986-09-19,5.023000
1986-09-22,5.041000
1986-09-24,5.042000
1986-09-25,5.042000
1986-09-26,5.045000
1986-09-27,5.035000
1986-09-29,5.026000
1986-09-30,5.027000
1986-10-01,4.981000
1986-10-02,4.951000
1986-10-03,4.924000
1986-10-04,4.895000
1986-10-06,4.866000
1986-10-07,4.866000
1986-10-08,4.865000
1986-10-09,4.866000
1986-10-13,4.886000
1986-10-14,4.887000
1986-10-15,4.885000
1986-10-16,4.886000
1986-10-17,4.914000
1986-10-20,4.963000
1986-10-21,4.964000
1986-10-22,5.022000
1986-10-23,4.956000
1986-10-24,4.938000
1986-10-25,4.936000
1986-10-27,4.938000
1986-10-28,4.928000
1986-10-29,4.897000
1986-10-30,4.754000
1986-10-31,4.802000
1986-11-01,4.781000
1986-11-04,4.770000
1986-11-05,4.750000
1986-11-06,4.751000
1986-11-07,4.751000
1986-11-10,4.751000
1986-11-11,4.760000
1986-11-12,4.761000
1986-11-13,4.760000
1986-11-14,4.760000
1986-11-17,4.761000
1986-11-18,4.740000
1986-11-19,4.733000
1986-11-20,4.740000
1986-11-21,4.732000
1986-11-22,4.725000
1986-11-25,4.726000
1986-11-26,4.724000
1986-11-27,4.730000
1986-11-28,4.732000
1986-11-29,4.730000
1986-12-01,4.712000
1986-12-02,4.711000
1986-12-03,4.692000
1986-12-04,4.672000
1986-12-05,4.651000
1986-12-06,4.662000
1986-12-08,4.661000
1986-12-09,4.681000
1986-12-10,4.691000
1986-12-11,4.691000
1986-12-12,4.690000
1986-12-15,4.701000
1986-12-16,4.683000
1986-12-17,4.670000
1986-12-18,4.669000
1986-12-19,4.670000
1986-12-22,4.676000
1986-12-23,4.675000
1986-12-24,4.655000
1986-12-25,4.630000
1986-12-26,4.631000
1986-12-27,4.631000
1987-01-05,4.633000
1987-01-06,4.624000
1987-01-07,4.599000
1987-01-08,4.589000
1987-01-09,4.590000
1987-01-12,4.590000
1987-01-13,4.590000
1987-01-14,4.591000
1987-01-16,4.581000
1987-01-19,4.558000
1987-01-20,4.525000
1987-01-21,4.513000
1987-01-22,4.475000
1987-01-23,4.437000
1987-01-24,4.408000
1987-01-26,4.388000
1987-01-27,4.356000
1987-01-28,4.337000
1987-01-29,4.318000
1987-01-30,4.318000
1987-01-31,4.320000
1987-02-02,4.323000
1987-02-03,4.322000
1987-02-04,4.285000
1987-02-05,4.256000
1987-02-06,4.227000
1987-02-07,4.228000
1987-02-09,4.209000
1987-02-10,4.182000
1987-02-12,4.173000
1987-02-13,4.174000
1987-02-16,4.187000
1987-02-17,4.188000
1987-02-18,4.188000
1987-02-19,4.171000
1987-02-20,4.129000
1987-02-23,4.110000
1987-02-24,4.080000
1987-02-25,4.052000
1987-02-26,4.052000
1987-02-27,4.031000
1987-02-28,3.983000
1987-03-02,3.954000
1987-03-03,3.953000
1987-03-04,3.934000
1987-03-05,3.915000
1987-03-06,3.896000
1987-03-07,3.896000
1987-03-09,3.887000
1987-03-10,3.888000
1987-03-11,3.837000
1987-03-12,3.809000
1987-03-13,3.800000
1987-03-16,3.750000
1987-03-17,3.751000
1987-03-18,3.751000
1987-03-19,3.752000
1987-03-20,3.751000
1987-03-23,3.721000
1987-03-24,3.752000
1987-03-25,3.753000
1987-03-26,3.774000
1987-03-27,3.741000
1987-03-28,3.711000
1987-03-30,3.710000
1987-03-31,3.710000
1987-04-01,3.701000
1987-04-02,3.667000
1987-04-03,3.668000
1987-04-04,3.655000
1987-04-06,3.656000
1987-04-07,3.646000
1987-04-08,3.623000
1987-04-09,3.624000
1987-04-10,3.623000
1987-04-13,3.624000
1987-04-14,3.645000
1987-04-15,3.647000
1987-04-16,3.648000
1987-04-17,3.658000
1987-04-20,3.682000
1987-04-21,3.682000
1987-04-22,3.682000
1987-04-23,3.683000
1987-04-24,3.664000
1987-04-25,3.606000
1987-04-27,3.626000
1987-04-28,3.626000
1987-04-30,3.628000
1987-05-01,3.597000
1987-05-02,3.528000
1987-05-06,3.477000
1987-05-07,3.458000
1987-05-08,3.355000
1987-05-11,3.354000
1987-05-12,3.303000
1987-05-13,3.303000
1987-05-14,3.313000
1987-05-15,3.414000
1987-05-18,3.465000
1987-05-19,3.496000
1987-05-20,3.477000
1987-05-21,3.477000
1987-05-22,3.475000
1987-05-23,3.476000
1987-05-25,3.476000
1987-05-26,3.477000
1987-05-27,3.455000
1987-05-28,3.446000
1987-05-29,3.456000
1987-05-30,3.507000
1987-06-01,3.527000
1987-06-02,3.527000
1987-06-03,3.526000
1987-06-04,3.537000
1987-06-05,3.579000
1987-06-06,3.548000
1987-06-08,3.519000
1987-06-09,3.517000
1987-06-10,3.488000
1987-06-11,3.488000
1987-06-12,3.467000
1987-06-15,3.487000
1987-06-16,3.517000
1987-06-17,3.569000
1987-06-18,3.568000
1987-06-19,3.660000
1987-06-22,3.809000
1987-06-23,3.818000
1987-06-24,3.840000
1987-06-25,3.841000
1987-06-26,3.960000
1987-06-27,3.962000
1987-06-29,3.983000
1987-06-30,3.984000
1987-07-01,3.955000
1987-07-02,3.985000
1987-07-03,4.077000
1987-07-04,4.246000
1987-07-06,4.346000
1987-07-07,4.346000
1987-07-08,4.421000
1987-07-09,4.404000
1987-07-10,4.416000
1987-07-13,4.368000
1987-07-14,4.338000
1987-07-15,4.339000
1987-07-16,4.340000
1987-07-17,4.389000
1987-07-20,4.461000
1987-07-21,4.461000
1987-07-22,4.480000
1987-07-23,4.491000
1987-07-24,4.460000
1987-07-25,4.430000
1987-07-27,4.449000
1987-07-28,4.409000
1987-07-29,4.409000
1987-07-30,4.412000
1987-07-31,4.424000
1987-08-01,4.444000
1987-08-03,4.461000
1987-08-04,4.501000
1987-08-05,4.484000
1987-08-06,4.481000
1987-08-07,4.462000
1987-08-10,4.466000
1987-08-11,4.516000
1987-08-12,4.516000
1987-08-13,4.518000
1987-08-14,4.519000
1987-08-17,4.523000
1987-08-18,4.513000
1987-08-19,4.486000
1987-08-20,4.459000
1987-08-21,4.423000
1987-08-22,4.377000
1987-08-24,4.368000
1987-08-25,4.399000
1987-08-26,4.352000
1987-08-27,4.335000
1987-08-28,4.356000
1987-08-29,4.376000
1987-08-31,4.416000
1987-09-01,4.418000
1987-09-02,4.408000
1987-09-03,4.454000
1987-09-04,4.455000
1987-09-05,4.516000
1987-09-07,4.570000
1987-09-08,4.571000
1987-09-09,4.564000
1987-09-10,4.565000
1987-09-11,4.588000
1987-09-14,4.587000
1987-09-16,4.621000
1987-09-17,4.622000
1987-09-18,4.643000
1987-09-21,4.726000
1987-09-22,4.822000
1987-09-24,4.892000
1987-09-25,4.992000
1987-09-26,5.090000
1987-09-28,5.183000
1987-09-29,5.457000
1987-09-30,5.459000
1987-10-01,5.484000
1987-10-02,5.482000
1987-10-03,5.541000
1987-10-05,5.645000
1987-10-06,5.642000
1987-10-07,5.638000
1987-10-08,5.642000
1987-10-09,5.691000
1987-10-12,5.716000
1987-10-13,5.721000
1987-10-14,5.724000
1987-10-15,5.754000
1987-10-16,5.716000
1987-10-19,5.685000
1987-10-20,5.625000
1987-10-21,5.532000
1987-10-22,5.554000
1987-10-23,5.531000
1987-10-24,5.354000
1987-10-26,5.259000
1987-10-27,5.261000
1987-10-28,5.178000
1987-10-29,5.064000
1987-10-30,4.939000
1987-10-31,4.891000
1987-11-02,4.853000
1987-11-04,4.837000
1987-11-05,4.760000
1987-11-06,4.585000
1987-11-07,4.434000
1987-11-09,4.436000
1987-11-10,4.447000
1987-11-11,4.450000
1987-11-12,4.479000
1987-11-13,4.531000
1987-11-16,4.576000
1987-11-17,4.578000
1987-11-18,4.529000
1987-11-19,4.512000
1987-11-20,4.507000
1987-11-24,4.463000
1987-11-25,4.414000
1987-11-26,4.446000
1987-11-27,4.436000
1987-11-28,4.431000
1987-11-30,4.435000
1987-12-01,4.435000
1987-12-02,4.430000
1987-12-03,4.432000
1987-12-04,4.432000
1987-12-05,4.434000
1987-12-07,4.452000
1987-12-08,4.433000
1987-12-09,4.425000
1987-12-10,4.427000
1987-12-11,4.434000
1987-12-14,4.440000
1987-12-15,4.447000
1987-12-16,4.394000
1987-12-17,4.367000
1987-12-18,4.320000
1987-12-21,4.285000
1987-12-22,4.300000
1987-12-23,4.295000
1987-12-24,4.296000
1987-12-25,4.298000
1987-12-26,4.299000
1987-12-28,4.282000
1988-01-04,4.264000
1988-01-05,4.264000
1988-01-06,4.266000
1988-01-07,4.268000
1988-01-08,4.268000
1988-01-11,4.265000
1988-01-12,4.257000
1988-01-13,4.259000
1988-01-14,4.219000
1988-01-18,4.218000
1988-01-19,4.220000
1988-01-20,4.230000
1988-01-21,4.241000
1988-01-22,4.243000
1988-01-23,4.236000
1988-01-25,4.238000
1988-01-26,4.240000
1988-01-27,4.240000
1988-01-28,4.222000
1988-01-29,4.187000
1988-01-30,4.157000
1988-02-01,4.154000
1988-02-02,4.154000
1988-02-03,4.136000
1988-02-04,4.138000
1988-02-05,4.160000
1988-02-06,4.162000
1988-02-08,4.164000
1988-02-09,4.166000
1988-02-10,4.153000
1988-02-12,4.155000
1988-02-15,4.181000
1988-02-16,4.173000
1988-02-17,4.175000
1988-02-18,4.156000
1988-02-19,4.158000
1988-02-22,4.155000
1988-02-23,4.158000
1988-02-24,4.158000
1988-02-25,4.160000
1988-02-26,4.141000
1988-02-27,4.106000
1988-02-29,4.108000
1988-03-01,4.109000
1988-03-02,4.103000
1988-03-03,4.106000
1988-03-04,4.076000
1988-03-05,4.078000
1988-03-07,4.070000
1988-03-08,4.073000
1988-03-09,4.074000
1988-03-10,4.051000
1988-03-11,4.042000
1988-03-14,4.046000
1988-03-15,4.038000
1988-03-16,4.000000
1988-03-17,4.001000
1988-03-18,3.973000
1988-03-22,3.979000
1988-03-23,3.950000
1988-03-24,3.936000
1988-03-25,3.937000
1988-03-26,3.938000
1988-03-28,3.942000
1988-03-29,3.934000
1988-03-30,3.935000
1988-03-31,3.937000
1988-04-01,3.917000
1988-04-02,3.913000
1988-04-04,3.896000
1988-04-05,3.897000
1988-04-06,3.792000
1988-04-07,3.842000
1988-04-08,3.824000
1988-04-11,3.828000
1988-04-12,3.834000
1988-04-13,3.845000
1988-04-14,3.837000
1988-04-15,3.827000
1988-04-18,3.834000
1988-04-19,3.835000
1988-04-20,3.828000
1988-04-21,3.831000
1988-04-22,3.822000
1988-04-23,3.808000
1988-04-25,3.800000
1988-04-26,3.802000
1988-04-27,3.794000
1988-04-28,3.787000
1988-04-30,3.799000
1988-05-02,3.813000
1988-05-06,3.840000
1988-05-07,3.866000
1988-05-09,3.868000
1988-05-10,3.880000
1988-05-11,3.924000
1988-05-12,3.927000
1988-05-13,3.906000
1988-05-16,3.941000
1988-05-17,3.964000
1988-05-18,3.996000
1988-05-19,4.047000
1988-05-20,4.068000
1988-05-23,4.121000
1988-05-24,4.145000
1988-05-25,4.135000
1988-05-26,4.147000
1988-05-27,4.158000
1988-05-28,4.149000
1988-05-30,4.148000
1988-05-31,4.148000
1988-06-01,4.140000
1988-06-02,4.114000
1988-06-03,4.106000
1988-06-04,4.088000
1988-06-06,4.085000
1988-06-07,4.087000
1988-06-08,4.099000
1988-06-09,4.109000
1988-06-10,4.114000
1988-06-13,4.129000
1988-06-14,4.139000
1988-06-15,4.160000
1988-06-16,4.182000
1988-06-17,4.196000
1988-06-20,4.229000
1988-06-21,4.211000
1988-06-22,4.252000
1988-06-23,4.277000
1988-06-24,4.279000
1988-06-25,4.330000
1988-06-27,4.400000
1988-06-28,4.366000
1988-06-29,4.406000
1988-06-30,4.387000
1988-07-01,4.458000
1988-07-02,4.532000
1988-07-04,4.624000
1988-07-05,4.585000
1988-07-06,4.578000
1988-07-07,4.530000
1988-07-08,4.572000
1988-07-11,4.585000
1988-07-12,4.580000
1988-07-13,4.570000
1988-07-14,4.543000
1988-07-15,4.545000
1988-07-18,4.562000
1988-07-19,4.484000
1988-07-20,4.457000
1988-07-21,4.496000
1988-07-22,4.459000
1988-07-23,4.413000
1988-07-25,4.415000
1988-07-26,4.425000
1988-07-27,4.417000
1988-07-28,4.369000
1988-07-29,4.364000
1988-07-30,4.345000
1988-08-01,4.338000
1988-08-02,4.342000
1988-08-03,4.352000
1988-08-04,4.334000
1988-08-05,4.334000
1988-08-06,4.347000
1988-08-08,4.340000
1988-08-09,4.312000
1988-08-10,4.509000
1988-08-11,4.507000
1988-08-12,4.498000
1988-08-15,4.473000
1988-08-16,4.474000
1988-08-17,4.449000
1988-08-18,4.440000
1988-08-19,4.440000
1988-08-22,4.445000
1988-08-23,4.495000
1988-08-24,4.489000
1988-08-25,4.491000
1988-08-26,4.540000
1988-08-27,4.542000
1988-08-29,4.566000
1988-08-30,4.596000
1988-08-31,4.597000
1988-09-01,4.696000
1988-09-02,4.692000
1988-09-03,4.587000
1988-09-05,4.593000
1988-09-06,4.596000
1988-09-07,4.537000
1988-09-08,4.539000
1988-09-09,4.533000
1988-09-12,4.536000
1988-09-13,4.538000
1988-09-14,4.540000
1988-09-16,4.488000
1988-09-19,4.492000
1988-09-20,4.522000
1988-09-21,4.464000
1988-09-22,4.459000
1988-09-24,4.462000
1988-09-26,4.464000
1988-09-27,4.449000
1988-09-28,4.440000
1988-09-29,4.431000
1988-09-30,4.403000
1988-10-01,4.366000
1988-10-03,4.349000
1988-10-04,4.311000
1988-10-05,4.307000
1988-10-06,4.319000
1988-10-07,4.281000
1988-10-11,4.137000
1988-10-12,4.102000
1988-10-13,4.104000
1988-10-14,4.125000
1988-10-17,4.129000
1988-10-18,4.152000
1988-10-19,4.135000
1988-10-20,4.135000
1988-10-21,4.137000
1988-10-22,4.139000
1988-10-24,4.144000
1988-10-25,4.136000
1988-10-26,4.136000
1988-10-27,4.138000
1988-10-28,4.133000
1988-10-29,4.123000
1988-10-31,4.128000
1988-11-01,4.121000
1988-11-02,4.123000
1988-11-04,4.116000
1988-11-05,4.117000
1988-11-07,4.122000
1988-11-08,4.102000
1988-11-09,4.074000
1988-11-10,4.050000
1988-11-11,4.032000
1988-11-14,4.016000
1988-11-15,4.018000
1988-11-16,4.031000
1988-11-17,4.043000
1988-11-18,4.036000
1988-11-21,4.019000
1988-11-22,3.994000
1988-11-24,3.996000
1988-11-25,4.008000
1988-11-26,4.031000
1988-11-28,4.023000
1988-11-29,3.995000
1988-11-30,3.966000
1988-12-01,3.958000
1988-12-02,3.956000
1988-12-03,3.956000
1988-12-05,3.960000
1988-12-06,3.937000
1988-12-07,3.947000
1988-12-08,3.949000
1988-12-09,3.941000
1988-12-12,3.931000
1988-12-13,3.944000
1988-12-14,3.944000
1988-12-15,3.956000
1988-12-16,4.007000
1988-12-19,3.998000
1988-12-20,4.000000
1988-12-21,4.002000
1988-12-22,4.002000
1988-12-23,3.995000
1988-12-24,3.998000
1988-12-26,4.000000
1988-12-27,4.002000
1988-12-28,3.991000
1989-01-04,4.001000
1989-01-05,4.021000
1989-01-06,4.046000
1989-01-09,4.030000
1989-01-10,4.015000
1989-01-11,4.025000
1989-01-12,4.027000
1989-01-13,4.029000
1989-01-17,4.045000
1989-01-18,4.047000
1989-01-19,4.078000
1989-01-20,4.060000
1989-01-23,4.064000
1989-01-24,4.037000
1989-01-25,4.039000
1989-01-26,4.039000
1989-01-27,4.041000
1989-01-28,4.038000
1989-01-30,4.061000
1989-01-31,4.132000
1989-02-01,4.155000
1989-02-02,4.178000
1989-02-03,4.207000
1989-02-06,4.234000
1989-02-07,4.236000
1989-02-08,4.238000
1989-02-09,4.268000
1989-02-10,4.261000
1989-02-13,4.295000
1989-02-14,4.306000
1989-02-15,4.328000
1989-02-16,4.339000
1989-02-17,4.360000
1989-02-20,4.425000
1989-02-21,4.475000
1989-02-22,4.513000
1989-02-23,4.563000
1989-02-27,4.652000
1989-02-28,4.651000
1989-03-01,4.647000
1989-03-02,4.657000
1989-03-03,4.693000
1989-03-06,4.710000
1989-03-07,4.730000
1989-03-08,4.712000
1989-03-09,4.713000
1989-03-10,4.696000
1989-03-13,4.728000
1989-03-14,4.778000
1989-03-15,4.759000
1989-03-16,4.784000
1989-03-17,4.741000
1989-03-20,4.793000
1989-03-22,4.761000
1989-03-23,4.745000
1989-03-24,4.745000
1989-03-27,4.763000
1989-03-28,4.764000
1989-03-29,4.764000
1989-03-30,4.747000
1989-03-31,4.740000
1989-04-03,4.742000
1989-04-04,4.745000
1989-04-05,4.744000
1989-04-06,4.762000
1989-04-07,4.763000
1989-04-10,4.766000
1989-04-11,4.763000
1989-04-12,4.762000
1989-04-13,4.765000
1989-04-14,4.762000
1989-04-17,4.766000
1989-04-18,4.766000
1989-04-19,4.757000
1989-04-20,4.757000
1989-04-21,4.779000
1989-04-24,4.781000
1989-04-25,4.781000
1989-04-26,4.778000
1989-04-27,4.779000
1989-04-28,4.780000
1989-05-01,4.783000
1989-05-02,4.777000
1989-05-08,4.783000
1989-05-09,4.783000
1989-05-10,4.786000
1989-05-11,4.783000
1989-05-12,4.785000
1989-05-15,4.788000
1989-05-16,4.791000
1989-05-17,4.786000
1989-05-18,4.806000
1989-05-19,4.817000
1989-05-22,4.814000
1989-05-23,4.855000
1989-05-24,4.875000
1989-05-25,4.886000
1989-05-26,4.888000
1989-05-29,4.969000
1989-05-30,5.017000
1989-05-31,5.039000
1989-06-01,5.035000
1989-06-02,5.035000
1989-06-05,5.037000
1989-06-06,5.030000
1989-06-07,5.030000
1989-06-08,5.022000
1989-06-09,5.024000
1989-06-12,5.033000
1989-06-13,5.063000
1989-06-14,5.083000
1989-06-15,5.131000
1989-06-16,5.144000
1989-06-19,5.216000
1989-06-20,5.216000
1989-06-21,5.216000
1989-06-22,5.188000
1989-06-23,5.169000
1989-06-26,5.166000
1989-06-27,5.167000
1989-06-28,5.184000
1989-06-29,5.185000
1989-06-30,5.198000
1989-07-03,5.192000
1989-07-04,5.183000
1989-07-05,5.175000
1989-07-06,5.117000
1989-07-07,5.108000
1989-07-10,5.101000
1989-07-11,5.098000
1989-07-12,5.107000
1989-07-13,5.109000
1989-07-14,5.100000
1989-07-17,5.107000
1989-07-18,5.098000
1989-07-19,5.079000
1989-07-20,5.081000
1989-07-21,5.054000
1989-07-24,5.039000
1989-07-25,5.030000
1989-07-26,5.010000
1989-07-27,4.981000
1989-07-28,4.972000
1989-07-31,4.946000
1989-08-01,4.922000
1989-08-02,4.913000
1989-08-03,4.915000
1989-08-04,4.925000
1989-08-07,4.930000
1989-08-08,4.921000
1989-08-09,4.922000
1989-08-10,4.923000
1989-08-11,4.929000
1989-08-14,4.951000
1989-08-15,4.953000
1989-08-16,4.953000
1989-08-17,4.949000
1989-08-18,4.969000
1989-08-21,4.970000
1989-08-22,4.967000
1989-08-23,4.977000
1989-08-24,4.977000
1989-08-25,4.979000
1989-08-28,4.975000
1989-08-29,4.986000
1989-08-30,4.986000
1989-08-31,4.997000
1989-09-01,5.018000
1989-09-04,5.030000
1989-09-05,5.060000
1989-09-06,5.108000
1989-09-07,5.128000
1989-09-08,5.173000
1989-09-11,5.253000
1989-09-12,5.256000
1989-09-13,5.254000
1989-09-14,5.252000
1989-09-18,5.305000
1989-09-19,5.276000
1989-09-20,5.267000
1989-09-21,5.263000
1989-09-22,5.236000
1989-09-25,5.161000
1989-09-26,5.157000
1989-09-27,5.157000
1989-09-28,5.160000
1989-09-29,5.156000
1989-10-02,5.158000
1989-10-03,5.188000
1989-10-04,5.208000
1989-10-05,5.207000
1989-10-06,5.245000
1989-10-09,5.229000
1989-10-11,5.322000
1989-10-12,5.388000
1989-10-13,5.420000
1989-10-16,5.357000
1989-10-17,5.371000
1989-10-18,5.370000
1989-10-19,5.398000
1989-10-20,5.391000
1989-10-23,5.403000
1989-10-24,5.430000
1989-10-25,5.430000
1989-10-26,5.458000
1989-10-27,5.506000
1989-10-30,5.537000
1989-10-31,5.571000
1989-11-01,5.621000
1989-11-02,5.649000
1989-11-06,5.742000
1989-11-07,5.768000
1989-11-08,5.771000
1989-11-09,5.771000
1989-11-10,5.765000
1989-11-13,5.766000
1989-11-14,5.767000
1989-11-15,5.746000
1989-11-16,5.728000
1989-11-17,5.728000
1989-11-20,5.743000
1989-11-21,5.763000
1989-11-22,5.781000
1989-11-24,5.784000
1989-11-27,5.780000
1989-11-28,5.798000
1989-11-29,5.818000
1989-11-30,5.819000
1989-12-01,5.814000
1989-12-04,5.816000
1989-12-05,5.816000
1989-12-06,5.812000
1989-12-07,5.815000
1989-12-08,5.815000
1989-12-11,5.781000
1989-12-12,5.781000
1989-12-13,5.774000
1989-12-14,5.751000
1989-12-15,5.754000
1989-12-18,5.761000
1989-12-19,5.769000
1989-12-20,5.815000
1989-12-21,5.863000
1989-12-22,5.848000
1989-12-25,5.863000
1989-12-26,5.863000
1989-12-27,5.856000
1989-12-28,5.856000
1989-12-29,5.856000
1990-01-04,5.925000
1990-01-05,5.946000
1990-01-08,5.982000
1990-01-09,6.168000
1990-01-10,6.232000
1990-01-11,6.232000
1990-01-12,6.304000
1990-01-16,6.443000
1990-01-17,6.423000
1990-01-18,6.486000
1990-01-19,6.476000
1990-01-22,6.475000
1990-01-23,6.448000
1990-01-24,6.476000
1990-01-25,6.402000
1990-01-26,6.381000
1990-01-29,6.383000
1990-01-30,6.409000
1990-01-31,6.455000
1990-02-01,6.419000
1990-02-02,6.429000
1990-02-05,6.458000
1990-02-06,6.458000
1990-02-07,6.467000
1990-02-08,6.492000
1990-02-09,6.473000
1990-02-13,6.475000
1990-02-14,6.511000
1990-02-15,6.532000
1990-02-16,6.559000
1990-02-19,6.585000
1990-02-20,6.621000
1990-02-21,6.622000
1990-02-22,6.596000
1990-02-23,6.620000
1990-02-26,6.619000
1990-02-27,6.637000
1990-02-28,6.676000
1990-03-01,6.720000
1990-03-02,6.800000
1990-03-05,6.826000
1990-03-06,6.826000
1990-03-07,6.842000
1990-03-08,6.869000
1990-03-09,6.896000
1990-03-12,6.914000
1990-03-13,6.961000
1990-03-14,6.979000
1990-03-15,6.970000
1990-03-16,6.970000
1990-03-19,6.996000
1990-03-20,7.026000
1990-03-22,7.025000
1990-03-23,6.997000
1990-03-26,6.978000
1990-03-27,7.010000
1990-03-28,7.065000
1990-03-29,7.011000
1990-03-30,7.075000
1990-04-02,7.093000
1990-04-03,7.096000
1990-04-04,7.104000
1990-04-05,7.096000
1990-04-06,7.087000
1990-04-09,7.040000
1990-04-10,7.013000
1990-04-11,7.012000
1990-04-12,6.985000
1990-04-13,6.994000
1990-04-16,7.004000
1990-04-17,7.004000
1990-04-18,6.995000
1990-04-19,6.976000
1990-04-20,6.976000
1990-04-23,6.976000
1990-04-24,6.978000
1990-04-25,6.968000
1990-04-26,6.942000
1990-04-27,6.942000
1990-05-01,6.942000
1990-05-02,6.933000
1990-05-07,6.888000
1990-05-08,6.871000
1990-05-09,6.853000
1990-05-10,6.843000
1990-05-11,6.756000
1990-05-14,6.692000
1990-05-15,6.648000
1990-05-16,6.647000
1990-05-17,6.648000
1990-05-18,6.629000
1990-05-21,6.647000
1990-05-22,6.603000
1990-05-23,6.565000
1990-05-24,6.549000
1990-05-25,6.457000
1990-05-28,6.458000
1990-05-29,6.476000
1990-05-30,6.458000
1990-05-31,6.458000
1990-06-01,6.465000
1990-06-04,6.467000
1990-06-05,6.474000
1990-06-06,6.477000
1990-06-07,6.484000
1990-06-08,6.486000
1990-06-11,6.501000
1990-06-12,6.501000
1990-06-13,6.510000
1990-06-14,6.520000
1990-06-15,6.538000
1990-06-18,6.538000
1990-06-19,6.564000
1990-06-20,6.592000
1990-06-21,6.604000
1990-06-22,6.640000
1990-06-25,6.703000
1990-06-26,6.705000
1990-06-27,6.696000
1990-06-28,6.732000
1990-06-29,6.784000
1990-07-02,6.801000
1990-07-03,6.810000
1990-07-04,6.800000
1990-07-05,6.800000
1990-07-06,6.778000
1990-07-09,6.785000
1990-07-10,6.805000
1990-07-11,6.784000
1990-07-12,6.803000
1990-07-13,6.784000
1990-07-16,6.784000
1990-07-17,6.792000
1990-07-18,6.799000
1990-07-19,6.825000
1990-07-20,6.879000
1990-07-23,6.968000
1990-07-24,6.995000
1990-07-25,6.996000
1990-07-26,7.013000
1990-07-27,7.113000
1990-07-30,7.167000
1990-07-31,7.247000
1990-08-01,7.223000
1990-08-02,7.249000
1990-08-03,7.319000
1990-08-06,7.450000
1990-08-07,7.537000
1990-08-08,7.476000
1990-08-09,7.501000
1990-08-10,7.504000
1990-08-13,7.519000
1990-08-14,7.511000
1990-08-15,7.477000
1990-08-16,7.503000
1990-08-17,7.539000
1990-08-20,7.536000
1990-08-21,7.552000
1990-08-22,7.604000
1990-08-23,7.772000
1990-08-24,7.902000
1990-08-27,7.902000
1990-08-28,7.902000
1990-08-29,7.987000
1990-08-30,7.970000
1990-08-31,7.922000
1990-09-03,7.921000
1990-09-04,7.903000
1990-09-05,7.901000
1990-09-06,7.962000
1990-09-07,8.021000
1990-09-10,8.046000
1990-09-11,8.178000
1990-09-12,8.174000
1990-09-13,8.200000
1990-09-14,8.220000
1990-09-17,8.293000
1990-09-18,8.292000
1990-09-19,8.270000
1990-09-20,8.242000
1990-09-21,8.241000
1990-09-25,8.258000
1990-09-26,8.257000
1990-09-27,8.256000
1990-09-28,8.249000
1990-10-01,8.201000
1990-10-02,8.109000
1990-10-03,8.080000
1990-10-04,8.046000
1990-10-05,7.970000
1990-10-08,7.885000
1990-10-09,7.830000
1990-10-11,7.810000
1990-10-12,7.760000
1990-10-15,7.715000
1990-10-16,7.665000
1990-10-17,7.564000
1990-10-18,7.519000
1990-10-19,7.483000
1990-10-22,7.458000
1990-10-23,7.405000
1990-10-24,7.420000
1990-10-25,7.392000
1990-10-26,7.434000
1990-10-29,7.352000
1990-10-30,7.343000
1990-10-31,7.334000
1990-11-01,7.333000
1990-11-02,7.308000
1990-11-05,7.263000
1990-11-06,7.262000
1990-11-07,7.275000
1990-11-08,7.319000
1990-11-09,7.372000
1990-11-13,7.362000
1990-11-14,7.362000
1990-11-15,7.364000
1990-11-16,7.337000
1990-11-19,7.293000
1990-11-20,7.302000
1990-11-21,7.280000
1990-11-22,7.229000
1990-11-26,7.141000
1990-11-27,7.168000
1990-11-28,7.159000
1990-11-29,7.158000
1990-11-30,7.140000
1990-12-03,7.086000
1990-12-04,7.096000
1990-12-05,7.032000
1990-12-06,7.076000
1990-12-07,7.042000
1990-12-10,6.986000
1990-12-11,6.945000
1990-12-12,6.918000
1990-12-13,6.863000
1990-12-14,6.840000
1990-12-17,6.808000
1990-12-18,6.772000
1990-12-19,6.728000
1990-12-20,6.736000
1990-12-21,6.766000
1990-12-25,6.790000
1990-12-26,6.805000
1990-12-27,6.813000
1990-12-28,6.830000
1991-01-04,6.740000
1991-01-07,6.766000
1991-01-08,6.791000
1991-01-09,6.791000
1991-01-10,6.784000
1991-01-11,6.747000
1991-01-14,6.774000
1991-01-16,6.816000
1991-01-17,6.757000
1991-01-18,6.757000
1991-01-21,6.774000
1991-01-22,6.775000
1991-01-23,6.755000
1991-01-24,6.738000
1991-01-25,6.701000
1991-01-28,6.676000
1991-01-29,6.639000
1991-01-30,6.622000
1991-01-31,6.622000
1991-02-01,6.629000
1991-02-04,6.639000
1991-02-05,6.619000
1991-02-06,6.593000
1991-02-07,6.592000
1991-02-08,6.586000
1991-02-12,6.557000
1991-02-13,6.523000
1991-02-14,6.496000
1991-02-15,6.466000
1991-02-18,6.440000
1991-02-19,6.421000
1991-02-20,6.393000
1991-02-21,6.374000
1991-02-22,6.356000
1991-02-25,6.336000
1991-02-26,6.317000
1991-02-27,6.334000
1991-02-28,6.379000
1991-03-01,6.578000
1991-03-04,6.649000
1991-03-05,6.650000
1991-03-06,6.643000
1991-03-07,6.648000
1991-03-08,6.640000
1991-03-11,6.667000
1991-03-12,6.631000
1991-03-13,6.639000
1991-03-14,6.657000
1991-03-15,6.675000
1991-03-18,6.675000
1991-03-19,6.699000
1991-03-20,6.709000
1991-03-22,6.665000
1991-03-25,6.673000
1991-03-26,6.700000
1991-03-27,6.726000
1991-03-28,6.726000
1991-03-29,6.709000
1991-04-01,6.744000
1991-04-02,6.744000
1991-04-03,6.736000
1991-04-04,6.744000
1991-04-05,6.729000
1991-04-08,6.728000
1991-04-09,6.747000
1991-04-10,6.774000
1991-04-11,6.816000
1991-04-12,6.818000
1991-04-15,6.819000
1991-04-16,6.777000
1991-04-17,6.784000
1991-04-18,6.778000
1991-04-19,6.785000
1991-04-22,6.811000
1991-04-23,6.822000
1991-04-24,6.828000
1991-04-25,6.838000
1991-04-26,6.841000
1991-04-30,6.829000
1991-05-01,6.804000
1991-05-02,6.796000
1991-05-07,6.804000
1991-05-08,6.811000
1991-05-09,6.801000
1991-05-10,6.769000
1991-05-13,6.759000
1991-05-14,6.751000
1991-05-15,6.751000
1991-05-16,6.732000
1991-05-17,6.724000
1991-05-20,6.724000
1991-05-21,6.724000
1991-05-22,6.726000
1991-05-23,6.726000
1991-05-24,6.725000
1991-05-27,6.726000
1991-05-28,6.726000
1991-05-29,6.726000
1991-05-30,6.726000
1991-05-31,6.711000
1991-06-03,6.711000
1991-06-04,6.711000
1991-06-05,6.720000
1991-06-06,6.737000
1991-06-07,6.754000
1991-06-10,6.805000
1991-06-11,6.866000
1991-06-12,6.903000
1991-06-13,6.919000
1991-06-14,6.937000
1991-06-17,6.949000
1991-06-18,6.966000
1991-06-19,6.985000
1991-06-20,6.990000
1991-06-21,6.960000
1991-06-24,6.991000
1991-06-25,6.975000
1991-06-26,6.986000
1991-06-27,6.990000
1991-06-28,6.987000
1991-07-01,6.911000
1991-07-02,6.919000
1991-07-03,6.937000
1991-07-04,6.915000
1991-07-05,6.933000
1991-07-08,6.935000
1991-07-09,6.935000
1991-07-10,6.933000
1991-07-11,6.935000
1991-07-12,6.923000
1991-07-15,6.885000
1991-07-16,6.887000
1991-07-17,6.885000
1991-07-18,6.897000
1991-07-19,6.882000
1991-07-22,6.884000
1991-07-23,6.876000
1991-07-24,6.848000
1991-07-25,6.821000
1991-07-26,6.773000
1991-07-29,6.773000
1991-07-30,6.727000
1991-07-31,6.715000
1991-08-01,6.714000
1991-08-02,6.706000
1991-08-05,6.659000
1991-08-06,6.671000
1991-08-07,6.644000
1991-08-08,6.644000
1991-08-09,6.628000
1991-08-12,6.629000
1991-08-13,6.584000
1991-08-14,6.548000
1991-08-15,6.548000
1991-08-16,6.515000
1991-08-19,6.606000
1991-08-20,6.553000
1991-08-21,6.498000
1991-08-22,6.484000
1991-08-23,6.484000
1991-08-26,6.493000
1991-08-27,6.495000
1991-08-28,6.505000
1991-08-29,6.443000
1991-08-30,6.431000
1991-09-02,6.411000
1991-09-03,6.420000
1991-09-04,6.417000
1991-09-05,6.423000
1991-09-06,6.407000
1991-09-09,6.389000
1991-09-10,6.380000
1991-09-11,6.362000
1991-09-12,6.303000
1991-09-13,6.233000
1991-09-17,6.210000
1991-09-18,6.180000
1991-09-19,6.172000
1991-09-20,6.102000
1991-09-24,6.054000
1991-09-25,6.049000
1991-09-26,6.042000
1991-09-27,6.013000
1991-09-30,6.013000
1991-10-01,5.977000
1991-10-02,5.968000
1991-10-03,5.932000
1991-10-04,5.954000
1991-10-07,5.968000
1991-10-08,6.002000
1991-10-09,6.047000
1991-10-11,6.074000
1991-10-14,6.074000
1991-10-15,6.057000
1991-10-16,6.042000
1991-10-17,5.996000
1991-10-18,5.997000
1991-10-21,5.976000
1991-10-22,5.994000
1991-10-23,6.010000
1991-10-24,5.983000
1991-10-25,6.003000
1991-10-28,6.002000
1991-10-29,5.980000
1991-10-30,5.998000
1991-10-31,5.971000
1991-11-01,5.937000
1991-11-05,5.962000
1991-11-06,5.999000
1991-11-07,5.982000
1991-11-08,5.962000
1991-11-11,5.940000
1991-11-12,5.905000
1991-11-13,5.903000
1991-11-14,5.904000
1991-11-15,5.910000
1991-11-18,5.891000
1991-11-19,5.896000
1991-11-20,5.941000
1991-11-21,5.920000
1991-11-22,5.934000
1991-11-25,5.919000
1991-11-26,5.903000
1991-11-27,5.891000
1991-11-28,5.867000
1991-11-29,5.845000
1991-12-02,5.812000
1991-12-03,5.821000
1991-12-04,5.784000
1991-12-05,5.738000
1991-12-06,5.693000
1991-12-09,5.710000
1991-12-10,5.703000
1991-12-11,5.720000
1991-12-12,5.701000
1991-12-13,5.727000
1991-12-16,5.710000
1991-12-17,5.712000
1991-12-18,5.722000
1991-12-19,5.784000
1991-12-20,5.773000
1991-12-24,5.712000
1991-12-25,5.742000
1991-12-26,5.687000
1991-12-27,5.649000
1991-12-30,5.604000
1992-01-06,5.548000
1992-01-07,5.485000
1992-01-08,5.494000
1992-01-09,5.477000
1992-01-10,5.477000
1992-01-13,5.503000
1992-01-14,5.486000
1992-01-16,5.535000
1992-01-17,5.479000
1992-01-20,5.442000
1992-01-21,5.403000
1992-01-22,5.247000
1992-01-23,5.214000
1992-01-24,5.213000
1992-01-27,5.216000
1992-01-28,5.254000
1992-01-29,5.255000
1992-01-30,5.290000
1992-01-31,5.361000
1992-02-03,5.375000
1992-02-04,5.416000
1992-02-05,5.473000
1992-02-06,5.453000
1992-02-07,5.452000
1992-02-10,5.487000
1992-02-12,5.537000
1992-02-13,5.480000
1992-02-14,5.519000
1992-02-17,5.483000
1992-02-18,5.480000
1992-02-19,5.503000
1992-02-20,5.463000
1992-02-21,5.451000
1992-02-24,5.468000
1992-02-25,5.450000
1992-02-26,5.420000
1992-02-27,5.386000
1992-02-28,5.377000
1992-03-02,5.366000
1992-03-03,5.389000
1992-03-04,5.412000
1992-03-05,5.390000
1992-03-06,5.404000
1992-03-09,5.394000
1992-03-10,5.369000
1992-03-11,5.355000
1992-03-12,5.355000
1992-03-13,5.344000
1992-03-16,5.336000
1992-03-17,5.299000
1992-03-18,5.304000
1992-03-19,5.297000
1992-03-23,5.291000
1992-03-24,5.300000
1992-03-25,5.295000
1992-03-26,5.281000
1992-03-27,5.250000
1992-03-30,5.243000
1992-03-31,5.250000
1992-04-01,5.266000
1992-04-02,5.318000
1992-04-03,5.383000
1992-04-06,5.343000
1992-04-07,5.360000
1992-04-08,5.340000
1992-04-09,5.351000
1992-04-10,5.262000
1992-04-13,5.283000
1992-04-14,5.274000
1992-04-15,5.242000
1992-04-16,5.252000
1992-04-17,5.267000
1992-04-20,5.321000
1992-04-21,5.300000
1992-04-22,5.300000
1992-04-23,5.289000
1992-04-24,5.301000
1992-04-27,5.332000
1992-04-28,5.328000
1992-04-30,5.328000
1992-05-01,5.318000
1992-05-06,5.284000
1992-05-07,5.273000
1992-05-08,5.272000
1992-05-11,5.259000
1992-05-12,5.269000
1992-05-13,5.264000
1992-05-14,5.264000
1992-05-15,5.284000
1992-05-18,5.274000
1992-05-19,5.275000
1992-05-20,5.259000
1992-05-21,5.259000
1992-05-22,5.278000
1992-05-25,5.278000
1992-05-26,5.293000
1992-05-27,5.306000
1992-05-28,5.301000
1992-05-29,5.276000
1992-06-01,5.260000
1992-06-02,5.269000
1992-06-03,5.251000
1992-06-04,5.251000
1992-06-05,5.237000
1992-06-08,5.227000
1992-06-09,5.214000
1992-06-10,5.205000
1992-06-11,5.192000
1992-06-12,5.183000
1992-06-15,5.165000
1992-06-16,5.159000
1992-06-17,5.105000
1992-06-18,5.067000
1992-06-19,5.066000
1992-06-22,5.076000
1992-06-23,5.075000
1992-06-24,5.039000
1992-06-25,4.992000
1992-06-26,4.963000
1992-06-29,4.970000
1992-06-30,4.964000
1992-07-01,4.953000
1992-07-02,4.967000
1992-07-03,4.964000
1992-07-06,4.999000
1992-07-07,4.975000
1992-07-08,4.948000
1992-07-09,4.943000
1992-07-10,4.936000
1992-07-13,4.923000
1992-07-14,4.897000
1992-07-15,4.897000
1992-07-16,4.884000
1992-07-17,4.868000
1992-07-20,4.861000
1992-07-21,4.834000
1992-07-22,4.737000
1992-07-23,4.694000
1992-07-24,4.694000
1992-07-27,4.696000
1992-07-28,4.626000
1992-07-29,4.558000
1992-07-30,4.572000
1992-07-31,4.604000
1992-08-03,4.650000
1992-08-04,4.609000
1992-08-05,4.646000
1992-08-06,4.688000
1992-08-07,4.707000
1992-08-10,4.634000
1992-08-11,4.576000
1992-08-12,4.516000
1992-08-13,4.478000
1992-08-14,4.374000
1992-08-17,4.342000
1992-08-18,4.289000
1992-08-19,4.269000
1992-08-20,4.282000
1992-08-21,4.354000
1992-08-24,4.352000
1992-08-25,4.294000
1992-08-26,4.278000
1992-08-27,4.264000
1992-08-28,4.321000
1992-08-31,4.434000
1992-09-01,4.491000
1992-09-02,4.529000
1992-09-03,4.509000
1992-09-04,4.445000
1992-09-07,4.323000
1992-09-08,4.380000
1992-09-09,4.381000
1992-09-10,4.390000
1992-09-11,4.439000
1992-09-14,4.430000
1992-09-16,4.478000
1992-09-17,4.505000
1992-09-18,4.488000
1992-09-21,4.479000
1992-09-22,4.461000
1992-09-24,4.387000
1992-09-25,4.368000
1992-09-28,4.350000
1992-09-29,4.340000
1992-09-30,4.313000
1992-10-01,4.298000
1992-10-02,4.262000
1992-10-05,4.257000
1992-10-06,4.227000
1992-10-07,4.250000
1992-10-08,4.300000
1992-10-09,4.290000
1992-10-12,4.327000
1992-10-13,4.308000
1992-10-14,4.297000
1992-10-15,4.336000
1992-10-16,4.316000
1992-10-19,4.307000
1992-10-20,4.336000
1992-10-21,4.362000
1992-10-22,4.353000
1992-10-23,4.321000
1992-10-26,4.328000
1992-10-27,4.323000
1992-10-28,4.316000
1992-10-29,4.293000
1992-10-30,4.234000
1992-11-02,4.225000
1992-11-04,4.200000
1992-11-05,4.207000
1992-11-06,4.232000
1992-11-09,4.195000
1992-11-10,4.193000
1992-11-11,4.180000
1992-11-12,4.178000
1992-11-13,4.181000
1992-11-16,4.192000
1992-11-17,4.202000
1992-11-18,4.226000
1992-11-19,4.237000
1992-11-20,4.286000
1992-11-24,4.261000
1992-11-25,4.228000
1992-11-26,4.239000
1992-11-27,4.228000
1992-11-30,4.258000
1992-12-01,4.242000
1992-12-02,4.216000
1992-12-03,4.196000
1992-12-04,4.197000
1992-12-07,4.199000
1992-12-08,4.212000
1992-12-09,4.229000
1992-12-10,4.240000
1992-12-11,4.248000
1992-12-14,4.316000
1992-12-15,4.308000
1992-12-16,4.291000
1992-12-17,4.294000
1992-12-18,4.291000
1992-12-21,4.278000
1992-12-22,4.264000
1992-12-24,4.259000
1992-12-25,4.247000
1992-12-28,4.243000
1992-12-29,4.246000
1992-12-30,4.237000
1993-01-04,4.239000
1993-01-05,4.211000
1993-01-06,4.184000
1993-01-07,4.148000
1993-01-08,4.167000
1993-01-11,4.186000
1993-01-12,4.140000
1993-01-13,4.135000
1993-01-14,4.114000
1993-01-18,4.039000
1993-01-19,4.031000
1993-01-20,4.052000
1993-01-21,4.070000
1993-01-22,4.060000
1993-01-25,4.058000
1993-01-26,4.051000
1993-01-27,4.044000
1993-01-28,4.012000
1993-01-29,3.994000
1993-02-01,3.927000
1993-02-02,3.918000
1993-02-03,3.967000
1993-02-04,3.981000
1993-02-05,3.908000
1993-02-08,3.878000
1993-02-09,3.833000
1993-02-10,3.823000
1993-02-12,3.810000
1993-02-15,3.821000
1993-02-16,3.816000
1993-02-17,3.777000
1993-02-18,3.760000
1993-02-19,3.730000
1993-02-22,3.655000
1993-02-23,3.636000
1993-02-24,3.589000
1993-02-25,3.589000
1993-02-26,3.638000
1993-03-01,3.660000
1993-03-02,3.622000
1993-03-03,3.613000
1993-03-04,3.594000
1993-03-05,3.574000
1993-03-08,3.611000
1993-03-09,3.698000
1993-03-10,3.683000
1993-03-11,3.710000
1993-03-12,3.701000
1993-03-15,3.770000
1993-03-16,3.746000
1993-03-17,3.767000
1993-03-18,3.806000
1993-03-19,3.787000
1993-03-22,3.834000
1993-03-23,3.858000
1993-03-24,3.873000
1993-03-25,3.986000
1993-03-26,4.071000
1993-03-29,4.172000
1993-03-30,4.083000
1993-03-31,4.068000
1993-04-01,4.002000
1993-04-02,4.012000
1993-04-05,4.072000
1993-04-06,4.073000
1993-04-07,4.102000
1993-04-08,4.122000
1993-04-09,4.093000
1993-04-12,4.051000
1993-04-13,4.089000
1993-04-14,4.047000
1993-04-15,4.033000
1993-04-16,4.039000
1993-04-19,4.034000
1993-04-20,4.009000
1993-04-21,3.994000
1993-04-22,3.985000
1993-04-23,3.952000
1993-04-26,3.971000
1993-04-27,4.067000
1993-04-28,4.186000
1993-04-30,4.162000
1993-05-06,4.103000
1993-05-07,4.106000
1993-05-10,4.134000
1993-05-11,4.159000
1993-05-12,4.187000
1993-05-13,4.162000
1993-05-14,4.179000
1993-05-17,4.202000
1993-05-18,4.324000
1993-05-19,4.387000
1993-05-20,4.378000
1993-05-21,4.357000
1993-05-24,4.396000
1993-05-25,4.392000
1993-05-26,4.322000
1993-05-27,4.305000
1993-05-28,4.304000
1993-05-31,4.304000
1993-06-01,4.292000
1993-06-02,4.292000
1993-06-03,4.276000
1993-06-04,4.216000
1993-06-07,4.213000
1993-06-08,4.199000
1993-06-10,4.166000
1993-06-11,4.159000
1993-06-14,4.121000
1993-06-15,4.080000
1993-06-16,4.094000
1993-06-17,4.056000
1993-06-18,4.019000
1993-06-21,4.055000
1993-06-22,4.108000
1993-06-23,4.141000
1993-06-24,4.092000
1993-06-25,4.093000
1993-06-28,4.032000
1993-06-29,4.018000
1993-06-30,3.999000
1993-07-01,3.995000
1993-07-02,4.005000
1993-07-05,3.996000
1993-07-06,3.968000
1993-07-07,3.997000
1993-07-08,3.984000
1993-07-09,3.932000
1993-07-12,3.886000
1993-07-13,3.863000
1993-07-14,3.865000
1993-07-15,3.880000
1993-07-16,3.890000
1993-07-19,3.876000
1993-07-20,3.878000
1993-07-21,3.868000
1993-07-22,3.874000
1993-07-23,3.851000
1993-07-26,3.832000
1993-07-27,3.833000
1993-07-28,3.809000
1993-07-29,3.811000
1993-07-30,3.793000
1993-08-02,3.708000
1993-08-03,3.695000
1993-08-04,3.715000
1993-08-05,3.744000
1993-08-06,3.748000
1993-08-09,3.722000
1993-08-10,3.714000
1993-08-11,3.691000
1993-08-12,3.624000
1993-08-13,3.664000
1993-08-16,3.645000
1993-08-17,3.626000
1993-08-18,3.636000
1993-08-19,3.695000
1993-08-20,3.820000
1993-08-23,3.772000
1993-08-24,3.734000
1993-08-25,3.658000
1993-08-26,3.611000
1993-08-27,3.582000
1993-08-30,3.545000
1993-08-31,3.500000
1993-09-01,3.481000
1993-09-02,3.502000
1993-09-03,3.517000
1993-09-06,3.460000
1993-09-07,3.470000
1993-09-08,3.451000
1993-09-09,3.423000
1993-09-10,3.428000
1993-09-13,3.470000
1993-09-14,3.508000
1993-09-16,3.491000
1993-09-17,3.476000
1993-09-20,3.478000
1993-09-21,3.361000
1993-09-22,3.368000
1993-09-24,3.351000
1993-09-27,3.326000
1993-09-28,3.278000
1993-09-29,3.265000
1993-09-30,3.191000
1993-10-01,3.199000
1993-10-04,3.201000
1993-10-05,3.124000
1993-10-06,3.193000
1993-10-07,3.163000
1993-10-08,3.145000
1993-10-12,3.092000
1993-10-13,3.094000
1993-10-14,3.127000
1993-10-15,3.133000
1993-10-18,3.175000
1993-10-19,3.151000
1993-10-20,3.059000
1993-10-21,3.035000
1993-10-22,2.982000
1993-10-25,2.970000
1993-10-26,2.951000
1993-10-27,2.892000
1993-10-28,2.897000
1993-10-29,2.891000
1993-11-01,2.829000
1993-11-02,2.806000
1993-11-04,2.747000
1993-11-05,2.791000
1993-11-08,2.759000
1993-11-09,2.713000
1993-11-10,2.692000
1993-11-11,2.733000
1993-11-12,2.775000
1993-11-15,2.822000
1993-11-16,2.889000
1993-11-17,2.922000
1993-11-18,2.868000
1993-11-19,2.832000
1993-11-22,2.801000
1993-11-24,2.762000
1993-11-25,2.646000
1993-11-26,2.592000
1993-11-29,2.556000
1993-11-30,2.422000
1993-12-01,2.473000
1993-12-02,2.455000
1993-12-03,2.435000
1993-12-06,2.429000
1993-12-07,2.409000
1993-12-08,2.411000
1993-12-09,2.411000
1993-12-10,2.371000
1993-12-13,2.375000
1993-12-14,2.384000
1993-12-15,2.436000
1993-12-16,2.448000
1993-12-17,2.489000
1993-12-20,2.420000
1993-12-21,2.350000
1993-12-22,2.351000
1993-12-24,2.303000
1993-12-27,2.270000
1993-12-28,2.286000
1993-12-29,2.286000
1993-12-30,2.298000
1994-01-04,2.345000
1994-01-05,2.330000
1994-01-06,2.325000
1994-01-07,2.266000
1994-01-10,2.278000
1994-01-11,2.337000
1994-01-12,2.426000
1994-01-13,2.457000
1994-01-14,2.590000
1994-01-17,2.600000
1994-01-18,2.672000
1994-01-19,2.844000
1994-01-20,2.783000
1994-01-21,2.760000
1994-01-24,2.634000
1994-01-25,2.785000
1994-01-26,2.883000
1994-01-27,2.844000
1994-01-28,2.871000
1994-01-31,3.042000
1994-02-01,2.983000
1994-02-02,2.979000
1994-02-03,2.999000
1994-02-04,3.044000
1994-02-07,3.047000
1994-02-08,3.032000
1994-02-09,2.974000
1994-02-10,2.995000
1994-02-14,2.932000
1994-02-15,2.862000
1994-02-16,2.899000
1994-02-17,3.046000
1994-02-18,3.092000
1994-02-21,3.162000
1994-02-22,3.180000
1994-02-23,3.151000
1994-02-24,3.245000
1994-02-25,3.353000
1994-02-28,3.427000
1994-03-01,3.555000
1994-03-02,3.728000
1994-03-03,3.614000
1994-03-04,3.556000
1994-03-07,3.652000
1994-03-08,3.594000
1994-03-09,3.584000
1994-03-10,3.530000
1994-03-11,3.472000
1994-03-14,3.434000
1994-03-15,3.483000
1994-03-16,3.507000
1994-03-17,3.506000
1994-03-18,3.483000
1994-03-22,3.662000
1994-03-23,3.565000
1994-03-24,3.548000
1994-03-25,3.524000
1994-03-28,3.504000
1994-03-29,3.408000
1994-03-30,3.369000
1994-03-31,3.264000
1994-04-01,3.266000
1994-04-04,3.259000
1994-04-05,3.278000
1994-04-06,3.359000
1994-04-07,3.467000
1994-04-08,3.507000
1994-04-11,3.585000
1994-04-12,3.546000
1994-04-13,3.506000
1994-04-14,3.491000
1994-04-15,3.434000
1994-04-18,3.421000
1994-04-19,3.499000
1994-04-20,3.510000
1994-04-21,3.491000
1994-04-22,3.438000
1994-04-25,3.443000
1994-04-26,3.527000
1994-04-27,3.498000
1994-04-28,3.464000
1994-05-02,3.387000
1994-05-06,3.428000
1994-05-09,3.401000
1994-05-10,3.349000
1994-05-11,3.314000
1994-05-12,3.286000
1994-05-13,3.247000
1994-05-16,3.226000
1994-05-17,3.280000
1994-05-18,3.248000
1994-05-19,3.219000
1994-05-20,3.180000
1994-05-23,3.202000
1994-05-24,3.173000
1994-05-25,3.136000
1994-05-26,3.108000
1994-05-27,3.117000
1994-05-30,3.149000
1994-05-31,3.219000
1994-06-01,3.363000
1994-06-02,3.432000
1994-06-03,3.492000
1994-06-06,3.521000
1994-06-07,3.657000
1994-06-08,3.600000
1994-06-09,3.572000
1994-06-10,3.514000
1994-06-13,3.594000
1994-06-14,3.613000
1994-06-15,3.605000
1994-06-16,3.605000
1994-06-17,3.798000
1994-06-20,3.992000
1994-06-21,3.965000
1994-06-22,3.926000
1994-06-23,3.821000
1994-06-24,3.717000
1994-06-27,3.651000
1994-06-28,3.759000
1994-06-29,3.675000
1994-06-30,3.668000
1994-07-01,3.572000
1994-07-04,3.611000
1994-07-05,3.719000
1994-07-06,3.694000
1994-07-07,3.702000
1994-07-08,3.605000
1994-07-11,3.718000
1994-07-12,3.672000
1994-07-13,3.723000
1994-07-14,3.742000
1994-07-15,3.687000
1994-07-18,3.697000
1994-07-19,3.683000
1994-07-20,3.737000
1994-07-21,3.780000
1994-07-22,3.780000
1994-07-25,3.770000
1994-07-26,3.790000
1994-07-27,3.774000
1994-07-28,3.774000
1994-07-29,3.776000
1994-08-01,3.780000
1994-08-02,3.825000
1994-08-03,3.892000
1994-08-04,3.977000
1994-08-05,4.041000
1994-08-08,4.052000
1994-08-09,4.128000
1994-08-10,4.138000
1994-08-11,4.121000
1994-08-12,4.137000
1994-08-15,4.128000
1994-08-16,4.147000
1994-08-17,4.184000
1994-08-18,4.104000
1994-08-19,4.021000
1994-08-22,4.069000
1994-08-23,4.019000
1994-08-24,4.050000
1994-08-25,4.069000
1994-08-26,4.092000
1994-08-29,4.140000
1994-08-30,4.225000
1994-08-31,4.263000
1994-09-01,4.208000
1994-09-02,4.189000
1994-09-05,4.175000
1994-09-06,4.167000
1994-09-07,4.081000
1994-09-08,4.107000
1994-09-09,4.058000
1994-09-12,4.108000
1994-09-13,4.080000
1994-09-14,4.061000
1994-09-16,4.068000
1994-09-19,4.074000
1994-09-20,4.076000
1994-09-21,4.039000
1994-09-22,4.011000
1994-09-26,4.015000
1994-09-27,3.999000
1994-09-28,3.983000
1994-09-29,4.007000
1994-09-30,4.046000
1994-10-03,4.086000
1994-10-04,4.096000
1994-10-05,4.141000
1994-10-06,4.161000
1994-10-07,4.237000
1994-10-11,4.259000
1994-10-12,4.284000
1994-10-13,4.318000
1994-10-14,4.253000
1994-10-17,4.238000
1994-10-18,4.242000
1994-10-19,4.233000
1994-10-20,4.258000
1994-10-21,4.243000
1994-10-24,4.303000
1994-10-25,4.286000
1994-10-26,4.288000
1994-10-27,4.289000
1994-10-28,4.273000
1994-10-31,4.241000
1994-11-01,4.228000
1994-11-02,4.215000
1994-11-04,4.247000
1994-11-07,4.254000
1994-11-08,4.260000
1994-11-09,4.260000
1994-11-10,4.257000
1994-11-11,4.201000
1994-11-14,4.219000
1994-11-15,4.221000
1994-11-16,4.251000
1994-11-17,4.260000
1994-11-18,4.250000
1994-11-21,4.236000
1994-11-22,4.193000
1994-11-24,4.096000
1994-11-25,4.118000
1994-11-28,4.157000
1994-11-29,4.157000
1994-11-30,4.168000
1994-12-01,4.145000
1994-12-02,4.136000
1994-12-05,4.166000
1994-12-06,4.132000
1994-12-07,4.095000
1994-12-08,4.125000
1994-12-09,4.080000
1994-12-12,4.076000
1994-12-13,4.039000
1994-12-14,4.041000
1994-12-15,4.076000
1994-12-16,4.085000
1994-12-19,4.120000
1994-12-20,4.106000
1994-12-21,4.068000
1994-12-22,4.094000
1994-12-26,4.096000
1994-12-27,4.089000
1994-12-28,4.058000
1994-12-29,4.065000
1994-12-30,4.077000
1995-01-04,4.176000
1995-01-05,4.194000
1995-01-06,4.203000
1995-01-09,4.197000
1995-01-10,4.163000
1995-01-11,4.110000
1995-01-12,4.059000
1995-01-13,4.100000
1995-01-17,4.192000
1995-01-18,4.126000
1995-01-19,4.131000
1995-01-20,4.144000
1995-01-23,4.140000
1995-01-24,4.130000
1995-01-25,4.118000
1995-01-26,4.089000
1995-01-27,4.077000
1995-01-30,4.072000
1995-01-31,4.094000
1995-02-01,4.113000
1995-02-02,4.154000
1995-02-03,4.130000
1995-02-06,4.115000
1995-02-07,4.087000
1995-02-08,4.083000
1995-02-09,4.059000
1995-02-10,4.062000
1995-02-13,4.051000
1995-02-14,4.021000
1995-02-15,3.979000
1995-02-16,3.977000
1995-02-17,3.967000
1995-02-20,3.960000
1995-02-21,3.947000
1995-02-22,3.937000
1995-02-23,3.836000
1995-02-24,3.870000
1995-02-27,3.825000
1995-02-28,3.841000
1995-03-01,3.851000
1995-03-02,3.853000
1995-03-03,3.789000
1995-03-06,3.729000
1995-03-07,3.591000
1995-03-08,3.562000
1995-03-09,3.634000
1995-03-10,3.626000
1995-03-13,3.525000
1995-03-14,3.546000
1995-03-15,3.518000
1995-03-16,3.452000
1995-03-17,3.384000
1995-03-20,3.403000
1995-03-22,3.362000
1995-03-23,3.258000
1995-03-24,3.280000
1995-03-27,3.323000
1995-03-28,3.153000
1995-03-29,3.115000
1995-03-30,3.106000
1995-03-31,3.007000
1995-04-03,2.819000
1995-04-04,2.801000
1995-04-05,2.901000
1995-04-06,2.862000
1995-04-07,2.849000
1995-04-10,2.982000
1995-04-11,3.015000
1995-04-12,3.083000
1995-04-13,2.930000
1995-04-14,2.767000
1995-04-17,2.740000
1995-04-18,2.674000
1995-04-19,2.773000
1995-04-20,2.721000
1995-04-21,2.804000
1995-04-24,2.768000
1995-04-25,2.800000
1995-04-26,2.757000
1995-04-27,2.815000
1995-04-28,2.854000
1995-05-01,2.929000
1995-05-02,2.886000
1995-05-08,2.835000
1995-05-09,2.780000
1995-05-10,2.769000
1995-05-11,2.719000
1995-05-12,2.817000
1995-05-15,2.817000
1995-05-16,2.789000
1995-05-17,2.729000
1995-05-18,2.705000
1995-05-19,2.639000
1995-05-22,2.579000
1995-05-23,2.545000
1995-05-24,2.520000
1995-05-25,2.425000
1995-05-26,2.335000
1995-05-29,2.341000
1995-05-30,2.227000
1995-05-31,2.114000
1995-06-01,2.131000
1995-06-02,2.281000
1995-06-05,2.218000
1995-06-06,2.146000
1995-06-07,2.207000
1995-06-08,2.292000
1995-06-09,2.273000
1995-06-12,2.308000
1995-06-13,2.268000
1995-06-14,2.333000
1995-06-15,2.387000
1995-06-16,2.353000
1995-06-19,2.296000
1995-06-20,2.289000
1995-06-21,2.185000
1995-06-22,2.082000
1995-06-23,2.040000
1995-06-26,2.047000
1995-06-27,2.042000
1995-06-28,2.113000
1995-06-29,2.047000
1995-06-30,2.134000
1995-07-03,2.101000
1995-07-04,2.103000
1995-07-05,2.057000
1995-07-06,2.099000
1995-07-07,1.910000
1995-07-10,2.036000
1995-07-11,2.068000
1995-07-12,2.103000
1995-07-13,2.111000
1995-07-14,2.250000
1995-07-17,2.251000
1995-07-18,2.279000
1995-07-19,2.229000
1995-07-20,2.179000
1995-07-21,2.232000
1995-07-24,2.264000
1995-07-25,2.231000
1995-07-26,2.209000
1995-07-27,2.155000
1995-07-28,2.132000
1995-07-31,2.160000
1995-08-01,2.146000
1995-08-02,2.276000
1995-08-03,2.289000
1995-08-04,2.327000
1995-08-07,2.298000
1995-08-08,2.364000
1995-08-09,2.368000
1995-08-10,2.401000
1995-08-11,2.441000
1995-08-14,2.432000
1995-08-15,2.487000
1995-08-16,2.800000
1995-08-17,2.775000
1995-08-18,2.756000
1995-08-21,2.669000
1995-08-22,2.638000
1995-08-23,2.573000
1995-08-24,2.554000
1995-08-25,2.515000
1995-08-28,2.466000
1995-08-29,2.525000
1995-08-30,2.496000
1995-08-31,2.430000
1995-09-01,2.368000
1995-09-04,2.259000
1995-09-05,2.325000
1995-09-06,2.315000
1995-09-07,2.244000
1995-09-08,2.230000
1995-09-11,2.162000
1995-09-12,2.127000
1995-09-13,2.054000
1995-09-14,2.022000
1995-09-18,2.005000
1995-09-19,2.029000
1995-09-20,1.903000
1995-09-21,1.911000
1995-09-22,1.902000
1995-09-25,1.904000
1995-09-26,1.885000
1995-09-27,1.962000
1995-09-28,1.943000
1995-09-29,1.904000
1995-10-02,1.854000
1995-10-03,1.812000
1995-10-04,1.782000
1995-10-05,1.849000
1995-10-06,1.901000
1995-10-09,1.892000
1995-10-11,1.941000
1995-10-12,1.916000
1995-10-13,1.870000
1995-10-16,1.824000
1995-10-17,1.806000
1995-10-18,1.881000
1995-10-19,1.873000
1995-10-20,1.838000
1995-10-23,1.868000
1995-10-24,1.910000
1995-10-25,1.974000
1995-10-26,1.825000
1995-10-27,1.887000
1995-10-30,1.932000
1995-10-31,1.941000
1995-11-01,1.886000
1995-11-02,1.921000
1995-11-06,1.923000
1995-11-07,1.925000
1995-11-08,1.905000
1995-11-09,1.831000
1995-11-10,1.799000
1995-11-13,1.811000
1995-11-14,1.819000
1995-11-15,1.789000
1995-11-16,1.864000
1995-11-17,1.792000
1995-11-20,1.769000
1995-11-21,1.739000
1995-11-22,1.714000
1995-11-24,1.661000
1995-11-27,1.662000
1995-11-28,1.713000
1995-11-29,1.683000
1995-11-30,1.697000
1995-12-01,1.707000
1995-12-04,1.714000
1995-12-05,1.756000
1995-12-06,1.774000
1995-12-07,1.711000
1995-12-08,1.720000
1995-12-11,1.707000
1995-12-12,1.694000
1995-12-13,1.772000
1995-12-14,1.748000
1995-12-15,1.744000
1995-12-18,1.769000
1995-12-19,1.819000
1995-12-20,1.822000
1995-12-21,1.866000
1995-12-22,1.909000
1995-12-25,1.980000
1995-12-26,1.978000
1995-12-27,2.066000
1995-12-28,2.039000
1995-12-29,2.038000
1996-01-04,2.222000
1996-01-05,2.184000
1996-01-08,2.220000
1996-01-09,2.200000
1996-01-10,2.137000
1996-01-11,2.128000
1996-01-12,2.163000
1996-01-16,2.182000
1996-01-17,2.135000
1996-01-18,2.126000
1996-01-19,2.176000
1996-01-22,2.198000
1996-01-23,2.190000
1996-01-24,2.208000
1996-01-25,2.189000
1996-01-26,2.179000
1996-01-29,2.173000
1996-01-30,2.227000
1996-01-31,2.258000
1996-02-01,2.271000
1996-02-02,2.268000
1996-02-05,2.270000
1996-02-06,2.276000
1996-02-07,2.262000
1996-02-08,2.242000
1996-02-09,2.275000
1996-02-13,2.288000
1996-02-14,2.307000
1996-02-15,2.417000
1996-02-16,2.419000
1996-02-19,2.434000
1996-02-20,2.482000
1996-02-21,2.530000
1996-02-22,2.532000
1996-02-23,2.523000
1996-02-26,2.575000
1996-02-27,2.596000
1996-02-28,2.610000
1996-02-29,2.571000
1996-03-01,2.428000
1996-03-04,2.354000
1996-03-05,2.320000
1996-03-06,2.276000
1996-03-07,2.299000
1996-03-08,2.307000
1996-03-11,2.276000
1996-03-12,2.305000
1996-03-13,2.295000
1996-03-14,2.251000
1996-03-15,2.264000
1996-03-18,2.295000
1996-03-19,2.287000
1996-03-21,2.314000
1996-03-22,2.316000
1996-03-25,2.359000
1996-03-26,2.407000
1996-03-27,2.321000
1996-03-28,2.346000
1996-03-29,2.274000
1996-04-01,2.234000
1996-04-02,2.194000
1996-04-03,2.301000
1996-04-04,2.276000
1996-04-05,2.308000
1996-04-08,2.397000
1996-04-09,2.461000
1996-04-10,2.414000
1996-04-11,2.442000
1996-04-12,2.465000
1996-04-15,2.441000
1996-04-16,2.489000
1996-04-17,2.516000
1996-04-18,2.513000
1996-04-19,2.484000
1996-04-22,2.489000
1996-04-23,2.509000
1996-04-24,2.514000
1996-04-25,2.562000
1996-04-26,2.627000
1996-04-30,2.591000
1996-05-01,2.608000
1996-05-02,2.656000
1996-05-07,2.635000
1996-05-08,2.661000
1996-05-09,2.631000
1996-05-10,2.587000
1996-05-13,2.588000
1996-05-14,2.636000
1996-05-15,2.572000
1996-05-16,2.489000
1996-05-17,2.485000
1996-05-20,2.523000
1996-05-21,2.488000
1996-05-22,2.440000
1996-05-23,2.404000
1996-05-24,2.405000
1996-05-27,2.444000
1996-05-28,2.409000
1996-05-29,2.411000
1996-05-30,2.413000
1996-05-31,2.382000
1996-06-03,2.357000
1996-06-04,2.359000
1996-06-05,2.309000
1996-06-06,2.315000
1996-06-07,2.432000
1996-06-10,2.480000
1996-06-11,2.493000
1996-06-12,2.427000
1996-06-13,2.438000
1996-06-14,2.447000
1996-06-17,2.416000
1996-06-18,2.430000
1996-06-19,2.482000
1996-06-20,2.523000
1996-06-21,2.515000
1996-06-24,2.500000
1996-06-25,2.511000
1996-06-26,2.503000
1996-06-27,2.530000
1996-06-28,2.398000
1996-07-01,2.410000
1996-07-02,2.452000
1996-07-03,2.465000
1996-07-04,2.462000
1996-07-05,2.498000
1996-07-08,2.545000
1996-07-09,2.557000
1996-07-10,2.534000
1996-07-11,2.533000
1996-07-12,2.529000
1996-07-15,2.578000
1996-07-16,2.621000
1996-07-17,2.611000
1996-07-18,2.613000
1996-07-19,2.569000
1996-07-22,2.543000
1996-07-23,2.576000
1996-07-24,2.500000
1996-07-25,2.502000
1996-07-26,2.491000
1996-07-29,2.496000
1996-07-30,2.523000
1996-07-31,2.504000
1996-08-01,2.535000
1996-08-02,2.511000
1996-08-05,2.501000
1996-08-06,2.491000
1996-08-07,2.410000
1996-08-08,2.392000
1996-08-09,2.388000
1996-08-12,2.355000
1996-08-13,2.352000
1996-08-14,2.359000
1996-08-15,2.345000
1996-08-16,2.310000
1996-08-19,2.284000
1996-08-20,2.300000
1996-08-21,2.281000
1996-08-22,2.303000
1996-08-23,2.272000
1996-08-26,2.282000
1996-08-27,2.314000
1996-08-28,2.149000
1996-08-29,2.078000
1996-08-30,2.049000
1996-09-02,2.054000
1996-09-03,2.115000
1996-09-04,2.105000
1996-09-05,2.139000
1996-09-06,2.136000
1996-09-09,2.052000
1996-09-10,2.066000
1996-09-11,2.051000
1996-09-12,2.079000
1996-09-13,2.092000
1996-09-17,1.999000
1996-09-18,2.001000
1996-09-19,1.965000
1996-09-20,1.980000
1996-09-24,1.977000
1996-09-25,1.947000
1996-09-26,1.987000
1996-09-27,2.061000
1996-09-30,1.987000
1996-10-01,1.998000
1996-10-02,2.006000
1996-10-03,1.955000
1996-10-04,1.904000
1996-10-07,1.877000
1996-10-08,1.863000
1996-10-09,1.862000
1996-10-11,1.862000
1996-10-14,1.914000
1996-10-15,1.899000
1996-10-16,1.947000
1996-10-17,1.936000
1996-10-18,1.931000
1996-10-21,1.858000
1996-10-22,1.817000
1996-10-23,1.802000
1996-10-24,1.773000
1996-10-25,1.774000
1996-10-28,1.757000
1996-10-29,1.791000
1996-10-30,1.720000
1996-10-31,1.688000
1996-11-01,1.690000
1996-11-05,1.589000
1996-11-06,1.706000
1996-11-07,1.816000
1996-11-08,1.900000
1996-11-11,1.942000
1996-11-12,1.919000
1996-11-13,1.814000
1996-11-14,1.807000
1996-11-15,1.787000
1996-11-18,1.730000
1996-11-19,1.722000
1996-11-20,1.796000
1996-11-21,1.837000
1996-11-22,1.784000
1996-11-25,1.804000
1996-11-26,1.747000
1996-11-27,1.653000
1996-11-28,1.599000
1996-11-29,1.605000
1996-12-02,1.536000
1996-12-03,1.567000
1996-12-04,1.567000
1996-12-05,1.551000
1996-12-06,1.634000
1996-12-09,1.593000
1996-12-10,1.615000
1996-12-11,1.645000
1996-12-12,1.678000
1996-12-13,1.649000
1996-12-16,1.610000
1996-12-17,1.579000
1996-12-18,1.605000
1996-12-19,1.544000
1996-12-20,1.535000
1996-12-24,1.584000
1996-12-25,1.620000
1996-12-26,1.685000
1996-12-27,1.746000
1996-12-30,1.783000
1997-01-06,1.858000
1997-01-07,1.807000
1997-01-08,1.716000
1997-01-09,1.696000
1997-01-10,1.637000
1997-01-13,1.590000
1997-01-14,1.612000
1997-01-16,1.591000
1997-01-17,1.619000
1997-01-20,1.571000
1997-01-21,1.576000
1997-01-22,1.567000
1997-01-23,1.624000
1997-01-24,1.561000
1997-01-27,1.513000
1997-01-28,1.556000
1997-01-29,1.625000
1997-01-30,1.582000
1997-01-31,1.576000
1997-02-03,1.581000
1997-02-04,1.603000
1997-02-05,1.601000
1997-02-06,1.602000
1997-02-07,1.577000
1997-02-10,1.603000
1997-02-12,1.616000
1997-02-13,1.589000
1997-02-14,1.605000
1997-02-17,1.615000
1997-02-18,1.599000
1997-02-19,1.563000
1997-02-20,1.641000
1997-02-21,1.606000
1997-02-24,1.605000
1997-02-25,1.610000
1997-02-26,1.585000
1997-02-27,1.595000
1997-02-28,1.601000
1997-03-03,1.615000
1997-03-04,1.605000
1997-03-05,1.612000
1997-03-06,1.555000
1997-03-07,1.557000
1997-03-10,1.557000
1997-03-11,1.553000
1997-03-12,1.536000
1997-03-13,1.483000
1997-03-14,1.443000
1997-03-17,1.468000
1997-03-18,1.542000
1997-03-19,1.543000
1997-03-21,1.641000
1997-03-24,1.697000
1997-03-25,1.650000
1997-03-26,1.564000
1997-03-27,1.660000
1997-03-28,1.623000
1997-03-31,1.594000
1997-04-01,1.589000
1997-04-02,1.526000
1997-04-03,1.558000
1997-04-04,1.523000
1997-04-07,1.485000
1997-04-08,1.513000
1997-04-09,1.513000
1997-04-10,1.505000
1997-04-11,1.545000
1997-04-14,1.561000
1997-04-15,1.536000
1997-04-16,1.498000
1997-04-17,1.525000
1997-04-18,1.522000
1997-04-21,1.537000
1997-04-22,1.543000
1997-04-23,1.564000
1997-04-24,1.564000
1997-04-25,1.681000
1997-04-28,1.701000
1997-04-30,1.739000
1997-05-01,1.707000
1997-05-02,1.704000
1997-05-06,1.841000
1997-05-07,1.840000
1997-05-08,1.885000
1997-05-09,1.963000
1997-05-12,1.971000
1997-05-13,1.890000
1997-05-14,1.935000
1997-05-15,1.936000
1997-05-16,1.916000
1997-05-19,1.878000
1997-05-20,1.869000
1997-05-21,2.002000
1997-05-22,1.951000
1997-05-23,1.988000
1997-05-26,2.009000
1997-05-27,2.082000
1997-05-28,2.142000
1997-05-29,2.081000
1997-05-30,1.997000
1997-06-02,2.011000
1997-06-03,2.027000
1997-06-04,1.980000
1997-06-05,1.990000
1997-06-06,1.970000
1997-06-09,1.911000
1997-06-10,1.896000
1997-06-11,1.802000
1997-06-12,1.849000
1997-06-13,1.815000
1997-06-16,1.809000
1997-06-17,1.764000
1997-06-18,1.798000
1997-06-19,1.784000
1997-06-20,1.806000
1997-06-23,1.810000
1997-06-24,1.758000
1997-06-25,1.934000
1997-06-26,1.914000
1997-06-27,1.805000
1997-06-30,1.798000
1997-07-01,1.763000
1997-07-02,1.747000
1997-07-03,1.721000
1997-07-04,1.674000
1997-07-07,1.699000
1997-07-08,1.718000
1997-07-09,1.706000
1997-07-10,1.706000
1997-07-11,1.702000
1997-07-14,1.706000
1997-07-15,1.728000
1997-07-16,1.711000
1997-07-17,1.696000
1997-07-18,1.709000
1997-07-22,1.706000
1997-07-23,1.670000
1997-07-24,1.640000
1997-07-25,1.610000
1997-07-28,1.614000
1997-07-29,1.630000
1997-07-30,1.577000
1997-07-31,1.551000
1997-08-01,1.528000
1997-08-04,1.559000
1997-08-05,1.560000
1997-08-06,1.608000
1997-08-07,1.563000
1997-08-08,1.542000
1997-08-11,1.536000
1997-08-12,1.553000
1997-08-13,1.546000
1997-08-14,1.500000
1997-08-15,1.522000
1997-08-18,1.516000
1997-08-19,1.506000
1997-08-20,1.495000
1997-08-21,1.485000
1997-08-22,1.480000
1997-08-25,1.469000
1997-08-26,1.450000
1997-08-27,1.485000
1997-08-28,1.455000
1997-08-29,1.440000
1997-09-01,1.429000
1997-09-02,1.399000
1997-09-03,1.440000
1997-09-04,1.475000
1997-09-05,1.487000
1997-09-08,1.465000
1997-09-09,1.486000
1997-09-10,1.469000
1997-09-11,1.485000
1997-09-12,1.440000
1997-09-16,1.415000
1997-09-17,1.406000
1997-09-18,1.416000
1997-09-19,1.417000
1997-09-22,1.378000
1997-09-24,1.379000
1997-09-25,1.342000
1997-09-26,1.348000
1997-09-29,1.327000
1997-09-30,1.369000
1997-10-01,1.293000
1997-10-02,1.282000
1997-10-03,1.320000
1997-10-06,1.297000
1997-10-07,1.257000
1997-10-08,1.288000
1997-10-09,1.344000
1997-10-13,1.311000
1997-10-14,1.322000
1997-10-15,1.303000
1997-10-16,1.326000
1997-10-17,1.289000
1997-10-20,1.262000
1997-10-21,1.262000
1997-10-22,1.269000
1997-10-23,1.264000
1997-10-24,1.260000
1997-10-27,1.241000
1997-10-28,1.213000
1997-10-29,1.242000
1997-10-30,1.205000
1997-10-31,1.216000
1997-11-04,1.211000
1997-11-05,1.191000
1997-11-06,1.203000
1997-11-07,1.193000
1997-11-10,1.241000
1997-11-11,1.267000
1997-11-12,1.293000
1997-11-13,1.188000
1997-11-14,1.199000
1997-11-17,1.206000
1997-11-18,1.219000
1997-11-19,1.242000
1997-11-20,1.248000
1997-11-21,1.249000
1997-11-25,1.164000
1997-11-26,1.203000
1997-11-27,1.261000
1997-11-28,1.262000
1997-12-01,1.252000
1997-12-02,1.264000
1997-12-03,1.229000
1997-12-04,1.186000
1997-12-05,1.207000
1997-12-08,1.207000
1997-12-09,1.276000
1997-12-10,1.252000
1997-12-11,1.231000
1997-12-12,1.259000
1997-12-15,1.240000
1997-12-16,1.248000
1997-12-17,1.315000
1997-12-18,1.264000
1997-12-19,1.264000
1997-12-22,1.259000
1997-12-24,1.255000
1997-12-25,1.271000
1997-12-26,1.284000
1997-12-29,1.291000
1997-12-30,1.298000
1998-01-05,1.261000
1998-01-06,1.236000
1998-01-07,1.242000
1998-01-08,1.258000
1998-01-09,1.249000
1998-01-12,1.210000
1998-01-13,1.229000
1998-01-14,1.234000
1998-01-16,1.269000
1998-01-19,1.279000
1998-01-20,1.293000
1998-01-21,1.364000
1998-01-22,1.336000
1998-01-23,1.423000
1998-01-26,1.454000
1998-01-27,1.460000
1998-01-28,1.487000
1998-01-29,1.494000
1998-01-30,1.448000
1998-02-02,1.474000
1998-02-03,1.479000
1998-02-04,1.455000
1998-02-05,1.460000
1998-02-06,1.461000
1998-02-09,1.436000
1998-02-10,1.427000
1998-02-12,1.422000
1998-02-13,1.382000
1998-02-16,1.362000
1998-02-17,1.358000
1998-02-18,1.351000
1998-02-19,1.320000
1998-02-20,1.325000
1998-02-23,1.278000
1998-02-24,1.279000
1998-02-25,1.338000
1998-02-26,1.292000
1998-02-27,1.297000
1998-03-02,1.296000
1998-03-03,1.291000
1998-03-04,1.282000
1998-03-05,1.241000
1998-03-06,1.267000
1998-03-09,1.236000
1998-03-10,1.226000
1998-03-11,1.188000
1998-03-12,1.196000
1998-03-13,1.225000
1998-03-16,1.200000
1998-03-17,1.212000
1998-03-18,1.203000
1998-03-19,1.213000
1998-03-20,1.231000
1998-03-23,1.188000
1998-03-24,1.200000
1998-03-25,1.185000
1998-03-26,1.243000
1998-03-27,1.295000
1998-03-30,1.275000
1998-03-31,1.249000
1998-04-01,1.246000
1998-04-02,1.273000
1998-04-03,1.345000
1998-04-06,1.325000
1998-04-07,1.310000
1998-04-08,1.311000
1998-04-09,1.317000
1998-04-10,1.255000
1998-04-13,1.230000
1998-04-14,1.214000
1998-04-15,1.195000
1998-04-16,1.211000
1998-04-17,1.206000
1998-04-20,1.192000
1998-04-21,1.202000
1998-04-22,1.194000
1998-04-23,1.178000
1998-04-24,1.179000
1998-04-27,1.159000
1998-04-28,1.135000
1998-04-30,1.136000
1998-05-01,1.120000
1998-05-06,1.084000
1998-05-07,1.041000
1998-05-08,1.000000
1998-05-11,1.015000
1998-05-12,0.985000
1998-05-13,0.997000
1998-05-14,1.018000
1998-05-15,0.998000
1998-05-18,0.972000
1998-05-19,0.972000
1998-05-20,0.974000
1998-05-21,0.985000
1998-05-22,0.949000
1998-05-25,0.911000
1998-05-26,0.928000
1998-05-27,0.946000
1998-05-28,0.930000
1998-05-29,0.925000
1998-06-01,0.895000
1998-06-02,0.880000
1998-06-03,0.914000
1998-06-04,0.903000
1998-06-05,0.920000
1998-06-08,0.899000
1998-06-09,0.941000
1998-06-10,0.937000
1998-06-11,0.985000
1998-06-12,0.957000
1998-06-15,0.922000
1998-06-16,0.944000
1998-06-17,0.981000
1998-06-18,1.035000
1998-06-19,1.010000
1998-06-22,0.983000
1998-06-23,0.977000
1998-06-24,0.938000
1998-06-25,0.964000
1998-06-26,1.002000
1998-06-29,1.043000
1998-06-30,1.081000
1998-07-01,1.141000
1998-07-02,1.051000
1998-07-03,1.078000
1998-07-06,1.047000
1998-07-07,1.047000
1998-07-08,1.096000
1998-07-09,1.102000
1998-07-10,1.108000
1998-07-13,1.144000
1998-07-14,1.173000
1998-07-15,1.133000
1998-07-16,1.170000
1998-07-17,1.157000
1998-07-21,1.169000
1998-07-22,1.142000
1998-07-23,1.105000
1998-07-24,1.132000
1998-07-27,1.082000
1998-07-28,1.083000
1998-07-29,1.042000
1998-07-30,0.990000
1998-07-31,1.006000
1998-08-03,1.006000
1998-08-04,0.996000
1998-08-05,0.996000
1998-08-06,0.987000
1998-08-07,0.961000
1998-08-10,0.939000
1998-08-11,0.961000
1998-08-12,0.962000
1998-08-13,0.978000
1998-08-14,0.958000
1998-08-17,0.936000
1998-08-18,0.932000
1998-08-19,0.973000
1998-08-20,0.974000
1998-08-21,0.958000
1998-08-24,0.926000
1998-08-25,0.926000
1998-08-26,0.929000
1998-08-27,0.935000
1998-08-28,0.882000
1998-08-31,0.851000
1998-09-01,0.871000
1998-09-02,0.867000
1998-09-03,0.884000
1998-09-04,0.879000
1998-09-07,0.854000
1998-09-08,0.844000
1998-09-09,0.829000
1998-09-10,0.665000
1998-09-11,0.625000
1998-09-14,0.627000
1998-09-16,0.623000
1998-09-17,0.568000
1998-09-18,0.574000
1998-09-21,0.649000
1998-09-22,0.677000
1998-09-24,0.660000
1998-09-25,0.634000
1998-09-28,0.671000
1998-09-29,0.677000
1998-09-30,0.661000
1998-10-01,0.624000
1998-10-02,0.602000
1998-10-05,0.639000
1998-10-06,0.650000
1998-10-07,0.678000
1998-10-08,0.674000
1998-10-09,0.658000
1998-10-12,0.733000
1998-10-13,0.680000
1998-10-14,0.743000
1998-10-15,0.749000
1998-10-16,0.744000
1998-10-19,0.692000
1998-10-20,0.675000
1998-10-21,0.686000
1998-10-22,0.671000
1998-10-23,0.688000
1998-10-26,0.711000
1998-10-27,0.731000
1998-10-28,0.688000
1998-10-29,0.672000
1998-10-30,0.640000
1998-11-02,0.651000
1998-11-04,0.688000
1998-11-05,0.645000
1998-11-06,0.625000
1998-11-09,0.619000
1998-11-10,0.579000
1998-11-11,0.622000
1998-11-12,0.591000
1998-11-13,0.583000
1998-11-16,0.599000
1998-11-17,0.584000
1998-11-18,0.573000
1998-11-19,0.584000
1998-11-20,0.621000
1998-11-24,0.643000
1998-11-25,0.681000
1998-11-26,0.743000
1998-11-27,0.753000
1998-11-30,0.742000
1998-12-01,0.808000
1998-12-02,0.845000
1998-12-03,0.787000
1998-12-04,0.764000
1998-12-07,0.791000
1998-12-08,0.786000
1998-12-09,0.872000
1998-12-10,0.910000
1998-12-11,0.888000
1998-12-14,0.972000
1998-12-15,0.938000
1998-12-16,0.993000
1998-12-17,0.985000
1998-12-18,0.968000
1998-12-21,1.095000
1998-12-22,1.312000
1998-12-24,1.399000
1998-12-25,1.305000
1998-12-28,1.283000
1998-12-29,1.418000
1998-12-30,1.523000
1999-01-04,1.498000
1999-01-05,1.448000
1999-01-06,1.361000
1999-01-07,1.193000
1999-01-08,1.340000
1999-01-11,1.283000
1999-01-12,1.293000
1999-01-13,1.254000
1999-01-14,1.188000
1999-01-18,1.236000
1999-01-19,1.309000
1999-01-20,1.252000
1999-01-21,1.279000
1999-01-22,1.262000
1999-01-25,1.298000
1999-01-26,1.257000
1999-01-27,1.320000
1999-01-28,1.354000
1999-01-29,1.433000
1999-02-01,1.471000
1999-02-02,1.667000
1999-02-03,1.659000
1999-02-04,1.549000
1999-02-05,1.633000
1999-02-08,1.492000
1999-02-09,1.362000
1999-02-10,1.361000
1999-02-12,1.431000
1999-02-15,1.438000
1999-02-16,1.343000
1999-02-17,1.267000
1999-02-18,1.186000
1999-02-19,1.077000
1999-02-22,1.045000
1999-02-23,1.142000
1999-02-24,1.143000
1999-02-25,1.175000
1999-02-26,1.176000
1999-03-01,1.152000
1999-03-02,1.123000
1999-03-03,1.000000
1999-03-04,0.933000
1999-03-05,0.889000
1999-03-08,0.938000
1999-03-09,0.984000
1999-03-10,0.967000
1999-03-11,1.037000
1999-03-12,1.000000
1999-03-15,1.062000
1999-03-16,1.068000
1999-03-17,0.986000
1999-03-18,0.968000
1999-03-19,0.945000
1999-03-23,0.945000
1999-03-24,0.992000
1999-03-25,0.928000
1999-03-26,0.874000
1999-03-29,0.907000
1999-03-30,0.870000
1999-03-31,0.900000
1999-04-01,0.885000
1999-04-02,0.911000
1999-04-05,0.943000
1999-04-06,0.963000
1999-04-07,0.896000
1999-04-08,0.847000
1999-04-09,0.845000
1999-04-12,0.809000
1999-04-13,0.845000
1999-04-14,0.858000
1999-04-15,0.797000
1999-04-16,0.811000
1999-04-19,0.776000
1999-04-20,0.734000
1999-04-21,0.732000
1999-04-22,0.699000
1999-04-23,0.726000
1999-04-26,0.699000
1999-04-27,0.649000
1999-04-28,0.708000
1999-04-30,0.687000
1999-05-06,0.629000
1999-05-07,0.621000
1999-05-10,0.651000
1999-05-11,0.664000
1999-05-12,0.634000
1999-05-13,0.577000
1999-05-14,0.514000
1999-05-17,0.510000
1999-05-18,0.532000
1999-05-19,0.539000
1999-05-20,0.516000
1999-05-21,0.569000
1999-05-24,0.583000
1999-05-25,0.566000
1999-05-26,0.608000
1999-05-27,0.631000
1999-05-28,0.610000
1999-05-31,0.611000
1999-06-01,0.706000
1999-06-02,0.776000
1999-06-03,0.711000
1999-06-04,0.721000
1999-06-07,0.719000
1999-06-08,0.616000
1999-06-09,0.604000
1999-06-10,0.610000
1999-06-11,0.850000
1999-06-14,0.789000
1999-06-15,0.719000
1999-06-16,0.729000
1999-06-17,0.824000
1999-06-18,0.816000
1999-06-21,0.814000
1999-06-22,0.792000
1999-06-23,0.877000
1999-06-24,0.882000
1999-06-25,0.940000
1999-06-28,0.988000
1999-06-29,1.014000
1999-06-30,1.152000
1999-07-01,1.027000
1999-07-02,0.928000
1999-07-05,0.851000
1999-07-06,0.922000
1999-07-07,0.904000
1999-07-08,0.939000
1999-07-09,0.970000
1999-07-12,0.954000
1999-07-13,0.903000
1999-07-14,0.947000
1999-07-15,0.971000
1999-07-16,1.049000
1999-07-19,1.077000
1999-07-21,1.035000
1999-07-22,0.961000
1999-07-23,0.903000
1999-07-26,0.933000
1999-07-27,0.869000
1999-07-28,0.915000
1999-07-29,1.070000
1999-07-30,1.038000
1999-08-02,1.112000
1999-08-03,1.151000
1999-08-04,1.146000
1999-08-05,1.073000
1999-08-06,1.058000
1999-08-09,1.111000
1999-08-10,1.191000
1999-08-11,1.152000
1999-08-12,1.140000
1999-08-13,1.139000
1999-08-16,1.194000
1999-08-17,1.174000
1999-08-18,1.166000
1999-08-19,1.121000
1999-08-20,1.078000
1999-08-23,1.119000
1999-08-24,1.162000
1999-08-25,1.196000
1999-08-26,1.165000
1999-08-27,1.165000
1999-08-30,1.210000
1999-08-31,1.140000
1999-09-01,1.107000
1999-09-02,1.105000
1999-09-03,1.069000
1999-09-06,1.021000
1999-09-07,1.065000
1999-09-08,1.075000
1999-09-09,1.102000
1999-09-10,1.084000
1999-09-13,1.051000
1999-09-14,0.983000
1999-09-16,0.945000
1999-09-17,0.932000
1999-09-20,0.861000
1999-09-21,0.880000
1999-09-22,0.944000
1999-09-24,0.882000
1999-09-27,0.881000
1999-09-28,0.889000
1999-09-29,0.857000
1999-09-30,0.905000
1999-10-01,0.881000
1999-10-04,0.820000
1999-10-05,0.839000
1999-10-06,0.904000
1999-10-07,0.929000
1999-10-08,0.971000
1999-10-12,1.003000
1999-10-13,0.938000
1999-10-14,0.932000
1999-10-15,0.931000
1999-10-18,0.906000
1999-10-19,0.920000
1999-10-20,0.977000
1999-10-21,1.014000
1999-10-22,1.011000
1999-10-25,0.994000
1999-10-26,0.983000
1999-10-27,0.958000
1999-10-28,0.993000
1999-10-29,0.944000
1999-11-01,0.949000
1999-11-02,0.917000
1999-11-04,0.936000
1999-11-05,0.918000
1999-11-08,0.887000
1999-11-09,0.915000
1999-11-10,0.947000
1999-11-11,0.944000
1999-11-12,0.922000
1999-11-15,0.897000
1999-11-16,0.910000
1999-11-17,0.961000
1999-11-18,1.009000
1999-11-19,0.989000
1999-11-22,1.019000
1999-11-24,1.055000
1999-11-25,1.043000
1999-11-26,1.103000
1999-11-29,1.111000
1999-11-30,1.062000
1999-12-01,1.020000
1999-12-02,1.029000
1999-12-03,0.990000
1999-12-06,0.972000
1999-12-07,0.994000
1999-12-08,0.965000
1999-12-09,0.943000
1999-12-10,0.981000
1999-12-13,0.945000
1999-12-14,0.986000
1999-12-15,0.964000
1999-12-16,0.987000
1999-12-17,0.984000
1999-12-20,0.980000
1999-12-21,0.979000
1999-12-22,0.974000
1999-12-24,1.014000
1999-12-27,1.003000
1999-12-28,0.951000
1999-12-29,0.948000
1999-12-30,0.940000
2000-01-04,1.013000
2000-01-05,0.977000
2000-01-06,0.974000
2000-01-07,1.026000
2000-01-11,1.035000
2000-01-12,1.081000
2000-01-13,1.065000
2000-01-14,1.030000
2000-01-17,1.044000
2000-01-18,1.029000
2000-01-19,1.030000
2000-01-20,1.054000
2000-01-21,1.032000
2000-01-24,0.982000
2000-01-25,0.951000
2000-01-26,0.950000
2000-01-27,0.951000
2000-01-28,0.931000
2000-01-31,0.989000
2000-02-01,0.944000
2000-02-02,1.020000
2000-02-03,1.025000
2000-02-04,0.983000
2000-02-07,1.027000
2000-02-08,1.083000
2000-02-09,1.068000
2000-02-10,1.069000
2000-02-14,1.057000
2000-02-15,1.037000
2000-02-16,1.028000
2000-02-17,1.066000
2000-02-18,1.030000
2000-02-21,1.018000
2000-02-22,1.050000
2000-02-23,1.053000
2000-02-24,1.080000
2000-02-25,1.091000
2000-02-28,1.052000
2000-02-29,1.075000
2000-03-01,1.067000
2000-03-02,1.048000
2000-03-03,1.068000
2000-03-06,1.062000
2000-03-07,1.080000
2000-03-08,1.054000
2000-03-09,1.080000
2000-03-10,1.106000
2000-03-13,1.109000
2000-03-14,1.113000
2000-03-15,1.132000
2000-03-16,1.160000
2000-03-17,1.164000
2000-03-21,1.191000
2000-03-22,1.162000
2000-03-23,1.155000
2000-03-24,1.178000
2000-03-27,1.213000
2000-03-28,1.209000
2000-03-29,1.198000
2000-03-30,1.145000
2000-03-31,1.128000
2000-04-03,1.146000
2000-04-04,1.126000
2000-04-05,1.128000
2000-04-06,1.118000
2000-04-07,1.112000
2000-04-10,1.145000
2000-04-11,1.140000
2000-04-12,1.149000
2000-04-13,1.191000
2000-04-14,1.178000
2000-04-17,1.115000
2000-04-18,1.121000
2000-04-19,1.117000
2000-04-20,1.137000
2000-04-21,1.129000
2000-04-24,1.117000
2000-04-25,1.099000
2000-04-26,1.085000
2000-04-27,1.081000
2000-04-28,1.096000
2000-05-01,1.080000
2000-05-02,1.075000
2000-05-08,1.071000
2000-05-09,1.046000
2000-05-10,1.052000
2000-05-11,1.038000
2000-05-12,1.069000
2000-05-15,1.078000
2000-05-16,1.099000
2000-05-17,1.112000
2000-05-18,1.073000
2000-05-19,1.077000
2000-05-22,1.049000
2000-05-23,1.060000
2000-05-24,1.041000
2000-05-25,1.059000
2000-05-26,1.040000
2000-05-29,1.036000
2000-05-30,1.062000
2000-05-31,1.044000
2000-06-01,1.054000
2000-06-02,1.080000
2000-06-05,1.133000
2000-06-06,1.144000
2000-06-07,1.126000
2000-06-08,1.123000
2000-06-09,1.081000
2000-06-12,1.092000
2000-06-13,1.079000
2000-06-14,1.090000
2000-06-15,1.071000
2000-06-16,1.039000
2000-06-19,1.034000
2000-06-20,1.053000
2000-06-21,1.090000
2000-06-22,1.097000
2000-06-23,1.102000
2000-06-26,1.145000
2000-06-27,1.136000
2000-06-28,1.116000
2000-06-29,1.129000
2000-06-30,1.131000
2000-07-03,1.135000
2000-07-04,1.106000
2000-07-05,1.127000
2000-07-06,1.103000
2000-07-07,1.116000
2000-07-10,1.118000
2000-07-11,1.139000
2000-07-12,1.150000
2000-07-13,1.068000
2000-07-14,1.072000
2000-07-17,1.072000
2000-07-18,1.058000
2000-07-19,1.071000
2000-07-21,1.074000
2000-07-24,1.085000
2000-07-25,1.101000
2000-07-26,1.091000
2000-07-27,1.070000
2000-07-28,1.053000
2000-07-31,1.047000
2000-08-01,1.054000
2000-08-02,1.057000
2000-08-03,1.055000
2000-08-04,1.046000
2000-08-07,1.042000
2000-08-08,1.058000
2000-08-09,1.097000
2000-08-10,1.115000
2000-08-11,1.095000
2000-08-14,1.099000
2000-08-15,1.111000
2000-08-16,1.121000
2000-08-17,1.110000
2000-08-18,1.128000
2000-08-21,1.144000
2000-08-22,1.176000
2000-08-23,1.218000
2000-08-24,1.202000
2000-08-25,1.236000
2000-08-28,1.257000
2000-08-29,1.272000
2000-08-30,1.255000
2000-08-31,1.252000
2000-09-01,1.296000
2000-09-04,1.286000
2000-09-05,1.310000
2000-09-06,1.328000
2000-09-07,1.304000
2000-09-08,1.244000
2000-09-11,1.235000
2000-09-12,1.220000
2000-09-13,1.234000
2000-09-14,1.249000
2000-09-18,1.238000
2000-09-19,1.223000
2000-09-20,1.230000
2000-09-21,1.243000
2000-09-22,1.204000
2000-09-25,1.215000
2000-09-26,1.243000
2000-09-27,1.225000
2000-09-28,1.225000
2000-09-29,1.209000
2000-10-02,1.200000
2000-10-03,1.190000
2000-10-04,1.186000
2000-10-05,1.174000
2000-10-06,1.177000
2000-10-10,1.175000
2000-10-11,1.163000
2000-10-12,1.173000
2000-10-13,1.151000
2000-10-16,1.150000
2000-10-17,1.153000
2000-10-18,1.144000
2000-10-19,1.134000
2000-10-20,1.139000
2000-10-23,1.161000
2000-10-24,1.177000
2000-10-25,1.170000
2000-10-26,1.153000
2000-10-27,1.146000
2000-10-30,1.123000
2000-10-31,1.120000
2000-11-01,1.143000
2000-11-02,1.123000
2000-11-06,1.121000
2000-11-07,1.132000
2000-11-08,1.152000
2000-11-09,1.144000
2000-11-10,1.141000
2000-11-13,1.110000
2000-11-14,1.119000
2000-11-15,1.113000
2000-11-16,1.102000
2000-11-17,1.102000
2000-11-20,1.085000
2000-11-21,1.081000
2000-11-22,1.090000
2000-11-24,1.071000
2000-11-27,1.085000
2000-11-28,1.074000
2000-11-29,1.041000
2000-11-30,0.998000
2000-12-01,0.996000
2000-12-04,1.007000
2000-12-05,0.982000
2000-12-06,0.995000
2000-12-07,0.941000
2000-12-08,0.974000
2000-12-11,1.040000
2000-12-12,1.047000
2000-12-13,1.075000
2000-12-14,1.041000
2000-12-15,1.038000
2000-12-18,1.059000
2000-12-19,1.028000
2000-12-20,0.977000
2000-12-21,0.948000
2000-12-22,0.955000
2000-12-25,0.972000
2000-12-26,0.962000
2000-12-27,0.954000
2000-12-28,1.006000
2000-12-29,0.998000
2001-01-04,0.960000
2001-01-05,0.938000
2001-01-09,0.905000
2001-01-10,0.937000
2001-01-11,0.897000
2001-01-12,0.885000
2001-01-15,0.898000
2001-01-16,0.906000
2001-01-17,0.915000
2001-01-18,0.872000
2001-01-19,0.862000
2001-01-22,0.810000
2001-01-23,0.816000
2001-01-24,0.826000
2001-01-25,0.787000
2001-01-26,0.774000
2001-01-29,0.790000
2001-01-30,0.843000
2001-01-31,0.840000
2001-02-01,0.838000
2001-02-02,0.877000
2001-02-05,0.838000
2001-02-06,0.844000
2001-02-07,0.807000
2001-02-08,0.795000
2001-02-09,0.757000
2001-02-13,0.739000
2001-02-14,0.750000
2001-02-15,0.742000
2001-02-16,0.740000
2001-02-19,0.708000
2001-02-20,0.721000
2001-02-21,0.711000
2001-02-22,0.761000
2001-02-23,0.731000
2001-02-26,0.694000
2001-02-27,0.687000
2001-02-28,0.667000
2001-03-01,0.581000
2001-03-02,0.591000
2001-03-05,0.593000
2001-03-06,0.574000
2001-03-07,0.558000
2001-03-08,0.578000
2001-03-09,0.601000
2001-03-12,0.570000
2001-03-13,0.570000
2001-03-14,0.526000
2001-03-15,0.502000
2001-03-16,0.482000
2001-03-19,0.483000
2001-03-21,0.429000
2001-03-22,0.457000
2001-03-23,0.528000
2001-03-26,0.529000
2001-03-27,0.568000
2001-03-28,0.643000
2001-03-29,0.648000
2001-03-30,0.589000
2001-04-02,0.625000
2001-04-03,0.615000
2001-04-04,0.586000
2001-04-05,0.574000
2001-04-06,0.560000
2001-04-09,0.563000
2001-04-10,0.586000
2001-04-11,0.576000
2001-04-12,0.638000
2001-04-13,0.635000
2001-04-16,0.639000
2001-04-17,0.647000
2001-04-18,0.673000
2001-04-19,0.652000
2001-04-20,0.620000
2001-04-23,0.571000
2001-04-24,0.561000
2001-04-25,0.561000
2001-04-26,0.540000
2001-04-27,0.534000
2001-05-01,0.550000
2001-05-02,0.559000
2001-05-07,0.539000
2001-05-08,0.525000
2001-05-09,0.509000
2001-05-10,0.491000
2001-05-11,0.458000
2001-05-14,0.451000
2001-05-15,0.490000
2001-05-16,0.488000
2001-05-17,0.477000
2001-05-18,0.434000
2001-05-21,0.467000
2001-05-22,0.476000
2001-05-23,0.475000
2001-05-24,0.464000
2001-05-25,0.469000
2001-05-28,0.465000
2001-05-29,0.457000
2001-05-30,0.447000
2001-05-31,0.419000
2001-06-01,0.423000
2001-06-04,0.425000
2001-06-05,0.412000
2001-06-06,0.432000
2001-06-07,0.428000
2001-06-08,0.438000
2001-06-11,0.427000
2001-06-12,0.421000
2001-06-13,0.410000
2001-06-14,0.392000
2001-06-15,0.400000
2001-06-18,0.393000
2001-06-19,0.389000
2001-06-20,0.395000
2001-06-21,0.395000
2001-06-22,0.397000
2001-06-25,0.384000
2001-06-26,0.380000
2001-06-27,0.372000
2001-06-28,0.364000
2001-06-29,0.403000
2001-07-02,0.449000
2001-07-03,0.449000
2001-07-04,0.429000
2001-07-05,0.413000
2001-07-06,0.405000
2001-07-09,0.452000
2001-07-10,0.463000
2001-07-11,0.441000
2001-07-12,0.430000
2001-07-13,0.441000
2001-07-16,0.461000
2001-07-17,0.479000
2001-07-18,0.473000
2001-07-19,0.478000
2001-07-23,0.473000
2001-07-24,0.493000
2001-07-25,0.493000
2001-07-26,0.468000
2001-07-27,0.457000
2001-07-30,0.458000
2001-07-31,0.461000
2001-08-01,0.459000
2001-08-02,0.468000
2001-08-03,0.492000
2001-08-06,0.530000
2001-08-07,0.575000
2001-08-08,0.525000
2001-08-09,0.506000
2001-08-10,0.457000
2001-08-13,0.439000
2001-08-14,0.416000
2001-08-15,0.391000
2001-08-16,0.410000
2001-08-17,0.438000
2001-08-20,0.449000
2001-08-21,0.474000
2001-08-22,0.462000
2001-08-23,0.481000
2001-08-24,0.476000
2001-08-27,0.502000
2001-08-28,0.497000
2001-08-29,0.500000
2001-08-30,0.491000
2001-08-31,0.497000
2001-09-03,0.524000
2001-09-04,0.511000
2001-09-05,0.502000
2001-09-06,0.504000
2001-09-07,0.502000
2001-09-10,0.503000
2001-09-11,0.514000
2001-09-12,0.502000
2001-09-13,0.496000
2001-09-14,0.461000
2001-09-17,0.412000
2001-09-18,0.426000
2001-09-19,0.467000
2001-09-20,0.500000
2001-09-21,0.492000
2001-09-25,0.486000
2001-09-26,0.498000
2001-09-27,0.485000
2001-09-28,0.489000
2001-10-01,0.466000
2001-10-02,0.446000
2001-10-03,0.456000
2001-10-04,0.471000
2001-10-05,0.473000
2001-10-09,0.479000
2001-10-10,0.483000
2001-10-11,0.469000
2001-10-12,0.476000
2001-10-15,0.477000
2001-10-16,0.458000
2001-10-17,0.475000
2001-10-18,0.463000
2001-10-19,0.475000
2001-10-22,0.480000
2001-10-23,0.477000
2001-10-24,0.467000
2001-10-25,0.461000
2001-10-26,0.463000
2001-10-29,0.464000
2001-10-30,0.475000
2001-10-31,0.482000
2001-11-01,0.473000
2001-11-02,0.469000
2001-11-05,0.464000
2001-11-06,0.464000
2001-11-07,0.450000
2001-11-08,0.459000
2001-11-09,0.478000
2001-11-12,0.475000
2001-11-13,0.478000
2001-11-14,0.479000
2001-11-15,0.491000
2001-11-16,0.504000
2001-11-19,0.499000
2001-11-20,0.510000
2001-11-21,0.508000
2001-11-22,0.505000
2001-11-26,0.525000
2001-11-27,0.549000
2001-11-28,0.529000
2001-11-29,0.558000
2001-11-30,0.524000
2001-12-03,0.535000
2001-12-04,0.531000
2001-12-05,0.518000
2001-12-06,0.533000
2001-12-07,0.510000
2001-12-10,0.495000
2001-12-11,0.479000
2001-12-12,0.481000
2001-12-13,0.474000
2001-12-14,0.496000
2001-12-17,0.499000
2001-12-18,0.500000
2001-12-19,0.504000
2001-12-20,0.497000
2001-12-21,0.481000
2001-12-25,0.482000
2001-12-26,0.481000
2001-12-27,0.491000
2001-12-28,0.510000
2002-01-04,0.548000
2002-01-07,0.541000
2002-01-08,0.551000
2002-01-09,0.555000
2002-01-10,0.552000
2002-01-11,0.541000
2002-01-15,0.553000
2002-01-16,0.545000
2002-01-17,0.573000
2002-01-18,0.590000
2002-01-21,0.616000
2002-01-22,0.620000
2002-01-23,0.610000
2002-01-24,0.618000
2002-01-25,0.647000
2002-01-28,0.632000
2002-01-29,0.641000
2002-01-30,0.665000
2002-01-31,0.678000
2002-02-01,0.696000
2002-02-04,0.657000
2002-02-05,0.672000
2002-02-06,0.652000
2002-02-07,0.671000
2002-02-08,0.632000
2002-02-12,0.612000
2002-02-13,0.643000
2002-02-14,0.659000
2002-02-15,0.642000
2002-02-18,0.651000
2002-02-19,0.677000
2002-02-20,0.678000
2002-02-21,0.647000
2002-02-22,0.645000
2002-02-25,0.640000
2002-02-26,0.664000
2002-02-27,0.666000
2002-02-28,0.653000
2002-03-01,0.641000
2002-03-04,0.613000
2002-03-05,0.604000
2002-03-06,0.594000
2002-03-07,0.576000
2002-03-08,0.597000
2002-03-11,0.618000
2002-03-12,0.601000
2002-03-13,0.587000
2002-03-14,0.562000
2002-03-15,0.568000
2002-03-18,0.551000
2002-03-19,0.548000
2002-03-20,0.548000
2002-03-22,0.551000
2002-03-25,0.572000
2002-03-26,0.570000
2002-03-27,0.551000
2002-03-28,0.525000
2002-03-29,0.523000
2002-04-01,0.540000
2002-04-02,0.522000
2002-04-03,0.523000
2002-04-04,0.509000
2002-04-05,0.513000
2002-04-08,0.513000
2002-04-09,0.527000
2002-04-10,0.509000
2002-04-11,0.495000
2002-04-12,0.518000
2002-04-15,0.505000
2002-04-16,0.515000
2002-04-17,0.522000
2002-04-18,0.527000
2002-04-19,0.521000
2002-04-22,0.523000
2002-04-23,0.533000
2002-04-24,0.547000
2002-04-25,0.554000
2002-04-26,0.536000
2002-04-30,0.502000
2002-05-01,0.494000
2002-05-02,0.500000
2002-05-07,0.499000
2002-05-08,0.512000
2002-05-09,0.505000
2002-05-10,0.502000
2002-05-13,0.499000
2002-05-14,0.489000
2002-05-15,0.474000
2002-05-16,0.480000
2002-05-17,0.486000
2002-05-20,0.510000
2002-05-21,0.521000
2002-05-22,0.523000
2002-05-23,0.542000
2002-05-24,0.529000
2002-05-27,0.538000
2002-05-28,0.516000
2002-05-29,0.512000
2002-05-30,0.492000
2002-05-31,0.500000
2002-06-03,0.499000
2002-06-04,0.506000
2002-06-05,0.510000
2002-06-06,0.495000
2002-06-07,0.476000
2002-06-10,0.468000
2002-06-11,0.472000
2002-06-12,0.476000
2002-06-13,0.467000
2002-06-14,0.457000
2002-06-17,0.460000
2002-06-18,0.455000
2002-06-19,0.469000
2002-06-20,0.451000
2002-06-21,0.428000
2002-06-24,0.433000
2002-06-25,0.434000
2002-06-26,0.424000
2002-06-27,0.433000
2002-06-28,0.411000
2002-07-01,0.441000
2002-07-02,0.435000
2002-07-03,0.440000
2002-07-04,0.433000
2002-07-05,0.434000
2002-07-08,0.435000
2002-07-09,0.430000
2002-07-10,0.412000
2002-07-11,0.402000
2002-07-12,0.408000
2002-07-15,0.397000
2002-07-16,0.399000
2002-07-17,0.398000
2002-07-18,0.402000
2002-07-19,0.405000
2002-07-22,0.410000
2002-07-23,0.424000
2002-07-24,0.432000
2002-07-25,0.423000
2002-07-26,0.439000
2002-07-29,0.457000
2002-07-30,0.446000
2002-07-31,0.423000
2002-08-01,0.417000
2002-08-02,0.398000
2002-08-05,0.377000
2002-08-06,0.399000
2002-08-07,0.384000
2002-08-08,0.386000
2002-08-09,0.378000
2002-08-12,0.369000
2002-08-13,0.382000
2002-08-14,0.366000
2002-08-15,0.367000
2002-08-16,0.379000
2002-08-19,0.370000
2002-08-20,0.371000
2002-08-21,0.357000
2002-08-22,0.343000
2002-08-23,0.337000
2002-08-26,0.334000
2002-08-27,0.322000
2002-08-28,0.329000
2002-08-29,0.301000
2002-08-30,0.309000
2002-09-02,0.317000
2002-09-03,0.312000
2002-09-04,0.325000
2002-09-05,0.326000
2002-09-06,0.300000
2002-09-09,0.299000
2002-09-10,0.273000
2002-09-11,0.287000
2002-09-12,0.282000
2002-09-13,0.284000
2002-09-17,0.285000
2002-09-18,0.390000
2002-09-19,0.316000
2002-09-20,0.350000
2002-09-24,0.358000
2002-09-25,0.338000
2002-09-26,0.353000
2002-09-27,0.357000
2002-09-30,0.338000
2002-10-01,0.320000
2002-10-02,0.331000
2002-10-03,0.311000
2002-10-04,0.305000
2002-10-07,0.314000
2002-10-08,0.320000
2002-10-09,0.301000
2002-10-10,0.281000
2002-10-11,0.285000
2002-10-15,0.281000
2002-10-16,0.286000
2002-10-17,0.299000
2002-10-18,0.299000
2002-10-21,0.289000
2002-10-22,0.305000
2002-10-23,0.298000
2002-10-24,0.300000
2002-10-25,0.301000
2002-10-28,0.291000
2002-10-29,0.290000
2002-10-30,0.292000
2002-10-31,0.271000
2002-11-01,0.275000
2002-11-05,0.283000
2002-11-06,0.294000
2002-11-07,0.299000
2002-11-08,0.297000
2002-11-11,0.290000
2002-11-12,0.291000
2002-11-13,0.290000
2002-11-14,0.307000
2002-11-15,0.309000
2002-11-18,0.313000
2002-11-19,0.307000
2002-11-20,0.316000
2002-11-21,0.354000
2002-11-22,0.323000
2002-11-25,0.301000
2002-11-26,0.291000
2002-11-27,0.301000
2002-11-28,0.296000
2002-11-29,0.304000
2002-12-02,0.309000
2002-12-03,0.319000
2002-12-04,0.319000
2002-12-05,0.327000
2002-12-06,0.328000
2002-12-09,0.324000
2002-12-10,0.312000
2002-12-11,0.302000
2002-12-12,0.307000
2002-12-13,0.309000
2002-12-16,0.295000
2002-12-17,0.295000
2002-12-18,0.300000
2002-12-19,0.298000
2002-12-20,0.296000
2002-12-24,0.293000
2002-12-25,0.287000
2002-12-26,0.297000
2002-12-27,0.297000
2002-12-30,0.297000
2003-01-06,0.303000
2003-01-07,0.303000
2003-01-08,0.303000
2003-01-09,0.308000
2003-01-10,0.310000
2003-01-14,0.311000
2003-01-15,0.294000
2003-01-16,0.282000
2003-01-17,0.278000
2003-01-20,0.280000
2003-01-21,0.280000
2003-01-22,0.272000
2003-01-23,0.266000
2003-01-24,0.256000
2003-01-27,0.250000
2003-01-28,0.252000
2003-01-29,0.250000
2003-01-30,0.243000
2003-01-31,0.257000
2003-02-03,0.253000
2003-02-04,0.272000
2003-02-05,0.291000
2003-02-06,0.293000
2003-02-07,0.283000
2003-02-10,0.283000
2003-02-12,0.296000
2003-02-13,0.295000
2003-02-14,0.290000
2003-02-17,0.301000
2003-02-18,0.302000
2003-02-19,0.301000
2003-02-20,0.294000
2003-02-21,0.285000
2003-02-24,0.276000
2003-02-25,0.266000
2003-02-26,0.270000
2003-02-27,0.270000
2003-02-28,0.266000
2003-03-03,0.267000
2003-03-04,0.262000
2003-03-05,0.262000
2003-03-06,0.255000
2003-03-07,0.253000
2003-03-10,0.259000
2003-03-11,0.251000
2003-03-12,0.241000
2003-03-13,0.241000
2003-03-14,0.241000
2003-03-17,0.236000
2003-03-18,0.236000
2003-03-19,0.236000
2003-03-20,0.262000
2003-03-24,0.262000
2003-03-25,0.256000
2003-03-26,0.256000
2003-03-27,0.271000
2003-03-28,0.267000
2003-03-31,0.243000
2003-04-01,0.253000
2003-04-02,0.263000
2003-04-03,0.253000
2003-04-04,0.254000
2003-04-07,0.268000
2003-04-08,0.269000
2003-04-09,0.258000
2003-04-10,0.248000
2003-04-11,0.246000
2003-04-14,0.244000
2003-04-15,0.249000
2003-04-16,0.243000
2003-04-17,0.241000
2003-04-18,0.235000
2003-04-21,0.235000
2003-04-22,0.237000
2003-04-23,0.237000
2003-04-24,0.235000
2003-04-25,0.231000
2003-04-28,0.221000
2003-04-30,0.217000
2003-05-01,0.212000
2003-05-02,0.210000
2003-05-06,0.207000
2003-05-07,0.207000
2003-05-08,0.208000
2003-05-09,0.197000
2003-05-12,0.200000
2003-05-13,0.199000
2003-05-14,0.203000
2003-05-15,0.198000
2003-05-16,0.177000
2003-05-19,0.194000
2003-05-20,0.189000
2003-05-21,0.179000
2003-05-22,0.174000
2003-05-23,0.175000
2003-05-26,0.164000
2003-05-27,0.163000
2003-05-28,0.158000
2003-05-29,0.158000
2003-05-30,0.162000
2003-06-02,0.163000
2003-06-03,0.162000
2003-06-04,0.164000
2003-06-05,0.161000
2003-06-06,0.154000
2003-06-09,0.153000
2003-06-10,0.161000
2003-06-11,0.161000
2003-06-12,0.162000
2003-06-13,0.165000
2003-06-16,0.166000
2003-06-17,0.182000
2003-06-18,0.216000
2003-06-19,0.291000
2003-06-20,0.220000
2003-06-23,0.251000
2003-06-24,0.257000
2003-06-25,0.251000
2003-06-26,0.249000
2003-06-27,0.293000
2003-06-30,0.347000
2003-07-01,0.363000
2003-07-02,0.382000
2003-07-03,0.478000
2003-07-04,0.461000
2003-07-07,0.469000
2003-07-08,0.507000
2003-07-09,0.443000
2003-07-10,0.392000
2003-07-11,0.384000
2003-07-14,0.405000
2003-07-15,0.424000
2003-07-16,0.445000
2003-07-17,0.395000
2003-07-18,0.385000
2003-07-22,0.368000
2003-07-23,0.360000
2003-07-24,0.391000
2003-07-25,0.339000
2003-07-28,0.314000
2003-07-29,0.335000
2003-07-30,0.335000
2003-07-31,0.321000
2003-08-01,0.352000
2003-08-04,0.348000
2003-08-05,0.322000
2003-08-06,0.343000
2003-08-07,0.339000
2003-08-08,0.328000
2003-08-11,0.331000
2003-08-12,0.335000
2003-08-13,0.358000
2003-08-14,0.403000
2003-08-15,0.431000
2003-08-18,0.501000
2003-08-19,0.609000
2003-08-20,0.675000
2003-08-21,0.585000
2003-08-22,0.609000
2003-08-25,0.634000
2003-08-26,0.691000
2003-08-27,0.669000
2003-08-28,0.692000
2003-08-29,0.720000
2003-09-01,0.841000
2003-09-02,0.996000
2003-09-03,0.951000
2003-09-04,0.836000
2003-09-05,0.749000
2003-09-08,0.754000
2003-09-09,0.852000
2003-09-10,0.820000
2003-09-11,0.732000
2003-09-12,0.742000
2003-09-16,0.681000
2003-09-17,0.672000
2003-09-18,0.632000
2003-09-19,0.636000
2003-09-22,0.533000
2003-09-24,0.561000
2003-09-25,0.631000
2003-09-26,0.655000
2003-09-29,0.685000
2003-09-30,0.667000
2003-10-01,0.647000
2003-10-02,0.613000
2003-10-03,0.599000
2003-10-06,0.604000
2003-10-07,0.592000
2003-10-08,0.563000
2003-10-09,0.554000
2003-10-10,0.573000
2003-10-14,0.632000
2003-10-15,0.604000
2003-10-16,0.595000
2003-10-17,0.636000
2003-10-20,0.715000
2003-10-21,0.680000
2003-10-22,0.630000
2003-10-23,0.571000
2003-10-24,0.600000
2003-10-27,0.604000
2003-10-28,0.616000
2003-10-29,0.613000
2003-10-30,0.637000
2003-10-31,0.654000
2003-11-04,0.692000
2003-11-05,0.712000
2003-11-06,0.735000
2003-11-07,0.770000
2003-11-10,0.755000
2003-11-11,0.652000
2003-11-12,0.633000
2003-11-13,0.642000
2003-11-14,0.623000
2003-11-17,0.564000
2003-11-18,0.604000
2003-11-19,0.608000
2003-11-20,0.641000
2003-11-21,0.616000
2003-11-25,0.617000
2003-11-26,0.622000
2003-11-27,0.613000
2003-11-28,0.577000
2003-12-01,0.618000
2003-12-02,0.690000
2003-12-03,0.667000
2003-12-04,0.680000
2003-12-05,0.649000
2003-12-08,0.620000
2003-12-09,0.601000
2003-12-10,0.567000
2003-12-11,0.581000
2003-12-12,0.552000
2003-12-15,0.601000
2003-12-16,0.555000
2003-12-17,0.546000
2003-12-18,0.560000
2003-12-19,0.561000
2003-12-22,0.558000
2003-12-24,0.565000
2003-12-25,0.545000
2003-12-26,0.570000
2003-12-29,0.598000
2003-12-30,0.600000
2004-01-05,0.624000
2004-01-06,0.589000
2004-01-07,0.598000
2004-01-08,0.609000
2004-01-09,0.595000
2004-01-13,0.546000
2004-01-14,0.559000
2004-01-15,0.543000
2004-01-16,0.526000
2004-01-19,0.540000
2004-01-20,0.570000
2004-01-21,0.558000
2004-01-22,0.546000
2004-01-23,0.546000
2004-01-26,0.523000
2004-01-27,0.523000
2004-01-28,0.528000
2004-01-29,0.545000
2004-01-30,0.521000
2004-02-02,0.521000
2004-02-03,0.525000
2004-02-04,0.500000
2004-02-05,0.488000
2004-02-06,0.496000
2004-02-09,0.502000
2004-02-10,0.501000
2004-02-12,0.493000
2004-02-13,0.506000
2004-02-16,0.509000
2004-02-17,0.521000
2004-02-18,0.498000
2004-02-19,0.499000
2004-02-20,0.475000
2004-02-23,0.488000
2004-02-24,0.477000
2004-02-25,0.453000
2004-02-26,0.456000
2004-02-27,0.467000
2004-03-01,0.495000
2004-03-02,0.558000
2004-03-03,0.607000
2004-03-04,0.597000
2004-03-05,0.627000
2004-03-08,0.598000
2004-03-09,0.567000
2004-03-10,0.538000
2004-03-11,0.518000
2004-03-12,0.502000
2004-03-15,0.525000
2004-03-16,0.514000
2004-03-17,0.526000
2004-03-18,0.545000
2004-03-19,0.592000
2004-03-22,0.583000
2004-03-23,0.557000
2004-03-24,0.533000
2004-03-25,0.531000
2004-03-26,0.603000
2004-03-29,0.676000
2004-03-30,0.646000
2004-03-31,0.628000
2004-04-01,0.606000
2004-04-02,0.612000
2004-04-05,0.678000
2004-04-06,0.693000
2004-04-07,0.669000
2004-04-08,0.669000
2004-04-09,0.651000
2004-04-12,0.693000
2004-04-13,0.669000
2004-04-14,0.707000
2004-04-15,0.670000
2004-04-16,0.655000
2004-04-19,0.643000
2004-04-20,0.671000
2004-04-21,0.706000
2004-04-22,0.670000
2004-04-23,0.648000
2004-04-26,0.653000
2004-04-27,0.656000
2004-04-28,0.685000
2004-04-30,0.686000
2004-05-06,0.648000
2004-05-07,0.616000
2004-05-10,0.633000
2004-05-11,0.671000
2004-05-12,0.666000
2004-05-13,0.640000
2004-05-14,0.644000
2004-05-17,0.607000
2004-05-18,0.645000
2004-05-19,0.649000
2004-05-20,0.626000
2004-05-21,0.624000
2004-05-24,0.635000
2004-05-25,0.624000
2004-05-26,0.627000
2004-05-27,0.631000
2004-05-28,0.669000
2004-05-31,0.676000
2004-06-01,0.698000
2004-06-02,0.695000
2004-06-03,0.694000
2004-06-04,0.714000
2004-06-07,0.786000
2004-06-08,0.828000
2004-06-09,0.885000
2004-06-10,0.917000
2004-06-11,0.903000
2004-06-14,0.975000
2004-06-15,0.912000
2004-06-16,0.951000
2004-06-17,0.981000
2004-06-18,0.946000
2004-06-21,0.920000
2004-06-22,0.932000
2004-06-23,0.943000
2004-06-24,0.946000
2004-06-25,0.873000
2004-06-28,0.899000
2004-06-29,0.879000
2004-06-30,0.830000
2004-07-01,0.870000
2004-07-02,0.803000
2004-07-05,0.815000
2004-07-06,0.797000
2004-07-07,0.810000
2004-07-08,0.806000
2004-07-09,0.844000
2004-07-12,0.827000
2004-07-13,0.821000
2004-07-14,0.857000
2004-07-15,0.881000
2004-07-16,0.842000
2004-07-20,0.819000
2004-07-21,0.850000
2004-07-22,0.848000
2004-07-23,0.884000
2004-07-26,0.886000
2004-07-27,0.910000
2004-07-28,0.915000
2004-07-29,0.882000
2004-07-30,0.908000
2004-08-02,0.939000
2004-08-03,0.936000
2004-08-04,0.880000
2004-08-05,0.844000
2004-08-06,0.805000
2004-08-09,0.780000
2004-08-10,0.786000
2004-08-11,0.809000
2004-08-12,0.787000
2004-08-13,0.740000
2004-08-16,0.722000
2004-08-17,0.751000
2004-08-18,0.728000
2004-08-19,0.747000
2004-08-20,0.732000
2004-08-23,0.762000
2004-08-24,0.759000
2004-08-25,0.789000
2004-08-26,0.773000
2004-08-27,0.739000
2004-08-30,0.739000
2004-08-31,0.699000
2004-09-01,0.683000
2004-09-02,0.681000
2004-09-03,0.698000
2004-09-06,0.741000
2004-09-07,0.764000
2004-09-08,0.751000
2004-09-09,0.697000
2004-09-10,0.679000
2004-09-13,0.685000
2004-09-14,0.691000
2004-09-15,0.669000
2004-09-16,0.686000
2004-09-17,0.662000
2004-09-21,0.644000
2004-09-22,0.634000
2004-09-24,0.616000
2004-09-27,0.617000
2004-09-28,0.601000
2004-09-29,0.610000
2004-09-30,0.625000
2004-10-01,0.643000
2004-10-04,0.685000
2004-10-05,0.715000
2004-10-06,0.691000
2004-10-07,0.687000
2004-10-08,0.681000
2004-10-12,0.627000
2004-10-13,0.644000
2004-10-14,0.621000
2004-10-15,0.622000
2004-10-18,0.638000
2004-10-19,0.648000
2004-10-20,0.623000
2004-10-21,0.609000
2004-10-22,0.645000
2004-10-25,0.600000
2004-10-26,0.607000
2004-10-27,0.613000
2004-10-28,0.642000
2004-10-29,0.638000
2004-11-01,0.639000
2004-11-02,0.677000
2004-11-04,0.656000
2004-11-05,0.668000
2004-11-08,0.687000
2004-11-09,0.663000
2004-11-10,0.644000
2004-11-11,0.627000
2004-11-12,0.645000
2004-11-15,0.651000
2004-11-16,0.642000
2004-11-17,0.637000
2004-11-18,0.607000
2004-11-19,0.604000
2004-11-22,0.583000
2004-11-24,0.584000
2004-11-25,0.595000
2004-11-26,0.611000
2004-11-29,0.628000
2004-11-30,0.614000
2004-12-01,0.610000
2004-12-02,0.592000
2004-12-03,0.593000
2004-12-06,0.597000
2004-12-07,0.597000
2004-12-08,0.591000
2004-12-09,0.561000
2004-12-10,0.557000
2004-12-13,0.548000
2004-12-14,0.559000
2004-12-15,0.569000
2004-12-16,0.570000
2004-12-17,0.588000
2004-12-20,0.572000
2004-12-21,0.548000
2004-12-22,0.548000
2004-12-24,0.557000
2004-12-27,0.589000
2004-12-28,0.609000
2004-12-29,0.600000
2004-12-30,0.604000
2005-01-04,0.578000
2005-01-05,0.582000
2005-01-06,0.587000
2005-01-07,0.583000
2005-01-11,0.570000
2005-01-12,0.551000
2005-01-13,0.565000
2005-01-14,0.574000
2005-01-17,0.585000
2005-01-18,0.565000
2005-01-19,0.558000
2005-01-20,0.554000
2005-01-21,0.544000
2005-01-24,0.545000
2005-01-25,0.536000
2005-01-26,0.541000
2005-01-27,0.539000
2005-01-28,0.528000
2005-01-31,0.542000
2005-02-01,0.526000
2005-02-02,0.520000
2005-02-03,0.538000
2005-02-04,0.549000
2005-02-07,0.551000
2005-02-08,0.556000
2005-02-09,0.596000
2005-02-10,0.615000
2005-02-14,0.639000
2005-02-15,0.639000
2005-02-16,0.619000
2005-02-17,0.604000
2005-02-18,0.610000
2005-02-21,0.633000
2005-02-22,0.623000
2005-02-23,0.597000
2005-02-24,0.593000
2005-02-25,0.617000
2005-02-28,0.650000
2005-03-01,0.664000
2005-03-02,0.669000
2005-03-03,0.684000
2005-03-04,0.673000
2005-03-07,0.659000
2005-03-08,0.660000
2005-03-09,0.659000
2005-03-10,0.653000
2005-03-11,0.662000
2005-03-14,0.673000
2005-03-15,0.649000
2005-03-16,0.650000
2005-03-17,0.614000
2005-03-18,0.622000
2005-03-22,0.623000
2005-03-23,0.612000
2005-03-24,0.592000
2005-03-25,0.574000
2005-03-28,0.575000
2005-03-29,0.554000
2005-03-30,0.559000
2005-03-31,0.541000
2005-04-01,0.537000
2005-04-04,0.532000
2005-04-05,0.549000
2005-04-06,0.566000
2005-04-07,0.549000
2005-04-08,0.555000
2005-04-11,0.556000
2005-04-12,0.545000
2005-04-13,0.541000
2005-04-14,0.531000
2005-04-15,0.511000
2005-04-18,0.487000
2005-04-19,0.493000
2005-04-20,0.473000
2005-04-21,0.488000
2005-04-22,0.499000
2005-04-25,0.481000
2005-04-26,0.471000
2005-04-27,0.471000
2005-04-28,0.458000
2005-05-02,0.448000
2005-05-06,0.441000
2005-05-09,0.485000
2005-05-10,0.490000
2005-05-11,0.482000
2005-05-12,0.483000
2005-05-13,0.482000
2005-05-16,0.509000
2005-05-17,0.513000
2005-05-18,0.499000
2005-05-19,0.489000
2005-05-20,0.485000
2005-05-23,0.502000
2005-05-24,0.473000
2005-05-25,0.447000
2005-05-26,0.451000
2005-05-27,0.462000
2005-05-30,0.462000
2005-05-31,0.463000
2005-06-01,0.442000
2005-06-02,0.452000
2005-06-03,0.456000
2005-06-06,0.463000
2005-06-07,0.445000
2005-06-08,0.452000
2005-06-09,0.442000
2005-06-10,0.442000
2005-06-13,0.453000
2005-06-14,0.454000
2005-06-15,0.454000
2005-06-16,0.489000
2005-06-17,0.503000
2005-06-20,0.490000
2005-06-21,0.496000
2005-06-22,0.483000
2005-06-23,0.448000
2005-06-24,0.433000
2005-06-27,0.423000
2005-06-28,0.434000
2005-06-29,0.416000
2005-06-30,0.406000
2005-07-01,0.415000
2005-07-04,0.450000
2005-07-05,0.457000
2005-07-06,0.473000
2005-07-07,0.457000
2005-07-08,0.439000
2005-07-11,0.465000
2005-07-12,0.465000
2005-07-13,0.480000
2005-07-14,0.476000
2005-07-15,0.493000
2005-07-19,0.497000
2005-07-20,0.497000
2005-07-21,0.487000
2005-07-22,0.467000
2005-07-25,0.485000
2005-07-26,0.493000
2005-07-27,0.525000
2005-07-28,0.526000
2005-07-29,0.536000
2005-08-01,0.567000
2005-08-02,0.589000
2005-08-03,0.579000
2005-08-04,0.595000
2005-08-05,0.585000
2005-08-08,0.609000
2005-08-09,0.615000
2005-08-10,0.658000
2005-08-11,0.711000
2005-08-12,0.658000
2005-08-15,0.663000
2005-08-16,0.683000
2005-08-17,0.645000
2005-08-18,0.642000
2005-08-19,0.634000
2005-08-22,0.685000
2005-08-23,0.682000
2005-08-24,0.647000
2005-08-25,0.662000
2005-08-26,0.653000
2005-08-29,0.611000
2005-08-30,0.622000
2005-08-31,0.583000
2005-09-01,0.570000
2005-09-02,0.535000
2005-09-05,0.566000
2005-09-06,0.559000
2005-09-07,0.565000
2005-09-08,0.570000
2005-09-09,0.589000
2005-09-12,0.617000
2005-09-13,0.613000
2005-09-14,0.628000
2005-09-15,0.628000
2005-09-16,0.624000
2005-09-20,0.649000
2005-09-21,0.672000
2005-09-22,0.652000
2005-09-26,0.693000
2005-09-27,0.701000
2005-09-28,0.772000
2005-09-29,0.783000
2005-09-30,0.773000
2005-10-03,0.777000
2005-10-04,0.838000
2005-10-05,0.795000
2005-10-06,0.773000
2005-10-07,0.792000
2005-10-11,0.828000
2005-10-12,0.832000
2005-10-13,0.851000
2005-10-14,0.863000
2005-10-17,0.889000
2005-10-18,0.874000
2005-10-19,0.820000
2005-10-20,0.833000
2005-10-21,0.840000
2005-10-24,0.827000
2005-10-25,0.827000
2005-10-26,0.844000
2005-10-27,0.828000
2005-10-28,0.818000
2005-10-31,0.859000
2005-11-01,0.900000
2005-11-02,0.905000
2005-11-04,0.985000
2005-11-07,0.982000
2005-11-08,0.952000
2005-11-09,0.923000
2005-11-10,0.931000
2005-11-11,0.910000
2005-11-14,0.856000
2005-11-15,0.820000
2005-11-16,0.846000
2005-11-17,0.817000
2005-11-18,0.793000
2005-11-21,0.807000
2005-11-22,0.799000
2005-11-24,0.762000
2005-11-25,0.779000
2005-11-28,0.788000
2005-11-29,0.791000
2005-11-30,0.771000
2005-12-01,0.783000
2005-12-02,0.825000
2005-12-05,0.889000
2005-12-06,0.874000
2005-12-07,0.862000
2005-12-08,0.835000
2005-12-09,0.858000
2005-12-12,0.904000
2005-12-13,0.896000
2005-12-14,0.854000
2005-12-15,0.828000
2005-12-16,0.857000
2005-12-19,0.873000
2005-12-20,0.874000
2005-12-21,0.899000
2005-12-22,0.906000
2005-12-26,0.901000
2005-12-27,0.869000
2005-12-28,0.886000
2005-12-29,0.884000
2005-12-30,0.854000
2006-01-04,0.827000
2006-01-05,0.803000
2006-01-06,0.809000
2006-01-10,0.799000
2006-01-11,0.834000
2006-01-12,0.826000
2006-01-13,0.831000
2006-01-16,0.836000
2006-01-17,0.803000
2006-01-18,0.800000
2006-01-19,0.830000
2006-01-20,0.826000
2006-01-23,0.800000
2006-01-24,0.805000
2006-01-25,0.827000
2006-01-26,0.871000
2006-01-27,0.897000
2006-01-30,0.913000
2006-01-31,0.923000
2006-02-01,0.914000
2006-02-02,0.934000
2006-02-03,0.964000
2006-02-06,0.948000
2006-02-07,0.963000
2006-02-08,0.982000
2006-02-09,0.973000
2006-02-10,1.041000
2006-02-13,1.033000
2006-02-14,1.054000
2006-02-15,1.063000
2006-02-16,1.038000
2006-02-17,1.042000
2006-02-20,1.031000
2006-02-21,1.004000
2006-02-22,1.003000
2006-02-23,1.032000
2006-02-24,1.122000
2006-02-27,1.109000
2006-02-28,1.104000
2006-03-01,1.119000
2006-03-02,1.110000
2006-03-03,1.098000
2006-03-06,1.118000
2006-03-07,1.115000
2006-03-08,1.072000
2006-03-09,1.070000
2006-03-10,1.106000
2006-03-13,1.176000
2006-03-14,1.178000
2006-03-15,1.216000
2006-03-16,1.192000
2006-03-17,1.184000
2006-03-20,1.207000
2006-03-22,1.229000
2006-03-23,1.219000
2006-03-24,1.230000
2006-03-27,1.197000
2006-03-28,1.208000
2006-03-29,1.294000
2006-03-30,1.307000
2006-03-31,1.303000
2006-04-03,1.363000
2006-04-04,1.324000
2006-04-05,1.302000
2006-04-06,1.351000
2006-04-07,1.385000
2006-04-10,1.378000
2006-04-11,1.368000
2006-04-12,1.365000
2006-04-13,1.389000
2006-04-14,1.409000
2006-04-17,1.388000
2006-04-18,1.405000
2006-04-19,1.363000
2006-04-20,1.372000
2006-04-21,1.364000
2006-04-24,1.347000
2006-04-25,1.348000
2006-04-26,1.393000
2006-04-27,1.424000
2006-04-28,1.375000
2006-05-01,1.326000
2006-05-02,1.354000
2006-05-08,1.397000
2006-05-09,1.432000
2006-05-10,1.504000
2006-05-11,1.501000
2006-05-12,1.504000
2006-05-15,1.499000
2006-05-16,1.474000
2006-05-17,1.430000
2006-05-18,1.451000
2006-05-19,1.414000
2006-05-22,1.359000
2006-05-23,1.309000
2006-05-24,1.335000
2006-05-25,1.377000
2006-05-26,1.385000
2006-05-29,1.387000
2006-05-30,1.372000
2006-05-31,1.345000
2006-06-01,1.436000
2006-06-02,1.416000
2006-06-05,1.371000
2006-06-06,1.434000
2006-06-07,1.381000
2006-06-08,1.333000
2006-06-09,1.300000
2006-06-12,1.306000
2006-06-13,1.267000
2006-06-14,1.243000
2006-06-15,1.239000
2006-06-16,1.285000
2006-06-19,1.298000
2006-06-20,1.342000
2006-06-21,1.353000
2006-06-22,1.353000
2006-06-23,1.358000
2006-06-26,1.377000
2006-06-27,1.388000
2006-06-28,1.393000
2006-06-29,1.414000
2006-06-30,1.411000
2006-07-03,1.475000
2006-07-04,1.478000
2006-07-05,1.508000
2006-07-06,1.517000
2006-07-07,1.494000
2006-07-10,1.502000
2006-07-11,1.487000
2006-07-12,1.443000
2006-07-13,1.428000
2006-07-14,1.353000
2006-07-18,1.323000
2006-07-19,1.353000
2006-07-20,1.334000
2006-07-21,1.328000
2006-07-24,1.361000
2006-07-25,1.381000
2006-07-26,1.368000
2006-07-27,1.370000
2006-07-28,1.405000
2006-07-31,1.412000
2006-08-01,1.416000
2006-08-02,1.390000
2006-08-03,1.375000
2006-08-04,1.384000
2006-08-07,1.342000
2006-08-08,1.371000
2006-08-09,1.382000
2006-08-10,1.430000
2006-08-11,1.374000
2006-08-14,1.408000
2006-08-15,1.399000
2006-08-16,1.369000
2006-08-17,1.355000
2006-08-18,1.379000
2006-08-21,1.335000
2006-08-22,1.312000
2006-08-23,1.323000
2006-08-24,1.319000
2006-08-25,1.198000
2006-08-28,1.160000
2006-08-29,1.192000
2006-08-30,1.153000
2006-08-31,1.108000
2006-09-01,1.122000
2006-09-04,1.165000
2006-09-05,1.187000
2006-09-06,1.179000
2006-09-07,1.174000
2006-09-08,1.209000
2006-09-11,1.140000
2006-09-12,1.167000
2006-09-13,1.141000
2006-09-14,1.147000
2006-09-15,1.135000
2006-09-19,1.174000
2006-09-20,1.136000
2006-09-21,1.149000
2006-09-22,1.094000
2006-09-25,1.093000
2006-09-26,1.060000
2006-09-27,1.101000
2006-09-28,1.112000
2006-09-29,1.133000
2006-10-02,1.190000
2006-10-03,1.153000
2006-10-04,1.151000
2006-10-05,1.173000
2006-10-06,1.158000
2006-10-10,1.174000
2006-10-11,1.208000
2006-10-12,1.205000
2006-10-13,1.235000
2006-10-16,1.284000
2006-10-17,1.276000
2006-10-18,1.296000
2006-10-19,1.314000
2006-10-20,1.300000
2006-10-23,1.330000
2006-10-24,1.297000
2006-10-25,1.274000
2006-10-26,1.234000
2006-10-27,1.234000
2006-10-30,1.214000
2006-10-31,1.195000
2006-11-01,1.206000
2006-11-02,1.206000
2006-11-06,1.256000
2006-11-07,1.261000
2006-11-08,1.239000
2006-11-09,1.215000
2006-11-10,1.205000
2006-11-13,1.174000
2006-11-14,1.253000
2006-11-15,1.251000
2006-11-16,1.258000
2006-11-17,1.259000
2006-11-20,1.211000
2006-11-21,1.215000
2006-11-22,1.219000
2006-11-24,1.219000
2006-11-27,1.230000
2006-11-28,1.209000
2006-11-29,1.250000
2006-11-30,1.212000
2006-12-01,1.180000
2006-12-04,1.195000
2006-12-05,1.195000
2006-12-06,1.224000
2006-12-07,1.264000
2006-12-08,1.273000
2006-12-11,1.231000
2006-12-12,1.214000
2006-12-13,1.189000
2006-12-14,1.198000
2006-12-15,1.244000
2006-12-18,1.267000
2006-12-19,1.230000
2006-12-20,1.198000
2006-12-21,1.188000
2006-12-22,1.172000
2006-12-25,1.168000
2006-12-26,1.158000
2006-12-27,1.233000
2006-12-28,1.238000
2006-12-29,1.242000
2007-01-04,1.288000
2007-01-05,1.284000
2007-01-09,1.300000
2007-01-10,1.307000
2007-01-11,1.291000
2007-01-12,1.300000
2007-01-15,1.301000
2007-01-16,1.294000
2007-01-17,1.223000
2007-01-18,1.246000
2007-01-19,1.195000
2007-01-22,1.173000
2007-01-23,1.177000
2007-01-24,1.185000
2007-01-25,1.192000
2007-01-26,1.182000
2007-01-29,1.208000
2007-01-30,1.202000
2007-01-31,1.194000
2007-02-01,1.209000
2007-02-02,1.238000
2007-02-05,1.233000
2007-02-06,1.253000
2007-02-07,1.263000
2007-02-08,1.245000
2007-02-09,1.207000
2007-02-13,1.257000
2007-02-14,1.251000
2007-02-15,1.277000
2007-02-16,1.241000
2007-02-19,1.246000
2007-02-20,1.232000
2007-02-21,1.231000
2007-02-22,1.222000
2007-02-23,1.245000
2007-02-26,1.237000
2007-02-27,1.209000
2007-02-28,1.203000
2007-03-01,1.226000
2007-03-02,1.216000
2007-03-05,1.173000
2007-03-06,1.186000
2007-03-07,1.175000
2007-03-08,1.178000
2007-03-09,1.169000
2007-03-12,1.176000
2007-03-13,1.166000
2007-03-14,1.127000
2007-03-15,1.140000
2007-03-16,1.132000
2007-03-19,1.143000
2007-03-20,1.138000
2007-03-22,1.128000
2007-03-23,1.172000
2007-03-26,1.198000
2007-03-27,1.179000
2007-03-28,1.207000
2007-03-29,1.186000
2007-03-30,1.189000
2007-04-02,1.181000
2007-04-03,1.186000
2007-04-04,1.230000
2007-04-05,1.216000
2007-04-06,1.212000
2007-04-09,1.226000
2007-04-10,1.232000
2007-04-11,1.195000
2007-04-12,1.207000
2007-04-13,1.204000
2007-04-16,1.242000
2007-04-17,1.245000
2007-04-18,1.264000
2007-04-19,1.236000
2007-04-20,1.259000
2007-04-23,1.260000
2007-04-24,1.237000
2007-04-25,1.227000
2007-04-26,1.238000
2007-04-27,1.215000
2007-05-01,1.190000
2007-05-02,1.200000
2007-05-07,1.214000
2007-05-08,1.229000
2007-05-09,1.251000
2007-05-10,1.260000
2007-05-11,1.242000
2007-05-14,1.258000
2007-05-15,1.265000
2007-05-16,1.244000
2007-05-17,1.218000
2007-05-18,1.234000
2007-05-21,1.246000
2007-05-22,1.235000
2007-05-23,1.276000
2007-05-24,1.289000
2007-05-25,1.317000
2007-05-28,1.323000
2007-05-29,1.351000
2007-05-30,1.352000
2007-05-31,1.359000
2007-06-01,1.387000
2007-06-04,1.408000
2007-06-05,1.448000
2007-06-06,1.452000
2007-06-07,1.477000
2007-06-08,1.515000
2007-06-11,1.528000
2007-06-12,1.541000
2007-06-13,1.571000
2007-06-14,1.548000
2007-06-15,1.515000
2007-06-18,1.487000
2007-06-19,1.521000
2007-06-20,1.496000
2007-06-21,1.515000
2007-06-22,1.496000
2007-06-25,1.497000
2007-06-26,1.489000
2007-06-27,1.477000
2007-06-28,1.515000
2007-06-29,1.474000
2007-07-02,1.492000
2007-07-03,1.492000
2007-07-04,1.494000
2007-07-05,1.520000
2007-07-06,1.539000
2007-07-09,1.555000
2007-07-10,1.561000
2007-07-11,1.480000
2007-07-12,1.493000
2007-07-13,1.533000
2007-07-17,1.524000
2007-07-18,1.501000
2007-07-19,1.510000
2007-07-20,1.491000
2007-07-23,1.458000
2007-07-24,1.465000
2007-07-25,1.455000
2007-07-26,1.455000
2007-07-27,1.383000
2007-07-30,1.402000
2007-07-31,1.388000
2007-08-01,1.355000
2007-08-02,1.379000
2007-08-03,1.359000
2007-08-06,1.322000
2007-08-07,1.326000
2007-08-08,1.375000
2007-08-09,1.406000
2007-08-10,1.302000
2007-08-13,1.281000
2007-08-14,1.295000
2007-08-15,1.222000
2007-08-16,1.207000
2007-08-17,1.112000
2007-08-20,1.151000
2007-08-21,1.125000
2007-08-22,1.145000
2007-08-23,1.205000
2007-08-24,1.181000
2007-08-27,1.191000
2007-08-28,1.186000
2007-08-29,1.166000
2007-08-30,1.144000
2007-08-31,1.183000
2007-09-03,1.195000
2007-09-04,1.191000
2007-09-05,1.163000
2007-09-06,1.158000
2007-09-07,1.146000
2007-09-10,1.076000
2007-09-11,1.083000
2007-09-12,1.065000
2007-09-13,1.079000
2007-09-14,1.102000
2007-09-18,1.080000
2007-09-19,1.124000
2007-09-20,1.150000
2007-09-21,1.208000
2007-09-25,1.230000
2007-09-26,1.216000
2007-09-27,1.249000
2007-09-28,1.195000
2007-10-01,1.182000
2007-10-02,1.207000
2007-10-03,1.211000
2007-10-04,1.251000
2007-10-05,1.237000
2007-10-09,1.261000
2007-10-10,1.280000
2007-10-11,1.281000
2007-10-12,1.238000
2007-10-15,1.264000
2007-10-16,1.239000
2007-10-17,1.177000
2007-10-18,1.167000
2007-10-19,1.134000
2007-10-22,1.114000
2007-10-23,1.120000
2007-10-24,1.099000
2007-10-25,1.087000
2007-10-26,1.121000
2007-10-29,1.102000
2007-10-30,1.094000
2007-10-31,1.102000
2007-11-01,1.176000
2007-11-02,1.102000
2007-11-05,1.120000
2007-11-06,1.102000
2007-11-07,1.091000
2007-11-08,1.075000
2007-11-09,1.071000
2007-11-12,1.068000
2007-11-13,1.049000
2007-11-14,1.088000
2007-11-15,1.058000
2007-11-16,1.044000
2007-11-19,1.049000
2007-11-20,1.054000
2007-11-21,1.024000
2007-11-22,1.017000
2007-11-26,1.062000
2007-11-27,1.053000
2007-11-28,1.034000
2007-11-29,1.049000
2007-11-30,1.038000
2007-12-03,1.010000
2007-12-04,0.979000
2007-12-05,1.017000
2007-12-06,1.083000
2007-12-07,1.091000
2007-12-10,1.083000
2007-12-11,1.098000
2007-12-12,1.044000
2007-12-13,1.045000
2007-12-14,1.059000
2007-12-17,1.056000
2007-12-18,1.031000
2007-12-19,1.003000
2007-12-20,1.018000
2007-12-21,1.047000
2007-12-25,1.079000
2007-12-26,1.058000
2007-12-27,1.054000
2007-12-28,1.009000
2008-01-04,0.973000
2008-01-07,0.968000
2008-01-08,0.964000
2008-01-09,0.955000
2008-01-10,0.924000
2008-01-11,0.895000
2008-01-15,0.898000
2008-01-16,0.869000
2008-01-17,0.869000
2008-01-18,0.863000
2008-01-21,0.830000
2008-01-22,0.790000
2008-01-23,0.792000
2008-01-24,0.825000
2008-01-25,0.919000
2008-01-28,0.853000
2008-01-29,0.910000
2008-01-30,0.891000
2008-01-31,0.892000
2008-02-01,0.890000
2008-02-04,0.941000
2008-02-05,0.962000
2008-02-06,0.882000
2008-02-07,0.904000
2008-02-08,0.894000
2008-02-12,0.885000
2008-02-13,0.901000
2008-02-14,0.943000
2008-02-15,0.939000
2008-02-18,0.942000
2008-02-19,0.955000
2008-02-20,0.920000
2008-02-21,0.980000
2008-02-22,0.944000
2008-02-25,0.976000
2008-02-26,0.971000
2008-02-27,0.968000
2008-02-28,0.920000
2008-02-29,0.847000
2008-03-03,0.822000
2008-03-04,0.848000
2008-03-05,0.816000
2008-03-06,0.790000
2008-03-07,0.761000
2008-03-10,0.739000
2008-03-11,0.766000
2008-03-12,0.780000
2008-03-13,0.739000
2008-03-14,0.741000
2008-03-17,0.727000
2008-03-18,0.776000
2008-03-19,0.755000
2008-03-21,0.776000
2008-03-24,0.772000
2008-03-25,0.753000
2008-03-26,0.757000
2008-03-27,0.747000
2008-03-28,0.747000
2008-03-31,0.743000
2008-04-01,0.805000
2008-04-02,0.826000
2008-04-03,0.824000
2008-04-04,0.806000
2008-04-07,0.820000
2008-04-08,0.802000
2008-04-09,0.819000
2008-04-10,0.809000
2008-04-11,0.853000
2008-04-14,0.824000
2008-04-15,0.844000
2008-04-16,0.865000
2008-04-17,0.909000
2008-04-18,0.923000
2008-04-21,0.968000
2008-04-22,0.996000
2008-04-23,0.977000
2008-04-24,1.052000
2008-04-25,1.215000
2008-04-28,1.227000
2008-04-30,1.149000
2008-05-01,1.111000
2008-05-02,1.161000
2008-05-07,1.195000
2008-05-08,1.179000
2008-05-09,1.124000
2008-05-12,1.153000
2008-05-13,1.186000
2008-05-14,1.283000
2008-05-15,1.276000
2008-05-16,1.297000
2008-05-19,1.263000
2008-05-20,1.225000
2008-05-21,1.185000
2008-05-22,1.223000
2008-05-23,1.316000
2008-05-26,1.319000
2008-05-27,1.351000
2008-05-28,1.312000
2008-05-29,1.370000
2008-05-30,1.340000
2008-06-02,1.385000
2008-06-03,1.271000
2008-06-04,1.337000
2008-06-05,1.296000
2008-06-06,1.379000
2008-06-09,1.322000
2008-06-10,1.445000
2008-06-11,1.501000
2008-06-12,1.469000
2008-06-13,1.531000
2008-06-16,1.495000
2008-06-17,1.426000
2008-06-18,1.350000
2008-06-19,1.398000
2008-06-20,1.357000
2008-06-23,1.301000
2008-06-24,1.297000
2008-06-25,1.263000
2008-06-26,1.222000
2008-06-27,1.191000
2008-06-30,1.181000
2008-07-01,1.263000
2008-07-02,1.261000
2008-07-03,1.262000
2008-07-04,1.241000
2008-07-07,1.295000
2008-07-08,1.212000
2008-07-09,1.194000
2008-07-10,1.149000
2008-07-11,1.151000
2008-07-14,1.131000
2008-07-15,1.111000
2008-07-16,1.126000
2008-07-17,1.141000
2008-07-18,1.118000
2008-07-22,1.176000
2008-07-23,1.197000
2008-07-24,1.231000
2008-07-25,1.153000
2008-07-28,1.160000
2008-07-29,1.130000
2008-07-30,1.115000
2008-07-31,1.120000
2008-08-01,1.091000
2008-08-04,1.062000
2008-08-05,1.101000
2008-08-06,1.069000
2008-08-07,1.071000
2008-08-08,1.026000
2008-08-11,1.036000
2008-08-12,1.022000
2008-08-13,1.018000
2008-08-14,1.011000
2008-08-15,1.037000
2008-08-18,1.020000
2008-08-19,1.021000
2008-08-20,1.031000
2008-08-21,1.001000
2008-08-22,1.029000
2008-08-25,1.009000
2008-08-26,0.989000
2008-08-27,1.019000
2008-08-28,1.005000
2008-08-29,0.986000
2008-09-01,1.046000
2008-09-02,1.026000
2008-09-03,1.015000
2008-09-04,1.094000
2008-09-05,1.044000
2008-09-08,1.124000
2008-09-09,1.093000
2008-09-10,1.091000
2008-09-11,1.089000
2008-09-12,1.102000
2008-09-16,1.039000
2008-09-17,1.070000
2008-09-18,1.119000
2008-09-19,1.114000
2008-09-22,1.082000
2008-09-24,1.078000
2008-09-25,1.078000
2008-09-26,1.094000
2008-09-29,1.101000
2008-09-30,1.047000
2008-10-01,1.069000
2008-10-02,1.050000
2008-10-03,0.986000
2008-10-06,0.908000
2008-10-07,0.957000
2008-10-08,0.971000
2008-10-09,1.026000
2008-10-10,1.104000
2008-10-14,1.175000
2008-10-15,1.176000
2008-10-16,1.155000
2008-10-17,1.151000
2008-10-20,1.141000
2008-10-21,1.151000
2008-10-22,1.099000
2008-10-23,1.056000
2008-10-24,1.042000
2008-10-27,0.999000
2008-10-28,1.044000
2008-10-29,0.936000
2008-10-30,0.903000
2008-10-31,0.879000
2008-11-04,0.893000
2008-11-05,0.944000
2008-11-06,0.907000
2008-11-07,0.939000
2008-11-10,0.975000
2008-11-11,0.936000
2008-11-12,0.933000
2008-11-13,0.919000
2008-11-14,0.899000
2008-11-17,0.887000
2008-11-18,0.907000
2008-11-19,0.901000
2008-11-20,0.876000
2008-11-21,0.875000
2008-11-25,0.896000
2008-11-26,0.887000
2008-11-27,0.893000
2008-11-28,0.880000
2008-12-01,0.871000
2008-12-02,0.842000
2008-12-03,0.874000
2008-12-04,0.879000
2008-12-05,0.890000
2008-12-08,0.906000
2008-12-09,0.895000
2008-12-10,0.909000
2008-12-11,0.899000
2008-12-12,0.846000
2008-12-15,0.856000
2008-12-16,0.832000
2008-12-17,0.787000
2008-12-18,0.783000
2008-12-19,0.757000
2008-12-22,0.739000
2008-12-24,0.725000
2008-12-25,0.739000
2008-12-26,0.738000
2008-12-29,0.720000
2008-12-30,0.685000
2009-01-05,0.678000
2009-01-06,0.727000
2009-01-07,0.725000
2009-01-08,0.758000
2009-01-09,0.744000
2009-01-13,0.709000
2009-01-14,0.705000
2009-01-15,0.683000
2009-01-16,0.698000
2009-01-19,0.713000
2009-01-20,0.697000
2009-01-21,0.706000
2009-01-22,0.688000
2009-01-23,0.671000
2009-01-26,0.683000
2009-01-27,0.721000
2009-01-28,0.731000
2009-01-29,0.729000
2009-01-30,0.746000
2009-02-02,0.743000
2009-02-03,0.761000
2009-02-04,0.797000
2009-02-05,0.792000
2009-02-06,0.783000
2009-02-09,0.756000
2009-02-10,0.770000
2009-02-12,0.731000
2009-02-13,0.727000
2009-02-16,0.753000
2009-02-17,0.738000
2009-02-18,0.723000
2009-02-19,0.716000
2009-02-20,0.723000
2009-02-23,0.730000
2009-02-24,0.733000
2009-02-25,0.753000
2009-02-26,0.714000
2009-02-27,0.711000
2009-03-02,0.733000
2009-03-03,0.741000
2009-03-04,0.747000
2009-03-05,0.760000
2009-03-06,0.752000
2009-03-09,0.747000
2009-03-10,0.764000
2009-03-11,0.770000
2009-03-12,0.751000
2009-03-13,0.761000
2009-03-16,0.751000
2009-03-17,0.772000
2009-03-18,0.758000
2009-03-19,0.713000
2009-03-23,0.713000
2009-03-24,0.721000
2009-03-25,0.744000
2009-03-26,0.769000
2009-03-27,0.781000
2009-03-30,0.778000
2009-03-31,0.782000
2009-04-01,0.771000
2009-04-02,0.796000
2009-04-03,0.821000
2009-04-06,0.855000
2009-04-07,0.856000
2009-04-08,0.874000
2009-04-09,0.902000
2009-04-10,0.873000
2009-04-13,0.860000
2009-04-14,0.871000
2009-04-15,0.836000
2009-04-16,0.852000
2009-04-17,0.846000
2009-04-20,0.862000
2009-04-21,0.841000
2009-04-22,0.822000
2009-04-23,0.826000
2009-04-24,0.842000
2009-04-27,0.864000
2009-04-28,0.819000
2009-04-30,0.825000
2009-05-01,0.807000
2009-05-07,0.829000
2009-05-08,0.855000
2009-05-11,0.857000
2009-05-12,0.858000
2009-05-13,0.861000
2009-05-14,0.838000
2009-05-15,0.822000
2009-05-18,0.809000
2009-05-19,0.819000
2009-05-20,0.812000
2009-05-21,0.811000
2009-05-22,0.808000
2009-05-25,0.824000
2009-05-26,0.824000
2009-05-27,0.849000
2009-05-28,0.837000
2009-05-29,0.838000
2009-06-01,0.837000
2009-06-02,0.855000
2009-06-03,0.844000
2009-06-04,0.807000
2009-06-05,0.813000
2009-06-08,0.859000
2009-06-09,0.869000
2009-06-10,0.873000
2009-06-11,0.878000
2009-06-12,0.858000
2009-06-15,0.849000
2009-06-16,0.821000
2009-06-17,0.822000
2009-06-18,0.808000
2009-06-19,0.783000
2009-06-22,0.778000
2009-06-23,0.754000
2009-06-24,0.730000
2009-06-25,0.726000
2009-06-26,0.726000
2009-06-29,0.713000
2009-06-30,0.723000
2009-07-01,0.707000
2009-07-02,0.698000
2009-07-03,0.679000
2009-07-06,0.676000
2009-07-07,0.692000
2009-07-08,0.678000
2009-07-09,0.674000
2009-07-10,0.672000
2009-07-13,0.675000
2009-07-14,0.692000
2009-07-15,0.684000
2009-07-16,0.687000
2009-07-17,0.677000
2009-07-21,0.703000
2009-07-22,0.718000
2009-07-23,0.704000
2009-07-24,0.690000
2009-07-27,0.685000
2009-07-28,0.686000
2009-07-29,0.692000
2009-07-30,0.698000
2009-07-31,0.720000
2009-08-03,0.736000
2009-08-04,0.735000
2009-08-05,0.725000
2009-08-06,0.736000
2009-08-07,0.737000
2009-08-10,0.760000
2009-08-11,0.763000
2009-08-12,0.742000
2009-08-13,0.739000
2009-08-14,0.715000
2009-08-17,0.693000
2009-08-18,0.679000
2009-08-19,0.671000
2009-08-20,0.676000
2009-08-21,0.651000
2009-08-24,0.661000
2009-08-25,0.651000
2009-08-26,0.649000
2009-08-27,0.641000
2009-08-28,0.638000
2009-08-31,0.631000
2009-09-01,0.628000
2009-09-02,0.610000
2009-09-03,0.618000
2009-09-04,0.632000
2009-09-07,0.660000
2009-09-08,0.626000
2009-09-09,0.604000
2009-09-10,0.593000
2009-09-11,0.573000
2009-09-14,0.560000
2009-09-15,0.580000
2009-09-16,0.580000
2009-09-17,0.605000
2009-09-18,0.621000
2009-09-24,0.600000
2009-09-25,0.584000
2009-09-28,0.580000
2009-09-29,0.581000
2009-09-30,0.597000
2009-10-01,0.590000
2009-10-02,0.561000
2009-10-05,0.572000
2009-10-06,0.564000
2009-10-07,0.583000
2009-10-08,0.593000
2009-10-09,0.614000
2009-10-13,0.615000
2009-10-14,0.605000
2009-10-15,0.625000
2009-10-16,0.625000
2009-10-19,0.631000
2009-10-20,0.642000
2009-10-21,0.632000
2009-10-22,0.652000
2009-10-23,0.667000
2009-10-26,0.704000
2009-10-27,0.708000
2009-10-28,0.713000
2009-10-29,0.684000
2009-10-30,0.684000
2009-11-02,0.660000
2009-11-04,0.691000
2009-11-05,0.712000
2009-11-06,0.718000
2009-11-09,0.734000
2009-11-10,0.726000
2009-11-11,0.705000
2009-11-12,0.667000
2009-11-13,0.631000
2009-11-16,0.628000
2009-11-17,0.603000
2009-11-18,0.599000
2009-11-19,0.603000
2009-11-20,0.608000
2009-11-24,0.603000
2009-11-25,0.601000
2009-11-26,0.592000
2009-11-27,0.558000
2009-11-30,0.559000
2009-12-01,0.479000
2009-12-02,0.498000
2009-12-03,0.500000
2009-12-04,0.511000
2009-12-07,0.521000
2009-12-08,0.515000
2009-12-09,0.495000
2009-12-10,0.494000
2009-12-11,0.502000
2009-12-14,0.504000
2009-12-15,0.495000
2009-12-16,0.477000
2009-12-17,0.491000
2009-12-18,0.453000
2009-12-21,0.431000
2009-12-22,0.454000
2009-12-24,0.463000
2009-12-25,0.471000
2009-12-28,0.488000
2009-12-29,0.478000
2009-12-30,0.469000
2010-01-04,0.495000
2010-01-05,0.491000
2010-01-06,0.502000
2010-01-07,0.506000
2010-01-08,0.521000
2010-01-12,0.519000
2010-01-13,0.509000
2010-01-14,0.526000
2010-01-15,0.524000
2010-01-18,0.524000
2010-01-19,0.521000
2010-01-20,0.521000
2010-01-21,0.532000
2010-01-22,0.522000
2010-01-25,0.527000
2010-01-26,0.509000
2010-01-27,0.498000
2010-01-28,0.505000
2010-01-29,0.505000
2010-02-01,0.514000
2010-02-02,0.536000
2010-02-03,0.541000
2010-02-04,0.557000
2010-02-05,0.546000
2010-02-08,0.537000
2010-02-09,0.530000
2010-02-10,0.526000
2010-02-12,0.537000
2010-02-15,0.532000
2010-02-16,0.522000
2010-02-17,0.522000
2010-02-18,0.521000
2010-02-19,0.530000
2010-02-22,0.546000
2010-02-23,0.542000
2010-02-24,0.531000
2010-02-25,0.517000
2010-02-26,0.522000
2010-03-01,0.526000
2010-03-02,0.523000
2010-03-03,0.524000
2010-03-04,0.508000
2010-03-05,0.495000
2010-03-08,0.500000
2010-03-09,0.496000
2010-03-10,0.500000
2010-03-11,0.498000
2010-03-12,0.514000
2010-03-15,0.509000
2010-03-16,0.499000
2010-03-17,0.506000
2010-03-18,0.526000
2010-03-19,0.520000
2010-03-23,0.507000
2010-03-24,0.501000
2010-03-25,0.528000
2010-03-26,0.545000
2010-03-29,0.558000
2010-03-30,0.549000
2010-03-31,0.553000
2010-04-01,0.529000
2010-04-02,0.531000
2010-04-05,0.545000
2010-04-06,0.552000
2010-04-07,0.557000
2010-04-08,0.551000
2010-04-09,0.549000
2010-04-12,0.561000
2010-04-13,0.540000
2010-04-14,0.538000
2010-04-15,0.537000
2010-04-16,0.520000
2010-04-19,0.496000
2010-04-20,0.503000
2010-04-21,0.508000
2010-04-22,0.494000
2010-04-23,0.491000
2010-04-26,0.506000
2010-04-27,0.500000
2010-04-28,0.471000
2010-04-30,0.475000
2010-05-06,0.473000
2010-05-07,0.473000
2010-05-10,0.498000
2010-05-11,0.490000
2010-05-12,0.476000
2010-05-13,0.484000
2010-05-14,0.477000
2010-05-17,0.467000
2010-05-18,0.478000
2010-05-19,0.467000
2010-05-20,0.448000
2010-05-21,0.437000
2010-05-24,0.453000
2010-05-25,0.437000
2010-05-26,0.439000
2010-05-27,0.461000
2010-05-28,0.458000
2010-05-31,0.456000
2010-06-01,0.453000
2010-06-02,0.438000
2010-06-03,0.434000
2010-06-04,0.411000
2010-06-07,0.395000
2010-06-08,0.406000
2010-06-09,0.394000
2010-06-10,0.394000
2010-06-11,0.418000
2010-06-14,0.415000
2010-06-15,0.409000
2010-06-16,0.409000
2010-06-17,0.404000
2010-06-18,0.396000
2010-06-21,0.400000
2010-06-22,0.386000
2010-06-23,0.387000
2010-06-24,0.383000
2010-06-25,0.383000
2010-06-28,0.378000
2010-06-29,0.358000
2010-06-30,0.350000
2010-07-01,0.330000
2010-07-02,0.334000
2010-07-05,0.341000
2010-07-06,0.345000
2010-07-07,0.352000
2010-07-08,0.362000
2010-07-09,0.377000
2010-07-12,0.368000
2010-07-13,0.374000
2010-07-14,0.381000
2010-07-15,0.352000
2010-07-16,0.355000
2010-07-20,0.356000
2010-07-21,0.350000
2010-07-22,0.341000
2010-07-23,0.361000
2010-07-26,0.361000
2010-07-27,0.357000
2010-07-28,0.372000
2010-07-29,0.362000
2010-07-30,0.361000
2010-08-02,0.357000
2010-08-03,0.369000
2010-08-04,0.348000
2010-08-05,0.354000
2010-08-06,0.358000
2010-08-09,0.348000
2010-08-10,0.364000
2010-08-11,0.339000
2010-08-12,0.311000
2010-08-13,0.298000
2010-08-16,0.285000
2010-08-17,0.286000
2010-08-18,0.274000
2010-08-19,0.276000
2010-08-20,0.269000
2010-08-23,0.271000
2010-08-24,0.270000
2010-08-25,0.265000
2010-08-26,0.272000
2010-08-27,0.296000
2010-08-30,0.300000
2010-08-31,0.265000
2010-09-01,0.291000
2010-09-02,0.319000
2010-09-03,0.331000
2010-09-06,0.392000
2010-09-07,0.363000
2010-09-08,0.328000
2010-09-09,0.327000
2010-09-10,0.376000
2010-09-13,0.380000
2010-09-14,0.370000
2010-09-15,0.306000
2010-09-16,0.296000
2010-09-17,0.300000
2010-09-21,0.291000
2010-09-22,0.285000
2010-09-24,0.286000
2010-09-27,0.292000
2010-09-28,0.274000
2010-09-29,0.268000
2010-09-30,0.262000
2010-10-01,0.254000
2010-10-04,0.251000
2010-10-05,0.224000
2010-10-06,0.203000
2010-10-07,0.229000
2010-10-08,0.228000
2010-10-12,0.231000
2010-10-13,0.244000
2010-10-14,0.244000
2010-10-15,0.260000
2010-10-18,0.260000
2010-10-19,0.279000
2010-10-20,0.279000
2010-10-21,0.279000
2010-10-22,0.290000
2010-10-25,0.297000
2010-10-26,0.291000
2010-10-27,0.302000
2010-10-28,0.281000
2010-10-29,0.301000
2010-11-01,0.302000
2010-11-02,0.307000
2010-11-04,0.298000
2010-11-05,0.311000
2010-11-08,0.330000
2010-11-09,0.344000
2010-11-10,0.360000
2010-11-11,0.357000
2010-11-12,0.352000
2010-11-15,0.387000
2010-11-16,0.357000
2010-11-17,0.387000
2010-11-18,0.419000
2010-11-19,0.390000
2010-11-22,0.430000
2010-11-24,0.412000
2010-11-25,0.435000
2010-11-26,0.478000
2010-11-29,0.477000
2010-11-30,0.458000
2010-12-01,0.413000
2010-12-02,0.436000
2010-12-03,0.450000
2010-12-06,0.412000
2010-12-07,0.432000
2010-12-08,0.536000
2010-12-09,0.562000
2010-12-10,0.518000
2010-12-13,0.579000
2010-12-14,0.539000
2010-12-15,0.531000
2010-12-16,0.535000
2010-12-17,0.471000
2010-12-20,0.470000
2010-12-21,0.492000
2010-12-22,0.476000
2010-12-24,0.483000
2010-12-27,0.468000
2010-12-28,0.443000
2010-12-29,0.450000
2010-12-30,0.399000
2011-01-04,0.426000
2011-01-05,0.421000
2011-01-06,0.480000
2011-01-07,0.470000
2011-01-11,0.451000
2011-01-12,0.457000
2011-01-13,0.482000
2011-01-14,0.492000
2011-01-17,0.518000
2011-01-18,0.504000
2011-01-19,0.540000
2011-01-20,0.495000
2011-01-21,0.494000
2011-01-24,0.506000
2011-01-25,0.531000
2011-01-26,0.516000
2011-01-27,0.499000
2011-01-28,0.489000
2011-01-31,0.496000
2011-02-01,0.512000
2011-02-02,0.512000
2011-02-03,0.537000
2011-02-04,0.563000
2011-02-07,0.570000
2011-02-08,0.593000
2011-02-09,0.620000
2011-02-10,0.604000
2011-02-14,0.601000
2011-02-15,0.591000
2011-02-16,0.627000
2011-02-17,0.617000
2011-02-18,0.594000
2011-02-21,0.609000
2011-02-22,0.573000
2011-02-23,0.549000
2011-02-24,0.542000
2011-02-25,0.564000
2011-02-28,0.566000
2011-03-01,0.572000
2011-03-02,0.546000
2011-03-03,0.555000
2011-03-04,0.570000
2011-03-07,0.548000
2011-03-08,0.562000
2011-03-09,0.582000
2011-03-10,0.593000
2011-03-11,0.539000
2011-03-14,0.476000
2011-03-15,0.496000
2011-03-16,0.512000
2011-03-17,0.503000
2011-03-18,0.483000
2011-03-22,0.503000
2011-03-23,0.487000
2011-03-24,0.479000
2011-03-25,0.469000
2011-03-28,0.480000
2011-03-29,0.480000
2011-03-30,0.491000
2011-03-31,0.495000
2011-04-01,0.510000
2011-04-04,0.509000
2011-04-05,0.513000
2011-04-06,0.528000
2011-04-07,0.547000
2011-04-08,0.554000
2011-04-11,0.550000
2011-04-12,0.558000
2011-04-13,0.555000
2011-04-14,0.535000
2011-04-15,0.535000
2011-04-18,0.526000
2011-04-19,0.505000
2011-04-20,0.505000
2011-04-21,0.506000
2011-04-22,0.497000
2011-04-25,0.508000
2011-04-26,0.494000
2011-04-27,0.489000
2011-04-28,0.479000
2011-05-02,0.470000
2011-05-06,0.431000
2011-05-09,0.443000
2011-05-10,0.436000
2011-05-11,0.432000
2011-05-12,0.436000
2011-05-13,0.434000
2011-05-16,0.447000
2011-05-17,0.454000
2011-05-18,0.455000
2011-05-19,0.464000
2011-05-20,0.443000
2011-05-23,0.441000
2011-05-24,0.434000
2011-05-25,0.430000
2011-05-26,0.450000
2011-05-27,0.426000
2011-05-30,0.420000
2011-05-31,0.443000
2011-06-01,0.457000
2011-06-02,0.421000
2011-06-03,0.418000
2011-06-06,0.434000
2011-06-07,0.450000
2011-06-08,0.447000
2011-06-09,0.418000
2011-06-10,0.414000
2011-06-13,0.417000
2011-06-14,0.429000
2011-06-15,0.445000
2011-06-16,0.419000
2011-06-17,0.414000
2011-06-20,0.406000
2011-06-21,0.410000
2011-06-22,0.407000
2011-06-23,0.401000
2011-06-24,0.397000
2011-06-27,0.388000
2011-06-28,0.388000
2011-06-29,0.409000
2011-06-30,0.429000
2011-07-01,0.430000
2011-07-04,0.435000
2011-07-05,0.439000
2011-07-06,0.445000
2011-07-07,0.446000
2011-07-08,0.450000
2011-07-11,0.426000
2011-07-12,0.402000
2011-07-13,0.406000
2011-07-14,0.378000
2011-07-15,0.380000
2011-07-19,0.372000
2011-07-20,0.378000
2011-07-21,0.397000
2011-07-22,0.398000
2011-07-25,0.390000
2011-07-26,0.391000
2011-07-27,0.381000
2011-07-28,0.376000
2011-07-29,0.381000
2011-08-01,0.382000
2011-08-02,0.367000
2011-08-03,0.358000
2011-08-04,0.365000
2011-08-05,0.348000
2011-08-08,0.343000
2011-08-09,0.362000
2011-08-10,0.355000
2011-08-11,0.348000
2011-08-12,0.355000
2011-08-15,0.356000
2011-08-16,0.356000
2011-08-17,0.349000
2011-08-18,0.338000
2011-08-19,0.320000
2011-08-22,0.306000
2011-08-23,0.322000
2011-08-24,0.315000
2011-08-25,0.340000
2011-08-26,0.348000
2011-08-29,0.332000
2011-08-30,0.347000
2011-08-31,0.353000
2011-09-01,0.373000
2011-09-02,0.364000
2011-09-05,0.334000
2011-09-06,0.322000
2011-09-07,0.341000
2011-09-08,0.353000
2011-09-09,0.350000
2011-09-12,0.340000
2011-09-13,0.350000
2011-09-14,0.340000
2011-09-15,0.340000
2011-09-16,0.351000
2011-09-20,0.337000
2011-09-21,0.344000
2011-09-22,0.346000
2011-09-26,0.348000
2011-09-27,0.357000
2011-09-28,0.361000
2011-09-29,0.361000
2011-09-30,0.374000
2011-10-03,0.364000
2011-10-04,0.350000
2011-10-05,0.344000
2011-10-06,0.344000
2011-10-07,0.351000
2011-10-11,0.356000
2011-10-12,0.362000
2011-10-13,0.377000
2011-10-14,0.381000
2011-10-17,0.388000
2011-10-18,0.388000
2011-10-19,0.388000
2011-10-20,0.378000
2011-10-21,0.378000
2011-10-24,0.383000
2011-10-25,0.379000
2011-10-26,0.358000
2011-10-27,0.365000
2011-10-28,0.385000
2011-10-31,0.392000
2011-11-01,0.381000
2011-11-02,0.361000
2011-11-04,0.357000
2011-11-07,0.353000
2011-11-08,0.346000
2011-11-09,0.358000
2011-11-10,0.348000
2011-11-11,0.354000
2011-11-14,0.358000
2011-11-15,0.343000
2011-11-16,0.330000
2011-11-17,0.330000
2011-11-18,0.320000
2011-11-21,0.326000
2011-11-22,0.332000
2011-11-24,0.340000
2011-11-25,0.371000
2011-11-28,0.400000
2011-11-29,0.406000
2011-11-30,0.397000
2011-12-01,0.393000
2011-12-02,0.375000
2011-12-05,0.371000
2011-12-06,0.371000
2011-12-07,0.376000
2011-12-08,0.373000
2011-12-09,0.363000
2011-12-12,0.370000
2011-12-13,0.350000
2011-12-14,0.345000
2011-12-15,0.345000
2011-12-16,0.345000
2011-12-19,0.345000
2011-12-20,0.345000
2011-12-21,0.346000
2011-12-22,0.346000
2011-12-26,0.349000
2011-12-27,0.349000
2011-12-28,0.353000
2011-12-29,0.353000
2011-12-30,0.343000
2012-01-04,0.350000
2012-01-05,0.340000
2012-01-06,0.340000
2012-01-10,0.341000
2012-01-11,0.341000
2012-01-12,0.342000
2012-01-13,0.342000
2012-01-16,0.339000
2012-01-17,0.349000
2012-01-18,0.347000
2012-01-19,0.338000
2012-01-20,0.346000
2012-01-23,0.360000
2012-01-24,0.364000
2012-01-25,0.363000
2012-01-26,0.349000
2012-01-27,0.338000
2012-01-30,0.339000
2012-01-31,0.343000
2012-02-01,0.340000
2012-02-02,0.336000
2012-02-03,0.333000
2012-02-06,0.346000
2012-02-07,0.346000
2012-02-08,0.361000
2012-02-09,0.357000
2012-02-10,0.354000
2012-02-13,0.355000
2012-02-14,0.338000
2012-02-15,0.331000
2012-02-16,0.309000
2012-02-17,0.309000
2012-02-20,0.310000
2012-02-21,0.319000
2012-02-22,0.327000
2012-02-23,0.326000
2012-02-24,0.323000
2012-02-27,0.316000
2012-02-28,0.317000
2012-02-29,0.312000
2012-03-01,0.313000
2012-03-02,0.318000
2012-03-05,0.314000
2012-03-06,0.314000
2012-03-07,0.305000
2012-03-08,0.299000
2012-03-09,0.299000
2012-03-12,0.295000
2012-03-13,0.295000
2012-03-14,0.315000
2012-03-15,0.373000
2012-03-16,0.364000
2012-03-19,0.350000
2012-03-21,0.345000
2012-03-22,0.347000
2012-03-23,0.341000
2012-03-26,0.332000
2012-03-27,0.332000
2012-03-28,0.322000
2012-03-29,0.323000
2012-03-30,0.323000
2012-04-02,0.344000
2012-04-03,0.349000
2012-04-04,0.349000
2012-04-05,0.335000
2012-04-06,0.318000
2012-04-09,0.305000
2012-04-10,0.301000
2012-04-11,0.301000
2012-04-12,0.302000
2012-04-13,0.298000
2012-04-16,0.293000
2012-04-17,0.293000
2012-04-18,0.300000
2012-04-19,0.294000
2012-04-20,0.290000
2012-04-23,0.275000
2012-04-24,0.280000
2012-04-25,0.282000
2012-04-26,0.285000
2012-04-27,0.266000
2012-05-01,0.267000
2012-05-02,0.272000
2012-05-07,0.258000
2012-05-08,0.268000
2012-05-09,0.258000
2012-05-10,0.263000
2012-05-11,0.254000
2012-05-14,0.254000
2012-05-15,0.259000
2012-05-16,0.245000
2012-05-17,0.246000
2012-05-18,0.236000
2012-05-21,0.249000
2012-05-22,0.243000
2012-05-23,0.244000
2012-05-24,0.250000
2012-05-25,0.249000
2012-05-28,0.243000
2012-05-29,0.234000
2012-05-30,0.235000
2012-05-31,0.225000
2012-06-01,0.218000
2012-06-04,0.226000
2012-06-05,0.240000
2012-06-06,0.232000
2012-06-07,0.222000
2012-06-08,0.220000
2012-06-11,0.229000
2012-06-12,0.218000
2012-06-13,0.227000
2012-06-14,0.229000
2012-06-15,0.229000
2012-06-18,0.226000
2012-06-19,0.216000
2012-06-20,0.220000
2012-06-21,0.216000
2012-06-22,0.217000
2012-06-25,0.217000
2012-06-26,0.211000
2012-06-27,0.208000
2012-06-28,0.212000
2012-06-29,0.218000
2012-07-02,0.213000
2012-07-03,0.209000
2012-07-04,0.209000
2012-07-05,0.205000
2012-07-06,0.199000
2012-07-09,0.196000
2012-07-10,0.196000
2012-07-11,0.190000
2012-07-12,0.180000
2012-07-13,0.186000
2012-07-17,0.187000
2012-07-18,0.187000
2012-07-19,0.187000
2012-07-20,0.187000
2012-07-23,0.178000
2012-07-24,0.183000
2012-07-25,0.179000
2012-07-26,0.184000
2012-07-27,0.189000
2012-07-30,0.201000
2012-07-31,0.197000
2012-08-01,0.185000
2012-08-02,0.185000
2012-08-03,0.177000
2012-08-06,0.181000
2012-08-07,0.197000
2012-08-08,0.203000
2012-08-09,0.203000
2012-08-10,0.204000
2012-08-13,0.205000
2012-08-14,0.205000
2012-08-15,0.221000
2012-08-16,0.257000
2012-08-17,0.246000
2012-08-20,0.251000
2012-08-21,0.242000
2012-08-22,0.236000
2012-08-23,0.232000
2012-08-24,0.222000
2012-08-27,0.227000
2012-08-28,0.227000
2012-08-29,0.227000
2012-08-30,0.226000
2012-08-31,0.224000
2012-09-03,0.218000
2012-09-04,0.217000
2012-09-05,0.212000
2012-09-06,0.217000
2012-09-07,0.224000
2012-09-10,0.208000
2012-09-11,0.204000
2012-09-12,0.208000
2012-09-13,0.214000
2012-09-14,0.205000
2012-09-18,0.216000
2012-09-19,0.216000
2012-09-20,0.204000
2012-09-21,0.206000
2012-09-24,0.201000
2012-09-25,0.201000
2012-09-26,0.201000
2012-09-27,0.201000
2012-09-28,0.198000
2012-10-01,0.198000
2012-10-02,0.194000
2012-10-03,0.194000
2012-10-04,0.198000
2012-10-05,0.199000
2012-10-09,0.196000
2012-10-10,0.196000
2012-10-11,0.196000
2012-10-12,0.200000
2012-10-15,0.200000
2012-10-16,0.196000
2012-10-17,0.197000
2012-10-18,0.206000
2012-10-19,0.206000
2012-10-22,0.207000
2012-10-23,0.207000
2012-10-24,0.203000
2012-10-25,0.203000
2012-10-26,0.193000
2012-10-29,0.193000
2012-10-30,0.193000
2012-10-31,0.200000
2012-11-01,0.204000
2012-11-02,0.208000
2012-11-05,0.204000
2012-11-06,0.204000
2012-11-07,0.204000
2012-11-08,0.200000
2012-11-09,0.201000
2012-11-12,0.205000
2012-11-13,0.201000
2012-11-14,0.202000
2012-11-15,0.195000
2012-11-16,0.186000
2012-11-19,0.188000
2012-11-20,0.188000
2012-11-21,0.193000
2012-11-22,0.194000
2012-11-26,0.189000
2012-11-27,0.189000
2012-11-28,0.181000
2012-11-29,0.181000
2012-11-30,0.180000
2012-12-03,0.180000
2012-12-04,0.181000
2012-12-05,0.175000
2012-12-06,0.165000
2012-12-07,0.165000
2012-12-10,0.164000
2012-12-11,0.170000
2012-12-12,0.172000
2012-12-13,0.171000
2012-12-14,0.175000
2012-12-17,0.176000
2012-12-18,0.186000
2012-12-19,0.184000
2012-12-20,0.176000
2012-12-21,0.172000
2012-12-25,0.173000
2012-12-26,0.183000
2012-12-27,0.193000
2012-12-28,0.187000
2013-01-04,0.203000
2013-01-07,0.204000
2013-01-08,0.210000
2013-01-09,0.204000
2013-01-10,0.196000
2013-01-11,0.173000
2013-01-15,0.163000
2013-01-16,0.165000
2013-01-17,0.161000
2013-01-18,0.155000
2013-01-21,0.155000
2013-01-22,0.151000
2013-01-23,0.162000
2013-01-24,0.155000
2013-01-25,0.151000
2013-01-28,0.163000
2013-01-29,0.164000
2013-01-30,0.163000
2013-01-31,0.152000
2013-02-01,0.153000
2013-02-04,0.169000
2013-02-05,0.164000
2013-02-06,0.153000
2013-02-07,0.143000
2013-02-08,0.143000
2013-02-12,0.145000
2013-02-13,0.145000
2013-02-14,0.155000
2013-02-15,0.151000
2013-02-18,0.151000
2013-02-19,0.140000
2013-02-20,0.139000
2013-02-21,0.139000
2013-02-22,0.138000
2013-02-25,0.129000
2013-02-26,0.123000
2013-02-27,0.124000
2013-02-28,0.123000
2013-03-01,0.124000
2013-03-04,0.101000
2013-03-05,0.117000
2013-03-06,0.112000
2013-03-07,0.111000
2013-03-08,0.111000
2013-03-11,0.115000
2013-03-12,0.120000
2013-03-13,0.120000
2013-03-14,0.120000
2013-03-15,0.120000
2013-03-18,0.110000
2013-03-19,0.116000
2013-03-21,0.120000
2013-03-22,0.120000
2013-03-25,0.120000
2013-03-26,0.116000
2013-03-27,0.110000
2013-03-28,0.117000
2013-03-29,0.131000
2013-04-01,0.137000
2013-04-02,0.141000
2013-04-03,0.137000
2013-04-04,0.131000
2013-04-05,0.180000
2013-04-08,0.184000
2013-04-09,0.198000
2013-04-10,0.270000
2013-04-11,0.205000
2013-04-12,0.256000
2013-04-15,0.271000
2013-04-16,0.263000
2013-04-17,0.249000
2013-04-18,0.239000
2013-04-19,0.224000
2013-04-22,0.230000
2013-04-23,0.226000
2013-04-24,0.229000
2013-04-25,0.237000
2013-04-26,0.248000
2013-04-30,0.250000
2013-05-01,0.235000
2013-05-02,0.217000
2013-05-07,0.233000
2013-05-08,0.229000
2013-05-09,0.230000
2013-05-10,0.287000
2013-05-13,0.339000
2013-05-14,0.405000
2013-05-15,0.431000
2013-05-16,0.404000
2013-05-17,0.377000
2013-05-20,0.410000
2013-05-21,0.421000
2013-05-22,0.412000
2013-05-23,0.366000
2013-05-24,0.377000
2013-05-27,0.367000
2013-05-28,0.414000
2013-05-29,0.440000
2013-05-30,0.403000
2013-05-31,0.369000
2013-06-03,0.314000
2013-06-04,0.339000
2013-06-05,0.312000
2013-06-06,0.314000
2013-06-07,0.305000
2013-06-10,0.300000
2013-06-11,0.328000
2013-06-12,0.350000
2013-06-13,0.358000
2013-06-14,0.330000
2013-06-17,0.327000
2013-06-18,0.317000
2013-06-19,0.317000
2013-06-20,0.337000
2013-06-21,0.356000
2013-06-24,0.349000
2013-06-25,0.339000
2013-06-26,0.339000
2013-06-27,0.313000
2013-06-28,0.309000
2013-07-01,0.334000
2013-07-02,0.330000
2013-07-03,0.320000
2013-07-04,0.324000
2013-07-05,0.320000
2013-07-08,0.331000
2013-07-09,0.321000
2013-07-10,0.311000
2013-07-11,0.296000
2013-07-12,0.300000
2013-07-16,0.307000
2013-07-17,0.297000
2013-07-18,0.291000
2013-07-19,0.290000
2013-07-22,0.276000
2013-07-23,0.276000
2013-07-24,0.275000
2013-07-25,0.296000
2013-07-26,0.290000
2013-07-29,0.297000
2013-07-30,0.291000
2013-07-31,0.292000
2013-08-01,0.292000
2013-08-02,0.308000
2013-08-05,0.288000
2013-08-06,0.292000
2013-08-07,0.282000
2013-08-08,0.288000
2013-08-09,0.288000
2013-08-12,0.293000
2013-08-13,0.278000
2013-08-14,0.289000
2013-08-15,0.279000
2013-08-16,0.286000
2013-08-19,0.291000
2013-08-20,0.286000
2013-08-21,0.285000
2013-08-22,0.301000
2013-08-23,0.309000
2013-08-26,0.307000
2013-08-27,0.295000
2013-08-28,0.280000
2013-08-29,0.272000
2013-08-30,0.267000
2013-09-02,0.274000
2013-09-03,0.279000
2013-09-04,0.284000
2013-09-05,0.284000
2013-09-06,0.299000
2013-09-09,0.280000
2013-09-10,0.267000
2013-09-11,0.273000
2013-09-12,0.261000
2013-09-13,0.265000
2013-09-17,0.261000
2013-09-18,0.261000
2013-09-19,0.243000
2013-09-20,0.256000
2013-09-24,0.242000
2013-09-25,0.236000
2013-09-26,0.242000
2013-09-27,0.236000
2013-09-30,0.243000
2013-10-01,0.242000
2013-10-02,0.232000
2013-10-03,0.218000
2013-10-04,0.222000
2013-10-07,0.219000
2013-10-08,0.223000
2013-10-09,0.229000
2013-10-10,0.229000
2013-10-11,0.233000
2013-10-15,0.240000
2013-10-16,0.223000
2013-10-17,0.219000
2013-10-18,0.213000
2013-10-21,0.209000
2013-10-22,0.209000
2013-10-23,0.203000
2013-10-24,0.203000
2013-10-25,0.209000
2013-10-28,0.210000
2013-10-29,0.203000
2013-10-30,0.199000
2013-10-31,0.199000
2013-11-01,0.195000
2013-11-05,0.200000
2013-11-06,0.205000
2013-11-07,0.201000
2013-11-08,0.201000
2013-11-11,0.205000
2013-11-12,0.205000
2013-11-13,0.210000
2013-11-14,0.201000
2013-11-15,0.212000
2013-11-18,0.213000
2013-11-19,0.205000
2013-11-20,0.201000
2013-11-21,0.201000
2013-11-22,0.201000
2013-11-25,0.206000
2013-11-26,0.198000
2013-11-27,0.191000
2013-11-28,0.185000
2013-11-29,0.185000
2013-12-02,0.186000
2013-12-03,0.191000
2013-12-04,0.191000
2013-12-05,0.192000
2013-12-06,0.210000
2013-12-09,0.201000
2013-12-10,0.206000
2013-12-11,0.203000
2013-12-12,0.199000
2013-12-13,0.209000
2013-12-16,0.210000
2013-12-17,0.200000
2013-12-18,0.200000
2013-12-19,0.214000
2013-12-20,0.210000
2013-12-24,0.207000
2013-12-25,0.211000
2013-12-26,0.221000
2013-12-27,0.221000
2013-12-30,0.238000
2014-01-06,0.229000
2014-01-07,0.219000
2014-01-08,0.220000
2014-01-09,0.220000
2014-01-10,0.214000
2014-01-14,0.196000
2014-01-15,0.199000
2014-01-16,0.210000
2014-01-17,0.210000
2014-01-20,0.205000
2014-01-21,0.214000
2014-01-22,0.215000
2014-01-23,0.210000
2014-01-24,0.199000
2014-01-27,0.199000
2014-01-28,0.195000
2014-01-29,0.203000
2014-01-30,0.198000
2014-01-31,0.198000
2014-02-03,0.194000
2014-02-04,0.194000
2014-02-05,0.194000
2014-02-06,0.199000
2014-02-07,0.200000
2014-02-10,0.195000
2014-02-12,0.196000
2014-02-13,0.190000
2014-02-14,0.185000
2014-02-17,0.189000
2014-02-18,0.190000
2014-02-19,0.186000
2014-02-20,0.183000
2014-02-21,0.187000
2014-02-24,0.187000
2014-02-25,0.187000
2014-02-26,0.185000
2014-02-27,0.185000
2014-02-28,0.182000
2014-03-03,0.177000
2014-03-04,0.182000
2014-03-05,0.186000
2014-03-06,0.185000
2014-03-07,0.189000
2014-03-10,0.190000
2014-03-11,0.194000
2014-03-12,0.194000
2014-03-13,0.206000
2014-03-14,0.195000
2014-03-17,0.196000
2014-03-18,0.196000
2014-03-19,0.192000
2014-03-20,0.186000
2014-03-24,0.192000
2014-03-25,0.193000
2014-03-26,0.197000
2014-03-27,0.197000
2014-03-28,0.197000
2014-03-31,0.197000
2014-04-01,0.193000
2014-04-02,0.193000
2014-04-03,0.198000
2014-04-04,0.198000
2014-04-07,0.188000
2014-04-08,0.188000
2014-04-09,0.188000
2014-04-10,0.188000
2014-04-11,0.188000
2014-04-14,0.194000
2014-04-15,0.188000
2014-04-16,0.188000
2014-04-17,0.189000
2014-04-18,0.189000
2014-04-21,0.189000
2014-04-22,0.189000
2014-04-23,0.196000
2014-04-24,0.196000
2014-04-25,0.196000
2014-04-28,0.196000
2014-04-30,0.196000
2014-05-01,0.196000
2014-05-02,0.190000
2014-05-07,0.190000
2014-05-08,0.191000
2014-05-09,0.191000
2014-05-12,0.192000
2014-05-13,0.195000
2014-05-14,0.193000
2014-05-15,0.188000
2014-05-16,0.188000
2014-05-19,0.193000
2014-05-20,0.193000
2014-05-21,0.193000
2014-05-22,0.194000
2014-05-23,0.189000
2014-05-26,0.191000
2014-05-27,0.190000
2014-05-28,0.185000
2014-05-29,0.184000
2014-05-30,0.179000
2014-06-02,0.185000
2014-06-03,0.185000
2014-06-04,0.186000
2014-06-05,0.186000
2014-06-06,0.178000
2014-06-09,0.186000
2014-06-10,0.185000
2014-06-11,0.190000
2014-06-12,0.185000
2014-06-13,0.185000
2014-06-16,0.181000
2014-06-17,0.182000
2014-06-18,0.182000
2014-06-19,0.176000
2014-06-20,0.172000
2014-06-23,0.176000
2014-06-24,0.172000
2014-06-25,0.172000
2014-06-26,0.166000
2014-06-27,0.162000
2014-06-30,0.163000
2014-07-01,0.163000
2014-07-02,0.163000
2014-07-03,0.163000
2014-07-04,0.163000
2014-07-07,0.157000
2014-07-08,0.153000
2014-07-09,0.147000
2014-07-10,0.147000
2014-07-11,0.150000
2014-07-14,0.154000
2014-07-15,0.154000
2014-07-16,0.158000
2014-07-17,0.154000
2014-07-18,0.154000
2014-07-22,0.155000
2014-07-23,0.149000
2014-07-24,0.149000
2014-07-25,0.149000
2014-07-28,0.149000
2014-07-29,0.149000
2014-07-30,0.149000
2014-07-31,0.155000
2014-08-01,0.149000
2014-08-04,0.150000
2014-08-05,0.150000
2014-08-06,0.150000
2014-08-07,0.157000
2014-08-08,0.150000
2014-08-11,0.156000
2014-08-12,0.156000
2014-08-13,0.156000
2014-08-14,0.150000
2014-08-15,0.150000
2014-08-18,0.151000
2014-08-19,0.156000
2014-08-20,0.161000
2014-08-21,0.167000
2014-08-22,0.162000
2014-08-25,0.162000
2014-08-26,0.161000
2014-08-27,0.161000
2014-08-28,0.155000
2014-08-29,0.162000
2014-09-01,0.163000
2014-09-02,0.163000
2014-09-03,0.163000
2014-09-04,0.164000
2014-09-05,0.167000
2014-09-08,0.162000
2014-09-09,0.162000
2014-09-10,0.165000
2014-09-11,0.181000
2014-09-12,0.181000
2014-09-16,0.181000
2014-09-17,0.175000
2014-09-18,0.182000
2014-09-19,0.176000
2014-09-22,0.166000
2014-09-24,0.162000
2014-09-25,0.166000
2014-09-26,0.166000
2014-09-29,0.177000
2014-09-30,0.167000
2014-10-01,0.159000
2014-10-02,0.153000
2014-10-03,0.147000
2014-10-06,0.147000
2014-10-07,0.147000
2014-10-08,0.139000
2014-10-09,0.139000
2014-10-10,0.149000
2014-10-14,0.149000
2014-10-15,0.143000
2014-10-16,0.150000
2014-10-17,0.129000
2014-10-20,0.133000
2014-10-21,0.133000
2014-10-22,0.134000
2014-10-23,0.129000
2014-10-24,0.115000
2014-10-27,0.113000
2014-10-28,0.119000
2014-10-29,0.123000
2014-10-30,0.119000
2014-10-31,0.130000
2014-11-04,0.114000
2014-11-05,0.125000
2014-11-06,0.125000
2014-11-07,0.131000
2014-11-10,0.125000
2014-11-11,0.139000
2014-11-12,0.166000
2014-11-13,0.158000
2014-11-14,0.141000
2014-11-17,0.137000
2014-11-18,0.148000
2014-11-19,0.123000
2014-11-20,0.117000
2014-11-21,0.118000
2014-11-25,0.120000
2014-11-26,0.111000
2014-11-27,0.109000
2014-11-28,0.105000
2014-12-01,0.102000
2014-12-02,0.092000
2014-12-03,0.074000
2014-12-04,0.077000
2014-12-05,0.076000
2014-12-08,0.092000
2014-12-09,0.077000
2014-12-10,0.082000
2014-12-11,0.082000
2014-12-12,0.081000
2014-12-15,0.075000
2014-12-16,0.052000
2014-12-17,0.046000
2014-12-18,0.036000
2014-12-19,0.032000
2014-12-22,0.036000
2014-12-24,0.036000
2014-12-25,0.036000
2014-12-26,0.042000
2014-12-29,0.032000
2014-12-30,0.026000
2015-01-05,0.022000
2015-01-06,0.012000
2015-01-07,0.016000
2015-01-08,0.016000
2015-01-09,0.012000
2015-01-13,0.007000
2015-01-14,0.008000
2015-01-15,0.018000
2015-01-16,0.018000
2015-01-19,0.011000
2015-01-20,0.001000
2015-01-21,0.017000
2015-01-22,0.057000
2015-01-23,0.018000
2015-01-26,0.011000
2015-01-27,0.037000
2015-01-28,0.058000
2015-01-29,0.051000
2015-01-30,0.046000
2015-02-02,0.056000
2015-02-03,0.096000
2015-02-04,0.100000
2015-02-05,0.105000
2015-02-06,0.085000
2015-02-09,0.100000
2015-02-10,0.121000
2015-02-12,0.121000
2015-02-13,0.138000
2015-02-16,0.144000
2015-02-17,0.123000
2015-02-18,0.129000
2015-02-19,0.118000
2015-02-20,0.112000
2015-02-23,0.107000
2015-02-24,0.102000
2015-02-25,0.091000
2015-02-26,0.091000
2015-02-27,0.071000
2015-03-02,0.070000
2015-03-03,0.092000
2015-03-04,0.092000
2015-03-05,0.092000
2015-03-06,0.089000
2015-03-09,0.121000
2015-03-10,0.147000
2015-03-11,0.131000
2015-03-12,0.115000
2015-03-13,0.130000
2015-03-16,0.126000
2015-03-17,0.120000
2015-03-18,0.096000
2015-03-19,0.082000
2015-03-20,0.076000
2015-03-23,0.082000
2015-03-24,0.082000
2015-03-25,0.086000
2015-03-26,0.092000
2015-03-27,0.121000
2015-03-30,0.121000
2015-03-31,0.131000
2015-04-01,0.107000
2015-04-02,0.097000
2015-04-03,0.097000
2015-04-06,0.089000
2015-04-07,0.093000
2015-04-08,0.097000
2015-04-09,0.097000
2015-04-10,0.097000
2015-04-13,0.093000
2015-04-14,0.077000
2015-04-15,0.077000
2015-04-16,0.084000
2015-04-17,0.073000
2015-04-20,0.077000
2015-04-21,0.077000
2015-04-22,0.067000
2015-04-23,0.073000
2015-04-24,0.053000
2015-04-27,0.064000
2015-04-28,0.064000
2015-04-30,0.079000
2015-05-01,0.096000
2015-05-07,0.127000
2015-05-08,0.109000
2015-05-11,0.098000
2015-05-12,0.132000
2015-05-13,0.132000
2015-05-14,0.121000
2015-05-15,0.102000
2015-05-18,0.100000
2015-05-19,0.101000
2015-05-20,0.102000
2015-05-21,0.106000
2015-05-22,0.113000
2015-05-25,0.113000
2015-05-26,0.114000
2015-05-27,0.100000
2015-05-28,0.095000
2015-05-29,0.095000
2015-06-01,0.096000
2015-06-02,0.097000
2015-06-03,0.106000
2015-06-04,0.123000
2015-06-05,0.119000
2015-06-08,0.119000
2015-06-09,0.103000
2015-06-10,0.128000
2015-06-11,0.145000
2015-06-12,0.128000
2015-06-15,0.127000
2015-06-16,0.119000
2015-06-17,0.116000
2015-06-18,0.106000
2015-06-19,0.106000
2015-06-22,0.110000
2015-06-23,0.127000
2015-06-24,0.117000
2015-06-25,0.117000
2015-06-26,0.121000
2015-06-29,0.107000
2015-06-30,0.111000
2015-07-01,0.118000
2015-07-02,0.134000
2015-07-03,0.118000
2015-07-06,0.108000
2015-07-07,0.108000
2015-07-08,0.098000
2015-07-09,0.104000
2015-07-10,0.101000
2015-07-13,0.112000
2015-07-14,0.118000
2015-07-15,0.123000
2015-07-16,0.113000
2015-07-17,0.108000
2015-07-21,0.103000
2015-07-22,0.099000
2015-07-23,0.103000
2015-07-24,0.103000
2015-07-27,0.103000
2015-07-28,0.099000
2015-07-29,0.099000
2015-07-30,0.099000
2015-07-31,0.096000
2015-08-03,0.096000
2015-08-04,0.086000
2015-08-05,0.090000
2015-08-06,0.101000
2015-08-07,0.097000
2015-08-10,0.092000
2015-08-11,0.092000
2015-08-12,0.085000
2015-08-13,0.087000
2015-08-14,0.081000
2015-08-17,0.088000
2015-08-18,0.079000
2015-08-19,0.077000
2015-08-20,0.073000
2015-08-21,0.073000
2015-08-24,0.074000
2015-08-25,0.078000
2015-08-26,0.078000
2015-08-27,0.085000
2015-08-28,0.078000
2015-08-31,0.075000
2015-09-01,0.074000
2015-09-02,0.078000
2015-09-03,0.084000
2015-09-04,0.072000
2015-09-07,0.073000
2015-09-08,0.070000
2015-09-09,0.070000
2015-09-10,0.059000
2015-09-11,0.056000
2015-09-14,0.066000
2015-09-15,0.082000
2015-09-16,0.082000
2015-09-17,0.076000
2015-09-18,0.056000
2015-09-24,0.056000
2015-09-25,0.052000
2015-09-28,0.056000
2015-09-29,0.056000
2015-09-30,0.062000
2015-10-01,0.052000
2015-10-02,0.046000
2015-10-05,0.042000
2015-10-06,0.046000
2015-10-07,0.056000
2015-10-08,0.066000
2015-10-09,0.062000
2015-10-13,0.062000
2015-10-14,0.052000
2015-10-15,0.057000
2015-10-16,0.057000
2015-10-19,0.063000
2015-10-20,0.056000
2015-10-21,0.056000
2015-10-22,0.053000
2015-10-23,0.049000
2015-10-26,0.053000
2015-10-27,0.049000
2015-10-28,0.038000
2015-10-29,0.039000
2015-10-30,0.039000
2015-11-02,0.043000
2015-11-04,0.043000
2015-11-05,0.043000
2015-11-06,0.043000
2015-11-09,0.050000
2015-11-10,0.035000
2015-11-11,0.043000
2015-11-12,0.039000
2015-11-13,0.039000
2015-11-16,0.043000
2015-11-17,0.035000
2015-11-18,0.035000
2015-11-19,0.035000
2015-11-20,0.039000
2015-11-24,0.046000
2015-11-25,0.039000
2015-11-26,0.039000
2015-11-27,0.040000
2015-11-30,0.040000
2015-12-01,0.040000
2015-12-02,0.036000
2015-12-03,0.036000
2015-12-04,0.045000
2015-12-07,0.046000
2015-12-08,0.039000
2015-12-09,0.036000
2015-12-10,0.035000
2015-12-11,0.046000
2015-12-14,0.043000
2015-12-15,0.036000
2015-12-16,0.042000
2015-12-17,0.042000
2015-12-18,0.036000
2015-12-21,0.036000
2015-12-22,0.036000
2015-12-24,0.036000
2015-12-25,0.042000
2015-12-28,0.036000
2015-12-29,0.032000
2015-12-30,0.032000
2016-01-04,0.026000
2016-01-05,0.026000
2016-01-06,0.022000
2016-01-07,0.016000
2016-01-08,0.016000
2016-01-12,0.017000
2016-01-13,0.011000
2016-01-14,0.018000
2016-01-15,0.017000
2016-01-18,0.012000
2016-01-19,0.018000
2016-01-20,0.017000
2016-01-21,0.021000
2016-01-22,0.017000
2016-01-25,0.011000
2016-01-26,0.011000
2016-01-27,0.006000
2016-01-28,0.011000
2016-01-29,-0.071000
2016-02-01,-0.110000
2016-02-02,-0.105000
2016-02-03,-0.139000
2016-02-04,-0.149000
2016-02-05,-0.186000
2016-02-08,-0.180000
2016-02-09,-0.255000
2016-02-10,-0.224000
2016-02-12,-0.147000
2016-02-15,-0.122000
2016-02-16,-0.144000
2016-02-17,-0.124000
2016-02-18,-0.149000
2016-02-19,-0.169000
2016-02-22,-0.178000
2016-02-23,-0.173000
2016-02-24,-0.198000
2016-02-25,-0.199000
2016-02-26,-0.218000
2016-02-29,-0.228000
2016-03-01,-0.224000
2016-03-02,-0.204000
2016-03-03,-0.174000
2016-03-04,-0.184000
2016-03-07,-0.205000
2016-03-08,-0.230000
2016-03-09,-0.163000
2016-03-10,-0.154000
2016-03-11,-0.149000
2016-03-14,-0.174000
2016-03-15,-0.145000
2016-03-16,-0.174000
2016-03-17,-0.184000
2016-03-18,-0.220000
2016-03-22,-0.220000
2016-03-23,-0.236000
2016-03-24,-0.225000
2016-03-25,-0.237000
2016-03-28,-0.235000
2016-03-29,-0.231000
2016-03-30,-0.230000
2016-03-31,-0.190000
2016-04-01,-0.214000
2016-04-04,-0.225000
2016-04-05,-0.211000
2016-04-06,-0.215000
2016-04-07,-0.215000
2016-04-08,-0.232000
2016-04-11,-0.230000
2016-04-12,-0.237000
2016-04-13,-0.221000
2016-04-14,-0.221000
2016-04-15,-0.231000
2016-04-18,-0.232000
2016-04-19,-0.245000
2016-04-20,-0.252000
2016-04-21,-0.245000
2016-04-22,-0.272000
2016-04-25,-0.230000
2016-04-26,-0.241000
2016-04-27,-0.211000
2016-04-28,-0.206000
2016-05-02,-0.227000
2016-05-06,-0.238000
2016-05-09,-0.237000
2016-05-10,-0.236000
2016-05-11,-0.232000
2016-05-12,-0.236000
2016-05-13,-0.235000
2016-05-16,-0.237000
2016-05-17,-0.232000
2016-05-18,-0.226000
2016-05-19,-0.202000
2016-05-20,-0.225000
2016-05-23,-0.223000
2016-05-24,-0.226000
2016-05-25,-0.220000
2016-05-26,-0.232000
2016-05-27,-0.236000
2016-05-30,-0.234000
2016-05-31,-0.239000
2016-06-01,-0.240000
2016-06-02,-0.227000
2016-06-03,-0.231000
2016-06-06,-0.243000
2016-06-07,-0.244000
2016-06-08,-0.228000
2016-06-09,-0.249000
2016-06-10,-0.269000
2016-06-13,-0.276000
2016-06-14,-0.280000
2016-06-15,-0.296000
2016-06-16,-0.290000
2016-06-17,-0.249000
2016-06-20,-0.246000
2016-06-21,-0.240000
2016-06-22,-0.240000
2016-06-23,-0.237000
2016-06-24,-0.290000
2016-06-27,-0.287000
2016-06-28,-0.307000
2016-06-29,-0.321000
2016-06-30,-0.317000
2016-07-01,-0.361000
2016-07-04,-0.354000
2016-07-05,-0.346000
2016-07-06,-0.362000
2016-07-07,-0.369000
2016-07-08,-0.374000
2016-07-11,-0.363000
2016-07-12,-0.364000
2016-07-13,-0.358000
2016-07-14,-0.350000
2016-07-15,-0.317000
2016-07-19,-0.317000
2016-07-20,-0.330000
2016-07-21,-0.332000
2016-07-22,-0.338000
2016-07-25,-0.347000
2016-07-26,-0.348000
2016-07-27,-0.384000
2016-07-28,-0.363000
2016-07-29,-0.261000
2016-08-01,-0.233000
2016-08-02,-0.149000
2016-08-03,-0.176000
2016-08-04,-0.170000
2016-08-05,-0.190000
2016-08-08,-0.160000
2016-08-09,-0.188000
2016-08-10,-0.194000
2016-08-12,-0.185000
2016-08-15,-0.163000
2016-08-16,-0.172000
2016-08-17,-0.158000
2016-08-18,-0.175000
2016-08-19,-0.184000
2016-08-22,-0.169000
2016-08-23,-0.183000
2016-08-24,-0.174000
2016-08-25,-0.178000
2016-08-26,-0.174000
2016-08-29,-0.181000
2016-08-30,-0.190000
2016-08-31,-0.180000
2016-09-01,-0.166000
2016-09-02,-0.156000
2016-09-05,-0.160000
2016-09-06,-0.157000
2016-09-07,-0.177000
2016-09-08,-0.164000
2016-09-09,-0.160000
2016-09-12,-0.174000
2016-09-13,-0.174000
2016-09-14,-0.205000
2016-09-15,-0.210000
2016-09-16,-0.206000
2016-09-20,-0.210000
2016-09-21,-0.175000
2016-09-23,-0.189000
2016-09-26,-0.199000
2016-09-27,-0.239000
2016-09-28,-0.245000
2016-09-29,-0.239000
2016-09-30,-0.249000
2016-10-03,-0.236000
2016-10-04,-0.230000
2016-10-05,-0.230000
2016-10-06,-0.220000
2016-10-07,-0.221000
2016-10-11,-0.199000
2016-10-12,-0.199000
2016-10-13,-0.199000
2016-10-14,-0.210000
2016-10-17,-0.210000
2016-10-18,-0.210000
2016-10-19,-0.215000
2016-10-20,-0.215000
2016-10-21,-0.205000
2016-10-24,-0.195000
2016-10-25,-0.205000
2016-10-26,-0.206000
2016-10-27,-0.199000
2016-10-28,-0.189000
2016-10-31,-0.193000
2016-11-01,-0.198000
2016-11-02,-0.204000
2016-11-04,-0.209000
2016-11-07,-0.201000
2016-11-08,-0.203000
2016-11-09,-0.213000
2016-11-10,-0.183000
2016-11-11,-0.174000
2016-11-14,-0.153000
2016-11-15,-0.118000
2016-11-16,-0.057000
2016-11-17,-0.101000
2016-11-18,-0.090000
2016-11-21,-0.096000
2016-11-22,-0.091000
2016-11-24,-0.091000
2016-11-25,-0.081000
2016-11-28,-0.096000
2016-11-29,-0.100000
2016-11-30,-0.100000
2016-12-01,-0.099000
2016-12-02,-0.100000
2016-12-05,-0.107000
2016-12-06,-0.096000
2016-12-07,-0.101000
2016-12-08,-0.090000
2016-12-09,-0.086000
2016-12-12,-0.079000
2016-12-13,-0.064000
2016-12-14,-0.089000
2016-12-15,-0.079000
2016-12-16,-0.063000
2016-12-19,-0.074000
2016-12-20,-0.080000
2016-12-21,-0.084000
2016-12-22,-0.090000
2016-12-26,-0.084000
2016-12-27,-0.084000
2016-12-28,-0.090000
2016-12-29,-0.104000
2016-12-30,-0.114000
2017-01-04,-0.109000
2017-01-05,-0.118000
2017-01-06,-0.125000
2017-01-10,-0.129000
2017-01-11,-0.133000
2017-01-12,-0.129000
2017-01-13,-0.132000
2017-01-16,-0.129000
2017-01-17,-0.127000
2017-01-18,-0.123000
2017-01-19,-0.106000
2017-01-20,-0.126000
2017-01-23,-0.132000
2017-01-24,-0.143000
2017-01-25,-0.106000
2017-01-26,-0.090000
2017-01-27,-0.101000
2017-01-30,-0.100000
2017-01-31,-0.094000
2017-02-01,-0.100000
2017-02-02,-0.096000
2017-02-03,-0.096000
2017-02-06,-0.079000
2017-02-07,-0.084000
2017-02-08,-0.085000
2017-02-09,-0.094000
2017-02-10,-0.088000
2017-02-13,-0.080000
2017-02-14,-0.088000
2017-02-15,-0.097000
2017-02-16,-0.093000
2017-02-17,-0.097000
2017-02-20,-0.093000
2017-02-21,-0.094000
2017-02-22,-0.112000
2017-02-23,-0.113000
2017-02-24,-0.131000
2017-02-27,-0.138000
2017-02-28,-0.137000
2017-03-01,-0.128000
2017-03-02,-0.139000
2017-03-03,-0.149000
2017-03-06,-0.150000
2017-03-07,-0.151000
2017-03-08,-0.144000
2017-03-09,-0.114000
2017-03-10,-0.119000
2017-03-13,-0.115000
2017-03-14,-0.119000
2017-03-15,-0.115000
2017-03-16,-0.135000
2017-03-17,-0.135000
2017-03-21,-0.145000
2017-03-22,-0.155000
2017-03-23,-0.165000
2017-03-24,-0.155000
2017-03-27,-0.159000
2017-03-28,-0.153000
2017-03-29,-0.144000
2017-03-30,-0.134000
2017-03-31,-0.124000
2017-04-03,-0.108000
2017-04-04,-0.124000
2017-04-05,-0.138000
2017-04-06,-0.139000
2017-04-07,-0.152000
2017-04-10,-0.152000
2017-04-11,-0.157000
2017-04-12,-0.163000
2017-04-13,-0.163000
2017-04-14,-0.165000
2017-04-17,-0.169000
2017-04-18,-0.163000
2017-04-19,-0.177000
2017-04-20,-0.177000
2017-04-21,-0.173000
2017-04-24,-0.157000
2017-04-25,-0.158000
2017-04-26,-0.156000
2017-04-27,-0.148000
2017-04-28,-0.162000
2017-05-01,-0.163000
2017-05-02,-0.156000
2017-05-08,-0.146000
2017-05-09,-0.137000
2017-05-10,-0.126000
2017-05-11,-0.120000
2017-05-12,-0.120000
2017-05-15,-0.121000
2017-05-16,-0.117000
2017-05-17,-0.111000
2017-05-18,-0.107000
2017-05-19,-0.121000
2017-05-22,-0.119000
2017-05-23,-0.122000
2017-05-24,-0.115000
2017-05-25,-0.115000
2017-05-26,-0.123000
2017-05-29,-0.117000
2017-05-30,-0.120000
2017-05-31,-0.116000
2017-06-01,-0.116000
2017-06-02,-0.108000
2017-06-05,-0.105000
2017-06-06,-0.105000
2017-06-07,-0.089000
2017-06-08,-0.074000
2017-06-09,-0.080000
2017-06-12,-0.080000
2017-06-13,-0.074000
2017-06-14,-0.074000
2017-06-15,-0.080000
2017-06-16,-0.080000
2017-06-19,-0.080000
2017-06-20,-0.080000
2017-06-21,-0.074000
2017-06-22,-0.074000
2017-06-23,-0.080000
2017-06-26,-0.080000
2017-06-27,-0.094000
2017-06-28,-0.090000
2017-06-29,-0.084000
2017-06-30,-0.068000
2017-07-03,-0.074000
2017-07-04,-0.068000
2017-07-05,-0.058000
2017-07-06,-0.044000
2017-07-07,-0.042000
2017-07-10,-0.032000
2017-07-11,-0.038000
2017-07-12,-0.042000
2017-07-13,-0.049000
2017-07-14,-0.049000
2017-07-18,-0.053000
2017-07-19,-0.057000
2017-07-20,-0.057000
2017-07-21,-0.063000
2017-07-24,-0.067000
2017-07-25,-0.068000
2017-07-26,-0.058000
2017-07-27,-0.064000
2017-07-28,-0.064000
2017-07-31,-0.062000
2017-08-01,-0.062000
2017-08-02,-0.062000
2017-08-03,-0.068000
2017-08-04,-0.062000
2017-08-07,-0.058000
2017-08-08,-0.057000
2017-08-09,-0.065000
2017-08-10,-0.066000
2017-08-14,-0.072000
2017-08-15,-0.076000
2017-08-16,-0.076000
2017-08-17,-0.080000
2017-08-18,-0.096000
2017-08-21,-0.103000
2017-08-22,-0.098000
2017-08-23,-0.096000
2017-08-24,-0.117000
2017-08-25,-0.131000
2017-08-28,-0.132000
2017-08-29,-0.143000
2017-08-30,-0.138000
2017-08-31,-0.142000
2017-09-01,-0.146000
2017-09-04,-0.142000
2017-09-05,-0.135000
2017-09-06,-0.136000
2017-09-07,-0.139000
2017-09-08,-0.155000
2017-09-11,-0.140000
2017-09-12,-0.115000
2017-09-13,-0.119000
2017-09-14,-0.105000
2017-09-15,-0.125000
2017-09-19,-0.115000
2017-09-20,-0.109000
2017-09-21,-0.104000
2017-09-22,-0.116000
2017-09-25,-0.120000
2017-09-26,-0.114000
2017-09-27,-0.094000
2017-09-28,-0.068000
2017-09-29,-0.078000
2017-10-02,-0.068000
2017-10-03,-0.072000
2017-10-04,-0.099000
2017-10-05,-0.103000
2017-10-06,-0.099000
2017-10-10,-0.099000
2017-10-11,-0.093000
2017-10-12,-0.089000
2017-10-13,-0.089000
2017-10-16,-0.090000
2017-10-17,-0.084000
2017-10-18,-0.079000
2017-10-19,-0.087000
2017-10-20,-0.084000
2017-10-23,-0.083000
2017-10-24,-0.083000
2017-10-25,-0.083000
2017-10-26,-0.093000
2017-10-27,-0.091000
2017-10-30,-0.091000
2017-10-31,-0.097000
2017-11-01,-0.098000
2017-11-02,-0.097000
2017-11-06,-0.123000
2017-11-07,-0.131000
2017-11-08,-0.137000
2017-11-09,-0.126000
2017-11-10,-0.113000
2017-11-13,-0.100000
2017-11-14,-0.105000
2017-11-15,-0.109000
2017-11-16,-0.116000
2017-11-17,-0.121000
2017-11-20,-0.125000
2017-11-21,-0.131000
2017-11-22,-0.136000
2017-11-24,-0.132000
2017-11-27,-0.119000
2017-11-28,-0.119000
2017-11-29,-0.125000
2017-11-30,-0.115000
2017-12-01,-0.119000
2017-12-04,-0.110000
2017-12-05,-0.100000
2017-12-06,-0.106000
2017-12-07,-0.106000
2017-12-08,-0.113000
2017-12-11,-0.113000
2017-12-12,-0.115000
2017-12-13,-0.119000
2017-12-14,-0.115000
2017-12-15,-0.115000
2017-12-18,-0.119000
2017-12-19,-0.115000
2017-12-20,-0.105000
2017-12-21,-0.104000
2017-12-22,-0.108000
2017-12-25,-0.110000
2017-12-26,-0.104000
2017-12-27,-0.100000
2017-12-28,-0.100000
2017-12-29,-0.104000
2018-01-04,-0.099000
2018-01-05,-0.099000
2018-01-09,-0.093000
2018-01-10,-0.077000
2018-01-11,-0.083000
2018-01-12,-0.083000
2018-01-15,-0.079000
2018-01-16,-0.090000
2018-01-17,-0.078000
2018-01-18,-0.077000
2018-01-19,-0.083000
2018-01-22,-0.083000
2018-01-23,-0.087000
2018-01-24,-0.083000
2018-01-25,-0.078000
2018-01-26,-0.085000
2018-01-29,-0.079000
2018-01-30,-0.072000
2018-01-31,-0.082000
2018-02-01,-0.071000
2018-02-02,-0.078000
2018-02-05,-0.082000
2018-02-06,-0.086000
2018-02-07,-0.082000
2018-02-08,-0.080000
2018-02-09,-0.086000
2018-02-13,-0.086000
2018-02-14,-0.091000
2018-02-15,-0.097000
2018-02-16,-0.102000
2018-02-19,-0.097000
2018-02-20,-0.098000
2018-02-21,-0.102000
2018-02-22,-0.102000
2018-02-23,-0.107000
2018-02-26,-0.112000
2018-02-27,-0.118000
2018-02-28,-0.112000
2018-03-01,-0.112000
2018-03-02,-0.099000
2018-03-05,-0.127000
2018-03-06,-0.119000
2018-03-07,-0.117000
2018-03-08,-0.116000
2018-03-09,-0.115000
2018-03-12,-0.116000
2018-03-13,-0.109000
2018-03-14,-0.105000
2018-03-15,-0.105000
2018-03-16,-0.115000
2018-03-19,-0.115000
2018-03-20,-0.115000
2018-03-22,-0.119000
2018-03-23,-0.125000
2018-03-26,-0.124000
2018-03-27,-0.114000
2018-03-28,-0.114000
2018-03-29,-0.110000
2018-03-30,-0.108000
2018-04-02,-0.108000
2018-04-03,-0.125000
2018-04-04,-0.119000
2018-04-05,-0.115000
2018-04-06,-0.115000
2018-04-09,-0.119000
2018-04-10,-0.123000
2018-04-11,-0.123000
2018-04-12,-0.119000
2018-04-13,-0.113000
2018-04-16,-0.109000
2018-04-17,-0.113000
2018-04-18,-0.113000
2018-04-19,-0.107000
2018-04-20,-0.093000
2018-04-23,-0.093000
2018-04-24,-0.104000
2018-04-25,-0.097000
2018-04-26,-0.097000
2018-04-27,-0.102000
2018-05-01,-0.119000
2018-05-02,-0.109000
2018-05-07,-0.112000
2018-05-08,-0.108000
2018-05-09,-0.104000
2018-05-10,-0.104000
2018-05-11,-0.108000
2018-05-14,-0.104000
2018-05-15,-0.098000
2018-05-16,-0.098000
2018-05-17,-0.101000
2018-05-18,-0.101000
2018-05-21,-0.101000
2018-05-22,-0.105000
2018-05-23,-0.111000
2018-05-24,-0.111000
2018-05-25,-0.116000
2018-05-28,-0.117000
2018-05-29,-0.116000
2018-05-30,-0.119000
2018-05-31,-0.119000
2018-06-01,-0.108000
2018-06-04,-0.104000
2018-06-05,-0.098000
2018-06-06,-0.100000
2018-06-07,-0.097000
2018-06-08,-0.096000
2018-06-11,-0.098000
2018-06-12,-0.099000
2018-06-13,-0.103000
2018-06-14,-0.108000
2018-06-15,-0.108000
2018-06-18,-0.108000
2018-06-19,-0.113000
2018-06-20,-0.109000
2018-06-21,-0.108000
2018-06-22,-0.114000
2018-06-25,-0.115000
2018-06-26,-0.110000
2018-06-27,-0.110000
2018-06-28,-0.111000
2018-06-29,-0.112000
2018-07-02,-0.115000
2018-07-03,-0.115000
2018-07-04,-0.115000
2018-07-05,-0.120000
2018-07-06,-0.116000
2018-07-09,-0.115000
2018-07-10,-0.109000
2018-07-11,-0.109000
2018-07-12,-0.109000
2018-07-13,-0.109000
2018-07-17,-0.109000
2018-07-18,-0.103000
2018-07-19,-0.107000
2018-07-20,-0.107000
2018-07-23,-0.077000
2018-07-24,-0.086000
2018-07-25,-0.107000
2018-07-26,-0.097000
2018-07-27,-0.091000
2018-07-30,-0.086000
2018-07-31,-0.097000
2018-08-01,-0.046000
2018-08-02,-0.060000
2018-08-03,-0.074000
2018-08-06,-0.077000
2018-08-07,-0.075000
2018-08-08,-0.071000
2018-08-09,-0.064000
2018-08-10,-0.075000
2018-08-13,-0.082000
2018-08-14,-0.075000
2018-08-15,-0.082000
2018-08-16,-0.076000
2018-08-17,-0.085000
2018-08-20,-0.089000
2018-08-21,-0.086000
2018-08-22,-0.079000
2018-08-23,-0.079000
2018-08-24,-0.076000
2018-08-27,-0.074000
2018-08-28,-0.074000
2018-08-29,-0.074000
2018-08-30,-0.069000
2018-08-31,-0.073000
2018-09-03,-0.062000
2018-09-04,-0.062000
2018-09-05,-0.066000
2018-09-06,-0.069000
2018-09-07,-0.070000
2018-09-10,-0.064000
2018-09-11,-0.064000
2018-09-12,-0.064000
2018-09-13,-0.067000
2018-09-14,-0.064000
2018-09-18,-0.063000
2018-09-19,-0.057000
2018-09-20,-0.057000
2018-09-21,-0.053000
2018-09-25,-0.050000
2018-09-26,-0.056000
2018-09-27,-0.066000
2018-09-28,-0.065000
2018-10-01,-0.060000
2018-10-02,-0.060000
2018-10-03,-0.061000
2018-10-04,-0.050000
2018-10-05,-0.058000
2018-10-09,-0.055000
2018-10-10,-0.055000
2018-10-11,-0.058000
2018-10-12,-0.056000
2018-10-15,-0.059000
2018-10-16,-0.052000
2018-10-17,-0.053000
2018-10-18,-0.051000
2018-10-19,-0.055000
2018-10-22,-0.055000
2018-10-23,-0.056000
2018-10-24,-0.062000
2018-10-25,-0.076000
2018-10-26,-0.082000
2018-10-29,-0.086000
2018-10-30,-0.080000
2018-10-31,-0.080000
2018-11-01,-0.079000
2018-11-02,-0.077000
2018-11-05,-0.081000
2018-11-06,-0.077000
2018-11-07,-0.076000
2018-11-08,-0.082000
2018-11-09,-0.082000
2018-11-12,-0.081000
2018-11-13,-0.082000
2018-11-14,-0.087000
2018-11-15,-0.087000
2018-11-16,-0.090000
2018-11-19,-0.100000
2018-11-20,-0.096000
2018-11-21,-0.100000
2018-11-22,-0.100000
2018-11-26,-0.105000
2018-11-27,-0.101000
2018-11-28,-0.090000
2018-11-29,-0.105000
2018-11-30,-0.102000
2018-12-03,-0.106000
2018-12-04,-0.111000
2018-12-05,-0.111000
2018-12-06,-0.126000
2018-12-07,-0.124000
2018-12-10,-0.138000
2018-12-11,-0.131000
2018-12-12,-0.119000
2018-12-13,-0.117000
2018-12-14,-0.132000
2018-12-17,-0.139000
2018-12-18,-0.150000
2018-12-19,-0.146000
2018-12-20,-0.139000
2018-12-21,-0.124000
2018-12-25,-0.140000
2018-12-26,-0.126000
2018-12-27,-0.126000
2018-12-28,-0.152000
2019-01-04,-0.188000
2019-01-07,-0.173000
2019-01-08,-0.148000
2019-01-09,-0.142000
2019-01-10,-0.149000
2019-01-11,-0.150000
2019-01-15,-0.143000
2019-01-16,-0.154000
2019-01-17,-0.161000
2019-01-18,-0.159000
2019-01-21,-0.159000
2019-01-22,-0.159000
2019-01-23,-0.160000
2019-01-24,-0.156000
2019-01-25,-0.164000
2019-01-28,-0.164000
2019-01-29,-0.160000
2019-01-30,-0.160000
2019-01-31,-0.164000
2019-02-01,-0.179000
2019-02-04,-0.169000
2019-02-05,-0.164000
2019-02-06,-0.165000
2019-02-07,-0.157000
2019-02-08,-0.169000
2019-02-12,-0.157000
2019-02-13,-0.156000
2019-02-14,-0.166000
2019-02-15,-0.170000
2019-02-18,-0.176000
2019-02-19,-0.181000
2019-02-20,-0.181000
2019-02-21,-0.182000
2019-02-22,-0.182000
2019-02-25,-0.176000
2019-02-26,-0.171000
2019-02-27,-0.165000
2019-02-28,-0.158000
2019-03-01,-0.154000
2019-03-04,-0.149000
2019-03-05,-0.144000
2019-03-06,-0.151000
2019-03-07,-0.151000
2019-03-08,-0.154000
2019-03-11,-0.158000
2019-03-12,-0.160000
2019-03-13,-0.170000
2019-03-14,-0.170000
2019-03-15,-0.171000
2019-03-18,-0.171000
2019-03-19,-0.171000
2019-03-20,-0.170000
2019-03-22,-0.188000
2019-03-25,-0.194000
2019-03-26,-0.177000
2019-03-27,-0.178000
2019-03-28,-0.199000
2019-03-29,-0.202000
2019-04-01,-0.193000
2019-04-02,-0.172000
2019-04-03,-0.172000
2019-04-04,-0.166000
2019-04-05,-0.158000
2019-04-08,-0.170000
2019-04-09,-0.170000
2019-04-10,-0.176000
2019-04-11,-0.176000
2019-04-12,-0.174000
2019-04-15,-0.162000
2019-04-16,-0.150000
2019-04-17,-0.138000
2019-04-18,-0.154000
2019-04-19,-0.155000
2019-04-22,-0.155000
2019-04-23,-0.155000
2019-04-24,-0.159000
2019-04-25,-0.160000
2019-04-26,-0.170000
2019-05-07,-0.169000
2019-05-08,-0.169000
2019-05-09,-0.164000
2019-05-10,-0.170000
2019-05-13,-0.164000
2019-05-14,-0.164000
2019-05-15,-0.165000
2019-05-16,-0.175000
2019-05-17,-0.169000
2019-05-20,-0.164000
2019-05-21,-0.165000
2019-05-22,-0.164000
2019-05-23,-0.171000
2019-05-24,-0.174000
2019-05-27,-0.174000
2019-05-28,-0.179000
2019-05-29,-0.196000
2019-05-30,-0.186000
2019-05-31,-0.201000
2019-06-03,-0.201000
2019-06-04,-0.211000
2019-06-05,-0.250000
2019-06-06,-0.240000
2019-06-07,-0.229000
2019-06-10,-0.234000
2019-06-11,-0.221000
2019-06-12,-0.226000
2019-06-13,-0.231000
2019-06-14,-0.235000
2019-06-17,-0.229000
2019-06-18,-0.230000
2019-06-19,-0.240000
2019-06-20,-0.266000
2019-06-21,-0.277000
2019-06-24,-0.268000
2019-06-25,-0.266000
2019-06-26,-0.261000
2019-06-27,-0.253000
2019-06-28,-0.262000
2019-07-01,-0.252000
2019-07-02,-0.244000
2019-07-03,-0.263000
2019-07-04,-0.260000
2019-07-05,-0.260000
2019-07-08,-0.242000
2019-07-09,-0.232000
2019-07-10,-0.216000
2019-07-11,-0.226000
2019-07-12,-0.210000
2019-07-16,-0.215000
2019-07-17,-0.215000
2019-07-18,-0.231000
2019-07-19,-0.236000
2019-07-22,-0.236000
2019-07-23,-0.241000
2019-07-24,-0.237000
2019-07-25,-0.241000
2019-07-26,-0.241000
2019-07-29,-0.235000
2019-07-30,-0.246000
2019-07-31,-0.247000
2019-08-01,-0.227000
2019-08-02,-0.258000
2019-08-05,-0.284000
2019-08-06,-0.279000
2019-08-07,-0.294000
2019-08-08,-0.289000
2019-08-09,-0.309000
2019-08-13,-0.326000
2019-08-14,-0.311000
2019-08-15,-0.326000
2019-08-16,-0.326000
2019-08-19,-0.330000
2019-08-20,-0.340000
2019-08-21,-0.346000
2019-08-22,-0.345000
2019-08-23,-0.335000
2019-08-26,-0.366000
2019-08-27,-0.350000
2019-08-28,-0.351000
2019-08-29,-0.368000
2019-08-30,-0.362000
2019-09-02,-0.360000
2019-09-03,-0.352000
2019-09-04,-0.361000
2019-09-05,-0.348000
2019-09-06,-0.347000
2019-09-09,-0.354000
2019-09-10,-0.324000
2019-09-11,-0.302000
2019-09-12,-0.312000
2019-09-13,-0.264000
2019-09-17,-0.265000
2019-09-18,-0.296000
2019-09-19,-0.342000
2019-09-20,-0.345000
2019-09-24,-0.365000
2019-09-25,-0.389000
2019-09-26,-0.377000
2019-09-27,-0.368000
2019-09-30,-0.363000
2019-10-01,-0.299000
2019-10-02,-0.333000
2019-10-03,-0.360000
2019-10-04,-0.376000
2019-10-07,-0.385000
2019-10-08,-0.364000
2019-10-09,-0.365000
2019-10-10,-0.354000
2019-10-11,-0.319000
2019-10-15,-0.304000
2019-10-16,-0.291000
2019-10-17,-0.281000
2019-10-18,-0.271000
2019-10-21,-0.272000
2019-10-23,-0.276000
2019-10-24,-0.283000
2019-10-25,-0.271000
2019-10-28,-0.258000
2019-10-29,-0.242000
2019-10-30,-0.247000
2019-10-31,-0.267000
2019-11-01,-0.313000
2019-11-05,-0.271000
2019-11-06,-0.217000
2019-11-07,-0.212000
2019-11-08,-0.185000
2019-11-11,-0.196000
2019-11-12,-0.165000
2019-11-13,-0.181000
2019-11-14,-0.196000
2019-11-15,-0.188000
2019-11-18,-0.200000
2019-11-19,-0.212000
2019-11-20,-0.222000
2019-11-21,-0.212000
2019-11-22,-0.192000
2019-11-25,-0.196000
2019-11-26,-0.201000
2019-11-27,-0.219000
2019-11-28,-0.193000
2019-11-29,-0.187000
2019-12-02,-0.159000
2019-12-03,-0.135000
2019-12-04,-0.151000
2019-12-05,-0.158000
2019-12-06,-0.121000
2019-12-09,-0.105000
2019-12-10,-0.111000
2019-12-11,-0.100000
2019-12-12,-0.128000
2019-12-13,-0.131000
2019-12-16,-0.131000
2019-12-17,-0.110000
2019-12-18,-0.110000
2019-12-19,-0.097000
2019-12-20,-0.080000
2019-12-23,-0.084000
2019-12-24,-0.091000
2019-12-25,-0.111000
2019-12-26,-0.120000
2019-12-27,-0.120000
2019-12-30,-0.130000
2020-01-06,-0.140000
2020-01-07,-0.115000
2020-01-08,-0.117000
2020-01-09,-0.116000
2020-01-10,-0.109000
2020-01-14,-0.087000
2020-01-15,-0.090000
2020-01-16,-0.094000
2020-01-17,-0.104000
2020-01-20,-0.098000
2020-01-21,-0.109000
2020-01-22,-0.109000
2020-01-23,-0.125000
2020-01-24,-0.125000
2020-01-27,-0.144000
2020-01-28,-0.134000
2020-01-29,-0.134000
2020-01-30,-0.154000
2020-01-31,-0.167000
2020-02-03,-0.175000
2020-02-04,-0.159000
2020-02-05,-0.145000
2020-02-06,-0.125000
2020-02-07,-0.141000
2020-02-10,-0.156000
2020-02-12,-0.142000
2020-02-13,-0.136000
2020-02-14,-0.132000
2020-02-17,-0.137000
2020-02-18,-0.152000
2020-02-19,-0.152000
2020-02-20,-0.148000
2020-02-21,-0.167000
2020-02-25,-0.218000
2020-02-26,-0.204000
2020-02-27,-0.219000
2020-02-28,-0.268000
2020-03-02,-0.257000
2020-03-03,-0.239000
2020-03-04,-0.273000
2020-03-05,-0.239000
2020-03-06,-0.281000
2020-03-09,-0.315000
2020-03-10,-0.216000
2020-03-11,-0.227000
2020-03-12,-0.208000
2020-03-13,-0.134000
2020-03-16,-0.110000
2020-03-17,-0.108000
2020-03-18,-0.075000
2020-03-19,-0.049000
2020-03-23,-0.069000
2020-03-24,-0.110000
2020-03-25,-0.099000
2020-03-26,-0.111000
2020-03-27,-0.101000
2020-03-30,-0.123000
2020-03-31,-0.115000
2020-04-01,-0.125000
2020-04-02,-0.129000
2020-04-03,-0.122000
2020-04-06,-0.102000
2020-04-07,-0.104000
2020-04-08,-0.099000
2020-04-09,-0.104000
2020-04-10,-0.130000
2020-04-13,-0.124000
2020-04-14,-0.111000
2020-04-15,-0.101000
2020-04-16,-0.115000
2020-04-17,-0.105000
2020-04-20,-0.100000
2020-04-21,-0.099000
2020-04-22,-0.122000
2020-04-23,-0.129000
2020-04-24,-0.154000
2020-04-27,-0.164000
2020-04-28,-0.170000
2020-04-30,-0.160000
2020-05-01,-0.144000
2020-05-07,-0.124000
2020-05-08,-0.133000
2020-05-11,-0.117000
2020-05-12,-0.121000
2020-05-13,-0.117000
2020-05-14,-0.118000
2020-05-15,-0.118000
2020-05-18,-0.136000
2020-05-19,-0.123000
2020-05-20,-0.123000
2020-05-21,-0.133000
2020-05-22,-0.143000
2020-05-25,-0.131000
2020-05-26,-0.131000
2020-05-27,-0.128000
2020-05-28,-0.133000
2020-05-29,-0.128000
2020-06-01,-0.131000
2020-06-02,-0.131000
2020-06-03,-0.120000
2020-06-04,-0.104000
2020-06-05,-0.083000
2020-06-08,-0.084000
2020-06-09,-0.105000
2020-06-10,-0.097000
2020-06-11,-0.112000
2020-06-12,-0.106000
2020-06-15,-0.118000
2020-06-16,-0.105000
2020-06-17,-0.107000
2020-06-18,-0.111000
2020-06-19,-0.107000
2020-06-22,-0.110000
2020-06-23,-0.110000
2020-06-24,-0.103000
2020-06-25,-0.102000
2020-06-26,-0.106000
2020-06-29,-0.107000
2020-06-30,-0.102000
2020-07-01,-0.091000
2020-07-02,-0.088000
2020-07-03,-0.099000
2020-07-06,-0.088000
2020-07-07,-0.090000
2020-07-08,-0.095000
2020-07-09,-0.109000
2020-07-10,-0.113000
2020-07-13,-0.103000
2020-07-14,-0.110000
2020-07-15,-0.110000
2020-07-16,-0.123000
2020-07-17,-0.124000
2020-07-20,-0.118000
2020-07-21,-0.124000
2020-07-22,-0.125000
2020-07-27,-0.119000
2020-07-28,-0.113000
2020-07-29,-0.113000
2020-07-30,-0.117000
2020-07-31,-0.129000
2020-08-03,-0.112000
2020-08-04,-0.120000
2020-08-05,-0.117000
2020-08-06,-0.107000
2020-08-07,-0.106000
2020-08-11,-0.093000
2020-08-12,-0.083000
2020-08-13,-0.082000
2020-08-14,-0.071000
2020-08-17,-0.076000
2020-08-18,-0.086000
2020-08-19,-0.086000
2020-08-20,-0.087000
2020-08-21,-0.080000
2020-08-24,-0.091000
2020-08-25,-0.086000
2020-08-26,-0.079000
2020-08-27,-0.083000
2020-08-28,-0.067000
2020-08-31,-0.072000
2020-09-01,-0.076000
2020-09-02,-0.077000
2020-09-03,-0.086000
2020-09-04,-0.081000
2020-09-07,-0.078000
2020-09-08,-0.085000
2020-09-09,-0.091000
2020-09-10,-0.090000
2020-09-11,-0.094000
2020-09-14,-0.100000
2020-09-15,-0.102000
2020-09-16,-0.105000
2020-09-17,-0.109000
2020-09-18,-0.116000
2020-09-23,-0.123000
2020-09-24,-0.118000
2020-09-25,-0.118000
2020-09-28,-0.101000
2020-09-29,-0.109000
2020-09-30,-0.110000
2020-10-01,-0.109000
2020-10-02,-0.114000
2020-10-05,-0.108000
2020-10-06,-0.095000
2020-10-07,-0.094000
2020-10-08,-0.105000
2020-10-09,-0.099000
2020-10-12,-0.103000
2020-10-13,-0.109000
2020-10-14,-0.103000
2020-10-15,-0.113000
2020-10-16,-0.113000
2020-10-19,-0.113000
2020-10-20,-0.113000
2020-10-21,-0.103000
2020-10-22,-0.103000
2020-10-23,-0.097000
2020-10-26,-0.097000
2020-10-27,-0.098000
2020-10-28,-0.108000
2020-10-29,-0.108000
2020-10-30,-0.098000
2020-11-02,-0.092000
2020-11-04,-0.098000
2020-11-05,-0.113000
2020-11-06,-0.118000
2020-11-09,-0.117000
2020-11-10,-0.103000
2020-11-11,-0.092000
2020-11-12,-0.103000
2020-11-13,-0.110000
2020-11-16,-0.117000
2020-11-17,-0.111000
2020-11-18,-0.118000
2020-11-19,-0.117000
2020-11-20,-0.127000
2020-11-24,-0.113000
2020-11-25,-0.113000
2020-11-26,-0.111000
2020-11-27,-0.105000
2020-11-30,-0.101000
2020-12-01,-0.105000
2020-12-02,-0.099000
2020-12-03,-0.100000
2020-12-04,-0.105000
2020-12-07,-0.105000
2020-12-08,-0.114000
2020-12-09,-0.111000
2020-12-10,-0.116000
2020-12-11,-0.125000
2020-12-14,-0.125000
2020-12-15,-0.127000
2020-12-16,-0.114000
2020-12-17,-0.115000
2020-12-18,-0.124000
2020-12-21,-0.120000
2020-12-22,-0.119000
2020-12-23,-0.123000
2020-12-24,-0.112000
2020-12-25,-0.109000
2020-12-28,-0.109000
2020-12-29,-0.109000
2020-12-30,-0.102000
2021-01-04,-0.102000
2021-01-05,-0.113000
2021-01-06,-0.104000
2021-01-07,-0.098000
2021-01-08,-0.106000
2021-01-12,-0.111000
2021-01-13,-0.109000
2021-01-14,-0.103000
2021-01-15,-0.104000
2021-01-18,-0.098000
2021-01-19,-0.108000
2021-01-20,-0.114000
2021-01-21,-0.118000
2021-01-22,-0.114000
2021-01-25,-0.118000
2021-01-26,-0.119000
2021-01-27,-0.113000
2021-01-28,-0.113000
2021-01-29,-0.113000
2021-02-01,-0.108000
2021-02-02,-0.102000
2021-02-03,-0.106000
2021-02-04,-0.106000
2021-02-05,-0.106000
2021-02-08,-0.096000
2021-02-09,-0.095000
2021-02-10,-0.092000
2021-02-12,-0.110000
2021-02-15,-0.100000
2021-02-16,-0.097000
2021-02-17,-0.077000
2021-02-18,-0.081000
2021-02-19,-0.076000
2021-02-22,-0.064000
2021-02-24,-0.064000
2021-02-25,-0.048000
2021-02-26,-0.047000
2021-03-01,-0.057000
2021-03-02,-0.073000
2021-03-03,-0.069000
2021-03-04,-0.062000
2021-03-05,-0.088000
2021-03-08,-0.071000
2021-03-09,-0.061000
2021-03-10,-0.065000
2021-03-11,-0.076000
2021-03-12,-0.075000
2021-03-15,-0.082000
2021-03-16,-0.094000
2021-03-17,-0.090000
2021-03-18,-0.089000
2021-03-19,-0.079000
2021-03-22,-0.092000
2021-03-23,-0.086000
2021-03-24,-0.097000
2021-03-25,-0.093000
2021-03-26,-0.096000
2021-03-29,-0.097000
2021-03-30,-0.089000
2021-03-31,-0.083000
2021-04-01,-0.072000
2021-04-02,-0.072000
2021-04-05,-0.075000
2021-04-06,-0.080000
2021-04-07,-0.087000
2021-04-08,-0.099000
2021-04-09,-0.092000
2021-04-12,-0.092000
2021-04-13,-0.098000
2021-04-14,-0.102000
2021-04-15,-0.098000
2021-04-16,-0.102000
2021-04-19,-0.095000
2021-04-20,-0.095000
2021-04-21,-0.102000
2021-04-22,-0.106000
2021-04-23,-0.106000
2021-04-26,-0.102000
2021-04-27,-0.102000
2021-04-28,-0.092000
2021-04-30,-0.092000
2021-05-06,-0.091000
2021-05-07,-0.095000
2021-05-10,-0.091000
2021-05-11,-0.095000
2021-05-12,-0.089000
2021-05-13,-0.085000
2021-05-14,-0.096000
2021-05-17,-0.096000
2021-05-18,-0.096000
2021-05-19,-0.096000
2021-05-20,-0.089000
2021-05-21,-0.089000
2021-05-24,-0.094000
2021-05-25,-0.094000
2021-05-26,-0.094000
2021-05-27,-0.100000
2021-05-28,-0.089000
2021-05-31,-0.093000
2021-06-01,-0.092000
2021-06-02,-0.092000
2021-06-03,-0.092000
2021-06-04,-0.092000
2021-06-07,-0.092000
2021-06-08,-0.097000
2021-06-09,-0.098000
2021-06-10,-0.110000
2021-06-11,-0.115000
2021-06-14,-0.111000
2021-06-15,-0.108000
2021-06-16,-0.102000
2021-06-17,-0.095000
2021-06-18,-0.099000
2021-06-21,-0.104000
2021-06-22,-0.096000
2021-06-23,-0.095000
2021-06-24,-0.092000
2021-06-25,-0.100000
2021-06-28,-0.092000
2021-06-29,-0.092000
2021-06-30,-0.098000
2021-07-01,-0.107000
2021-07-02,-0.107000
2021-07-05,-0.114000
2021-07-06,-0.105000
2021-07-07,-0.109000
2021-07-08,-0.119000
2021-07-09,-0.119000
2021-07-12,-0.119000
2021-07-13,-0.120000
2021-07-14,-0.123000
2021-07-15,-0.127000
2021-07-16,-0.123000
2021-07-19,-0.128000
2021-07-20,-0.134000
2021-07-21,-0.134000
2021-07-26,-0.134000
2021-07-27,-0.128000
2021-07-28,-0.128000
2021-07-29,-0.128000
2021-07-30,-0.123000
2021-08-02,-0.123000
2021-08-03,-0.129000
2021-08-04,-0.133000
2021-08-05,-0.133000
2021-08-06,-0.128000
2021-08-10,-0.123000
2021-08-11,-0.118000
2021-08-12,-0.123000
2021-08-13,-0.124000
2021-08-16,-0.128000
2021-08-17,-0.134000
2021-08-18,-0.134000
2021-08-19,-0.128000
2021-08-20,-0.129000
2021-08-23,-0.124000
2021-08-24,-0.118000
2021-08-25,-0.119000
2021-08-26,-0.117000
2021-08-27,-0.115000
2021-08-30,-0.118000
2021-08-31,-0.118000
2021-09-01,-0.107000
2021-09-02,-0.107000
2021-09-03,-0.104000
2021-09-06,-0.097000
2021-09-07,-0.097000
2021-09-08,-0.096000
2021-09-09,-0.100000
2021-09-10,-0.101000
2021-09-13,-0.101000
2021-09-14,-0.101000
2021-09-15,-0.108000
2021-09-16,-0.100000
2021-09-17,-0.095000
2021-09-21,-0.102000
2021-09-22,-0.108000
2021-09-24,-0.091000
2021-09-27,-0.091000
2021-09-28,-0.081000
2021-09-29,-0.080000
2021-09-30,-0.079000
2021-10-01,-0.095000
2021-10-04,-0.096000
2021-10-05,-0.090000
2021-10-06,-0.079000
2021-10-07,-0.083000
2021-10-08,-0.079000
2021-10-11,-0.076000
2021-10-12,-0.073000
2021-10-13,-0.073000
2021-10-14,-0.079000
2021-10-15,-0.083000
2021-10-18,-0.072000
2021-10-19,-0.073000
2021-10-20,-0.073000
2021-10-21,-0.073000
2021-10-22,-0.067000
2021-10-25,-0.068000
2021-10-26,-0.057000
2021-10-27,-0.063000
2021-10-28,-0.074000
2021-10-29,-0.073000
2021-11-01,-0.077000
2021-11-02,-0.084000
2021-11-04,-0.084000
2021-11-05,-0.098000
2021-11-08,-0.099000
2021-11-09,-0.092000
2021-11-10,-0.092000
2021-11-11,-0.087000
2021-11-12,-0.079000
2021-11-15,-0.083000
2021-11-16,-0.079000
2021-11-17,-0.082000
2021-11-18,-0.072000
2021-11-19,-0.078000
2021-11-22,-0.087000
2021-11-24,-0.082000
2021-11-25,-0.071000
2021-11-26,-0.081000
2021-11-29,-0.081000
2021-11-30,-0.093000
2021-12-01,-0.086000
2021-12-02,-0.093000
2021-12-03,-0.099000
2021-12-06,-0.104000
2021-12-07,-0.094000
2021-12-08,-0.094000
2021-12-09,-0.087000
2021-12-10,-0.087000
2021-12-13,-0.093000
2021-12-14,-0.099000
2021-12-15,-0.100000
2021-12-16,-0.102000
2021-12-17,-0.101000
2021-12-20,-0.109000
2021-12-21,-0.100000
2021-12-22,-0.090000
2021-12-23,-0.090000
2021-12-24,-0.088000
2021-12-27,-0.084000
2021-12-28,-0.084000
2021-12-29,-0.084000
2021-12-30,-0.075000
2022-01-04,-0.067000
2022-01-05,-0.067000
2022-01-06,-0.049000
2022-01-07,-0.037000
2022-01-11,-0.023000
2022-01-12,-0.043000
2022-01-13,-0.038000
2022-01-14,-0.016000
2022-01-17,-0.022000
2022-01-18,-0.022000
2022-01-19,-0.038000
2022-01-20,-0.027000
2022-01-21,-0.032000
2022-01-24,-0.028000
2022-01-25,-0.028000
2022-01-26,-0.022000
2022-01-27,-0.012000
2022-01-28,-0.017000
2022-01-31,-0.017000
2022-02-01,0.000000
2022-02-02,-0.006000
2022-02-03,-0.006000
2022-02-04,0.008000
2022-02-07,0.008000
2022-02-08,0.019000
2022-02-09,0.019000
2022-02-10,0.035000
2022-02-14,0.039000
2022-02-15,0.044000
2022-02-16,0.055000
2022-02-17,0.061000
2022-02-18,0.054000
2022-02-21,0.044000
2022-02-22,0.025000
2022-02-24,0.025000
2022-02-25,0.035000
2022-02-28,0.012000
2022-03-01,0.010000
2022-03-02,-0.022000
2022-03-03,0.003000
2022-03-04,0.003000
2022-03-07,-0.012000
2022-03-08,-0.008000
2022-03-09,-0.001000
2022-03-10,0.020000
2022-03-11,0.019000
2022-03-14,0.030000
2022-03-15,0.040000
2022-03-16,0.034000
2022-03-17,0.033000
2022-03-18,0.040000
2022-03-22,0.049000
2022-03-23,0.050000
2022-03-24,0.055000
2022-03-25,0.056000
2022-03-28,0.067000
2022-03-29,0.076000
2022-03-30,0.050000
2022-03-31,0.036000
2022-04-01,0.026000
2022-04-04,0.022000
2022-04-05,0.027000
2022-04-06,0.047000
2022-04-07,0.041000
2022-04-08,0.024000
2022-04-11,0.036000
2022-04-12,0.028000
2022-04-13,0.034000
2022-04-14,0.028000
2022-04-15,0.029000
2022-04-18,0.029000
2022-04-19,0.030000
2022-04-20,0.037000
2022-04-21,0.021000
2022-04-22,0.021000
2022-04-25,0.017000
2022-04-26,0.016000
2022-04-27,0.017000
2022-04-28,0.005000
2022-05-02,0.017000
2022-05-06,0.024000
2022-05-09,0.023000
2022-05-10,0.023000
2022-05-11,0.023000
2022-05-12,0.018000
2022-05-13,0.012000
2022-05-16,0.019000
2022-05-17,0.019000
2022-05-18,0.022000
2022-05-19,0.022000
2022-05-20,0.018000
2022-05-23,0.019000
2022-05-24,0.008000
2022-05-25,-0.008000
2022-05-26,0.008000
2022-05-27,0.004000
2022-05-30,0.008000
2022-05-31,0.010000
2022-06-01,-0.001000
2022-06-02,0.006000
2022-06-03,-0.001000
2022-06-06,0.006000
2022-06-07,0.009000
2022-06-08,0.003000
2022-06-09,0.003000
2022-06-10,0.007000
2022-06-13,0.047000
2022-06-14,0.092000
2022-06-15,0.087000
2022-06-16,0.046000
2022-06-17,0.062000
2022-06-20,0.082000
2022-06-21,0.096000
2022-06-22,0.087000
2022-06-23,0.066000
2022-06-24,0.049000
2022-06-27,0.061000
2022-06-28,0.068000
2022-06-29,0.056000
2022-06-30,0.042000
2022-07-01,0.026000
2022-07-04,0.031000
2022-07-05,0.031000
2022-07-06,0.025000
2022-07-07,0.024000
2022-07-08,0.035000
2022-07-11,0.045000
2022-07-12,0.039000
2022-07-13,0.025000
2022-07-14,0.036000
2022-07-15,0.032000
2022-07-19,0.026000
2022-07-20,0.030000
2022-07-21,0.020000
2022-07-22,0.010000
2022-07-25,0.002000
2022-07-26,0.002000
2022-07-27,0.002000
2022-07-28,-0.008000
2022-07-29,-0.025000
2022-08-01,-0.018000
2022-08-02,-0.024000
2022-08-03,-0.013000
2022-08-04,-0.024000
2022-08-05,-0.033000
2022-08-08,-0.028000
2022-08-09,-0.033000
2022-08-10,-0.008000
2022-08-12,-0.003000
2022-08-15,0.003000
2022-08-16,-0.007000
2022-08-17,-0.003000
2022-08-18,0.008000
2022-08-19,0.005000
2022-08-22,0.022000
2022-08-23,0.016000
2022-08-24,0.028000
2022-08-25,0.035000
2022-08-26,0.023000
2022-08-29,0.041000
2022-08-30,0.019000
2022-08-31,0.019000
2022-09-01,0.030000
2022-09-02,0.038000
2022-09-05,0.026000
2022-09-06,0.037000
2022-09-07,0.043000
2022-09-08,0.046000
2022-09-09,0.063000
2022-09-12,0.067000
2022-09-13,0.047000
2022-09-14,0.059000
2022-09-15,0.063000
2022-09-16,0.069000
2022-09-20,0.069000
2022-09-21,0.085000
2022-09-22,0.064000
2022-09-26,0.092000
2022-09-27,0.114000
2022-09-28,0.100000
2022-09-29,0.095000
2022-09-30,0.088000
2022-10-03,0.072000
2022-10-04,0.056000
2022-10-05,0.056000
2022-10-06,0.056000
2022-10-07,0.066000
2022-10-11,0.082000
2022-10-12,0.080000
2022-10-13,0.090000
2022-10-14,0.086000
2022-10-17,0.097000
2022-10-18,0.097000
2022-10-19,0.112000
2022-10-20,0.132000
2022-10-21,0.142000
2022-10-24,0.143000
2022-10-25,0.123000
2022-10-26,0.098000
2022-10-27,0.070000
2022-10-28,0.077000
2022-10-31,0.082000
2022-11-01,0.078000
2022-11-02,0.082000
2022-11-04,0.094000
2022-11-07,0.094000
2022-11-08,0.095000
2022-11-09,0.080000
2022-11-10,0.075000
2022-11-11,0.054000
2022-11-14,0.068000
2022-11-15,0.074000
2022-11-16,0.075000
2022-11-17,0.077000
2022-11-18,0.091000
2022-11-21,0.091000
2022-11-22,0.086000
2022-11-24,0.080000
2022-11-25,0.104000
2022-11-28,0.104000
2022-11-29,0.120000
2022-11-30,0.120000
2022-12-01,0.109000
2022-12-02,0.116000
2022-12-05,0.126000
2022-12-06,0.140000
2022-12-07,0.133000
2022-12-08,0.134000
2022-12-09,0.126000
2022-12-12,0.135000
2022-12-13,0.136000
2022-12-14,0.131000
2022-12-15,0.139000
2022-12-16,0.139000
2022-12-19,0.154000
2022-12-20,0.195000
2022-12-21,0.261000
2022-12-22,0.235000
2022-12-23,0.217000
2022-12-26,0.257000
2022-12-27,0.262000
2022-12-28,0.262000
2022-12-29,0.262000
2022-12-30,0.253000
2023-01-04,0.246000
2023-01-05,0.234000
2023-01-06,0.230000
2023-01-10,0.258000
2023-01-11,0.262000
2023-01-12,0.302000
2023-01-13,0.328000
2023-01-16,0.319000
2023-01-17,0.329000
2023-01-18,0.238000
2023-01-19,0.223000
2023-01-20,0.198000
2023-01-23,0.168000
2023-01-24,0.185000
2023-01-25,0.189000
2023-01-26,0.189000
2023-01-27,0.200000
2023-01-30,0.187000
2023-01-31,0.198000
2023-02-01,0.192000
2023-02-02,0.192000
2023-02-03,0.167000
2023-02-06,0.179000
2023-02-07,0.190000
2023-02-08,0.200000
2023-02-09,0.214000
2023-02-10,0.215000
2023-02-13,0.202000
2023-02-14,0.208000
2023-02-15,0.208000
2023-02-16,0.226000
2023-02-17,0.227000
2023-02-20,0.235000
2023-02-21,0.255000
2023-02-22,0.261000
2023-02-24,0.238000
2023-02-27,0.245000
2023-02-28,0.229000
2023-03-01,0.219000
2023-03-02,0.216000
2023-03-03,0.213000
2023-03-06,0.229000
2023-03-07,0.219000
2023-03-08,0.224000
2023-03-09,0.247000
2023-03-10,0.212000
2023-03-13,0.192000
2023-03-14,0.135000
2023-03-15,0.145000
2023-03-16,0.121000
2023-03-17,0.116000
2023-03-20,0.071000
2023-03-22,0.114000
2023-03-23,0.092000
2023-03-24,0.077000
2023-03-27,0.084000
2023-03-28,0.094000
2023-03-29,0.091000
2023-03-30,0.101000
2023-03-31,0.104000
2023-04-03,0.138000
2023-04-04,0.170000
2023-04-05,0.178000
2023-04-06,0.168000
2023-04-07,0.168000
2023-04-10,0.174000
2023-04-11,0.155000
2023-04-12,0.159000
2023-04-13,0.159000
2023-04-14,0.156000
2023-04-17,0.170000
2023-04-18,0.170000
2023-04-19,0.170000
2023-04-20,0.170000
2023-04-21,0.162000
2023-04-24,0.163000
2023-04-25,0.168000
2023-04-26,0.153000
2023-04-27,0.153000
2023-04-28,0.109000
2023-05-01,0.113000
2023-05-02,0.130000
2023-05-08,0.124000
2023-05-09,0.135000
2023-05-10,0.125000
2023-05-11,0.115000
2023-05-12,0.110000
2023-05-15,0.127000
2023-05-16,0.116000
2023-05-17,0.100000
2023-05-18,0.106000
2023-05-19,0.112000
2023-05-22,0.103000
2023-05-23,0.107000
2023-05-24,0.112000
2023-05-25,0.130000
2023-05-26,0.115000
2023-05-29,0.112000
2023-05-30,0.112000
2023-05-31,0.097000
2023-06-01,0.093000
2023-06-02,0.088000
2023-06-05,0.107000
2023-06-06,0.098000
2023-06-07,0.092000
2023-06-08,0.102000
2023-06-09,0.098000
2023-06-12,0.094000
2023-06-13,0.086000
2023-06-14,0.097000
2023-06-15,0.103000
2023-06-16,0.093000
2023-06-19,0.093000
2023-06-20,0.092000
2023-06-21,0.087000
2023-06-22,0.085000
2023-06-23,0.073000
2023-06-26,0.066000
2023-06-27,0.075000
2023-06-28,0.089000
2023-06-29,0.085000
2023-06-30,0.080000
2023-07-03,0.084000
2023-07-04,0.078000
2023-07-05,0.072000
2023-07-06,0.089000
2023-07-07,0.123000
2023-07-10,0.157000
2023-07-11,0.122000
2023-07-12,0.143000
2023-07-13,0.132000
2023-07-14,0.133000
2023-07-18,0.139000
2023-07-19,0.118000
2023-07-20,0.114000
2023-07-21,0.128000
2023-07-24,0.108000
2023-07-25,0.109000
2023-07-26,0.100000
2023-07-27,0.100000
2023-07-28,0.162000
2023-07-31,0.190000
2023-08-01,0.182000
2023-08-02,0.200000
2023-08-03,0.225000
2023-08-04,0.226000
2023-08-07,0.216000
2023-08-08,0.205000
2023-08-09,0.184000
2023-08-10,0.199000
2023-08-14,0.218000
2023-08-15,0.223000
2023-08-16,0.223000
2023-08-17,0.239000
2023-08-18,0.227000
2023-08-21,0.242000
2023-08-22,0.252000
2023-08-23,0.259000
2023-08-24,0.237000
2023-08-25,0.248000
2023-08-28,0.248000
2023-08-29,0.241000
2023-08-30,0.247000
2023-08-31,0.238000
2023-09-01,0.222000
2023-09-04,0.235000
2023-09-05,0.243000
2023-09-06,0.243000
2023-09-07,0.239000
2023-09-08,0.234000
2023-09-11,0.300000
2023-09-12,0.297000
2023-09-13,0.297000
2023-09-14,0.296000
2023-09-15,0.290000
2023-09-19,0.301000
2023-09-20,0.301000
2023-09-21,0.332000
2023-09-22,0.324000
2023-09-25,0.318000
2023-09-26,0.317000
2023-09-27,0.313000
2023-09-28,0.331000
2023-09-29,0.341000
2023-10-02,0.359000
2023-10-03,0.351000
2023-10-04,0.371000
2023-10-05,0.355000
2023-10-06,0.358000
2023-10-10,0.333000
2023-10-11,0.335000
2023-10-12,0.315000
2023-10-13,0.322000
2023-10-16,0.316000
2023-10-17,0.326000
2023-10-18,0.351000
2023-10-19,0.372000
2023-10-20,0.366000
2023-10-23,0.378000
2023-10-24,0.364000
2023-10-25,0.364000
2023-10-26,0.394000
2023-10-27,0.386000
2023-10-30,0.410000
2023-10-31,0.475000
2023-11-01,0.489000
2023-11-02,0.460000
2023-11-06,0.432000
2023-11-07,0.441000
2023-11-08,0.423000
2023-11-09,0.413000
2023-11-10,0.427000
2023-11-13,0.440000
2023-11-14,0.414000
2023-11-15,0.369000
2023-11-16,0.370000
2023-11-17,0.330000
2023-11-20,0.320000
2023-11-21,0.284000
2023-11-22,0.324000
2023-11-24,0.367000
2023-11-27,0.361000
2023-11-28,0.338000
2023-11-29,0.276000
2023-11-30,0.271000
2023-12-01,0.281000
2023-12-04,0.271000
2023-12-05,0.271000
2023-12-06,0.260000
2023-12-07,0.356000
2023-12-08,0.372000
2023-12-11,0.373000
2023-12-12,0.330000
2023-12-13,0.284000
2023-12-14,0.293000
2023-12-15,0.327000
2023-12-18,0.297000
2023-12-19,0.283000
2023-12-20,0.214000
2023-12-21,0.241000
2023-12-22,0.268000
2023-12-25,0.252000
2023-12-26,0.262000
2023-12-27,0.226000
2023-12-28,0.208000
2023-12-29,0.233000
2024-01-04,0.230000
2024-01-05,0.217000
2024-01-09,0.207000
2024-01-10,0.214000
2024-01-11,0.202000
2024-01-12,0.196000
2024-01-15,0.175000
2024-01-16,0.203000
2024-01-17,0.210000
2024-01-18,0.249000
2024-01-19,0.256000
2024-01-22,0.245000
2024-01-23,0.239000
2024-01-24,0.316000
2024-01-25,0.332000
2024-01-26,0.300000
2024-01-29,0.308000
2024-01-30,0.291000
2024-01-31,0.312000
2024-02-01,0.286000
2024-02-02,0.282000
2024-02-05,0.323000
2024-02-06,0.317000
2024-02-07,0.317000
2024-02-08,0.307000
2024-02-09,0.332000
2024-02-13,0.343000
2024-02-14,0.369000
2024-02-15,0.340000
2024-02-16,0.354000
2024-02-19,0.359000
2024-02-20,0.366000
2024-02-21,0.367000
2024-02-22,0.366000
2024-02-26,0.349000
2024-02-27,0.355000
2024-02-28,0.354000
2024-02-29,0.372000
2024-03-01,0.377000
2024-03-04,0.371000
2024-03-05,0.361000
2024-03-06,0.376000
2024-03-07,0.388000
2024-03-08,0.388000
2024-03-11,0.386000
2024-03-12,0.385000
2024-03-13,0.380000
2024-03-14,0.384000
2024-03-15,0.393000
2024-03-18,0.381000
2024-03-19,0.367000
2024-03-21,0.401000
2024-03-22,0.410000
2024-03-25,0.401000
2024-03-26,0.396000
2024-03-27,0.384000
2024-03-28,0.368000
2024-03-29,0.372000
2024-04-01,0.389000
2024-04-02,0.395000
2024-04-03,0.386000
2024-04-04,0.399000
2024-04-05,0.404000
2024-04-08,0.410000
2024-04-09,0.414000
2024-04-10,0.431000
2024-04-11,0.485000
2024-04-12,0.496000
2024-04-15,0.486000
2024-04-16,0.490000
2024-04-17,0.496000
2024-04-18,0.476000
2024-04-19,0.457000
2024-04-22,0.497000
2024-04-23,0.499000
2024-04-24,0.499000
2024-04-25,0.503000
2024-04-26,0.514000
2024-04-30,0.478000
2024-05-01,0.493000
2024-05-02,0.494000
2024-05-07,0.479000
2024-05-08,0.489000
2024-05-09,0.523000
2024-05-10,0.526000
2024-05-13,0.550000
2024-05-14,0.571000
2024-05-15,0.560000
2024-05-16,0.539000
2024-05-17,0.555000
2024-05-20,0.585000
2024-05-21,0.585000
2024-05-22,0.595000
2024-05-23,0.591000
2024-05-24,0.596000
2024-05-27,0.606000
2024-05-28,0.602000
2024-05-29,0.642000
2024-05-30,0.641000
2024-05-31,0.647000
2024-06-03,0.640000
2024-06-04,0.610000
2024-06-05,0.576000
2024-06-06,0.548000
2024-06-07,0.559000
2024-06-10,0.608000
2024-06-11,0.601000
2024-06-12,0.568000
2024-06-13,0.556000
2024-06-14,0.527000
2024-06-17,0.516000
2024-06-18,0.523000
2024-06-19,0.518000
2024-06-20,0.527000
2024-06-21,0.557000
2024-06-24,0.558000
2024-06-25,0.565000
2024-06-26,0.573000
2024-06-27,0.617000
2024-06-28,0.602000
2024-07-01,0.615000
2024-07-02,0.630000
2024-07-03,0.613000
2024-07-04,0.599000
2024-07-05,0.598000
2024-07-08,0.616000
2024-07-09,0.610000
2024-07-10,0.605000
2024-07-11,0.611000
2024-07-12,0.586000
2024-07-16,0.566000
2024-07-17,0.577000
2024-07-18,0.591000
2024-07-19,0.598000
2024-07-22,0.598000
2024-07-23,0.607000
2024-07-24,0.623000
2024-07-25,0.637000
2024-07-26,0.631000
2024-07-29,0.607000
2024-07-30,0.592000
2024-07-31,0.671000
2024-08-01,0.658000
2024-08-02,0.583000
2024-08-05,0.370000
2024-08-06,0.436000
2024-08-07,0.421000
2024-08-08,0.411000
2024-08-09,0.445000
2024-08-13,0.444000
2024-08-14,0.431000
2024-08-15,0.451000
2024-08-16,0.494000
2024-08-19,0.509000
2024-08-20,0.499000
2024-08-21,0.481000
2024-08-22,0.491000
2024-08-23,0.507000
2024-08-26,0.497000
2024-08-27,0.504000
2024-08-28,0.512000
2024-08-29,0.503000
2024-08-30,0.502000
2024-09-02,0.518000
2024-09-03,0.536000
2024-09-04,0.512000
2024-09-05,0.507000
2024-09-06,0.499000
2024-09-09,0.521000
2024-09-10,0.528000
2024-09-11,0.498000
2024-09-12,0.513000
2024-09-13,0.503000
2024-09-17,0.494000
2024-09-18,0.484000
2024-09-19,0.498000
2024-09-20,0.515000
2024-09-24,0.469000
2024-09-25,0.473000
2024-09-26,0.474000
2024-09-27,0.449000
2024-09-30,0.508000
2024-10-01,0.508000
2024-10-02,0.489000
2024-10-03,0.489000
2024-10-04,0.506000
2024-10-07,0.555000
2024-10-08,0.554000
2024-10-09,0.560000
2024-10-10,0.588000
2024-10-11,0.579000
2024-10-15,0.595000
2024-10-16,0.581000
2024-10-17,0.590000
2024-10-18,0.589000
2024-10-21,0.581000
2024-10-22,0.600000
2024-10-23,0.596000
2024-10-24,0.584000
2024-10-25,0.580000
2024-10-28,0.595000
2024-10-29,0.599000
2024-10-30,0.585000
2024-10-31,0.571000
2024-11-01,0.585000
2024-11-05,0.575000
2024-11-06,0.615000
2024-11-07,0.644000
2024-11-08,0.644000
2024-11-11,0.644000
2024-11-12,0.653000
2024-11-13,0.689000
2024-11-14,0.695000
2024-11-15,0.712000
2024-11-18,0.706000
2024-11-19,0.710000
2024-11-20,0.715000
2024-11-21,0.750000
2024-11-22,0.745000
2024-11-25,0.740000
2024-11-26,0.733000
2024-11-27,0.741000
2024-11-28,0.727000
2024-11-29,0.728000
2024-12-02,0.751000
2024-12-03,0.747000
2024-12-04,0.716000
2024-12-05,0.736000
2024-12-06,0.725000
2024-12-09,0.714000
2024-12-10,0.728000
2024-12-11,0.736000
2024-12-12,0.717000
2024-12-13,0.697000
2024-12-16,0.722000
2024-12-17,0.736000
2024-12-18,0.721000
2024-12-19,0.747000
2024-12-20,0.706000
2024-12-23,0.725000
2024-12-24,0.733000
2024-12-25,0.726000
2024-12-26,0.746000
2024-12-27,0.760000
2024-12-30,0.743000
2025-01-06,0.791000
2025-01-07,0.794000
2025-01-08,0.821000
2025-01-09,0.816000
2025-01-10,0.832000
2025-01-14,0.874000
2025-01-15,0.894000
2025-01-16,0.869000
2025-01-17,0.865000
2025-01-20,0.855000
2025-01-21,0.851000
2025-01-22,0.874000
2025-01-23,0.880000
2025-01-24,0.910000
2025-01-27,0.888000
2025-01-28,0.865000
2025-01-29,0.868000
2025-01-30,0.883000
2025-01-31,0.909000
2025-02-03,0.899000
2025-02-04,0.930000
2025-02-05,0.945000
2025-02-06,0.940000
2025-02-07,0.987000
2025-02-10,0.988000
2025-02-12,1.005000
2025-02-13,1.006000
2025-02-14,1.013000
2025-02-17,1.057000
2025-02-18,1.093000
2025-02-19,1.083000
2025-02-20,1.087000
2025-02-21,1.063000
2025-02-25,1.038000
2025-02-26,1.022000
2025-02-27,1.043000
2025-02-28,1.007000
2025-03-03,1.050000
2025-03-04,1.069000
2025-03-05,1.076000
2025-03-06,1.132000
2025-03-07,1.127000
2025-03-10,1.174000
2025-03-11,1.115000
2025-03-12,1.140000
2025-03-13,1.160000
2025-03-14,1.131000
2025-03-17,1.107000
2025-03-18,1.106000
2025-03-19,1.124000
2025-03-21,1.134000
2025-03-24,1.149000
2025-03-25,1.186000
2025-03-26,1.197000
2025-03-27,1.194000
2025-03-28,1.167000
2025-03-31,1.113000
2025-04-01,1.122000
2025-04-02,1.092000
2025-04-03,0.987000
2025-04-04,0.797000
2025-04-07,0.761000
2025-04-08,0.869000
2025-04-09,0.853000
2025-04-10,0.931000
2025-04-11,0.844000
2025-04-14,0.817000
2025-04-15,0.885000
2025-04-16,0.842000
2025-04-17,0.867000
2025-04-18,0.844000
2025-04-21,0.848000
2025-04-22,0.878000
2025-04-23,0.906000
2025-04-24,0.884000
2025-04-25,0.903000
2025-04-28,0.898000
2025-04-30,0.888000
2025-05-01,0.844000
2025-05-02,0.830000
2025-05-07,0.850000
2025-05-08,0.871000
2025-05-09,0.891000
2025-05-12,0.922000
2025-05-13,0.989000
2025-05-14,0.977000
2025-05-15,1.010000
2025-05-16,0.992000
2025-05-19,1.007000
2025-05-20,1.018000
2025-05-21,1.008000
2025-05-22,1.045000
2025-05-23,1.044000
2025-05-26,1.023000
2025-05-27,1.012000
2025-05-28,1.054000
2025-05-29,1.043000
2025-05-30,1.029000
2025-06-02,1.043000
2025-06-03,1.035000
2025-06-04,1.055000
2025-06-05,1.020000
2025-06-06,1.023000
2025-06-09,1.043000
2025-06-10,1.045000
2025-06-11,1.029000
2025-06-12,1.024000
2025-06-13,0.979000
2025-06-16,1.025000
2025-06-17,1.047000
2025-06-18,1.022000
2025-06-19,0.973000
2025-06-20,0.965000
2025-06-23,0.981000
2025-06-24,0.981000
2025-06-25,0.967000
2025-06-26,0.986000
2025-06-27,0.994000
2025-06-30,0.999000
2025-07-01,0.986000
2025-07-02,0.992000
2025-07-03,1.009000
2025-07-04,0.992000
2025-07-07,0.993000
2025-07-08,1.009000
2025-07-09,1.029000
2025-07-10,1.025000
2025-07-11,1.035000
2025-07-14,1.074000
2025-07-15,1.085000
2025-07-16,1.085000
2025-07-17,1.081000
2025-07-18,1.046000
2025-07-22,1.027000
2025-07-23,1.125000
2025-07-24,1.140000
2025-07-25,1.155000
2025-07-28,1.122000
2025-07-29,1.108000
2025-07-30,1.097000
2025-07-31,1.097000
2025-08-01,1.089000
2025-08-04,1.035000
2025-08-05,1.016000
2025-08-06,1.034000
2025-08-07,1.034000
2025-08-08,1.045000
2025-08-12,1.051000
2025-08-13,1.074000
2025-08-14,1.114000
2025-08-15,1.120000
2025-08-18,1.124000
2025-08-19,1.144000
2025-08-20,1.155000
2025-08-21,1.159000
2025-08-22,1.164000
2025-08-25,1.165000
2025-08-26,1.166000
2025-08-27,1.170000
2025-08-28,1.167000
2025-08-29,1.162000
2025-09-01,1.178000
2025-09-02,1.157000
2025-09-03,1.169000
2025-09-04,1.150000
2025-09-05,1.119000
2025-09-08,1.111000
2025-09-09,1.110000
2025-09-10,1.125000
2025-09-11,1.134000
2025-09-12,1.156000
2025-09-16,1.171000
2025-09-17,1.161000
2025-09-18,1.170000
2025-09-19,1.214000
2025-09-22,1.244000
2025-09-24,1.239000
2025-09-25,1.250000
2025-09-26,1.245000
2025-09-29,1.241000
2025-09-30,1.244000
2025-10-01,1.248000
2025-10-02,1.257000
2025-10-03,1.241000
2025-10-06,1.217000
2025-10-07,1.230000
2025-10-08,1.252000
2025-10-09,1.243000
2025-10-10,1.231000
2025-10-14,1.195000
2025-10-15,1.199000
2025-10-16,1.214000
2025-10-17,1.199000
2025-10-20,1.248000
2025-10-21,1.233000
2025-10-22,1.225000
2025-10-23,1.229000
2025-10-24,1.229000
2025-10-27,1.242000
2025-10-28,1.226000
2025-10-29,1.237000
2025-10-30,1.222000
2025-10-31,1.235000
2025-11-04,1.253000
2025-11-05,1.234000
2025-11-06,1.253000
2025-11-07,1.257000
2025-11-10,1.272000
2025-11-11,1.258000
2025-11-12,1.258000
2025-11-13,1.254000
2025-11-14,1.259000
2025-11-17,1.270000
2025-11-18,1.265000
2025-11-19,1.275000
2025-11-20,1.335000
2025-11-21,1.324000
2025-11-25,1.344000
2025-11-26,1.349000
2025-11-27,1.332000
2025-11-28,1.326000
2025-12-01,1.397000
2025-12-02,1.382000
2025-12-03,1.400000
2025-12-04,1.425000
2025-12-05,1.450000
2025-12-08,1.462000
2025-12-09,1.457000
2025-12-10,1.462000
2025-12-11,1.439000
2025-12-12,1.456000
2025-12-15,1.452000
2025-12-16,1.452000
2025-12-17,1.462000
2025-12-18,1.454000
2025-12-19,1.506000
2025-12-22,1.558000
2025-12-23,1.515000
2025-12-24,1.515000
2025-12-25,1.544000
2025-12-26,1.539000
2025-12-29,1.549000
2025-12-30,1.567000
2026-01-05,1.620000
2026-01-06,1.615000
2026-01-07,1.605000
2026-01-08,1.554000
2026-01-09,1.580000
2026-01-13,1.626000
2026-01-14,1.647000
2026-01-15,1.636000
2026-01-16,1.647000
2026-01-19,1.691000
2026-01-20,1.703000
2026-01-21,1.687000
2026-01-22,1.668000
2026-01-23,1.696000
2026-01-26,1.692000
2026-01-27,1.717000
2026-01-28,1.672000
2026-01-29,1.684000
2026-01-30,1.666000
2026-02-02,1.659000
2026-02-03,1.693000
2026-02-04,1.687000
2026-02-05,1.693000
2026-02-06,1.697000
2026-02-09,1.751000
2026-02-10,1.712000
2026-02-12,1.713000
2026-02-13,1.692000
2026-02-16,1.685000
2026-02-17,1.630000
2026-02-18,1.634000
2026-02-19,1.646000
2026-02-20,1.622000
2026-02-24,1.612000
2026-02-25,1.601000
2026-02-26,1.625000
2026-02-27,1.594000
2026-03-02,1.552000
2026-03-03,1.611000
2026-03-04,1.597000
2026-03-05,1.641000
2026-03-06,1.637000
2026-03-09,1.644000
2026-03-10,1.648000
2026-03-11,1.633000
2026-03-12,1.646000
2026-03-13,1.700000
2026-03-16,1.709000
2026-03-17,1.700000
2026-03-18,1.663000
2026-03-19,1.691000
2026-03-23,1.746000
2026-03-24,1.731000
2026-03-25,1.740000
2026-03-26,1.761000
2026-03-27,1.836000
2026-03-30,1.804000
2026-03-31,1.804000
2026-04-01,1.755000
2026-04-02,1.823000
2026-04-03,1.818000
2026-04-06,1.850000
2026-04-07,1.831000
2026-04-08,1.812000
2026-04-09,1.831000
2026-04-10,1.866000
2026-04-13,1.876000
2026-04-14,1.842000
2026-04-15,1.838000
2026-04-16,1.830000
2026-04-17,1.843000
2026-04-20,1.825000
2026-04-21,1.816000
2026-04-22,1.832000
2026-04-23,1.845000
2026-04-24,1.842000
2026-04-27,1.862000
2026-04-28,1.868000
2026-04-30,1.903000
2026-05-01,1.888000
2026-05-07,1.866000
2026-05-08,1.875000
2026-05-11,1.908000
2026-05-12,1.932000
2026-05-13,1.945000
2026-05-14,1.962000
2026-05-15,2.000000
2026-05-18,2.015000
2026-05-19,2.051000
2026-05-20,2.058000
2026-05-21,2.031000
2026-05-22,2.026000
2026-05-25,1.985000
2026-05-26,1.995000
2026-05-27,1.963000
2026-05-28,1.940000
2026-05-29,1.919000
2026-06-01,1.948000
2026-06-02,1.889000
2026-06-03,1.943000
2026-06-04,1.966000
2026-06-05,1.955000
2026-06-08,1.978000
2026-06-09,1.962000
2026-06-10,1.971000
2026-06-11,1.963000
2026-06-12,1.938000
2026-06-15,1.901000
2026-06-16,1.945000
2026-06-17,1.897000
2026-06-18,1.898000
2026-06-19,1.928000
2026-06-22,1.946000
2026-06-23,1.957000
2026-06-24,1.950000
2026-06-25,1.923000
2026-06-26,1.915000
2026-06-29,1.916000
2026-06-30,1.937000
2026-07-01,1.959000
2026-07-02,1.979000
2026-07-03,1.971000
2026-07-06,1.994000
2026-07-07,2.007000
2026-07-08,2.039000
2026-07-09,2.039000
2026-07-10,1.990000
2026-07-13,2.006000
2026-07-14,1.963000
2026-07-15,1.948000
2026-07-16,1.964000
2026-07-17,1.945000
2026-07-21,1.958000
2026-07-22,1.978000
2026-07-23,2.015000
2026-07-24,2.060000
2026-07-27,2.032000
2026-07-28,2.024000
2026-07-29,2.000000
2026-07-30,2.033000
2026-07-31,2.044000
2026-08-03,2.100000
2026-08-04,2.096000
2026-08-05,2.068000
2026-08-06,2.044000
2026-08-07,2.091000
2026-08-10,2.101000
2026-08-12,2.120000
2026-08-13,2.134000
2026-08-14,2.151000
2026-08-17,2.177000
2026-08-18,2.177000
2026-08-19,2.146000
2026-08-20,2.127000
2026-08-21,2.146000
2026-08-24,2.155000
2026-08-25,2.167000
2026-08-26,2.172000
2026-08-27,2.182000
2026-08-28,2.212000
2026-08-31,2.233000
