date,taux
1999-09-02,2.842000
1999-09-03,2.822000
1999-09-06,2.808000
1999-09-07,2.825000
1999-09-08,2.826000
1999-09-09,2.834000
1999-09-10,2.811000
1999-09-13,2.785000
1999-09-14,2.748000
1999-09-16,2.739000
1999-09-17,2.739000
1999-09-20,2.688000
1999-09-21,2.703000
1999-09-22,2.728000
1999-09-24,2.656000
1999-09-27,2.635000
1999-09-28,2.640000
1999-09-29,2.616000
1999-09-30,2.643000
1999-10-01,2.634000
1999-10-04,2.598000
1999-10-05,2.600000
1999-10-06,2.643000
1999-10-07,2.667000
1999-10-08,2.687000
1999-10-12,2.714000
1999-10-13,2.684000
1999-10-14,2.702000
1999-10-15,2.703000
1999-10-18,2.666000
1999-10-19,2.662000
1999-10-20,2.704000
1999-10-21,2.727000
1999-10-22,2.733000
1999-10-25,2.732000
1999-10-26,2.724000
1999-10-27,2.695000
1999-10-28,2.706000
1999-10-29,2.666000
1999-11-01,2.664000
1999-11-02,2.633000
1999-11-04,2.643000
1999-11-05,2.635000
1999-11-08,2.626000
1999-11-09,2.645000
1999-11-10,2.664000
1999-11-11,2.654000
1999-11-12,2.636000
1999-11-15,2.623000
1999-11-16,2.639000
1999-11-17,2.686000
1999-11-18,2.722000
1999-11-19,2.704000
1999-11-22,2.719000
1999-11-24,2.726000
1999-11-25,2.700000
1999-11-26,2.707000
1999-11-29,2.679000
1999-11-30,2.660000
1999-12-01,2.653000
1999-12-02,2.662000
1999-12-03,2.640000
1999-12-06,2.626000
1999-12-07,2.637000
1999-12-08,2.609000
1999-12-09,2.598000
1999-12-10,2.614000
1999-12-13,2.606000
1999-12-14,2.626000
1999-12-15,2.609000
1999-12-16,2.620000
1999-12-17,2.610000
1999-12-20,2.576000
1999-12-21,2.561000
1999-12-22,2.538000
1999-12-24,2.548000
1999-12-27,2.537000
1999-12-28,2.497000
1999-12-29,2.487000
1999-12-30,2.481000
2000-01-04,2.519000
2000-01-05,2.501000
2000-01-06,2.486000
2000-01-07,2.496000
2000-01-11,2.487000
2000-01-12,2.486000
2000-01-13,2.481000
2000-01-14,2.476000
2000-01-17,2.481000
2000-01-18,2.480000
2000-01-19,2.484000
2000-01-20,2.487000
2000-01-21,2.461000
2000-01-24,2.389000
2000-01-25,2.369000
2000-01-26,2.378000
2000-01-27,2.378000
2000-01-28,2.357000
2000-01-31,2.389000
2000-02-01,2.415000
2000-02-02,2.484000
2000-02-03,2.454000
2000-02-04,2.427000
2000-02-07,2.460000
2000-02-08,2.492000
2000-02-09,2.474000
2000-02-10,2.458000
2000-02-14,2.438000
2000-02-15,2.409000
2000-02-16,2.393000
2000-02-17,2.411000
2000-02-18,2.387000
2000-02-21,2.377000
2000-02-22,2.414000
2000-02-23,2.406000
2000-02-24,2.421000
2000-02-25,2.434000
2000-02-28,2.410000
2000-02-29,2.421000
2000-03-01,2.395000
2000-03-02,2.341000
2000-03-03,2.321000
2000-03-06,2.296000
2000-03-07,2.301000
2000-03-08,2.267000
2000-03-09,2.282000
2000-03-10,2.306000
2000-03-13,2.304000
2000-03-14,2.303000
2000-03-15,2.310000
2000-03-16,2.325000
2000-03-17,2.323000
2000-03-21,2.341000
2000-03-22,2.324000
2000-03-23,2.322000
2000-03-24,2.340000
2000-03-27,2.358000
2000-03-28,2.353000
2000-03-29,2.334000
2000-03-30,2.286000
2000-03-31,2.250000
2000-04-03,2.256000
2000-04-04,2.242000
2000-04-05,2.217000
2000-04-06,2.189000
2000-04-07,2.159000
2000-04-10,2.140000
2000-04-11,2.138000
2000-04-12,2.176000
2000-04-13,2.200000
2000-04-14,2.179000
2000-04-17,2.105000
2000-04-18,2.112000
2000-04-19,2.104000
2000-04-20,2.133000
2000-04-21,2.154000
2000-04-24,2.153000
2000-04-25,2.153000
2000-04-26,2.145000
2000-04-27,2.154000
2000-04-28,2.194000
2000-05-01,2.197000
2000-05-02,2.210000
2000-05-08,2.217000
2000-05-09,2.197000
2000-05-10,2.203000
2000-05-11,2.175000
2000-05-12,2.187000
2000-05-15,2.190000
2000-05-16,2.233000
2000-05-17,2.340000
2000-05-18,2.312000
2000-05-19,2.325000
2000-05-22,2.305000
2000-05-23,2.322000
2000-05-24,2.282000
2000-05-25,2.268000
2000-05-26,2.241000
2000-05-29,2.226000
2000-05-30,2.222000
2000-05-31,2.199000
2000-06-01,2.192000
2000-06-02,2.206000
2000-06-05,2.259000
2000-06-06,2.285000
2000-06-07,2.267000
2000-06-08,2.257000
2000-06-09,2.224000
2000-06-12,2.226000
2000-06-13,2.205000
2000-06-14,2.212000
2000-06-15,2.200000
2000-06-16,2.177000
2000-06-19,2.184000
2000-06-20,2.202000
2000-06-21,2.235000
2000-06-22,2.239000
2000-06-23,2.221000
2000-06-26,2.224000
2000-06-27,2.237000
2000-06-28,2.229000
2000-06-29,2.234000
2000-06-30,2.241000
2000-07-03,2.264000
2000-07-04,2.255000
2000-07-05,2.273000
2000-07-06,2.263000
2000-07-07,2.297000
2000-07-10,2.333000
2000-07-11,2.334000
2000-07-12,2.339000
2000-07-13,2.298000
2000-07-14,2.302000
2000-07-17,2.297000
2000-07-18,2.286000
2000-07-19,2.301000
2000-07-21,2.306000
2000-07-24,2.316000
2000-07-25,2.350000
2000-07-26,2.354000
2000-07-27,2.336000
2000-07-28,2.318000
2000-07-31,2.314000
2000-08-01,2.306000
2000-08-02,2.293000
2000-08-03,2.282000
2000-08-04,2.278000
2000-08-07,2.287000
2000-08-08,2.292000
2000-08-09,2.310000
2000-08-10,2.323000
2000-08-11,2.305000
2000-08-14,2.307000
2000-08-15,2.335000
2000-08-16,2.359000
2000-08-17,2.365000
2000-08-18,2.391000
2000-08-21,2.411000
2000-08-22,2.427000
2000-08-23,2.457000
2000-08-24,2.447000
2000-08-25,2.480000
2000-08-28,2.489000
2000-08-29,2.505000
2000-08-30,2.503000
2000-08-31,2.506000
2000-09-01,2.557000
2000-09-04,2.555000
2000-09-05,2.575000
2000-09-06,2.589000
2000-09-07,2.567000
2000-09-08,2.514000
2000-09-11,2.506000
2000-09-12,2.520000
2000-09-13,2.546000
2000-09-14,2.575000
2000-09-18,2.581000
2000-09-19,2.580000
2000-09-20,2.593000
2000-09-21,2.623000
2000-09-22,2.605000
2000-09-25,2.615000
2000-09-26,2.660000
2000-09-27,2.654000
2000-09-28,2.656000
2000-09-29,2.641000
2000-10-02,2.637000
2000-10-03,2.636000
2000-10-04,2.634000
2000-10-05,2.628000
2000-10-06,2.655000
2000-10-10,2.699000
2000-10-11,2.709000
2000-10-12,2.745000
2000-10-13,2.793000
2000-10-16,2.862000
2000-10-17,2.837000
2000-10-18,2.787000
2000-10-19,2.805000
2000-10-20,2.832000
2000-10-23,2.849000
2000-10-24,2.871000
2000-10-25,2.866000
2000-10-26,2.864000
2000-10-27,2.868000
2000-10-30,2.855000
2000-10-31,2.851000
2000-11-01,2.881000
2000-11-02,2.886000
2000-11-06,2.923000
2000-11-07,2.965000
2000-11-08,2.913000
2000-11-09,2.849000
2000-11-10,2.848000
2000-11-13,2.829000
2000-11-14,2.828000
2000-11-15,2.806000
2000-11-16,2.763000
2000-11-17,2.736000
2000-11-20,2.701000
2000-11-21,2.660000
2000-11-22,2.637000
2000-11-24,2.569000
2000-11-27,2.572000
2000-11-28,2.587000
2000-11-29,2.573000
2000-11-30,2.536000
2000-12-01,2.548000
2000-12-04,2.565000
2000-12-05,2.564000
2000-12-06,2.624000
2000-12-07,2.601000
2000-12-08,2.614000
2000-12-11,2.640000
2000-12-12,2.636000
2000-12-13,2.658000
2000-12-14,2.630000
2000-12-15,2.611000
2000-12-18,2.644000
2000-12-19,2.634000
2000-12-20,2.611000
2000-12-21,2.576000
2000-12-22,2.595000
2000-12-25,2.607000
2000-12-26,2.601000
2000-12-27,2.589000
2000-12-28,2.628000
2000-12-29,2.622000
2001-01-04,2.614000
2001-01-05,2.605000
2001-01-09,2.570000
2001-01-10,2.583000
2001-01-11,2.539000
2001-01-12,2.492000
2001-01-15,2.495000
2001-01-16,2.525000
2001-01-17,2.530000
2001-01-18,2.486000
2001-01-19,2.475000
2001-01-22,2.424000
2001-01-23,2.420000
2001-01-24,2.418000
2001-01-25,2.379000
2001-01-26,2.346000
2001-01-29,2.337000
2001-01-30,2.340000
2001-01-31,2.314000
2001-02-01,2.320000
2001-02-02,2.372000
2001-02-05,2.329000
2001-02-06,2.337000
2001-02-07,2.308000
2001-02-08,2.315000
2001-02-09,2.305000
2001-02-13,2.252000
2001-02-14,2.256000
2001-02-15,2.250000
2001-02-16,2.243000
2001-02-19,2.208000
2001-02-20,2.219000
2001-02-21,2.181000
2001-02-22,2.232000
2001-02-23,2.218000
2001-02-26,2.196000
2001-02-27,2.163000
2001-02-28,2.132000
2001-03-01,1.946000
2001-03-02,1.960000
2001-03-05,1.972000
2001-03-06,1.932000
2001-03-07,1.862000
2001-03-08,1.913000
2001-03-09,1.961000
2001-03-12,1.950000
2001-03-13,1.961000
2001-03-14,1.945000
2001-03-15,1.943000
2001-03-16,1.940000
2001-03-19,1.934000
2001-03-21,1.802000
2001-03-22,1.825000
2001-03-23,1.895000
2001-03-26,1.918000
2001-03-27,2.004000
2001-03-28,2.141000
2001-03-29,2.149000
2001-03-30,2.092000
2001-04-02,2.178000
2001-04-03,2.146000
2001-04-04,2.136000
2001-04-05,2.139000
2001-04-06,2.116000
2001-04-09,2.119000
2001-04-10,2.157000
2001-04-11,2.164000
2001-04-12,2.297000
2001-04-13,2.310000
2001-04-16,2.342000
2001-04-17,2.382000
2001-04-18,2.447000
2001-04-19,2.510000
2001-04-20,2.497000
2001-04-23,2.430000
2001-04-24,2.373000
2001-04-25,2.380000
2001-04-26,2.371000
2001-04-27,2.362000
2001-05-01,2.380000
2001-05-02,2.425000
2001-05-07,2.424000
2001-05-08,2.407000
2001-05-09,2.375000
2001-05-10,2.369000
2001-05-11,2.362000
2001-05-14,2.349000
2001-05-15,2.355000
2001-05-16,2.298000
2001-05-17,2.277000
2001-05-18,2.281000
2001-05-21,2.311000
2001-05-22,2.317000
2001-05-23,2.309000
2001-05-24,2.290000
2001-05-25,2.274000
2001-05-28,2.249000
2001-05-29,2.245000
2001-05-30,2.251000
2001-05-31,2.222000
2001-06-01,2.234000
2001-06-04,2.238000
2001-06-05,2.235000
2001-06-06,2.268000
2001-06-07,2.254000
2001-06-08,2.258000
2001-06-11,2.233000
2001-06-12,2.207000
2001-06-13,2.186000
2001-06-14,2.171000
2001-06-15,2.204000
2001-06-18,2.209000
2001-06-19,2.208000
2001-06-20,2.219000
2001-06-21,2.203000
2001-06-22,2.195000
2001-06-25,2.163000
2001-06-26,2.155000
2001-06-27,2.149000
2001-06-28,2.139000
2001-06-29,2.189000
2001-07-02,2.257000
2001-07-03,2.270000
2001-07-04,2.268000
2001-07-05,2.270000
2001-07-06,2.295000
2001-07-09,2.399000
2001-07-10,2.419000
2001-07-11,2.371000
2001-07-12,2.335000
2001-07-13,2.364000
2001-07-16,2.409000
2001-07-17,2.436000
2001-07-18,2.443000
2001-07-19,2.467000
2001-07-23,2.469000
2001-07-24,2.490000
2001-07-25,2.466000
2001-07-26,2.412000
2001-07-27,2.383000
2001-07-30,2.392000
2001-07-31,2.401000
2001-08-01,2.407000
2001-08-02,2.416000
2001-08-03,2.441000
2001-08-06,2.464000
2001-08-07,2.483000
2001-08-08,2.418000
2001-08-09,2.402000
2001-08-10,2.375000
2001-08-13,2.373000
2001-08-14,2.372000
2001-08-15,2.386000
2001-08-16,2.393000
2001-08-17,2.410000
2001-08-20,2.425000
2001-08-21,2.429000
2001-08-22,2.396000
2001-08-23,2.410000
2001-08-24,2.400000
2001-08-27,2.405000
2001-08-28,2.378000
2001-08-29,2.368000
2001-08-30,2.359000
2001-08-31,2.366000
2001-09-03,2.387000
2001-09-04,2.377000
2001-09-05,2.369000
2001-09-06,2.396000
2001-09-07,2.400000
2001-09-10,2.403000
2001-09-11,2.401000
2001-09-12,2.415000
2001-09-13,2.428000
2001-09-14,2.410000
2001-09-17,2.364000
2001-09-18,2.370000
2001-09-19,2.400000
2001-09-20,2.412000
2001-09-21,2.388000
2001-09-25,2.379000
2001-09-26,2.398000
2001-09-27,2.385000
2001-09-28,2.395000
2001-10-01,2.386000
2001-10-02,2.386000
2001-10-03,2.407000
2001-10-04,2.421000
2001-10-05,2.427000
2001-10-09,2.451000
2001-10-10,2.466000
2001-10-11,2.460000
2001-10-12,2.488000
2001-10-15,2.499000
2001-10-16,2.487000
2001-10-17,2.499000
2001-10-18,2.499000
2001-10-19,2.507000
2001-10-22,2.502000
2001-10-23,2.485000
2001-10-24,2.480000
2001-10-25,2.486000
2001-10-26,2.490000
2001-10-29,2.496000
2001-10-30,2.497000
2001-10-31,2.473000
2001-11-01,2.457000
2001-11-02,2.428000
2001-11-05,2.409000
2001-11-06,2.406000
2001-11-07,2.398000
2001-11-08,2.399000
2001-11-09,2.416000
2001-11-12,2.409000
2001-11-13,2.411000
2001-11-14,2.415000
2001-11-15,2.413000
2001-11-16,2.411000
2001-11-19,2.393000
2001-11-20,2.398000
2001-11-21,2.389000
2001-11-22,2.390000
2001-11-26,2.413000
2001-11-27,2.441000
2001-11-28,2.415000
2001-11-29,2.429000
2001-11-30,2.410000
2001-12-03,2.448000
2001-12-04,2.471000
2001-12-05,2.486000
2001-12-06,2.517000
2001-12-07,2.490000
2001-12-10,2.483000
2001-12-11,2.491000
2001-12-12,2.490000
2001-12-13,2.481000
2001-12-14,2.484000
2001-12-17,2.471000
2001-12-18,2.466000
2001-12-19,2.468000
2001-12-20,2.457000
2001-12-21,2.453000
2001-12-25,2.458000
2001-12-26,2.467000
2001-12-27,2.483000
2001-12-28,2.484000
2002-01-04,2.509000
2002-01-07,2.501000
2002-01-08,2.509000
2002-01-09,2.506000
2002-01-10,2.511000
2002-01-11,2.516000
2002-01-15,2.523000
2002-01-16,2.517000
2002-01-17,2.531000
2002-01-18,2.531000
2002-01-21,2.541000
2002-01-22,2.541000
2002-01-23,2.543000
2002-01-24,2.562000
2002-01-25,2.567000
2002-01-28,2.554000
2002-01-29,2.579000
2002-01-30,2.601000
2002-01-31,2.614000
2002-02-01,2.640000
2002-02-04,2.654000
2002-02-05,2.680000
2002-02-06,2.683000
2002-02-07,2.683000
2002-02-08,2.643000
2002-02-12,2.610000
2002-02-13,2.625000
2002-02-14,2.615000
2002-02-15,2.573000
2002-02-18,2.563000
2002-02-19,2.584000
2002-02-20,2.590000
2002-02-21,2.575000
2002-02-22,2.587000
2002-02-25,2.579000
2002-02-26,2.590000
2002-02-27,2.585000
2002-02-28,2.566000
2002-03-01,2.554000
2002-03-04,2.534000
2002-03-05,2.515000
2002-03-06,2.499000
2002-03-07,2.482000
2002-03-08,2.482000
2002-03-11,2.502000
2002-03-12,2.464000
2002-03-13,2.439000
2002-03-14,2.427000
2002-03-15,2.454000
2002-03-18,2.446000
2002-03-19,2.442000
2002-03-20,2.442000
2002-03-22,2.441000
2002-03-25,2.446000
2002-03-26,2.442000
2002-03-27,2.430000
2002-03-28,2.428000
2002-03-29,2.445000
2002-04-01,2.453000
2002-04-02,2.445000
2002-04-03,2.444000
2002-04-04,2.428000
2002-04-05,2.407000
2002-04-08,2.383000
2002-04-09,2.398000
2002-04-10,2.384000
2002-04-11,2.366000
2002-04-12,2.367000
2002-04-15,2.338000
2002-04-16,2.343000
2002-04-17,2.360000
2002-04-18,2.375000
2002-04-19,2.366000
2002-04-22,2.376000
2002-04-23,2.387000
2002-04-24,2.398000
2002-04-25,2.415000
2002-04-26,2.407000
2002-04-30,2.381000
2002-05-01,2.384000
2002-05-02,2.395000
2002-05-07,2.385000
2002-05-08,2.400000
2002-05-09,2.391000
2002-05-10,2.402000
2002-05-13,2.420000
2002-05-14,2.400000
2002-05-15,2.304000
2002-05-16,2.319000
2002-05-17,2.330000
2002-05-20,2.341000
2002-05-21,2.342000
2002-05-22,2.334000
2002-05-23,2.342000
2002-05-24,2.330000
2002-05-27,2.328000
2002-05-28,2.313000
2002-05-29,2.325000
2002-05-30,2.321000
2002-05-31,2.317000
2002-06-03,2.311000
2002-06-04,2.332000
2002-06-05,2.333000
2002-06-06,2.319000
2002-06-07,2.307000
2002-06-10,2.305000
2002-06-11,2.308000
2002-06-12,2.315000
2002-06-13,2.316000
2002-06-14,2.304000
2002-06-17,2.307000
2002-06-18,2.300000
2002-06-19,2.304000
2002-06-20,2.284000
2002-06-21,2.246000
2002-06-24,2.226000
2002-06-25,2.215000
2002-06-26,2.209000
2002-06-27,2.224000
2002-06-28,2.205000
2002-07-01,2.225000
2002-07-02,2.214000
2002-07-03,2.210000
2002-07-04,2.201000
2002-07-05,2.194000
2002-07-08,2.193000
2002-07-09,2.189000
2002-07-10,2.162000
2002-07-11,2.146000
2002-07-12,2.148000
2002-07-15,2.131000
2002-07-16,2.108000
2002-07-17,2.095000
2002-07-18,2.075000
2002-07-19,2.062000
2002-07-22,2.061000
2002-07-23,2.103000
2002-07-24,2.121000
2002-07-25,2.132000
2002-07-26,2.142000
2002-07-29,2.164000
2002-07-30,2.180000
2002-07-31,2.169000
2002-08-01,2.177000
2002-08-02,2.175000
2002-08-05,2.164000
2002-08-06,2.176000
2002-08-07,2.154000
2002-08-08,2.152000
2002-08-09,2.139000
2002-08-12,2.137000
2002-08-13,2.167000
2002-08-14,2.176000
2002-08-15,2.193000
2002-08-16,2.211000
2002-08-19,2.207000
2002-08-20,2.198000
2002-08-21,2.183000
2002-08-22,2.185000
2002-08-23,2.178000
2002-08-26,2.163000
2002-08-27,2.134000
2002-08-28,2.135000
2002-08-29,2.071000
2002-08-30,2.045000
2002-09-02,2.031000
2002-09-03,2.038000
2002-09-04,2.042000
2002-09-05,2.026000
2002-09-06,1.958000
2002-09-09,1.956000
2002-09-10,1.892000
2002-09-11,1.844000
2002-09-12,1.828000
2002-09-13,1.839000
2002-09-17,1.888000
2002-09-18,2.045000
2002-09-19,1.993000
2002-09-20,2.095000
2002-09-24,2.093000
2002-09-25,2.047000
2002-09-26,2.064000
2002-09-27,2.051000
2002-09-30,2.011000
2002-10-01,1.975000
2002-10-02,1.982000
2002-10-03,1.999000
2002-10-04,2.050000
2002-10-07,2.083000
2002-10-08,2.064000
2002-10-09,2.113000
2002-10-10,2.147000
2002-10-11,2.114000
2002-10-15,2.088000
2002-10-16,2.077000
2002-10-17,2.056000
2002-10-18,2.072000
2002-10-21,2.049000
2002-10-22,2.055000
2002-10-23,2.001000
2002-10-24,1.996000
2002-10-25,2.002000
2002-10-28,1.988000
2002-10-29,1.978000
2002-10-30,1.955000
2002-10-31,1.902000
2002-11-01,1.895000
2002-11-05,1.878000
2002-11-06,1.878000
2002-11-07,1.883000
2002-11-08,1.883000
2002-11-11,1.855000
2002-11-12,1.800000
2002-11-13,1.776000
2002-11-14,1.812000
2002-11-15,1.813000
2002-11-18,1.821000
2002-11-19,1.795000
2002-11-20,1.797000
2002-11-21,1.819000
2002-11-22,1.795000
2002-11-25,1.770000
2002-11-26,1.756000
2002-11-27,1.768000
2002-11-28,1.795000
2002-11-29,1.815000
2002-12-02,1.840000
2002-12-03,1.860000
2002-12-04,1.836000
2002-12-05,1.836000
2002-12-06,1.846000
2002-12-09,1.840000
2002-12-10,1.849000
2002-12-11,1.843000
2002-12-12,1.819000
2002-12-13,1.797000
2002-12-16,1.776000
2002-12-17,1.787000
2002-12-18,1.793000
2002-12-19,1.791000
2002-12-20,1.782000
2002-12-24,1.773000
2002-12-25,1.751000
2002-12-26,1.760000
2002-12-27,1.743000
2002-12-30,1.738000
2003-01-06,1.730000
2003-01-07,1.714000
2003-01-08,1.667000
2003-01-09,1.603000
2003-01-10,1.620000
2003-01-14,1.575000
2003-01-15,1.533000
2003-01-16,1.505000
2003-01-17,1.481000
2003-01-20,1.453000
2003-01-21,1.437000
2003-01-22,1.429000
2003-01-23,1.454000
2003-01-24,1.485000
2003-01-27,1.472000
2003-01-28,1.453000
2003-01-29,1.441000
2003-01-30,1.421000
2003-01-31,1.471000
2003-02-03,1.482000
2003-02-04,1.524000
2003-02-05,1.541000
2003-02-06,1.556000
2003-02-07,1.541000
2003-02-10,1.510000
2003-02-12,1.524000
2003-02-13,1.523000
2003-02-14,1.522000
2003-02-17,1.545000
2003-02-18,1.545000
2003-02-19,1.540000
2003-02-20,1.533000
2003-02-21,1.517000
2003-02-24,1.476000
2003-02-25,1.435000
2003-02-26,1.447000
2003-02-27,1.440000
2003-02-28,1.433000
2003-03-03,1.438000
2003-03-04,1.406000
2003-03-05,1.406000
2003-03-06,1.381000
2003-03-07,1.368000
2003-03-10,1.368000
2003-03-11,1.332000
2003-03-12,1.319000
2003-03-13,1.354000
2003-03-14,1.369000
2003-03-17,1.361000
2003-03-18,1.349000
2003-03-19,1.313000
2003-03-20,1.335000
2003-03-24,1.330000
2003-03-25,1.305000
2003-03-26,1.301000
2003-03-27,1.312000
2003-03-28,1.317000
2003-03-31,1.268000
2003-04-01,1.242000
2003-04-02,1.234000
2003-04-03,1.198000
2003-04-04,1.226000
2003-04-07,1.267000
2003-04-08,1.271000
2003-04-09,1.218000
2003-04-10,1.210000
2003-04-11,1.212000
2003-04-14,1.181000
2003-04-15,1.178000
2003-04-16,1.156000
2003-04-17,1.124000
2003-04-18,1.084000
2003-04-21,1.074000
2003-04-22,1.087000
2003-04-23,1.101000
2003-04-24,1.094000
2003-04-25,1.081000
2003-04-28,1.071000
2003-04-30,1.060000
2003-05-01,1.066000
2003-05-02,1.080000
2003-05-06,1.100000
2003-05-07,1.092000
2003-05-08,1.087000
2003-05-09,1.061000
2003-05-12,1.043000
2003-05-13,1.037000
2003-05-14,1.033000
2003-05-15,1.044000
2003-05-16,1.037000
2003-05-19,1.089000
2003-05-20,1.087000
2003-05-21,1.061000
2003-05-22,1.069000
2003-05-23,1.096000
2003-05-26,1.088000
2003-05-27,1.071000
2003-05-28,1.071000
2003-05-29,1.095000
2003-05-30,1.097000
2003-06-02,1.108000
2003-06-03,1.108000
2003-06-04,1.105000
2003-06-05,1.107000
2003-06-06,1.096000
2003-06-09,1.074000
2003-06-10,1.038000
2003-06-11,1.005000
2003-06-12,1.001000
2003-06-13,1.013000
2003-06-16,1.020000
2003-06-17,1.023000
2003-06-18,1.069000
2003-06-19,1.239000
2003-06-20,1.182000
2003-06-23,1.235000
2003-06-24,1.256000
2003-06-25,1.259000
2003-06-26,1.244000
2003-06-27,1.297000
2003-06-30,1.365000
2003-07-01,1.393000
2003-07-02,1.442000
2003-07-03,1.622000
2003-07-04,1.597000
2003-07-07,1.651000
2003-07-08,1.749000
2003-07-09,1.773000
2003-07-10,1.691000
2003-07-11,1.606000
2003-07-14,1.609000
2003-07-15,1.640000
2003-07-16,1.625000
2003-07-17,1.563000
2003-07-18,1.571000
2003-07-22,1.611000
2003-07-23,1.631000
2003-07-24,1.720000
2003-07-25,1.722000
2003-07-28,1.684000
2003-07-29,1.740000
2003-07-30,1.758000
2003-07-31,1.721000
2003-08-01,1.709000
2003-08-04,1.703000
2003-08-05,1.661000
2003-08-06,1.656000
2003-08-07,1.628000
2003-08-08,1.601000
2003-08-11,1.612000
2003-08-12,1.613000
2003-08-13,1.647000
2003-08-14,1.768000
2003-08-15,1.858000
2003-08-18,1.965000
2003-08-19,2.098000
2003-08-20,2.176000
2003-08-21,2.082000
2003-08-22,2.020000
2003-08-25,1.979000
2003-08-26,2.049000
2003-08-27,1.982000
2003-08-28,2.003000
2003-08-29,2.015000
2003-09-01,2.119000
2003-09-02,2.110000
2003-09-03,2.105000
2003-09-04,2.023000
2003-09-05,1.988000
2003-09-08,2.012000
2003-09-09,2.117000
2003-09-10,2.117000
2003-09-11,2.064000
2003-09-12,2.113000
2003-09-16,2.073000
2003-09-17,2.059000
2003-09-18,2.014000
2003-09-19,2.006000
2003-09-22,1.826000
2003-09-24,1.838000
2003-09-25,1.960000
2003-09-26,2.009000
2003-09-29,2.047000
2003-09-30,2.019000
2003-10-01,2.030000
2003-10-02,2.023000
2003-10-03,2.005000
2003-10-06,2.046000
2003-10-07,2.051000
2003-10-08,2.010000
2003-10-09,1.967000
2003-10-10,2.010000
2003-10-14,2.125000
2003-10-15,2.106000
2003-10-16,2.111000
2003-10-17,2.092000
2003-10-20,2.128000
2003-10-21,2.146000
2003-10-22,2.130000
2003-10-23,2.089000
2003-10-24,2.104000
2003-10-27,2.108000
2003-10-28,2.158000
2003-10-29,2.189000
2003-10-30,2.215000
2003-10-31,2.218000
2003-11-04,2.273000
2003-11-05,2.337000
2003-11-06,2.311000
2003-11-07,2.309000
2003-11-10,2.302000
2003-11-11,2.168000
2003-11-12,2.124000
2003-11-13,2.066000
2003-11-14,2.062000
2003-11-17,2.044000
2003-11-18,2.092000
2003-11-19,2.061000
2003-11-20,2.087000
2003-11-21,2.070000
2003-11-25,2.060000
2003-11-26,2.071000
2003-11-27,2.074000
2003-11-28,2.034000
2003-12-01,2.072000
2003-12-02,2.179000
2003-12-03,2.151000
2003-12-04,2.143000
2003-12-05,2.102000
2003-12-08,2.065000
2003-12-09,2.052000
2003-12-10,2.012000
2003-12-11,2.018000
2003-12-12,1.989000
2003-12-15,2.098000
2003-12-16,2.071000
2003-12-17,2.069000
2003-12-18,2.098000
2003-12-19,2.062000
2003-12-22,2.048000
2003-12-24,2.048000
2003-12-25,2.011000
2003-12-26,2.039000
2003-12-29,2.072000
2003-12-30,2.088000
2004-01-05,2.134000
2004-01-06,2.106000
2004-01-07,2.107000
2004-01-08,2.095000
2004-01-09,2.065000
2004-01-13,2.019000
2004-01-14,2.027000
2004-01-15,2.027000
2004-01-16,2.027000
2004-01-19,2.034000
2004-01-20,2.072000
2004-01-21,2.086000
2004-01-22,2.065000
2004-01-23,2.088000
2004-01-26,2.092000
2004-01-27,2.080000
2004-01-28,2.106000
2004-01-29,2.107000
2004-01-30,2.097000
2004-02-02,2.114000
2004-02-03,2.099000
2004-02-04,2.055000
2004-02-05,2.055000
2004-02-06,2.079000
2004-02-09,2.095000
2004-02-10,2.081000
2004-02-12,2.067000
2004-02-13,2.068000
2004-02-16,2.074000
2004-02-17,2.085000
2004-02-18,2.048000
2004-02-19,2.030000
2004-02-20,2.003000
2004-02-23,2.037000
2004-02-24,2.084000
2004-02-25,2.095000
2004-02-26,2.111000
2004-02-27,2.124000
2004-03-01,2.138000
2004-03-02,2.202000
2004-03-03,2.249000
2004-03-04,2.214000
2004-03-05,2.218000
2004-03-08,2.176000
2004-03-09,2.190000
2004-03-10,2.178000
2004-03-11,2.152000
2004-03-12,2.126000
2004-03-15,2.138000
2004-03-16,2.151000
2004-03-17,2.169000
2004-03-18,2.175000
2004-03-19,2.192000
2004-03-22,2.191000
2004-03-23,2.172000
2004-03-24,2.162000
2004-03-25,2.150000
2004-03-26,2.223000
2004-03-29,2.277000
2004-03-30,2.261000
2004-03-31,2.245000
2004-04-01,2.222000
2004-04-02,2.242000
2004-04-05,2.298000
2004-04-06,2.338000
2004-04-07,2.333000
2004-04-08,2.350000
2004-04-09,2.372000
2004-04-12,2.444000
2004-04-13,2.420000
2004-04-14,2.490000
2004-04-15,2.455000
2004-04-16,2.424000
2004-04-19,2.429000
2004-04-20,2.467000
2004-04-21,2.475000
2004-04-22,2.431000
2004-04-23,2.390000
2004-04-26,2.382000
2004-04-27,2.387000
2004-04-28,2.396000
2004-04-30,2.411000
2004-05-06,2.384000
2004-05-07,2.385000
2004-05-10,2.414000
2004-05-11,2.433000
2004-05-12,2.430000
2004-05-13,2.429000
2004-05-14,2.442000
2004-05-17,2.422000
2004-05-18,2.423000
2004-05-19,2.399000
2004-05-20,2.388000
2004-05-21,2.397000
2004-05-24,2.419000
2004-05-25,2.377000
2004-05-26,2.353000
2004-05-27,2.350000
2004-05-28,2.378000
2004-05-31,2.385000
2004-06-01,2.396000
2004-06-02,2.404000
2004-06-03,2.426000
2004-06-04,2.460000
2004-06-07,2.522000
2004-06-08,2.537000
2004-06-09,2.562000
2004-06-10,2.565000
2004-06-11,2.595000
2004-06-14,2.688000
2004-06-15,2.660000
2004-06-16,2.720000
2004-06-17,2.724000
2004-06-18,2.669000
2004-06-21,2.655000
2004-06-22,2.634000
2004-06-23,2.670000
2004-06-24,2.712000
2004-06-25,2.675000
2004-06-28,2.668000
2004-06-29,2.668000
2004-06-30,2.626000
2004-07-01,2.712000
2004-07-02,2.692000
2004-07-05,2.682000
2004-07-06,2.694000
2004-07-07,2.708000
2004-07-08,2.685000
2004-07-09,2.726000
2004-07-12,2.710000
2004-07-13,2.679000
2004-07-14,2.683000
2004-07-15,2.714000
2004-07-16,2.701000
2004-07-20,2.698000
2004-07-21,2.707000
2004-07-22,2.707000
2004-07-23,2.718000
2004-07-26,2.727000
2004-07-27,2.749000
2004-07-28,2.774000
2004-07-29,2.768000
2004-07-30,2.803000
2004-08-02,2.831000
2004-08-03,2.803000
2004-08-04,2.737000
2004-08-05,2.659000
2004-08-06,2.643000
2004-08-09,2.583000
2004-08-10,2.596000
2004-08-11,2.633000
2004-08-12,2.626000
2004-08-13,2.541000
2004-08-16,2.536000
2004-08-17,2.570000
2004-08-18,2.539000
2004-08-19,2.549000
2004-08-20,2.527000
2004-08-23,2.559000
2004-08-24,2.559000
2004-08-25,2.572000
2004-08-26,2.559000
2004-08-27,2.532000
2004-08-30,2.530000
2004-08-31,2.507000
2004-09-01,2.479000
2004-09-02,2.443000
2004-09-03,2.446000
2004-09-06,2.499000
2004-09-07,2.526000
2004-09-08,2.519000
2004-09-09,2.461000
2004-09-10,2.427000
2004-09-13,2.431000
2004-09-14,2.449000
2004-09-15,2.424000
2004-09-16,2.436000
2004-09-17,2.432000
2004-09-21,2.397000
2004-09-22,2.402000
2004-09-24,2.357000
2004-09-27,2.349000
2004-09-28,2.350000
2004-09-29,2.372000
2004-09-30,2.409000
2004-10-01,2.432000
2004-10-04,2.489000
2004-10-05,2.539000
2004-10-06,2.539000
2004-10-07,2.548000
2004-10-08,2.543000
2004-10-12,2.453000
2004-10-13,2.469000
2004-10-14,2.441000
2004-10-15,2.440000
2004-10-18,2.476000
2004-10-19,2.502000
2004-10-20,2.470000
2004-10-21,2.436000
2004-10-22,2.485000
2004-10-25,2.441000
2004-10-26,2.429000
2004-10-27,2.436000
2004-10-28,2.485000
2004-10-29,2.495000
2004-11-01,2.503000
2004-11-02,2.534000
2004-11-04,2.499000
2004-11-05,2.495000
2004-11-08,2.510000
2004-11-09,2.484000
2004-11-10,2.468000
2004-11-11,2.451000
2004-11-12,2.468000
2004-11-15,2.482000
2004-11-16,2.461000
2004-11-17,2.457000
2004-11-18,2.416000
2004-11-19,2.415000
2004-11-22,2.397000
2004-11-24,2.398000
2004-11-25,2.409000
2004-11-26,2.449000
2004-11-29,2.466000
2004-11-30,2.460000
2004-12-01,2.448000
2004-12-02,2.409000
2004-12-03,2.405000
2004-12-06,2.403000
2004-12-07,2.399000
2004-12-08,2.404000
2004-12-09,2.397000
2004-12-10,2.383000
2004-12-13,2.352000
2004-12-14,2.337000
2004-12-15,2.343000
2004-12-16,2.344000
2004-12-17,2.368000
2004-12-20,2.359000
2004-12-21,2.358000
2004-12-22,2.346000
2004-12-24,2.351000
2004-12-27,2.387000
2004-12-28,2.404000
2004-12-29,2.406000
2004-12-30,2.421000
2005-01-04,2.394000
2005-01-05,2.392000
2005-01-06,2.389000
2005-01-07,2.395000
2005-01-11,2.387000
2005-01-12,2.372000
2005-01-13,2.377000
2005-01-14,2.392000
2005-01-17,2.406000
2005-01-18,2.386000
2005-01-19,2.377000
2005-01-20,2.375000
2005-01-21,2.374000
2005-01-24,2.386000
2005-01-25,2.386000
2005-01-26,2.394000
2005-01-27,2.383000
2005-01-28,2.353000
2005-01-31,2.363000
2005-02-01,2.341000
2005-02-02,2.296000
2005-02-03,2.316000
2005-02-04,2.280000
2005-02-07,2.250000
2005-02-08,2.267000
2005-02-09,2.308000
2005-02-10,2.354000
2005-02-14,2.414000
2005-02-15,2.478000
2005-02-16,2.437000
2005-02-17,2.409000
2005-02-18,2.421000
2005-02-21,2.452000
2005-02-22,2.430000
2005-02-23,2.406000
2005-02-24,2.410000
2005-02-25,2.434000
2005-02-28,2.449000
2005-03-01,2.462000
2005-03-02,2.469000
2005-03-03,2.477000
2005-03-04,2.475000
2005-03-07,2.457000
2005-03-08,2.441000
2005-03-09,2.438000
2005-03-10,2.420000
2005-03-11,2.428000
2005-03-14,2.453000
2005-03-15,2.422000
2005-03-16,2.422000
2005-03-17,2.371000
2005-03-18,2.371000
2005-03-22,2.375000
2005-03-23,2.366000
2005-03-24,2.348000
2005-03-25,2.334000
2005-03-28,2.335000
2005-03-29,2.324000
2005-03-30,2.325000
2005-03-31,2.287000
2005-04-01,2.292000
2005-04-04,2.304000
2005-04-05,2.345000
2005-04-06,2.352000
2005-04-07,2.347000
2005-04-08,2.360000
2005-04-11,2.368000
2005-04-12,2.348000
2005-04-13,2.347000
2005-04-14,2.347000
2005-04-15,2.307000
2005-04-18,2.273000
2005-04-19,2.290000
2005-04-20,2.265000
2005-04-21,2.270000
2005-04-22,2.284000
2005-04-25,2.265000
2005-04-26,2.256000
2005-04-27,2.263000
2005-04-28,2.254000
2005-05-02,2.254000
2005-05-06,2.265000
2005-05-09,2.307000
2005-05-10,2.313000
2005-05-11,2.307000
2005-05-12,2.331000
2005-05-13,2.338000
2005-05-16,2.368000
2005-05-17,2.362000
2005-05-18,2.337000
2005-05-19,2.317000
2005-05-20,2.309000
2005-05-23,2.326000
2005-05-24,2.302000
2005-05-25,2.264000
2005-05-26,2.272000
2005-05-27,2.286000
2005-05-30,2.279000
2005-05-31,2.295000
2005-06-01,2.283000
2005-06-02,2.287000
2005-06-03,2.268000
2005-06-06,2.272000
2005-06-07,2.271000
2005-06-08,2.279000
2005-06-09,2.272000
2005-06-10,2.275000
2005-06-13,2.299000
2005-06-14,2.301000
2005-06-15,2.308000
2005-06-16,2.335000
2005-06-17,2.343000
2005-06-20,2.334000
2005-06-21,2.336000
2005-06-22,2.310000
2005-06-23,2.275000
2005-06-24,2.262000
2005-06-27,2.241000
2005-06-28,2.246000
2005-06-29,2.209000
2005-06-30,2.218000
2005-07-01,2.222000
2005-07-04,2.267000
2005-07-05,2.290000
2005-07-06,2.311000
2005-07-07,2.295000
2005-07-08,2.286000
2005-07-11,2.315000
2005-07-12,2.323000
2005-07-13,2.341000
2005-07-14,2.339000
2005-07-15,2.350000
2005-07-19,2.349000
2005-07-20,2.349000
2005-07-21,2.355000
2005-07-22,2.343000
2005-07-25,2.356000
2005-07-26,2.367000
2005-07-27,2.389000
2005-07-28,2.392000
2005-07-29,2.393000
2005-08-01,2.421000
2005-08-02,2.437000
2005-08-03,2.422000
2005-08-04,2.429000
2005-08-05,2.406000
2005-08-08,2.411000
2005-08-09,2.426000
2005-08-10,2.440000
2005-08-11,2.465000
2005-08-12,2.437000
2005-08-15,2.463000
2005-08-16,2.488000
2005-08-17,2.472000
2005-08-18,2.457000
2005-08-19,2.449000
2005-08-22,2.499000
2005-08-23,2.481000
2005-08-24,2.457000
2005-08-25,2.465000
2005-08-26,2.439000
2005-08-29,2.398000
2005-08-30,2.410000
2005-08-31,2.387000
2005-09-01,2.386000
2005-09-02,2.365000
2005-09-05,2.372000
2005-09-06,2.360000
2005-09-07,2.362000
2005-09-08,2.382000
2005-09-09,2.395000
2005-09-12,2.411000
2005-09-13,2.415000
2005-09-14,2.413000
2005-09-15,2.384000
2005-09-16,2.393000
2005-09-20,2.389000
2005-09-21,2.392000
2005-09-22,2.377000
2005-09-26,2.386000
2005-09-27,2.391000
2005-09-28,2.407000
2005-09-29,2.435000
2005-09-30,2.408000
2005-10-03,2.426000
2005-10-04,2.458000
2005-10-05,2.398000
2005-10-06,2.385000
2005-10-07,2.423000
2005-10-11,2.459000
2005-10-12,2.482000
2005-10-13,2.521000
2005-10-14,2.519000
2005-10-17,2.505000
2005-10-18,2.509000
2005-10-19,2.461000
2005-10-20,2.446000
2005-10-21,2.406000
2005-10-24,2.392000
2005-10-25,2.408000
2005-10-26,2.484000
2005-10-27,2.432000
2005-10-28,2.420000
2005-10-31,2.420000
2005-11-01,2.408000
2005-11-02,2.369000
2005-11-04,2.368000
2005-11-07,2.409000
2005-11-08,2.415000
2005-11-09,2.378000
2005-11-10,2.385000
2005-11-11,2.410000
2005-11-14,2.404000
2005-11-15,2.356000
2005-11-16,2.390000
2005-11-17,2.360000
2005-11-18,2.388000
2005-11-21,2.428000
2005-11-22,2.417000
2005-11-24,2.379000
2005-11-25,2.375000
2005-11-28,2.399000
2005-11-29,2.400000
2005-11-30,2.388000
2005-12-01,2.403000
2005-12-02,2.406000
2005-12-05,2.414000
2005-12-06,2.411000
2005-12-07,2.379000
2005-12-08,2.384000
2005-12-09,2.420000
2005-12-12,2.451000
2005-12-13,2.427000
2005-12-14,2.406000
2005-12-15,2.390000
2005-12-16,2.396000
2005-12-19,2.398000
2005-12-20,2.383000
2005-12-21,2.390000
2005-12-22,2.388000
2005-12-26,2.365000
2005-12-27,2.334000
2005-12-28,2.358000
2005-12-29,2.338000
2005-12-30,2.306000
2006-01-04,2.283000
2006-01-05,2.285000
2006-01-06,2.315000
2006-01-10,2.297000
2006-01-11,2.320000
2006-01-12,2.286000
2006-01-13,2.302000
2006-01-16,2.320000
2006-01-17,2.308000
2006-01-18,2.322000
2006-01-19,2.340000
2006-01-20,2.348000
2006-01-23,2.324000
2006-01-24,2.317000
2006-01-25,2.321000
2006-01-26,2.349000
2006-01-27,2.371000
2006-01-30,2.381000
2006-01-31,2.381000
2006-02-01,2.353000
2006-02-02,2.350000
2006-02-03,2.374000
2006-02-06,2.326000
2006-02-07,2.318000
2006-02-08,2.325000
2006-02-09,2.332000
2006-02-10,2.341000
2006-02-13,2.285000
2006-02-14,2.301000
2006-02-15,2.251000
2006-02-16,2.232000
2006-02-17,2.171000
2006-02-20,2.180000
2006-02-21,2.207000
2006-02-22,2.223000
2006-02-23,2.248000
2006-02-24,2.248000
2006-02-27,2.253000
2006-02-28,2.237000
2006-03-01,2.254000
2006-03-02,2.290000
2006-03-03,2.264000
2006-03-06,2.267000
2006-03-07,2.263000
2006-03-08,2.221000
2006-03-09,2.221000
2006-03-10,2.275000
2006-03-13,2.301000
2006-03-14,2.293000
2006-03-15,2.325000
2006-03-16,2.324000
2006-03-17,2.311000
2006-03-20,2.306000
2006-03-22,2.284000
2006-03-23,2.263000
2006-03-24,2.253000
2006-03-27,2.218000
2006-03-28,2.227000
2006-03-29,2.263000
2006-03-30,2.254000
2006-03-31,2.247000
2006-04-03,2.313000
2006-04-04,2.343000
2006-04-05,2.389000
2006-04-06,2.425000
2006-04-07,2.425000
2006-04-10,2.450000
2006-04-11,2.486000
2006-04-12,2.496000
2006-04-13,2.544000
2006-04-14,2.571000
2006-04-17,2.577000
2006-04-18,2.548000
2006-04-19,2.441000
2006-04-20,2.449000
2006-04-21,2.468000
2006-04-24,2.457000
2006-04-25,2.466000
2006-04-26,2.478000
2006-04-27,2.482000
2006-04-28,2.452000
2006-05-01,2.429000
2006-05-02,2.457000
2006-05-08,2.481000
2006-05-09,2.463000
2006-05-10,2.469000
2006-05-11,2.430000
2006-05-12,2.461000
2006-05-15,2.478000
2006-05-16,2.454000
2006-05-17,2.421000
2006-05-18,2.440000
2006-05-19,2.426000
2006-05-22,2.370000
2006-05-23,2.349000
2006-05-24,2.373000
2006-05-25,2.388000
2006-05-26,2.389000
2006-05-29,2.414000
2006-05-30,2.391000
2006-05-31,2.381000
2006-06-01,2.470000
2006-06-02,2.440000
2006-06-05,2.415000
2006-06-06,2.464000
2006-06-07,2.430000
2006-06-08,2.439000
2006-06-09,2.451000
2006-06-12,2.442000
2006-06-13,2.398000
2006-06-14,2.433000
2006-06-15,2.469000
2006-06-16,2.484000
2006-06-19,2.483000
2006-06-20,2.499000
2006-06-21,2.477000
2006-06-22,2.481000
2006-06-23,2.493000
2006-06-26,2.504000
2006-06-27,2.512000
2006-06-28,2.513000
2006-06-29,2.516000
2006-06-30,2.520000
2006-07-03,2.553000
2006-07-04,2.585000
2006-07-05,2.593000
2006-07-06,2.588000
2006-07-07,2.568000
2006-07-10,2.571000
2006-07-11,2.572000
2006-07-12,2.562000
2006-07-13,2.525000
2006-07-14,2.487000
2006-07-18,2.491000
2006-07-19,2.508000
2006-07-20,2.487000
2006-07-21,2.498000
2006-07-24,2.527000
2006-07-25,2.535000
2006-07-26,2.514000
2006-07-27,2.521000
2006-07-28,2.560000
2006-07-31,2.565000
2006-08-01,2.560000
2006-08-02,2.520000
2006-08-03,2.495000
2006-08-04,2.492000
2006-08-07,2.451000
2006-08-08,2.448000
2006-08-09,2.443000
2006-08-10,2.500000
2006-08-11,2.465000
2006-08-14,2.495000
2006-08-15,2.473000
2006-08-16,2.451000
2006-08-17,2.446000
2006-08-18,2.474000
2006-08-21,2.447000
2006-08-22,2.443000
2006-08-23,2.441000
2006-08-24,2.434000
2006-08-25,2.377000
2006-08-28,2.382000
2006-08-29,2.398000
2006-08-30,2.392000
2006-08-31,2.402000
2006-09-01,2.407000
2006-09-04,2.417000
2006-09-05,2.406000
2006-09-06,2.387000
2006-09-07,2.389000
2006-09-08,2.401000
2006-09-11,2.377000
2006-09-12,2.396000
2006-09-13,2.385000
2006-09-14,2.388000
2006-09-15,2.382000
2006-09-19,2.416000
2006-09-20,2.411000
2006-09-21,2.439000
2006-09-22,2.381000
2006-09-25,2.399000
2006-09-26,2.410000
2006-09-27,2.435000
2006-09-28,2.426000
2006-09-29,2.445000
2006-10-02,2.488000
2006-10-03,2.471000
2006-10-04,2.496000
2006-10-05,2.497000
2006-10-06,2.495000
2006-10-10,2.504000
2006-10-11,2.504000
2006-10-12,2.508000
2006-10-13,2.508000
2006-10-16,2.511000
2006-10-17,2.518000
2006-10-18,2.514000
2006-10-19,2.505000
2006-10-20,2.500000
2006-10-23,2.525000
2006-10-24,2.517000
2006-10-25,2.500000
2006-10-26,2.467000
2006-10-27,2.454000
2006-10-30,2.442000
2006-10-31,2.444000
2006-11-01,2.432000
2006-11-02,2.422000
2006-11-06,2.455000
2006-11-07,2.455000
2006-11-08,2.442000
2006-11-09,2.431000
2006-11-10,2.419000
2006-11-13,2.407000
2006-11-14,2.446000
2006-11-15,2.422000
2006-11-16,2.421000
2006-11-17,2.430000
2006-11-20,2.417000
2006-11-21,2.410000
2006-11-22,2.384000
2006-11-24,2.369000
2006-11-27,2.365000
2006-11-28,2.367000
2006-11-29,2.381000
2006-11-30,2.349000
2006-12-01,2.290000
2006-12-04,2.286000
2006-12-05,2.276000
2006-12-06,2.249000
2006-12-07,2.264000
2006-12-08,2.284000
2006-12-11,2.267000
2006-12-12,2.272000
2006-12-13,2.249000
2006-12-14,2.262000
2006-12-15,2.297000
2006-12-18,2.308000
2006-12-19,2.269000
2006-12-20,2.235000
2006-12-21,2.242000
2006-12-22,2.240000
2006-12-25,2.241000
2006-12-26,2.227000
2006-12-27,2.261000
2006-12-28,2.289000
2006-12-29,2.299000
2007-01-04,2.332000
2007-01-05,2.324000
2007-01-09,2.350000
2007-01-10,2.374000
2007-01-11,2.361000
2007-01-12,2.374000
2007-01-15,2.376000
2007-01-16,2.375000
2007-01-17,2.349000
2007-01-18,2.371000
2007-01-19,2.342000
2007-01-22,2.353000
2007-01-23,2.364000
2007-01-24,2.369000
2007-01-25,2.363000
2007-01-26,2.379000
2007-01-29,2.418000
2007-01-30,2.409000
2007-01-31,2.391000
2007-02-01,2.379000
2007-02-02,2.374000
2007-02-05,2.372000
2007-02-06,2.394000
2007-02-07,2.391000
2007-02-08,2.391000
2007-02-09,2.363000
2007-02-13,2.390000
2007-02-14,2.382000
2007-02-15,2.398000
2007-02-16,2.376000
2007-02-19,2.382000
2007-02-20,2.383000
2007-02-21,2.368000
2007-02-22,2.328000
2007-02-23,2.316000
2007-02-26,2.300000
2007-02-27,2.290000
2007-02-28,2.284000
2007-03-01,2.304000
2007-03-02,2.309000
2007-03-05,2.257000
2007-03-06,2.268000
2007-03-07,2.276000
2007-03-08,2.269000
2007-03-09,2.269000
2007-03-12,2.281000
2007-03-13,2.283000
2007-03-14,2.258000
2007-03-15,2.291000
2007-03-16,2.294000
2007-03-19,2.286000
2007-03-20,2.271000
2007-03-22,2.252000
2007-03-23,2.281000
2007-03-26,2.329000
2007-03-27,2.345000
2007-03-28,2.360000
2007-03-29,2.338000
2007-03-30,2.338000
2007-04-02,2.341000
2007-04-03,2.347000
2007-04-04,2.366000
2007-04-05,2.356000
2007-04-06,2.354000
2007-04-09,2.360000
2007-04-10,2.351000
2007-04-11,2.331000
2007-04-12,2.359000
2007-04-13,2.363000
2007-04-16,2.385000
2007-04-17,2.352000
2007-04-18,2.360000
2007-04-19,2.335000
2007-04-20,2.343000
2007-04-23,2.335000
2007-04-24,2.339000
2007-04-25,2.323000
2007-04-26,2.323000
2007-04-27,2.298000
2007-05-01,2.290000
2007-05-02,2.302000
2007-05-07,2.319000
2007-05-08,2.323000
2007-05-09,2.339000
2007-05-10,2.341000
2007-05-11,2.324000
2007-05-14,2.332000
2007-05-15,2.335000
2007-05-16,2.327000
2007-05-17,2.294000
2007-05-18,2.302000
2007-05-21,2.311000
2007-05-22,2.298000
2007-05-23,2.332000
2007-05-24,2.346000
2007-05-25,2.356000
2007-05-28,2.360000
2007-05-29,2.372000
2007-05-30,2.339000
2007-05-31,2.348000
2007-06-01,2.356000
2007-06-04,2.376000
2007-06-05,2.397000
2007-06-06,2.385000
2007-06-07,2.402000
2007-06-08,2.410000
2007-06-11,2.431000
2007-06-12,2.450000
2007-06-13,2.485000
2007-06-14,2.501000
2007-06-15,2.516000
2007-06-18,2.479000
2007-06-19,2.496000
2007-06-20,2.481000
2007-06-21,2.511000
2007-06-22,2.495000
2007-06-25,2.486000
2007-06-26,2.486000
2007-06-27,2.475000
2007-06-28,2.503000
2007-06-29,2.463000
2007-07-02,2.467000
2007-07-03,2.474000
2007-07-04,2.498000
2007-07-05,2.510000
2007-07-06,2.514000
2007-07-09,2.533000
2007-07-10,2.546000
2007-07-11,2.486000
2007-07-12,2.514000
2007-07-13,2.541000
2007-07-17,2.543000
2007-07-18,2.529000
2007-07-19,2.522000
2007-07-20,2.507000
2007-07-23,2.491000
2007-07-24,2.509000
2007-07-25,2.497000
2007-07-26,2.490000
2007-07-27,2.421000
2007-07-30,2.454000
2007-07-31,2.445000
2007-08-01,2.414000
2007-08-02,2.454000
2007-08-03,2.430000
2007-08-06,2.405000
2007-08-07,2.386000
2007-08-08,2.405000
2007-08-09,2.421000
2007-08-10,2.390000
2007-08-13,2.425000
2007-08-14,2.421000
2007-08-15,2.378000
2007-08-16,2.398000
2007-08-17,2.369000
2007-08-20,2.356000
2007-08-21,2.349000
2007-08-22,2.361000
2007-08-23,2.348000
2007-08-24,2.342000
2007-08-27,2.360000
2007-08-28,2.379000
2007-08-29,2.359000
2007-08-30,2.355000
2007-08-31,2.361000
2007-09-03,2.390000
2007-09-04,2.376000
2007-09-05,2.366000
2007-09-06,2.365000
2007-09-07,2.346000
2007-09-10,2.322000
2007-09-11,2.351000
2007-09-12,2.353000
2007-09-13,2.362000
2007-09-14,2.359000
2007-09-18,2.355000
2007-09-19,2.393000
2007-09-20,2.418000
2007-09-21,2.454000
2007-09-25,2.454000
2007-09-26,2.431000
2007-09-27,2.464000
2007-09-28,2.433000
2007-10-01,2.429000
2007-10-02,2.445000
2007-10-03,2.441000
2007-10-04,2.453000
2007-10-05,2.441000
2007-10-09,2.448000
2007-10-10,2.461000
2007-10-11,2.477000
2007-10-12,2.462000
2007-10-15,2.491000
2007-10-16,2.457000
2007-10-17,2.443000
2007-10-18,2.444000
2007-10-19,2.430000
2007-10-22,2.412000
2007-10-23,2.415000
2007-10-24,2.404000
2007-10-25,2.436000
2007-10-26,2.457000
2007-10-29,2.457000
2007-10-30,2.473000
2007-10-31,2.449000
2007-11-01,2.470000
2007-11-02,2.403000
2007-11-05,2.379000
2007-11-06,2.378000
2007-11-07,2.383000
2007-11-08,2.374000
2007-11-09,2.368000
2007-11-12,2.352000
2007-11-13,2.322000
2007-11-14,2.339000
2007-11-15,2.330000
2007-11-16,2.312000
2007-11-19,2.305000
2007-11-20,2.301000
2007-11-21,2.277000
2007-11-22,2.258000
2007-11-26,2.307000
2007-11-27,2.344000
2007-11-28,2.366000
2007-11-29,2.357000
2007-11-30,2.332000
2007-12-03,2.318000
2007-12-04,2.302000
2007-12-05,2.336000
2007-12-06,2.388000
2007-12-07,2.400000
2007-12-10,2.400000
2007-12-11,2.413000
2007-12-12,2.362000
2007-12-13,2.371000
2007-12-14,2.400000
2007-12-17,2.401000
2007-12-18,2.401000
2007-12-19,2.363000
2007-12-20,2.374000
2007-12-21,2.396000
2007-12-25,2.421000
2007-12-26,2.403000
2007-12-27,2.401000
2007-12-28,2.360000
2008-01-04,2.339000
2008-01-07,2.346000
2008-01-08,2.355000
2008-01-09,2.370000
2008-01-10,2.371000
2008-01-11,2.379000
2008-01-15,2.371000
2008-01-16,2.343000
2008-01-17,2.355000
2008-01-18,2.347000
2008-01-21,2.339000
2008-01-22,2.311000
2008-01-23,2.339000
2008-01-24,2.383000
2008-01-25,2.426000
2008-01-28,2.373000
2008-01-29,2.401000
2008-01-30,2.359000
2008-01-31,2.375000
2008-02-01,2.356000
2008-02-04,2.370000
2008-02-05,2.366000
2008-02-06,2.335000
2008-02-07,2.353000
2008-02-08,2.373000
2008-02-12,2.358000
2008-02-13,2.370000
2008-02-14,2.379000
2008-02-15,2.368000
2008-02-18,2.365000
2008-02-19,2.378000
2008-02-20,2.348000
2008-02-21,2.377000
2008-02-22,2.363000
2008-02-25,2.389000
2008-02-26,2.375000
2008-02-27,2.359000
2008-02-28,2.335000
2008-02-29,2.291000
2008-03-03,2.292000
2008-03-04,2.316000
2008-03-05,2.326000
2008-03-06,2.342000
2008-03-07,2.375000
2008-03-10,2.389000
2008-03-11,2.376000
2008-03-12,2.392000
2008-03-13,2.396000
2008-03-14,2.437000
2008-03-17,2.539000
2008-03-18,2.475000
2008-03-19,2.423000
2008-03-21,2.367000
2008-03-24,2.332000
2008-03-25,2.313000
2008-03-26,2.342000
2008-03-27,2.359000
2008-03-28,2.376000
2008-03-31,2.399000
2008-04-01,2.455000
2008-04-02,2.448000
2008-04-03,2.423000
2008-04-04,2.395000
2008-04-07,2.387000
2008-04-08,2.389000
2008-04-09,2.406000
2008-04-10,2.419000
2008-04-11,2.443000
2008-04-14,2.438000
2008-04-15,2.427000
2008-04-16,2.427000
2008-04-17,2.443000
2008-04-18,2.439000
2008-04-21,2.455000
2008-04-22,2.441000
2008-04-23,2.425000
2008-04-24,2.441000
2008-04-25,2.491000
2008-04-28,2.470000
2008-04-30,2.462000
2008-05-01,2.471000
2008-05-02,2.495000
2008-05-07,2.497000
2008-05-08,2.493000
2008-05-09,2.444000
2008-05-12,2.452000
2008-05-13,2.426000
2008-05-14,2.460000
2008-05-15,2.468000
2008-05-16,2.492000
2008-05-19,2.486000
2008-05-20,2.480000
2008-05-21,2.477000
2008-05-22,2.520000
2008-05-23,2.546000
2008-05-26,2.548000
2008-05-27,2.534000
2008-05-28,2.501000
2008-05-29,2.508000
2008-05-30,2.488000
2008-06-02,2.520000
2008-06-03,2.496000
2008-06-04,2.533000
2008-06-05,2.524000
2008-06-06,2.533000
2008-06-09,2.479000
2008-06-10,2.500000
2008-06-11,2.519000
2008-06-12,2.506000
2008-06-13,2.547000
2008-06-16,2.576000
2008-06-17,2.579000
2008-06-18,2.547000
2008-06-19,2.547000
2008-06-20,2.514000
2008-06-23,2.486000
2008-06-24,2.450000
2008-06-25,2.444000
2008-06-26,2.441000
2008-06-27,2.417000
2008-06-30,2.406000
2008-07-01,2.460000
2008-07-02,2.426000
2008-07-03,2.438000
2008-07-04,2.422000
2008-07-07,2.445000
2008-07-08,2.391000
2008-07-09,2.380000
2008-07-10,2.383000
2008-07-11,2.420000
2008-07-14,2.418000
2008-07-15,2.401000
2008-07-16,2.422000
2008-07-17,2.458000
2008-07-18,2.446000
2008-07-22,2.471000
2008-07-23,2.487000
2008-07-24,2.475000
2008-07-25,2.440000
2008-07-28,2.438000
2008-07-29,2.421000
2008-07-30,2.421000
2008-07-31,2.428000
2008-08-01,2.421000
2008-08-04,2.393000
2008-08-05,2.393000
2008-08-06,2.365000
2008-08-07,2.364000
2008-08-08,2.339000
2008-08-11,2.310000
2008-08-12,2.293000
2008-08-13,2.293000
2008-08-14,2.276000
2008-08-15,2.310000
2008-08-18,2.317000
2008-08-19,2.322000
2008-08-20,2.342000
2008-08-21,2.326000
2008-08-22,2.367000
2008-08-25,2.367000
2008-08-26,2.367000
2008-08-27,2.377000
2008-08-28,2.352000
2008-08-29,2.321000
2008-09-01,2.351000
2008-09-02,2.335000
2008-09-03,2.310000
2008-09-04,2.330000
2008-09-05,2.297000
2008-09-08,2.322000
2008-09-09,2.294000
2008-09-10,2.299000
2008-09-11,2.299000
2008-09-12,2.330000
2008-09-16,2.299000
2008-09-17,2.300000
2008-09-18,2.323000
2008-09-19,2.318000
2008-09-22,2.321000
2008-09-24,2.291000
2008-09-25,2.286000
2008-09-26,2.272000
2008-09-29,2.307000
2008-09-30,2.318000
2008-10-01,2.338000
2008-10-02,2.351000
2008-10-03,2.326000
2008-10-06,2.252000
2008-10-07,2.296000
2008-10-08,2.211000
2008-10-09,2.236000
2008-10-10,2.158000
2008-10-14,2.287000
2008-10-15,2.268000
2008-10-16,2.297000
2008-10-17,2.335000
2008-10-20,2.362000
2008-10-21,2.367000
2008-10-22,2.351000
2008-10-23,2.296000
2008-10-24,2.269000
2008-10-27,2.303000
2008-10-28,2.304000
2008-10-29,2.299000
2008-10-30,2.283000
2008-10-31,2.251000
2008-11-04,2.286000
2008-11-05,2.300000
2008-11-06,2.291000
2008-11-07,2.275000
2008-11-10,2.265000
2008-11-11,2.245000
2008-11-12,2.253000
2008-11-13,2.226000
2008-11-14,2.229000
2008-11-17,2.261000
2008-11-18,2.302000
2008-11-19,2.285000
2008-11-20,2.269000
2008-11-21,2.243000
2008-11-25,2.239000
2008-11-26,2.210000
2008-11-27,2.188000
2008-11-28,2.212000
2008-12-01,2.222000
2008-12-02,2.165000
2008-12-03,2.206000
2008-12-04,2.210000
2008-12-05,2.196000
2008-12-08,2.227000
2008-12-09,2.250000
2008-12-10,2.258000
2008-12-11,2.269000
2008-12-12,2.256000
2008-12-15,2.252000
2008-12-16,2.242000
2008-12-17,2.191000
2008-12-18,2.145000
2008-12-19,2.092000
2008-12-22,2.011000
2008-12-24,1.956000
2008-12-25,1.946000
2008-12-26,1.886000
2008-12-29,1.847000
2008-12-30,1.825000
2009-01-05,1.886000
2009-01-06,1.950000
2009-01-07,1.978000
2009-01-08,2.025000
2009-01-09,1.995000
2009-01-13,1.950000
2009-01-14,1.989000
2009-01-15,1.967000
2009-01-16,1.969000
2009-01-19,1.989000
2009-01-20,1.938000
2009-01-21,1.953000
2009-01-22,1.976000
2009-01-23,1.995000
2009-01-26,1.994000
2009-01-27,2.017000
2009-01-28,2.005000
2009-01-29,2.005000
2009-01-30,2.005000
2009-02-02,1.989000
2009-02-03,1.975000
2009-02-04,2.023000
2009-02-05,2.009000
2009-02-06,2.035000
2009-02-09,2.037000
2009-02-10,2.013000
2009-02-12,1.965000
2009-02-13,1.967000
2009-02-16,1.985000
2009-02-17,1.987000
2009-02-18,1.970000
2009-02-19,1.979000
2009-02-20,1.995000
2009-02-23,1.988000
2009-02-24,1.995000
2009-02-25,2.017000
2009-02-26,2.034000
2009-02-27,2.026000
2009-03-02,2.044000
2009-03-03,2.044000
2009-03-04,2.029000
2009-03-05,2.029000
2009-03-06,2.024000
2009-03-09,2.048000
2009-03-10,2.039000
2009-03-11,2.040000
2009-03-12,2.036000
2009-03-13,2.036000
2009-03-16,2.037000
2009-03-17,2.065000
2009-03-18,2.088000
2009-03-19,2.074000
2009-03-23,2.072000
2009-03-24,2.060000
2009-03-25,2.073000
2009-03-26,2.103000
2009-03-27,2.081000
2009-03-30,2.077000
2009-03-31,2.085000
2009-04-01,2.085000
2009-04-02,2.097000
2009-04-03,2.128000
2009-04-06,2.184000
2009-04-07,2.154000
2009-04-08,2.175000
2009-04-09,2.195000
2009-04-10,2.216000
2009-04-13,2.240000
2009-04-14,2.244000
2009-04-15,2.224000
2009-04-16,2.242000
2009-04-17,2.238000
2009-04-20,2.257000
2009-04-21,2.254000
2009-04-22,2.224000
2009-04-23,2.240000
2009-04-24,2.241000
2009-04-27,2.230000
2009-04-28,2.181000
2009-04-30,2.170000
2009-05-01,2.151000
2009-05-07,2.179000
2009-05-08,2.191000
2009-05-11,2.209000
2009-05-12,2.224000
2009-05-13,2.238000
2009-05-14,2.209000
2009-05-15,2.209000
2009-05-18,2.178000
2009-05-19,2.205000
2009-05-20,2.217000
2009-05-21,2.229000
2009-05-22,2.230000
2009-05-25,2.234000
2009-05-26,2.218000
2009-05-27,2.221000
2009-05-28,2.230000
2009-05-29,2.253000
2009-06-01,2.269000
2009-06-02,2.297000
2009-06-03,2.301000
2009-06-04,2.281000
2009-06-05,2.266000
2009-06-08,2.273000
2009-06-09,2.277000
2009-06-10,2.285000
2009-06-11,2.301000
2009-06-12,2.285000
2009-06-15,2.301000
2009-06-16,2.273000
2009-06-17,2.260000
2009-06-18,2.248000
2009-06-19,2.244000
2009-06-22,2.277000
2009-06-23,2.250000
2009-06-24,2.223000
2009-06-25,2.238000
2009-06-26,2.238000
2009-06-29,2.223000
2009-06-30,2.197000
2009-07-01,2.176000
2009-07-02,2.204000
2009-07-03,2.188000
2009-07-06,2.176000
2009-07-07,2.155000
2009-07-08,2.143000
2009-07-09,2.155000
2009-07-10,2.172000
2009-07-13,2.171000
2009-07-14,2.197000
2009-07-15,2.202000
2009-07-16,2.218000
2009-07-17,2.197000
2009-07-21,2.238000
2009-07-22,2.255000
2009-07-23,2.287000
2009-07-24,2.307000
2009-07-27,2.307000
2009-07-28,2.296000
2009-07-29,2.276000
2009-07-30,2.299000
2009-07-31,2.320000
2009-08-03,2.320000
2009-08-04,2.338000
2009-08-05,2.320000
2009-08-06,2.311000
2009-08-07,2.316000
2009-08-10,2.350000
2009-08-11,2.353000
2009-08-12,2.332000
2009-08-13,2.307000
2009-08-14,2.285000
2009-08-17,2.261000
2009-08-18,2.268000
2009-08-19,2.283000
2009-08-20,2.295000
2009-08-21,2.268000
2009-08-24,2.283000
2009-08-25,2.272000
2009-08-26,2.251000
2009-08-27,2.235000
2009-08-28,2.235000
2009-08-31,2.238000
2009-09-01,2.236000
2009-09-02,2.226000
2009-09-03,2.201000
2009-09-04,2.203000
2009-09-07,2.239000
2009-09-08,2.227000
2009-09-09,2.226000
2009-09-10,2.231000
2009-09-11,2.209000
2009-09-14,2.198000
2009-09-15,2.213000
2009-09-16,2.227000
2009-09-17,2.232000
2009-09-18,2.218000
2009-09-24,2.199000
2009-09-25,2.190000
2009-09-28,2.168000
2009-09-29,2.190000
2009-09-30,2.214000
2009-10-01,2.222000
2009-10-02,2.196000
2009-10-05,2.198000
2009-10-06,2.183000
2009-10-07,2.189000
2009-10-08,2.162000
2009-10-09,2.171000
2009-10-13,2.184000
2009-10-14,2.191000
2009-10-15,2.212000
2009-10-16,2.242000
2009-10-19,2.232000
2009-10-20,2.261000
2009-10-21,2.270000
2009-10-22,2.282000
2009-10-23,2.252000
2009-10-26,2.277000
2009-10-27,2.269000
2009-10-28,2.273000
2009-10-29,2.269000
2009-10-30,2.257000
2009-11-02,2.215000
2009-11-04,2.224000
2009-11-05,2.243000
2009-11-06,2.246000
2009-11-09,2.262000
2009-11-10,2.276000
2009-11-11,2.241000
2009-11-12,2.238000
2009-11-13,2.227000
2009-11-16,2.222000
2009-11-17,2.202000
2009-11-18,2.207000
2009-11-19,2.190000
2009-11-20,2.185000
2009-11-24,2.181000
2009-11-25,2.194000
2009-11-26,2.179000
2009-11-27,2.154000
2009-11-30,2.163000
2009-12-01,2.116000
2009-12-02,2.114000
2009-12-03,2.145000
2009-12-04,2.187000
2009-12-07,2.195000
2009-12-08,2.205000
2009-12-09,2.191000
2009-12-10,2.191000
2009-12-11,2.231000
2009-12-14,2.236000
2009-12-15,2.249000
2009-12-16,2.271000
2009-12-17,2.253000
2009-12-18,2.228000
2009-12-21,2.215000
2009-12-22,2.252000
2009-12-24,2.259000
2009-12-25,2.259000
2009-12-28,2.280000
2009-12-29,2.271000
2009-12-30,2.255000
2010-01-04,2.266000
2010-01-05,2.275000
2010-01-06,2.280000
2010-01-07,2.294000
2010-01-08,2.297000
2010-01-12,2.293000
2010-01-13,2.283000
2010-01-14,2.268000
2010-01-15,2.265000
2010-01-18,2.268000
2010-01-19,2.284000
2010-01-20,2.289000
2010-01-21,2.289000
2010-01-22,2.281000
2010-01-25,2.286000
2010-01-26,2.270000
2010-01-27,2.267000
2010-01-28,2.266000
2010-01-29,2.274000
2010-02-01,2.282000
2010-02-02,2.298000
2010-02-03,2.306000
2010-02-04,2.309000
2010-02-05,2.301000
2010-02-08,2.298000
2010-02-09,2.292000
2010-02-10,2.298000
2010-02-12,2.294000
2010-02-15,2.306000
2010-02-16,2.316000
2010-02-17,2.312000
2010-02-18,2.309000
2010-02-19,2.318000
2010-02-22,2.317000
2010-02-23,2.305000
2010-02-24,2.305000
2010-02-25,2.292000
2010-02-26,2.280000
2010-03-01,2.285000
2010-03-02,2.290000
2010-03-03,2.293000
2010-03-04,2.300000
2010-03-05,2.297000
2010-03-08,2.302000
2010-03-09,2.292000
2010-03-10,2.284000
2010-03-11,2.288000
2010-03-12,2.285000
2010-03-15,2.288000
2010-03-16,2.300000
2010-03-17,2.305000
2010-03-18,2.300000
2010-03-19,2.293000
2010-03-23,2.275000
2010-03-24,2.263000
2010-03-25,2.267000
2010-03-26,2.267000
2010-03-29,2.296000
2010-03-30,2.304000
2010-03-31,2.292000
2010-04-01,2.266000
2010-04-02,2.238000
2010-04-05,2.238000
2010-04-06,2.253000
2010-04-07,2.259000
2010-04-08,2.226000
2010-04-09,2.230000
2010-04-12,2.238000
2010-04-13,2.234000
2010-04-14,2.238000
2010-04-15,2.238000
2010-04-16,2.229000
2010-04-19,2.217000
2010-04-20,2.221000
2010-04-21,2.225000
2010-04-22,2.209000
2010-04-23,2.196000
2010-04-26,2.192000
2010-04-27,2.175000
2010-04-28,2.165000
2010-04-30,2.150000
2010-05-06,2.137000
2010-05-07,2.157000
2010-05-10,2.170000
2010-05-11,2.183000
2010-05-12,2.175000
2010-05-13,2.183000
2010-05-14,2.191000
2010-05-17,2.191000
2010-05-18,2.204000
2010-05-19,2.208000
2010-05-20,2.163000
2010-05-21,2.119000
2010-05-24,2.129000
2010-05-25,2.110000
2010-05-26,2.073000
2010-05-27,2.107000
2010-05-28,2.103000
2010-05-31,2.116000
2010-06-01,2.125000
2010-06-02,2.116000
2010-06-03,2.108000
2010-06-04,2.120000
2010-06-07,2.086000
2010-06-08,2.099000
2010-06-09,2.082000
2010-06-10,2.078000
2010-06-11,2.086000
2010-06-14,2.077000
2010-06-15,2.086000
2010-06-16,2.093000
2010-06-17,2.099000
2010-06-18,2.085000
2010-06-21,2.099000
2010-06-22,2.068000
2010-06-23,2.042000
2010-06-24,1.999000
2010-06-25,1.989000
2010-06-28,2.001000
2010-06-29,1.970000
2010-06-30,1.931000
2010-07-01,1.890000
2010-07-02,1.890000
2010-07-05,1.908000
2010-07-06,1.937000
2010-07-07,1.967000
2010-07-08,1.989000
2010-07-09,2.012000
2010-07-12,1.964000
2010-07-13,1.959000
2010-07-14,1.969000
2010-07-15,1.916000
2010-07-16,1.916000
2010-07-20,1.924000
2010-07-21,1.933000
2010-07-22,1.902000
2010-07-23,1.893000
2010-07-26,1.871000
2010-07-27,1.849000
2010-07-28,1.876000
2010-07-29,1.867000
2010-07-30,1.852000
2010-08-02,1.817000
2010-08-03,1.799000
2010-08-04,1.754000
2010-08-05,1.784000
2010-08-06,1.813000
2010-08-09,1.758000
2010-08-10,1.772000
2010-08-11,1.735000
2010-08-12,1.717000
2010-08-13,1.725000
2010-08-16,1.712000
2010-08-17,1.676000
2010-08-18,1.676000
2010-08-19,1.685000
2010-08-20,1.680000
2010-08-23,1.691000
2010-08-24,1.666000
2010-08-25,1.633000
2010-08-26,1.678000
2010-08-27,1.799000
2010-08-30,1.832000
2010-08-31,1.767000
2010-09-01,1.854000
2010-09-02,1.924000
2010-09-03,1.976000
2010-09-06,2.012000
2010-09-07,1.977000
2010-09-08,2.007000
2010-09-09,2.015000
2010-09-10,2.016000
2010-09-13,2.028000
2010-09-14,2.012000
2010-09-15,1.889000
2010-09-16,1.928000
2010-09-17,1.974000
2010-09-21,1.934000
2010-09-22,1.906000
2010-09-24,1.874000
2010-09-27,1.883000
2010-09-28,1.851000
2010-09-29,1.813000
2010-09-30,1.838000
2010-10-01,1.861000
2010-10-04,1.836000
2010-10-05,1.849000
2010-10-06,1.827000
2010-10-07,1.853000
2010-10-08,1.912000
2010-10-12,1.900000
2010-10-13,1.946000
2010-10-14,1.966000
2010-10-15,1.958000
2010-10-18,1.954000
2010-10-19,1.963000
2010-10-20,1.966000
2010-10-21,1.963000
2010-10-22,1.951000
2010-10-25,1.937000
2010-10-26,1.932000
2010-10-27,1.979000
2010-10-28,1.963000
2010-10-29,1.979000
2010-11-01,1.972000
2010-11-02,1.954000
2010-11-04,1.958000
2010-11-05,1.990000
2010-11-08,2.004000
2010-11-09,1.996000
2010-11-10,1.996000
2010-11-11,2.019000
2010-11-12,2.027000
2010-11-15,2.066000
2010-11-16,2.039000
2010-11-17,2.046000
2010-11-18,2.094000
2010-11-19,2.060000
2010-11-22,2.088000
2010-11-24,2.072000
2010-11-25,2.065000
2010-11-26,2.065000
2010-11-29,2.065000
2010-11-30,2.082000
2010-12-01,2.064000
2010-12-02,2.085000
2010-12-03,2.118000
2010-12-06,2.105000
2010-12-07,2.155000
2010-12-08,2.183000
2010-12-09,2.206000
2010-12-10,2.167000
2010-12-13,2.182000
2010-12-14,2.152000
2010-12-15,2.140000
2010-12-16,2.150000
2010-12-17,2.092000
2010-12-20,2.087000
2010-12-21,2.087000
2010-12-22,2.045000
2010-12-24,2.047000
2010-12-27,2.071000
2010-12-28,2.040000
2010-12-29,2.039000
2010-12-30,1.994000
2011-01-04,2.031000
2011-01-05,2.051000
2011-01-06,2.087000
2011-01-07,2.075000
2011-01-11,2.087000
2011-01-12,2.107000
2011-01-13,2.108000
2011-01-14,2.129000
2011-01-17,2.156000
2011-01-18,2.156000
2011-01-19,2.182000
2011-01-20,2.128000
2011-01-21,2.120000
2011-01-24,2.128000
2011-01-25,2.124000
2011-01-26,2.090000
2011-01-27,2.100000
2011-01-28,2.108000
2011-01-31,2.123000
2011-02-01,2.136000
2011-02-02,2.127000
2011-02-03,2.111000
2011-02-04,2.143000
2011-02-07,2.139000
2011-02-08,2.167000
2011-02-09,2.159000
2011-02-10,2.143000
2011-02-14,2.163000
2011-02-15,2.153000
2011-02-16,2.174000
2011-02-17,2.166000
2011-02-18,2.158000
2011-02-21,2.163000
2011-02-22,2.171000
2011-02-23,2.143000
2011-02-24,2.118000
2011-02-25,2.120000
2011-02-28,2.124000
2011-03-01,2.150000
2011-03-02,2.139000
2011-03-03,2.175000
2011-03-04,2.171000
2011-03-07,2.179000
2011-03-08,2.184000
2011-03-09,2.175000
2011-03-10,2.178000
2011-03-11,2.149000
2011-03-14,2.166000
2011-03-15,2.211000
2011-03-16,2.207000
2011-03-17,2.180000
2011-03-18,2.172000
2011-03-22,2.195000
2011-03-23,2.171000
2011-03-24,2.154000
2011-03-25,2.157000
2011-03-28,2.174000
2011-03-29,2.182000
2011-03-30,2.182000
2011-03-31,2.179000
2011-04-01,2.179000
2011-04-04,2.200000
2011-04-05,2.208000
2011-04-06,2.216000
2011-04-07,2.239000
2011-04-08,2.249000
2011-04-11,2.250000
2011-04-12,2.245000
2011-04-13,2.229000
2011-04-14,2.220000
2011-04-15,2.212000
2011-04-18,2.199000
2011-04-19,2.179000
2011-04-20,2.167000
2011-04-21,2.150000
2011-04-22,2.124000
2011-04-25,2.140000
2011-04-26,2.140000
2011-04-27,2.144000
2011-04-28,2.141000
2011-05-02,2.145000
2011-05-06,2.090000
2011-05-09,2.078000
2011-05-10,2.069000
2011-05-11,2.047000
2011-05-12,2.034000
2011-05-13,2.033000
2011-05-16,2.049000
2011-05-17,2.083000
2011-05-18,2.092000
2011-05-19,2.078000
2011-05-20,2.057000
2011-05-23,2.074000
2011-05-24,2.069000
2011-05-25,2.058000
2011-05-26,2.050000
2011-05-27,2.024000
2011-05-30,2.032000
2011-05-31,2.071000
2011-06-01,2.080000
2011-06-02,2.051000
2011-06-03,2.040000
2011-06-06,2.056000
2011-06-07,2.073000
2011-06-08,2.063000
2011-06-09,2.055000
2011-06-10,2.083000
2011-06-13,2.094000
2011-06-14,2.082000
2011-06-15,2.082000
2011-06-16,2.052000
2011-06-17,2.069000
2011-06-20,2.056000
2011-06-21,2.050000
2011-06-22,2.052000
2011-06-23,2.046000
2011-06-24,2.029000
2011-06-27,2.027000
2011-06-28,2.019000
2011-06-29,2.032000
2011-06-30,2.035000
2011-07-01,2.040000
2011-07-04,2.071000
2011-07-05,2.097000
2011-07-06,2.110000
2011-07-07,2.115000
2011-07-08,2.109000
2011-07-11,2.087000
2011-07-12,2.057000
2011-07-13,2.042000
2011-07-14,2.022000
2011-07-15,2.038000
2011-07-19,2.020000
2011-07-20,2.028000
2011-07-21,2.036000
2011-07-22,2.032000
2011-07-25,2.032000
2011-07-26,2.032000
2011-07-27,2.032000
2011-07-28,2.032000
2011-07-29,2.031000
2011-08-01,2.024000
2011-08-02,1.998000
2011-08-03,1.954000
2011-08-04,1.953000
2011-08-05,1.945000
2011-08-08,1.961000
2011-08-09,2.019000
2011-08-10,1.993000
2011-08-11,2.001000
2011-08-12,2.023000
2011-08-15,2.023000
2011-08-16,2.040000
2011-08-17,2.020000
2011-08-18,1.988000
2011-08-19,1.979000
2011-08-22,1.984000
2011-08-23,2.006000
2011-08-24,2.006000
2011-08-25,2.026000
2011-08-26,2.023000
2011-08-29,2.014000
2011-08-30,2.009000
2011-08-31,2.020000
2011-09-01,2.045000
2011-09-02,2.041000
2011-09-05,2.010000
2011-09-06,1.978000
2011-09-07,1.983000
2011-09-08,1.987000
2011-09-09,1.970000
2011-09-12,1.970000
2011-09-13,1.950000
2011-09-14,1.941000
2011-09-15,1.933000
2011-09-16,1.933000
2011-09-20,1.921000
2011-09-21,1.912000
2011-09-22,1.870000
2011-09-26,1.877000
2011-09-27,1.899000
2011-09-28,1.925000
2011-09-29,1.919000
2011-09-30,1.925000
2011-10-03,1.930000
2011-10-04,1.917000
2011-10-05,1.914000
2011-10-06,1.925000
2011-10-07,1.913000
2011-10-11,1.913000
2011-10-12,1.919000
2011-10-13,1.946000
2011-10-14,1.939000
2011-10-17,1.959000
2011-10-18,1.959000
2011-10-19,1.972000
2011-10-20,1.972000
2011-10-21,1.976000
2011-10-24,1.980000
2011-10-25,1.968000
2011-10-26,1.952000
2011-10-27,1.960000
2011-10-28,1.980000
2011-10-31,1.985000
2011-11-01,1.977000
2011-11-02,1.947000
2011-11-04,1.944000
2011-11-07,1.956000
2011-11-08,1.960000
2011-11-09,1.968000
2011-11-10,1.939000
2011-11-11,1.919000
2011-11-14,1.938000
2011-11-15,1.930000
2011-11-16,1.943000
2011-11-17,1.952000
2011-11-18,1.940000
2011-11-21,1.936000
2011-11-22,1.931000
2011-11-24,1.928000
2011-11-25,1.961000
2011-11-28,1.990000
2011-11-29,1.986000
2011-11-30,1.986000
2011-12-01,1.990000
2011-12-02,1.977000
2011-12-05,1.968000
2011-12-06,1.961000
2011-12-07,1.974000
2011-12-08,1.958000
2011-12-09,1.937000
2011-12-12,1.946000
2011-12-13,1.945000
2011-12-14,1.931000
2011-12-15,1.936000
2011-12-16,1.939000
2011-12-19,1.932000
2011-12-20,1.924000
2011-12-21,1.926000
2011-12-22,1.937000
2011-12-26,1.937000
2011-12-27,1.929000
2011-12-28,1.946000
2011-12-29,1.942000
2011-12-30,1.921000
2012-01-04,1.933000
2012-01-05,1.934000
2012-01-06,1.937000
2012-01-10,1.927000
2012-01-11,1.930000
2012-01-12,1.938000
2012-01-13,1.938000
2012-01-16,1.923000
2012-01-17,1.938000
2012-01-18,1.938000
2012-01-19,1.943000
2012-01-20,1.946000
2012-01-23,1.950000
2012-01-24,1.946000
2012-01-25,1.948000
2012-01-26,1.943000
2012-01-27,1.931000
2012-01-30,1.931000
2012-01-31,1.922000
2012-02-01,1.911000
2012-02-02,1.904000
2012-02-03,1.907000
2012-02-06,1.911000
2012-02-07,1.927000
2012-02-08,1.936000
2012-02-09,1.943000
2012-02-10,1.943000
2012-02-13,1.951000
2012-02-14,1.952000
2012-02-15,1.952000
2012-02-16,1.936000
2012-02-17,1.923000
2012-02-20,1.915000
2012-02-21,1.928000
2012-02-22,1.941000
2012-02-23,1.949000
2012-02-24,1.952000
2012-02-27,1.952000
2012-02-28,1.949000
2012-02-29,1.948000
2012-03-01,1.948000
2012-03-02,1.955000
2012-03-05,1.961000
2012-03-06,1.966000
2012-03-07,1.958000
2012-03-08,1.954000
2012-03-09,1.961000
2012-03-12,1.958000
2012-03-13,1.945000
2012-03-14,1.958000
2012-03-15,1.986000
2012-03-16,1.975000
2012-03-19,1.958000
2012-03-21,1.946000
2012-03-22,1.954000
2012-03-23,1.954000
2012-03-26,1.950000
2012-03-27,1.954000
2012-03-28,1.954000
2012-03-29,1.950000
2012-03-30,1.938000
2012-04-02,1.959000
2012-04-03,1.984000
2012-04-04,1.984000
2012-04-05,1.963000
2012-04-06,1.963000
2012-04-09,1.946000
2012-04-10,1.930000
2012-04-11,1.930000
2012-04-12,1.921000
2012-04-13,1.913000
2012-04-16,1.913000
2012-04-17,1.909000
2012-04-18,1.909000
2012-04-19,1.913000
2012-04-20,1.922000
2012-04-23,1.913000
2012-04-24,1.918000
2012-04-25,1.909000
2012-04-26,1.905000
2012-04-27,1.901000
2012-05-01,1.880000
2012-05-02,1.884000
2012-05-07,1.850000
2012-05-08,1.854000
2012-05-09,1.845000
2012-05-10,1.849000
2012-05-11,1.855000
2012-05-14,1.850000
2012-05-15,1.837000
2012-05-16,1.808000
2012-05-17,1.812000
2012-05-18,1.778000
2012-05-21,1.815000
2012-05-22,1.825000
2012-05-23,1.845000
2012-05-24,1.838000
2012-05-25,1.870000
2012-05-28,1.866000
2012-05-29,1.832000
2012-05-30,1.827000
2012-05-31,1.810000
2012-06-01,1.810000
2012-06-04,1.823000
2012-06-05,1.862000
2012-06-06,1.862000
2012-06-07,1.883000
2012-06-08,1.858000
2012-06-11,1.867000
2012-06-12,1.867000
2012-06-13,1.900000
2012-06-14,1.904000
2012-06-15,1.891000
2012-06-18,1.875000
2012-06-19,1.867000
2012-06-20,1.880000
2012-06-21,1.896000
2012-06-22,1.892000
2012-06-25,1.901000
2012-06-26,1.901000
2012-06-27,1.893000
2012-06-28,1.884000
2012-06-29,1.902000
2012-07-02,1.886000
2012-07-03,1.879000
2012-07-04,1.890000
2012-07-05,1.896000
2012-07-06,1.891000
2012-07-09,1.884000
2012-07-10,1.865000
2012-07-11,1.841000
2012-07-12,1.839000
2012-07-13,1.823000
2012-07-17,1.811000
2012-07-18,1.789000
2012-07-19,1.758000
2012-07-20,1.781000
2012-07-23,1.767000
2012-07-24,1.798000
2012-07-25,1.802000
2012-07-26,1.798000
2012-07-27,1.806000
2012-07-30,1.829000
2012-07-31,1.841000
2012-08-01,1.833000
2012-08-02,1.846000
2012-08-03,1.816000
2012-08-06,1.816000
2012-08-07,1.842000
2012-08-08,1.868000
2012-08-09,1.872000
2012-08-10,1.864000
2012-08-13,1.855000
2012-08-14,1.859000
2012-08-15,1.877000
2012-08-16,1.903000
2012-08-17,1.878000
2012-08-20,1.890000
2012-08-21,1.882000
2012-08-22,1.883000
2012-08-23,1.912000
2012-08-24,1.907000
2012-08-27,1.912000
2012-08-28,1.921000
2012-08-29,1.909000
2012-08-30,1.909000
2012-08-31,1.909000
2012-09-03,1.895000
2012-09-04,1.900000
2012-09-05,1.889000
2012-09-06,1.899000
2012-09-07,1.899000
2012-09-10,1.882000
2012-09-11,1.879000
2012-09-12,1.878000
2012-09-13,1.904000
2012-09-14,1.900000
2012-09-18,1.925000
2012-09-19,1.938000
2012-09-20,1.929000
2012-09-21,1.917000
2012-09-24,1.909000
2012-09-25,1.900000
2012-09-26,1.884000
2012-09-27,1.888000
2012-09-28,1.892000
2012-10-01,1.892000
2012-10-02,1.892000
2012-10-03,1.905000
2012-10-04,1.900000
2012-10-05,1.918000
2012-10-09,1.913000
2012-10-10,1.922000
2012-10-11,1.918000
2012-10-12,1.918000
2012-10-15,1.914000
2012-10-16,1.914000
2012-10-17,1.927000
2012-10-18,1.937000
2012-10-19,1.927000
2012-10-22,1.923000
2012-10-23,1.943000
2012-10-24,1.947000
2012-10-25,1.943000
2012-10-26,1.926000
2012-10-29,1.939000
2012-10-30,1.939000
2012-10-31,1.943000
2012-11-01,1.934000
2012-11-02,1.935000
2012-11-05,1.939000
2012-11-06,1.932000
2012-11-07,1.944000
2012-11-08,1.917000
2012-11-09,1.912000
2012-11-12,1.907000
2012-11-13,1.903000
2012-11-14,1.907000
2012-11-15,1.932000
2012-11-16,1.945000
2012-11-19,1.941000
2012-11-20,1.930000
2012-11-21,1.941000
2012-11-22,1.945000
2012-11-26,1.933000
2012-11-27,1.929000
2012-11-28,1.925000
2012-11-29,1.929000
2012-11-30,1.937000
2012-12-03,1.940000
2012-12-04,1.945000
2012-12-05,1.940000
2012-12-06,1.896000
2012-12-07,1.896000
2012-12-10,1.900000
2012-12-11,1.900000
2012-12-12,1.900000
2012-12-13,1.938000
2012-12-14,1.944000
2012-12-17,1.959000
2012-12-18,1.971000
2012-12-19,1.981000
2012-12-20,1.962000
2012-12-21,1.933000
2012-12-25,1.937000
2012-12-26,1.956000
2012-12-27,1.971000
2012-12-28,1.967000
2013-01-04,1.984000
2013-01-07,1.992000
2013-01-08,1.996000
2013-01-09,1.992000
2013-01-10,1.987000
2013-01-11,2.001000
2013-01-15,1.989000
2013-01-16,1.956000
2013-01-17,1.964000
2013-01-18,1.989000
2013-01-21,1.958000
2013-01-22,1.963000
2013-01-23,1.953000
2013-01-24,1.967000
2013-01-25,1.985000
2013-01-28,1.985000
2013-01-29,1.985000
2013-01-30,1.994000
2013-01-31,1.975000
2013-02-01,1.977000
2013-02-04,1.994000
2013-02-05,1.990000
2013-02-06,1.990000
2013-02-07,1.989000
2013-02-08,1.982000
2013-02-12,1.964000
2013-02-13,1.957000
2013-02-14,1.953000
2013-02-15,1.936000
2013-02-18,1.920000
2013-02-19,1.916000
2013-02-20,1.927000
2013-02-21,1.940000
2013-02-22,1.920000
2013-02-25,1.907000
2013-02-26,1.882000
2013-02-27,1.867000
2013-02-28,1.833000
2013-03-01,1.794000
2013-03-04,1.716000
2013-03-05,1.762000
2013-03-06,1.785000
2013-03-07,1.813000
2013-03-08,1.762000
2013-03-11,1.783000
2013-03-12,1.758000
2013-03-13,1.744000
2013-03-14,1.775000
2013-03-15,1.771000
2013-03-18,1.746000
2013-03-19,1.733000
2013-03-21,1.697000
2013-03-22,1.651000
2013-03-25,1.589000
2013-03-26,1.620000
2013-03-27,1.612000
2013-03-28,1.594000
2013-03-29,1.555000
2013-04-01,1.586000
2013-04-02,1.550000
2013-04-03,1.559000
2013-04-04,1.291000
2013-04-05,1.279000
2013-04-08,1.375000
2013-04-09,1.438000
2013-04-10,1.497000
2013-04-11,1.545000
2013-04-12,1.584000
2013-04-15,1.640000
2013-04-16,1.633000
2013-04-17,1.668000
2013-04-18,1.633000
2013-04-19,1.581000
2013-04-22,1.628000
2013-04-23,1.606000
2013-04-24,1.629000
2013-04-25,1.637000
2013-04-26,1.631000
2013-04-30,1.623000
2013-05-01,1.611000
2013-05-02,1.611000
2013-05-07,1.647000
2013-05-08,1.660000
2013-05-09,1.682000
2013-05-10,1.725000
2013-05-13,1.767000
2013-05-14,1.784000
2013-05-15,1.787000
2013-05-16,1.792000
2013-05-17,1.793000
2013-05-20,1.818000
2013-05-21,1.839000
2013-05-22,1.868000
2013-05-23,1.843000
2013-05-24,1.835000
2013-05-27,1.814000
2013-05-28,1.832000
2013-05-29,1.826000
2013-05-30,1.805000
2013-05-31,1.760000
2013-06-03,1.728000
2013-06-04,1.801000
2013-06-05,1.822000
2013-06-06,1.818000
2013-06-07,1.801000
2013-06-10,1.807000
2013-06-11,1.819000
2013-06-12,1.828000
2013-06-13,1.819000
2013-06-14,1.811000
2013-06-17,1.816000
2013-06-18,1.816000
2013-06-19,1.841000
2013-06-20,1.866000
2013-06-21,1.883000
2013-06-24,1.900000
2013-06-25,1.859000
2013-06-26,1.837000
2013-06-27,1.829000
2013-06-28,1.837000
2013-07-01,1.876000
2013-07-02,1.900000
2013-07-03,1.901000
2013-07-04,1.854000
2013-07-05,1.863000
2013-07-08,1.884000
2013-07-09,1.871000
2013-07-10,1.871000
2013-07-11,1.851000
2013-07-12,1.854000
2013-07-16,1.859000
2013-07-17,1.842000
2013-07-18,1.842000
2013-07-19,1.846000
2013-07-22,1.838000
2013-07-23,1.851000
2013-07-24,1.859000
2013-07-25,1.867000
2013-07-26,1.839000
2013-07-29,1.837000
2013-07-30,1.826000
2013-07-31,1.825000
2013-08-01,1.826000
2013-08-02,1.834000
2013-08-05,1.826000
2013-08-06,1.851000
2013-08-07,1.838000
2013-08-08,1.812000
2013-08-09,1.808000
2013-08-12,1.796000
2013-08-13,1.779000
2013-08-14,1.796000
2013-08-15,1.817000
2013-08-16,1.825000
2013-08-19,1.825000
2013-08-20,1.818000
2013-08-21,1.817000
2013-08-22,1.822000
2013-08-23,1.830000
2013-08-26,1.826000
2013-08-27,1.813000
2013-08-28,1.788000
2013-08-29,1.766000
2013-08-30,1.779000
2013-09-02,1.792000
2013-09-03,1.818000
2013-09-04,1.826000
2013-09-05,1.826000
2013-09-06,1.843000
2013-09-09,1.822000
2013-09-10,1.800000
2013-09-11,1.805000
2013-09-12,1.796000
2013-09-13,1.800000
2013-09-17,1.787000
2013-09-18,1.787000
2013-09-19,1.749000
2013-09-20,1.746000
2013-09-24,1.720000
2013-09-25,1.702000
2013-09-26,1.720000
2013-09-27,1.715000
2013-09-30,1.716000
2013-10-01,1.698000
2013-10-02,1.660000
2013-10-03,1.642000
2013-10-04,1.651000
2013-10-07,1.664000
2013-10-08,1.680000
2013-10-09,1.664000
2013-10-10,1.652000
2013-10-11,1.664000
2013-10-15,1.686000
2013-10-16,1.665000
2013-10-17,1.661000
2013-10-18,1.639000
2013-10-21,1.648000
2013-10-22,1.635000
2013-10-23,1.608000
2013-10-24,1.629000
2013-10-25,1.651000
2013-10-28,1.647000
2013-10-29,1.660000
2013-10-30,1.639000
2013-10-31,1.651000
2013-11-01,1.666000
2013-11-05,1.669000
2013-11-06,1.665000
2013-11-07,1.652000
2013-11-08,1.634000
2013-11-11,1.630000
2013-11-12,1.643000
2013-11-13,1.647000
2013-11-14,1.652000
2013-11-15,1.674000
2013-11-18,1.674000
2013-11-19,1.678000
2013-11-20,1.674000
2013-11-21,1.682000
2013-11-22,1.682000
2013-11-25,1.700000
2013-11-26,1.674000
2013-11-27,1.648000
2013-11-28,1.652000
2013-11-29,1.661000
2013-12-02,1.674000
2013-12-03,1.687000
2013-12-04,1.678000
2013-12-05,1.674000
2013-12-06,1.700000
2013-12-09,1.691000
2013-12-10,1.703000
2013-12-11,1.716000
2013-12-12,1.713000
2013-12-13,1.730000
2013-12-16,1.734000
2013-12-17,1.721000
2013-12-18,1.683000
2013-12-19,1.688000
2013-12-20,1.683000
2013-12-24,1.684000
2013-12-25,1.688000
2013-12-26,1.696000
2013-12-27,1.709000
2013-12-30,1.726000
2014-01-06,1.718000
2014-01-07,1.705000
2014-01-08,1.699000
2014-01-09,1.697000
2014-01-10,1.693000
2014-01-14,1.670000
2014-01-15,1.675000
2014-01-16,1.688000
2014-01-17,1.701000
2014-01-20,1.693000
2014-01-21,1.709000
2014-01-22,1.701000
2014-01-23,1.666000
2014-01-24,1.633000
2014-01-27,1.638000
2014-01-28,1.654000
2014-01-29,1.654000
2014-01-30,1.640000
2014-01-31,1.646000
2014-02-03,1.634000
2014-02-04,1.612000
2014-02-05,1.598000
2014-02-06,1.604000
2014-02-07,1.633000
2014-02-10,1.645000
2014-02-12,1.654000
2014-02-13,1.638000
2014-02-14,1.621000
2014-02-17,1.630000
2014-02-18,1.634000
2014-02-19,1.656000
2014-02-20,1.638000
2014-02-21,1.656000
2014-02-24,1.651000
2014-02-25,1.639000
2014-02-26,1.642000
2014-02-27,1.656000
2014-02-28,1.652000
2014-03-03,1.635000
2014-03-04,1.631000
2014-03-05,1.643000
2014-03-06,1.661000
2014-03-07,1.674000
2014-03-10,1.675000
2014-03-11,1.683000
2014-03-12,1.692000
2014-03-13,1.708000
2014-03-14,1.700000
2014-03-17,1.700000
2014-03-18,1.709000
2014-03-19,1.692000
2014-03-20,1.675000
2014-03-24,1.692000
2014-03-25,1.691000
2014-03-26,1.696000
2014-03-27,1.700000
2014-03-28,1.696000
2014-03-31,1.707000
2014-04-01,1.671000
2014-04-02,1.679000
2014-04-03,1.689000
2014-04-04,1.684000
2014-04-07,1.671000
2014-04-08,1.691000
2014-04-09,1.701000
2014-04-10,1.697000
2014-04-11,1.692000
2014-04-14,1.688000
2014-04-15,1.688000
2014-04-16,1.680000
2014-04-17,1.688000
2014-04-18,1.683000
2014-04-21,1.693000
2014-04-22,1.693000
2014-04-23,1.701000
2014-04-24,1.693000
2014-04-25,1.697000
2014-04-28,1.697000
2014-04-30,1.705000
2014-05-01,1.703000
2014-05-02,1.706000
2014-05-07,1.697000
2014-05-08,1.697000
2014-05-09,1.703000
2014-05-12,1.710000
2014-05-13,1.706000
2014-05-14,1.702000
2014-05-15,1.693000
2014-05-16,1.690000
2014-05-19,1.690000
2014-05-20,1.692000
2014-05-21,1.690000
2014-05-22,1.695000
2014-05-23,1.692000
2014-05-26,1.693000
2014-05-27,1.693000
2014-05-28,1.685000
2014-05-29,1.677000
2014-05-30,1.685000
2014-06-02,1.699000
2014-06-03,1.696000
2014-06-04,1.704000
2014-06-05,1.713000
2014-06-06,1.700000
2014-06-09,1.704000
2014-06-10,1.704000
2014-06-11,1.709000
2014-06-12,1.693000
2014-06-13,1.684000
2014-06-16,1.670000
2014-06-17,1.666000
2014-06-18,1.666000
2014-06-19,1.713000
2014-06-20,1.708000
2014-06-23,1.709000
2014-06-24,1.713000
2014-06-25,1.704000
2014-06-26,1.690000
2014-06-27,1.682000
2014-06-30,1.688000
2014-07-01,1.676000
2014-07-02,1.676000
2014-07-03,1.683000
2014-07-04,1.697000
2014-07-07,1.710000
2014-07-08,1.701000
2014-07-09,1.702000
2014-07-10,1.714000
2014-07-11,1.710000
2014-07-14,1.701000
2014-07-15,1.698000
2014-07-16,1.698000
2014-07-17,1.673000
2014-07-18,1.669000
2014-07-22,1.682000
2014-07-23,1.677000
2014-07-24,1.656000
2014-07-25,1.664000
2014-07-28,1.655000
2014-07-29,1.664000
2014-07-30,1.672000
2014-07-31,1.681000
2014-08-01,1.685000
2014-08-04,1.691000
2014-08-05,1.682000
2014-08-06,1.685000
2014-08-07,1.693000
2014-08-08,1.680000
2014-08-11,1.690000
2014-08-12,1.672000
2014-08-13,1.665000
2014-08-14,1.668000
2014-08-15,1.673000
2014-08-18,1.665000
2014-08-19,1.661000
2014-08-20,1.665000
2014-08-21,1.678000
2014-08-22,1.661000
2014-08-25,1.648000
2014-08-26,1.640000
2014-08-27,1.648000
2014-08-28,1.641000
2014-08-29,1.637000
2014-09-01,1.641000
2014-09-02,1.653000
2014-09-03,1.658000
2014-09-04,1.667000
2014-09-05,1.671000
2014-09-08,1.667000
2014-09-09,1.682000
2014-09-10,1.686000
2014-09-11,1.699000
2014-09-12,1.692000
2014-09-16,1.700000
2014-09-17,1.679000
2014-09-18,1.692000
2014-09-19,1.696000
2014-09-22,1.675000
2014-09-24,1.662000
2014-09-25,1.650000
2014-09-26,1.632000
2014-09-29,1.624000
2014-09-30,1.620000
2014-10-01,1.637000
2014-10-02,1.642000
2014-10-03,1.650000
2014-10-06,1.642000
2014-10-07,1.646000
2014-10-08,1.642000
2014-10-09,1.634000
2014-10-10,1.651000
2014-10-14,1.651000
2014-10-15,1.638000
2014-10-16,1.643000
2014-10-17,1.634000
2014-10-20,1.652000
2014-10-21,1.630000
2014-10-22,1.625000
2014-10-23,1.634000
2014-10-24,1.625000
2014-10-27,1.630000
2014-10-28,1.634000
2014-10-29,1.639000
2014-10-30,1.658000
2014-10-31,1.591000
2014-11-04,1.473000
2014-11-05,1.530000
2014-11-06,1.547000
2014-11-07,1.548000
2014-11-10,1.525000
2014-11-11,1.530000
2014-11-12,1.565000
2014-11-13,1.525000
2014-11-14,1.473000
2014-11-17,1.459000
2014-11-18,1.499000
2014-11-19,1.454000
2014-11-20,1.427000
2014-11-21,1.459000
2014-11-25,1.449000
2014-11-26,1.441000
2014-11-27,1.428000
2014-11-28,1.428000
2014-12-01,1.415000
2014-12-02,1.415000
2014-12-03,1.426000
2014-12-04,1.457000
2014-12-05,1.457000
2014-12-08,1.461000
2014-12-09,1.425000
2014-12-10,1.391000
2014-12-11,1.391000
2014-12-12,1.404000
2014-12-15,1.392000
2014-12-16,1.387000
2014-12-17,1.374000
2014-12-18,1.353000
2014-12-19,1.343000
2014-12-22,1.330000
2014-12-24,1.308000
2014-12-25,1.277000
2014-12-26,1.295000
2014-12-29,1.295000
2014-12-30,1.269000
2015-01-05,1.272000
2015-01-06,1.200000
2015-01-07,1.191000
2015-01-08,1.150000
2015-01-09,1.191000
2015-01-13,1.164000
2015-01-14,1.145000
2015-01-15,1.133000
2015-01-16,1.130000
2015-01-19,1.113000
2015-01-20,1.113000
2015-01-21,1.145000
2015-01-22,1.301000
2015-01-23,1.331000
2015-01-26,1.331000
2015-01-27,1.332000
2015-01-28,1.309000
2015-01-29,1.313000
2015-01-30,1.299000
2015-02-02,1.295000
2015-02-03,1.362000
2015-02-04,1.437000
2015-02-05,1.372000
2015-02-06,1.338000
2015-02-09,1.385000
2015-02-10,1.424000
2015-02-12,1.430000
2015-02-13,1.467000
2015-02-16,1.536000
2015-02-17,1.473000
2015-02-18,1.477000
2015-02-19,1.430000
2015-02-20,1.456000
2015-02-23,1.439000
2015-02-24,1.422000
2015-02-25,1.399000
2015-02-26,1.439000
2015-02-27,1.434000
2015-03-02,1.448000
2015-03-03,1.499000
2015-03-04,1.506000
2015-03-05,1.461000
2015-03-06,1.441000
2015-03-09,1.490000
2015-03-10,1.530000
2015-03-11,1.500000
2015-03-12,1.470000
2015-03-13,1.483000
2015-03-16,1.470000
2015-03-17,1.457000
2015-03-18,1.361000
2015-03-19,1.281000
2015-03-20,1.321000
2015-03-23,1.334000
2015-03-24,1.296000
2015-03-25,1.294000
2015-03-26,1.285000
2015-03-27,1.383000
2015-03-30,1.352000
2015-03-31,1.357000
2015-04-01,1.365000
2015-04-02,1.339000
2015-04-03,1.383000
2015-04-06,1.392000
2015-04-07,1.400000
2015-04-08,1.392000
2015-04-09,1.398000
2015-04-10,1.382000
2015-04-13,1.397000
2015-04-14,1.379000
2015-04-15,1.362000
2015-04-16,1.340000
2015-04-17,1.309000
2015-04-20,1.301000
2015-04-21,1.323000
2015-04-22,1.323000
2015-04-23,1.331000
2015-04-24,1.323000
2015-04-27,1.345000
2015-04-28,1.349000
2015-04-30,1.362000
2015-05-01,1.384000
2015-05-07,1.445000
2015-05-08,1.446000
2015-05-11,1.441000
2015-05-12,1.493000
2015-05-13,1.503000
2015-05-14,1.491000
2015-05-15,1.438000
2015-05-18,1.413000
2015-05-19,1.417000
2015-05-20,1.447000
2015-05-21,1.469000
2015-05-22,1.473000
2015-05-25,1.477000
2015-05-26,1.482000
2015-05-27,1.465000
2015-05-28,1.497000
2015-05-29,1.473000
2015-06-01,1.491000
2015-06-02,1.491000
2015-06-03,1.512000
2015-06-04,1.530000
2015-06-05,1.532000
2015-06-08,1.544000
2015-06-09,1.497000
2015-06-10,1.501000
2015-06-11,1.510000
2015-06-12,1.510000
2015-06-15,1.505000
2015-06-16,1.505000
2015-06-17,1.497000
2015-06-18,1.479000
2015-06-19,1.461000
2015-06-22,1.440000
2015-06-23,1.471000
2015-06-24,1.471000
2015-06-25,1.480000
2015-06-26,1.475000
2015-06-29,1.449000
2015-06-30,1.449000
2015-07-01,1.471000
2015-07-02,1.497000
2015-07-03,1.484000
2015-07-06,1.480000
2015-07-07,1.484000
2015-07-08,1.440000
2015-07-09,1.458000
2015-07-10,1.462000
2015-07-13,1.480000
2015-07-14,1.480000
2015-07-15,1.467000
2015-07-16,1.471000
2015-07-17,1.468000
2015-07-21,1.454000
2015-07-22,1.423000
2015-07-23,1.419000
2015-07-24,1.424000
2015-07-27,1.433000
2015-07-28,1.428000
2015-07-29,1.437000
2015-07-30,1.442000
2015-07-31,1.433000
2015-08-03,1.442000
2015-08-04,1.424000
2015-08-05,1.437000
2015-08-06,1.468000
2015-08-07,1.458000
2015-08-10,1.451000
2015-08-11,1.455000
2015-08-12,1.424000
2015-08-13,1.442000
2015-08-14,1.433000
2015-08-17,1.442000
2015-08-18,1.424000
2015-08-19,1.424000
2015-08-20,1.402000
2015-08-21,1.399000
2015-08-24,1.394000
2015-08-25,1.412000
2015-08-26,1.412000
2015-08-27,1.430000
2015-08-28,1.421000
2015-08-31,1.426000
2015-09-01,1.426000
2015-09-02,1.436000
2015-09-03,1.431000
2015-09-04,1.408000
2015-09-07,1.404000
2015-09-08,1.395000
2015-09-09,1.399000
2015-09-10,1.404000
2015-09-11,1.412000
2015-09-14,1.413000
2015-09-15,1.417000
2015-09-16,1.421000
2015-09-17,1.413000
2015-09-18,1.374000
2015-09-24,1.366000
2015-09-25,1.362000
2015-09-28,1.388000
2015-09-29,1.375000
2015-09-30,1.397000
2015-10-01,1.379000
2015-10-02,1.365000
2015-10-05,1.362000
2015-10-06,1.371000
2015-10-07,1.371000
2015-10-08,1.358000
2015-10-09,1.349000
2015-10-13,1.345000
2015-10-14,1.345000
2015-10-15,1.358000
2015-10-16,1.350000
2015-10-19,1.358000
2015-10-20,1.358000
2015-10-21,1.367000
2015-10-22,1.354000
2015-10-23,1.346000
2015-10-26,1.359000
2015-10-27,1.350000
2015-10-28,1.346000
2015-10-29,1.350000
2015-10-30,1.350000
2015-11-02,1.363000
2015-11-04,1.368000
2015-11-05,1.368000
2015-11-06,1.377000
2015-11-09,1.398000
2015-11-10,1.385000
2015-11-11,1.394000
2015-11-12,1.389000
2015-11-13,1.394000
2015-11-16,1.385000
2015-11-17,1.394000
2015-11-18,1.398000
2015-11-19,1.385000
2015-11-20,1.399000
2015-11-24,1.399000
2015-11-25,1.390000
2015-11-26,1.381000
2015-11-27,1.381000
2015-11-30,1.382000
2015-12-01,1.382000
2015-12-02,1.396000
2015-12-03,1.391000
2015-12-04,1.404000
2015-12-07,1.404000
2015-12-08,1.391000
2015-12-09,1.374000
2015-12-10,1.365000
2015-12-11,1.365000
2015-12-14,1.365000
2015-12-15,1.361000
2015-12-16,1.357000
2015-12-17,1.348000
2015-12-18,1.291000
2015-12-21,1.282000
2015-12-22,1.282000
2015-12-24,1.282000
2015-12-25,1.282000
2015-12-28,1.282000
2015-12-29,1.286000
2015-12-30,1.282000
2016-01-04,1.282000
2016-01-05,1.264000
2016-01-06,1.260000
2016-01-07,1.238000
2016-01-08,1.220000
2016-01-12,1.207000
2016-01-13,1.202000
2016-01-14,1.252000
2016-01-15,1.252000
2016-01-18,1.221000
2016-01-19,1.230000
2016-01-20,1.221000
2016-01-21,1.212000
2016-01-22,1.208000
2016-01-25,1.208000
2016-01-26,1.194000
2016-01-27,1.177000
2016-01-28,1.199000
2016-01-29,1.103000
2016-02-01,1.057000
2016-02-02,1.113000
2016-02-03,1.108000
2016-02-04,1.104000
2016-02-05,1.110000
2016-02-08,1.109000
2016-02-09,1.091000
2016-02-10,1.109000
2016-02-12,1.177000
2016-02-15,1.191000
2016-02-16,1.109000
2016-02-17,1.076000
2016-02-18,1.062000
2016-02-19,1.062000
2016-02-22,1.034000
2016-02-23,1.025000
2016-02-24,0.964000
2016-02-25,0.888000
2016-02-26,0.907000
2016-02-29,0.902000
2016-03-01,0.838000
2016-03-02,0.833000
2016-03-03,0.815000
2016-03-04,0.777000
2016-03-07,0.742000
2016-03-08,0.532000
2016-03-09,0.718000
2016-03-10,0.762000
2016-03-11,0.791000
2016-03-14,0.745000
2016-03-15,0.702000
2016-03-16,0.675000
2016-03-17,0.610000
2016-03-18,0.475000
2016-03-22,0.435000
2016-03-23,0.459000
2016-03-24,0.533000
2016-03-25,0.523000
2016-03-28,0.528000
2016-03-29,0.528000
2016-03-30,0.518000
2016-03-31,0.547000
2016-04-01,0.430000
2016-04-04,0.420000
2016-04-05,0.440000
2016-04-06,0.469000
2016-04-07,0.440000
2016-04-08,0.440000
2016-04-11,0.420000
2016-04-12,0.420000
2016-04-13,0.425000
2016-04-14,0.420000
2016-04-15,0.410000
2016-04-18,0.385000
2016-04-19,0.349000
2016-04-20,0.309000
2016-04-21,0.288000
2016-04-22,0.354000
2016-04-25,0.425000
2016-04-26,0.354000
2016-04-27,0.394000
2016-04-28,0.349000
2016-05-02,0.304000
2016-05-06,0.288000
2016-05-09,0.299000
2016-05-10,0.329000
2016-05-11,0.323000
2016-05-12,0.335000
2016-05-13,0.365000
2016-05-16,0.375000
2016-05-17,0.370000
2016-05-18,0.375000
2016-05-19,0.363000
2016-05-20,0.344000
2016-05-23,0.349000
2016-05-24,0.350000
2016-05-25,0.360000
2016-05-26,0.340000
2016-05-27,0.326000
2016-05-30,0.334000
2016-05-31,0.310000
2016-06-01,0.340000
2016-06-02,0.330000
2016-06-03,0.330000
2016-06-06,0.315000
2016-06-07,0.299000
2016-06-08,0.305000
2016-06-09,0.305000
2016-06-10,0.271000
2016-06-13,0.242000
2016-06-14,0.232000
2016-06-15,0.208000
2016-06-16,0.148000
2016-06-17,0.232000
2016-06-20,0.266000
2016-06-21,0.266000
2016-06-22,0.252000
2016-06-23,0.207000
2016-06-24,0.133000
2016-06-27,0.098000
2016-06-28,0.052000
2016-06-29,0.088000
2016-06-30,0.128000
2016-07-01,0.103000
2016-07-04,0.077000
2016-07-05,0.057000
2016-07-06,0.042000
2016-07-07,0.067000
2016-07-08,0.088000
2016-07-11,0.098000
2016-07-12,0.133000
2016-07-13,0.123000
2016-07-14,0.142000
2016-07-15,0.188000
2016-07-19,0.193000
2016-07-20,0.208000
2016-07-21,0.262000
2016-07-22,0.257000
2016-07-25,0.267000
2016-07-26,0.263000
2016-07-27,0.268000
2016-07-28,0.248000
2016-07-29,0.263000
2016-08-01,0.286000
2016-08-02,0.320000
2016-08-03,0.354000
2016-08-04,0.401000
2016-08-05,0.383000
2016-08-08,0.411000
2016-08-09,0.419000
2016-08-10,0.378000
2016-08-12,0.350000
2016-08-15,0.340000
2016-08-16,0.359000
2016-08-17,0.353000
2016-08-18,0.348000
2016-08-19,0.323000
2016-08-22,0.349000
2016-08-23,0.309000
2016-08-24,0.324000
2016-08-25,0.324000
2016-08-26,0.343000
2016-08-29,0.371000
2016-08-30,0.392000
2016-08-31,0.410000
2016-09-01,0.433000
2016-09-02,0.494000
2016-09-05,0.508000
2016-09-06,0.490000
2016-09-07,0.420000
2016-09-08,0.448000
2016-09-09,0.509000
2016-09-12,0.532000
2016-09-13,0.509000
2016-09-14,0.569000
2016-09-15,0.542000
2016-09-16,0.551000
2016-09-20,0.504000
2016-09-21,0.510000
2016-09-23,0.467000
2016-09-26,0.486000
2016-09-27,0.500000
2016-09-28,0.458000
2016-09-29,0.439000
2016-09-30,0.457000
2016-10-03,0.454000
2016-10-04,0.459000
2016-10-05,0.496000
2016-10-06,0.496000
2016-10-07,0.505000
2016-10-11,0.525000
2016-10-12,0.501000
2016-10-13,0.482000
2016-10-14,0.496000
2016-10-17,0.501000
2016-10-18,0.496000
2016-10-19,0.501000
2016-10-20,0.501000
2016-10-21,0.496000
2016-10-24,0.491000
2016-10-25,0.487000
2016-10-26,0.478000
2016-10-27,0.497000
2016-10-28,0.516000
2016-10-31,0.505000
2016-11-01,0.505000
2016-11-02,0.487000
2016-11-04,0.487000
2016-11-07,0.497000
2016-11-08,0.497000
2016-11-09,0.479000
2016-11-10,0.511000
2016-11-11,0.526000
2016-11-14,0.544000
2016-11-15,0.567000
2016-11-16,0.572000
2016-11-17,0.557000
2016-11-18,0.594000
2016-11-21,0.604000
2016-11-22,0.619000
2016-11-24,0.632000
2016-11-25,0.599000
2016-11-28,0.562000
2016-11-29,0.559000
2016-11-30,0.567000
2016-12-01,0.586000
2016-12-02,0.589000
2016-12-05,0.580000
2016-12-06,0.616000
2016-12-07,0.621000
2016-12-08,0.646000
2016-12-09,0.691000
2016-12-12,0.781000
2016-12-13,0.785000
2016-12-14,0.718000
2016-12-15,0.705000
2016-12-16,0.660000
2016-12-19,0.687000
2016-12-20,0.660000
2016-12-21,0.651000
2016-12-22,0.664000
2016-12-26,0.678000
2016-12-27,0.674000
2016-12-28,0.705000
2016-12-29,0.696000
2016-12-30,0.701000
2017-01-04,0.729000
2017-01-05,0.747000
2017-01-06,0.724000
2017-01-10,0.733000
2017-01-11,0.747000
2017-01-12,0.724000
2017-01-13,0.719000
2017-01-16,0.724000
2017-01-17,0.724000
2017-01-18,0.719000
2017-01-19,0.751000
2017-01-20,0.778000
2017-01-23,0.769000
2017-01-24,0.774000
2017-01-25,0.787000
2017-01-26,0.818000
2017-01-27,0.814000
2017-01-30,0.814000
2017-01-31,0.805000
2017-02-01,0.813000
2017-02-02,0.840000
2017-02-03,0.840000
2017-02-06,0.872000
2017-02-07,0.872000
2017-02-08,0.876000
2017-02-09,0.845000
2017-02-10,0.827000
2017-02-13,0.837000
2017-02-14,0.863000
2017-02-15,0.863000
2017-02-16,0.877000
2017-02-17,0.886000
2017-02-20,0.886000
2017-02-21,0.886000
2017-02-22,0.867000
2017-02-23,0.828000
2017-02-24,0.823000
2017-02-27,0.786000
2017-02-28,0.783000
2017-03-01,0.815000
2017-03-02,0.841000
2017-03-03,0.828000
2017-03-06,0.814000
2017-03-07,0.835000
2017-03-08,0.849000
2017-03-09,0.845000
2017-03-10,0.858000
2017-03-13,0.863000
2017-03-14,0.863000
2017-03-15,0.854000
2017-03-16,0.828000
2017-03-17,0.832000
2017-03-21,0.832000
2017-03-22,0.823000
2017-03-23,0.828000
2017-03-24,0.832000
2017-03-27,0.831000
2017-03-28,0.823000
2017-03-29,0.819000
2017-03-30,0.828000
2017-03-31,0.841000
2017-04-03,0.842000
2017-04-04,0.851000
2017-04-05,0.860000
2017-04-06,0.837000
2017-04-07,0.828000
2017-04-10,0.841000
2017-04-11,0.833000
2017-04-12,0.810000
2017-04-13,0.792000
2017-04-14,0.765000
2017-04-17,0.741000
2017-04-18,0.770000
2017-04-19,0.761000
2017-04-20,0.751000
2017-04-21,0.761000
2017-04-24,0.775000
2017-04-25,0.780000
2017-04-26,0.793000
2017-04-27,0.797000
2017-04-28,0.780000
2017-05-01,0.789000
2017-05-02,0.794000
2017-05-08,0.808000
2017-05-09,0.822000
2017-05-10,0.822000
2017-05-11,0.836000
2017-05-12,0.836000
2017-05-15,0.827000
2017-05-16,0.836000
2017-05-17,0.832000
2017-05-18,0.808000
2017-05-19,0.794000
2017-05-22,0.809000
2017-05-23,0.799000
2017-05-24,0.804000
2017-05-25,0.814000
2017-05-26,0.795000
2017-05-29,0.804000
2017-05-30,0.800000
2017-05-31,0.800000
2017-06-01,0.814000
2017-06-02,0.809000
2017-06-05,0.803000
2017-06-06,0.803000
2017-06-07,0.794000
2017-06-08,0.835000
2017-06-09,0.818000
2017-06-12,0.823000
2017-06-13,0.814000
2017-06-14,0.805000
2017-06-15,0.791000
2017-06-16,0.805000
2017-06-19,0.809000
2017-06-20,0.800000
2017-06-21,0.791000
2017-06-22,0.782000
2017-06-23,0.796000
2017-06-26,0.805000
2017-06-27,0.800000
2017-06-28,0.814000
2017-06-29,0.810000
2017-06-30,0.842000
2017-07-03,0.846000
2017-07-04,0.851000
2017-07-05,0.860000
2017-07-06,0.878000
2017-07-07,0.878000
2017-07-10,0.883000
2017-07-11,0.896000
2017-07-12,0.883000
2017-07-13,0.852000
2017-07-14,0.861000
2017-07-18,0.856000
2017-07-19,0.856000
2017-07-20,0.856000
2017-07-21,0.857000
2017-07-24,0.861000
2017-07-25,0.848000
2017-07-26,0.857000
2017-07-27,0.853000
2017-07-28,0.857000
2017-07-31,0.867000
2017-08-01,0.871000
2017-08-02,0.870000
2017-08-03,0.862000
2017-08-04,0.862000
2017-08-07,0.871000
2017-08-08,0.866000
2017-08-09,0.853000
2017-08-10,0.843000
2017-08-14,0.839000
2017-08-15,0.843000
2017-08-16,0.857000
2017-08-17,0.852000
2017-08-18,0.848000
2017-08-21,0.839000
2017-08-22,0.830000
2017-08-23,0.826000
2017-08-24,0.821000
2017-08-25,0.830000
2017-08-28,0.831000
2017-08-29,0.827000
2017-08-30,0.827000
2017-08-31,0.822000
2017-09-01,0.822000
2017-09-04,0.813000
2017-09-05,0.805000
2017-09-06,0.810000
2017-09-07,0.826000
2017-09-08,0.804000
2017-09-11,0.804000
2017-09-12,0.818000
2017-09-13,0.827000
2017-09-14,0.840000
2017-09-15,0.823000
2017-09-19,0.832000
2017-09-20,0.828000
2017-09-21,0.819000
2017-09-22,0.814000
2017-09-25,0.819000
2017-09-26,0.823000
2017-09-27,0.846000
2017-09-28,0.873000
2017-09-29,0.855000
2017-10-02,0.864000
2017-10-03,0.873000
2017-10-04,0.860000
2017-10-05,0.855000
2017-10-06,0.873000
2017-10-10,0.874000
2017-10-11,0.869000
2017-10-12,0.860000
2017-10-13,0.865000
2017-10-16,0.869000
2017-10-17,0.869000
2017-10-18,0.874000
2017-10-19,0.879000
2017-10-20,0.879000
2017-10-23,0.874000
2017-10-24,0.866000
2017-10-25,0.862000
2017-10-26,0.861000
2017-10-27,0.865000
2017-10-30,0.866000
2017-10-31,0.861000
2017-11-01,0.847000
2017-11-02,0.843000
2017-11-06,0.816000
2017-11-07,0.816000
2017-11-08,0.803000
2017-11-09,0.799000
2017-11-10,0.803000
2017-11-13,0.821000
2017-11-14,0.826000
2017-11-15,0.817000
2017-11-16,0.817000
2017-11-17,0.823000
2017-11-20,0.817000
2017-11-21,0.813000
2017-11-22,0.808000
2017-11-24,0.826000
2017-11-27,0.836000
2017-11-28,0.840000
2017-11-29,0.827000
2017-11-30,0.823000
2017-12-01,0.831000
2017-12-04,0.836000
2017-12-05,0.841000
2017-12-06,0.836000
2017-12-07,0.827000
2017-12-08,0.813000
2017-12-11,0.814000
2017-12-12,0.809000
2017-12-13,0.809000
2017-12-14,0.805000
2017-12-15,0.805000
2017-12-18,0.805000
2017-12-19,0.795000
2017-12-20,0.809000
2017-12-21,0.814000
2017-12-22,0.814000
2017-12-25,0.810000
2017-12-26,0.810000
2017-12-27,0.813000
2017-12-28,0.814000
2017-12-29,0.805000
2018-01-04,0.810000
2018-01-05,0.815000
2018-01-09,0.828000
2018-01-10,0.842000
2018-01-11,0.837000
2018-01-12,0.828000
2018-01-15,0.828000
2018-01-16,0.828000
2018-01-17,0.828000
2018-01-18,0.833000
2018-01-19,0.824000
2018-01-22,0.820000
2018-01-23,0.815000
2018-01-24,0.820000
2018-01-25,0.820000
2018-01-26,0.811000
2018-01-29,0.807000
2018-01-30,0.816000
2018-01-31,0.811000
2018-02-01,0.816000
2018-02-02,0.816000
2018-02-05,0.816000
2018-02-06,0.812000
2018-02-07,0.812000
2018-02-08,0.816000
2018-02-09,0.807000
2018-02-13,0.798000
2018-02-14,0.789000
2018-02-15,0.789000
2018-02-16,0.789000
2018-02-19,0.789000
2018-02-20,0.789000
2018-02-21,0.780000
2018-02-22,0.771000
2018-02-23,0.758000
2018-02-26,0.762000
2018-02-27,0.762000
2018-02-28,0.762000
2018-03-01,0.758000
2018-03-02,0.767000
2018-03-05,0.749000
2018-03-06,0.749000
2018-03-07,0.745000
2018-03-08,0.754000
2018-03-09,0.759000
2018-03-12,0.759000
2018-03-13,0.759000
2018-03-14,0.759000
2018-03-15,0.759000
2018-03-16,0.759000
2018-03-19,0.755000
2018-03-20,0.754000
2018-03-22,0.755000
2018-03-23,0.741000
2018-03-26,0.741000
2018-03-27,0.741000
2018-03-28,0.736000
2018-03-29,0.741000
2018-03-30,0.741000
2018-04-02,0.746000
2018-04-03,0.723000
2018-04-04,0.718000
2018-04-05,0.737000
2018-04-06,0.746000
2018-04-09,0.742000
2018-04-10,0.737000
2018-04-11,0.728000
2018-04-12,0.714000
2018-04-13,0.705000
2018-04-16,0.710000
2018-04-17,0.714000
2018-04-18,0.705000
2018-04-19,0.710000
2018-04-20,0.733000
2018-04-23,0.742000
2018-04-24,0.747000
2018-04-25,0.747000
2018-04-26,0.752000
2018-04-27,0.747000
2018-05-01,0.724000
2018-05-02,0.733000
2018-05-07,0.733000
2018-05-08,0.743000
2018-05-09,0.738000
2018-05-10,0.743000
2018-05-11,0.743000
2018-05-14,0.748000
2018-05-15,0.753000
2018-05-16,0.758000
2018-05-17,0.767000
2018-05-18,0.766000
2018-05-21,0.762000
2018-05-22,0.762000
2018-05-23,0.757000
2018-05-24,0.752000
2018-05-25,0.748000
2018-05-28,0.743000
2018-05-29,0.724000
2018-05-30,0.711000
2018-05-31,0.720000
2018-06-01,0.725000
2018-06-04,0.735000
2018-06-05,0.730000
2018-06-06,0.737000
2018-06-07,0.727000
2018-06-08,0.722000
2018-06-11,0.731000
2018-06-12,0.735000
2018-06-13,0.735000
2018-06-14,0.730000
2018-06-15,0.721000
2018-06-18,0.721000
2018-06-19,0.716000
2018-06-20,0.721000
2018-06-21,0.721000
2018-06-22,0.716000
2018-06-25,0.717000
2018-06-26,0.721000
2018-06-27,0.723000
2018-06-28,0.718000
2018-06-29,0.718000
2018-07-02,0.713000
2018-07-03,0.713000
2018-07-04,0.703000
2018-07-05,0.682000
2018-07-06,0.681000
2018-07-09,0.678000
2018-07-10,0.687000
2018-07-11,0.692000
2018-07-12,0.683000
2018-07-13,0.683000
2018-07-17,0.678000
2018-07-18,0.683000
2018-07-19,0.683000
2018-07-20,0.683000
2018-07-23,0.771000
2018-07-24,0.793000
2018-07-25,0.770000
2018-07-26,0.793000
2018-07-27,0.802000
2018-07-30,0.820000
2018-07-31,0.742000
2018-08-01,0.797000
2018-08-02,0.820000
2018-08-03,0.833000
2018-08-06,0.833000
2018-08-07,0.838000
2018-08-08,0.847000
2018-08-09,0.839000
2018-08-10,0.829000
2018-08-13,0.816000
2018-08-14,0.830000
2018-08-15,0.830000
2018-08-16,0.834000
2018-08-17,0.834000
2018-08-20,0.835000
2018-08-21,0.819000
2018-08-22,0.830000
2018-08-23,0.830000
2018-08-24,0.826000
2018-08-27,0.817000
2018-08-28,0.825000
2018-08-29,0.826000
2018-08-30,0.835000
2018-08-31,0.834000
2018-09-03,0.839000
2018-09-04,0.843000
2018-09-05,0.835000
2018-09-06,0.830000
2018-09-07,0.830000
2018-09-10,0.835000
2018-09-11,0.822000
2018-09-12,0.822000
2018-09-13,0.826000
2018-09-14,0.826000
2018-09-18,0.836000
2018-09-19,0.840000
2018-09-20,0.840000
2018-09-21,0.871000
2018-09-25,0.889000
2018-09-26,0.889000
2018-09-27,0.877000
2018-09-28,0.890000
2018-10-01,0.904000
2018-10-02,0.900000
2018-10-03,0.898000
2018-10-04,0.930000
2018-10-05,0.922000
2018-10-09,0.926000
2018-10-10,0.921000
2018-10-11,0.901000
2018-10-12,0.906000
2018-10-15,0.910000
2018-10-16,0.915000
2018-10-17,0.911000
2018-10-18,0.910000
2018-10-19,0.910000
2018-10-22,0.915000
2018-10-23,0.911000
2018-10-24,0.895000
2018-10-25,0.866000
2018-10-26,0.866000
2018-10-29,0.861000
2018-10-30,0.861000
2018-10-31,0.875000
2018-11-01,0.875000
2018-11-02,0.879000
2018-11-05,0.884000
2018-11-06,0.889000
2018-11-07,0.889000
2018-11-08,0.894000
2018-11-09,0.889000
2018-11-12,0.884000
2018-11-13,0.878000
2018-11-14,0.871000
2018-11-15,0.866000
2018-11-16,0.862000
2018-11-19,0.844000
2018-11-20,0.853000
2018-11-21,0.835000
2018-11-22,0.830000
2018-11-26,0.821000
2018-11-27,0.817000
2018-11-28,0.835000
2018-11-29,0.821000
2018-11-30,0.821000
2018-12-03,0.821000
2018-12-04,0.793000
2018-12-05,0.803000
2018-12-06,0.798000
2018-12-07,0.817000
2018-12-10,0.803000
2018-12-11,0.803000
2018-12-12,0.803000
2018-12-13,0.808000
2018-12-14,0.794000
2018-12-17,0.785000
2018-12-18,0.771000
2018-12-19,0.771000
2018-12-20,0.738000
2018-12-21,0.757000
2018-12-25,0.724000
2018-12-26,0.729000
2018-12-27,0.743000
2018-12-28,0.724000
2019-01-04,0.677000
2019-01-07,0.701000
2019-01-08,0.706000
2019-01-09,0.720000
2019-01-10,0.710000
2019-01-11,0.696000
2019-01-15,0.696000
2019-01-16,0.692000
2019-01-17,0.695000
2019-01-18,0.692000
2019-01-21,0.692000
2019-01-22,0.683000
2019-01-23,0.674000
2019-01-24,0.665000
2019-01-25,0.660000
2019-01-28,0.655000
2019-01-29,0.655000
2019-01-30,0.660000
2019-01-31,0.651000
2019-02-01,0.604000
2019-02-04,0.614000
2019-02-05,0.604000
2019-02-06,0.604000
2019-02-07,0.619000
2019-02-08,0.589000
2019-02-12,0.609000
2019-02-13,0.624000
2019-02-14,0.624000
2019-02-15,0.600000
2019-02-18,0.600000
2019-02-19,0.595000
2019-02-20,0.591000
2019-02-21,0.576000
2019-02-22,0.586000
2019-02-25,0.591000
2019-02-26,0.610000
2019-02-27,0.615000
2019-02-28,0.610000
2019-03-01,0.628000
2019-03-04,0.643000
2019-03-05,0.647000
2019-03-06,0.633000
2019-03-07,0.624000
2019-03-08,0.591000
2019-03-11,0.591000
2019-03-12,0.598000
2019-03-13,0.582000
2019-03-14,0.577000
2019-03-15,0.582000
2019-03-18,0.587000
2019-03-19,0.567000
2019-03-20,0.577000
2019-03-22,0.535000
2019-03-25,0.517000
2019-03-26,0.550000
2019-03-27,0.545000
2019-03-28,0.507000
2019-03-29,0.513000
2019-04-01,0.532000
2019-04-02,0.533000
2019-04-03,0.530000
2019-04-04,0.529000
2019-04-05,0.542000
2019-04-08,0.529000
2019-04-09,0.534000
2019-04-10,0.524000
2019-04-11,0.510000
2019-04-12,0.515000
2019-04-15,0.539000
2019-04-16,0.539000
2019-04-17,0.566000
2019-04-18,0.552000
2019-04-19,0.578000
2019-04-22,0.575000
2019-04-23,0.566000
2019-04-24,0.557000
2019-04-25,0.576000
2019-04-26,0.557000
2019-05-07,0.539000
2019-05-08,0.530000
2019-05-09,0.535000
2019-05-10,0.535000
2019-05-13,0.539000
2019-05-14,0.534000
2019-05-15,0.530000
2019-05-16,0.511000
2019-05-17,0.525000
2019-05-20,0.540000
2019-05-21,0.534000
2019-05-22,0.520000
2019-05-23,0.513000
2019-05-24,0.502000
2019-05-27,0.508000
2019-05-28,0.493000
2019-05-29,0.470000
2019-05-30,0.483000
2019-05-31,0.456000
2019-06-03,0.465000
2019-06-04,0.445000
2019-06-05,0.422000
2019-06-06,0.412000
2019-06-07,0.403000
2019-06-10,0.360000
2019-06-11,0.358000
2019-06-12,0.348000
2019-06-13,0.370000
2019-06-14,0.371000
2019-06-17,0.371000
2019-06-18,0.362000
2019-06-19,0.343000
2019-06-20,0.299000
2019-06-21,0.329000
2019-06-24,0.353000
2019-06-25,0.354000
2019-06-26,0.373000
2019-06-27,0.393000
2019-06-28,0.363000
2019-07-01,0.382000
2019-07-02,0.388000
2019-07-03,0.354000
2019-07-04,0.345000
2019-07-05,0.334000
2019-07-08,0.352000
2019-07-09,0.342000
2019-07-10,0.367000
2019-07-11,0.358000
2019-07-12,0.386000
2019-07-16,0.381000
2019-07-17,0.372000
2019-07-18,0.362000
2019-07-19,0.372000
2019-07-22,0.377000
2019-07-23,0.367000
2019-07-24,0.357000
2019-07-25,0.353000
2019-07-26,0.358000
2019-07-29,0.367000
2019-07-30,0.363000
2019-07-31,0.353000
2019-08-01,0.366000
2019-08-02,0.328000
2019-08-05,0.290000
2019-08-06,0.309000
2019-08-07,0.280000
2019-08-08,0.267000
2019-08-09,0.222000
2019-08-13,0.187000
2019-08-14,0.201000
2019-08-15,0.161000
2019-08-16,0.186000
2019-08-19,0.206000
2019-08-20,0.200000
2019-08-21,0.186000
2019-08-22,0.196000
2019-08-23,0.211000
2019-08-26,0.162000
2019-08-27,0.166000
2019-08-28,0.163000
2019-08-29,0.140000
2019-08-30,0.146000
2019-09-02,0.151000
2019-09-03,0.120000
2019-09-04,0.115000
2019-09-05,0.136000
2019-09-06,0.206000
2019-09-09,0.223000
2019-09-10,0.280000
2019-09-11,0.290000
2019-09-12,0.295000
2019-09-13,0.341000
2019-09-17,0.352000
2019-09-18,0.333000
2019-09-19,0.320000
2019-09-20,0.355000
2019-09-24,0.349000
2019-09-25,0.360000
2019-09-26,0.342000
2019-09-27,0.326000
2019-09-30,0.361000
2019-10-01,0.406000
2019-10-02,0.391000
2019-10-03,0.356000
2019-10-04,0.353000
2019-10-07,0.357000
2019-10-08,0.377000
2019-10-09,0.377000
2019-10-10,0.362000
2019-10-11,0.386000
2019-10-15,0.386000
2019-10-16,0.386000
2019-10-17,0.386000
2019-10-18,0.401000
2019-10-21,0.415000
2019-10-23,0.411000
2019-10-24,0.389000
2019-10-25,0.392000
2019-10-28,0.396000
2019-10-29,0.419000
2019-10-30,0.410000
2019-10-31,0.386000
2019-11-01,0.343000
2019-11-05,0.373000
2019-11-06,0.401000
2019-11-07,0.406000
2019-11-08,0.444000
2019-11-11,0.448000
2019-11-12,0.476000
2019-11-13,0.467000
2019-11-14,0.443000
2019-11-15,0.451000
2019-11-18,0.439000
2019-11-19,0.429000
2019-11-20,0.410000
2019-11-21,0.392000
2019-11-22,0.425000
2019-11-25,0.433000
2019-11-26,0.411000
2019-11-27,0.387000
2019-11-28,0.401000
2019-11-29,0.406000
2019-12-02,0.425000
2019-12-03,0.439000
2019-12-04,0.429000
2019-12-05,0.415000
2019-12-06,0.434000
2019-12-09,0.440000
2019-12-10,0.421000
2019-12-11,0.430000
2019-12-12,0.430000
2019-12-13,0.425000
2019-12-16,0.406000
2019-12-17,0.407000
2019-12-18,0.412000
2019-12-19,0.412000
2019-12-20,0.439000
2019-12-23,0.442000
2019-12-24,0.452000
2019-12-25,0.432000
2019-12-26,0.437000
2019-12-27,0.426000
2019-12-30,0.410000
2020-01-06,0.401000
2020-01-07,0.430000
2020-01-08,0.416000
2020-01-09,0.429000
2020-01-10,0.438000
2020-01-14,0.448000
2020-01-15,0.448000
2020-01-16,0.453000
2020-01-17,0.453000
2020-01-20,0.467000
2020-01-21,0.439000
2020-01-22,0.439000
2020-01-23,0.411000
2020-01-24,0.406000
2020-01-27,0.373000
2020-01-28,0.377000
2020-01-29,0.373000
2020-01-30,0.358000
2020-01-31,0.368000
2020-02-03,0.383000
2020-02-04,0.393000
2020-02-05,0.417000
2020-02-06,0.421000
2020-02-07,0.392000
2020-02-10,0.368000
2020-02-12,0.378000
2020-02-13,0.387000
2020-02-14,0.387000
2020-02-17,0.372000
2020-02-18,0.354000
2020-02-19,0.368000
2020-02-20,0.358000
2020-02-21,0.343000
2020-02-25,0.334000
2020-02-26,0.344000
2020-02-27,0.349000
2020-02-28,0.286000
2020-03-02,0.284000
2020-03-03,0.319000
2020-03-04,0.313000
2020-03-05,0.349000
2020-03-06,0.314000
2020-03-09,0.261000
2020-03-10,0.305000
2020-03-11,0.299000
2020-03-12,0.309000
2020-03-13,0.325000
2020-03-16,0.342000
2020-03-17,0.358000
2020-03-18,0.405000
2020-03-19,0.437000
2020-03-23,0.434000
2020-03-24,0.429000
2020-03-25,0.415000
2020-03-26,0.419000
2020-03-27,0.419000
2020-03-30,0.396000
2020-03-31,0.418000
2020-04-01,0.410000
2020-04-02,0.390000
2020-04-03,0.391000
2020-04-06,0.420000
2020-04-07,0.443000
2020-04-08,0.438000
2020-04-09,0.447000
2020-04-10,0.438000
2020-04-13,0.443000
2020-04-14,0.452000
2020-04-15,0.457000
2020-04-16,0.461000
2020-04-17,0.489000
2020-04-20,0.476000
2020-04-21,0.466000
2020-04-22,0.433000
2020-04-23,0.414000
2020-04-24,0.417000
2020-04-27,0.429000
2020-04-28,0.415000
2020-04-30,0.423000
2020-05-01,0.429000
2020-05-07,0.448000
2020-05-08,0.454000
2020-05-11,0.471000
2020-05-12,0.452000
2020-05-13,0.457000
2020-05-14,0.452000
2020-05-15,0.471000
2020-05-18,0.466000
2020-05-19,0.471000
2020-05-20,0.456000
2020-05-21,0.437000
2020-05-22,0.442000
2020-05-25,0.470000
2020-05-26,0.475000
2020-05-27,0.465000
2020-05-28,0.475000
2020-05-29,0.495000
2020-06-01,0.509000
2020-06-02,0.509000
2020-06-03,0.509000
2020-06-04,0.532000
2020-06-05,0.551000
2020-06-08,0.559000
2020-06-09,0.526000
2020-06-10,0.526000
2020-06-11,0.509000
2020-06-12,0.523000
2020-06-15,0.508000
2020-06-16,0.531000
2020-06-17,0.541000
2020-06-18,0.551000
2020-06-19,0.555000
2020-06-22,0.555000
2020-06-23,0.560000
2020-06-24,0.569000
2020-06-25,0.567000
2020-06-26,0.574000
2020-06-29,0.574000
2020-06-30,0.589000
2020-07-01,0.616000
2020-07-02,0.628000
2020-07-03,0.606000
2020-07-06,0.615000
2020-07-07,0.610000
2020-07-08,0.568000
2020-07-09,0.554000
2020-07-10,0.563000
2020-07-13,0.596000
2020-07-14,0.591000
2020-07-15,0.605000
2020-07-16,0.596000
2020-07-17,0.582000
2020-07-20,0.596000
2020-07-21,0.577000
2020-07-22,0.573000
2020-07-27,0.573000
2020-07-28,0.564000
2020-07-29,0.540000
2020-07-30,0.545000
2020-07-31,0.529000
2020-08-03,0.554000
2020-08-04,0.554000
2020-08-05,0.544000
2020-08-06,0.553000
2020-08-07,0.549000
2020-08-11,0.569000
2020-08-12,0.596000
2020-08-13,0.592000
2020-08-14,0.615000
2020-08-17,0.615000
2020-08-18,0.615000
2020-08-19,0.602000
2020-08-20,0.606000
2020-08-21,0.615000
2020-08-24,0.601000
2020-08-25,0.587000
2020-08-26,0.602000
2020-08-27,0.597000
2020-08-28,0.619000
2020-08-31,0.606000
2020-09-01,0.611000
2020-09-02,0.613000
2020-09-03,0.602000
2020-09-04,0.607000
2020-09-07,0.619000
2020-09-08,0.610000
2020-09-09,0.598000
2020-09-10,0.598000
2020-09-11,0.578000
2020-09-14,0.578000
2020-09-15,0.584000
2020-09-16,0.592000
2020-09-17,0.588000
2020-09-18,0.588000
2020-09-23,0.592000
2020-09-24,0.596000
2020-09-25,0.606000
2020-09-28,0.620000
2020-09-29,0.611000
2020-09-30,0.595000
2020-10-01,0.611000
2020-10-02,0.606000
2020-10-05,0.620000
2020-10-06,0.637000
2020-10-07,0.634000
2020-10-08,0.629000
2020-10-09,0.629000
2020-10-12,0.634000
2020-10-13,0.638000
2020-10-14,0.638000
2020-10-15,0.629000
2020-10-16,0.619000
2020-10-19,0.620000
2020-10-20,0.606000
2020-10-21,0.623000
2020-10-22,0.629000
2020-10-23,0.639000
2020-10-26,0.639000
2020-10-27,0.630000
2020-10-28,0.630000
2020-10-29,0.626000
2020-10-30,0.640000
2020-11-02,0.635000
2020-11-04,0.640000
2020-11-05,0.612000
2020-11-06,0.626000
2020-11-09,0.626000
2020-11-10,0.645000
2020-11-11,0.649000
2020-11-12,0.649000
2020-11-13,0.654000
2020-11-16,0.654000
2020-11-17,0.644000
2020-11-18,0.625000
2020-11-19,0.630000
2020-11-20,0.625000
2020-11-24,0.639000
2020-11-25,0.645000
2020-11-26,0.650000
2020-11-27,0.651000
2020-11-30,0.646000
2020-12-01,0.651000
2020-12-02,0.651000
2020-12-03,0.647000
2020-12-04,0.651000
2020-12-07,0.647000
2020-12-08,0.633000
2020-12-09,0.623000
2020-12-10,0.614000
2020-12-11,0.614000
2020-12-14,0.628000
2020-12-15,0.623000
2020-12-16,0.628000
2020-12-17,0.626000
2020-12-18,0.624000
2020-12-21,0.638000
2020-12-22,0.628000
2020-12-23,0.613000
2020-12-24,0.623000
2020-12-25,0.637000
2020-12-28,0.642000
2020-12-29,0.647000
2020-12-30,0.647000
2021-01-04,0.655000
2021-01-05,0.640000
2021-01-06,0.650000
2021-01-07,0.653000
2021-01-08,0.650000
2021-01-12,0.650000
2021-01-13,0.636000
2021-01-14,0.645000
2021-01-15,0.650000
2021-01-18,0.660000
2021-01-19,0.660000
2021-01-20,0.665000
2021-01-21,0.651000
2021-01-22,0.655000
2021-01-25,0.660000
2021-01-26,0.651000
2021-01-27,0.651000
2021-01-28,0.649000
2021-01-29,0.660000
2021-02-01,0.670000
2021-02-02,0.670000
2021-02-03,0.670000
2021-02-04,0.660000
2021-02-05,0.656000
2021-02-08,0.670000
2021-02-09,0.675000
2021-02-10,0.670000
2021-02-12,0.670000
2021-02-15,0.680000
2021-02-16,0.679000
2021-02-17,0.689000
2021-02-18,0.679000
2021-02-19,0.680000
2021-02-22,0.697000
2021-02-24,0.712000
2021-02-25,0.744000
2021-02-26,0.751000
2021-03-01,0.725000
2021-03-02,0.706000
2021-03-03,0.678000
2021-03-04,0.711000
2021-03-05,0.673000
2021-03-08,0.683000
2021-03-09,0.702000
2021-03-10,0.692000
2021-03-11,0.655000
2021-03-12,0.669000
2021-03-15,0.678000
2021-03-16,0.669000
2021-03-17,0.664000
2021-03-18,0.664000
2021-03-19,0.674000
2021-03-22,0.638000
2021-03-23,0.629000
2021-03-24,0.629000
2021-03-25,0.637000
2021-03-26,0.656000
2021-03-29,0.638000
2021-03-30,0.648000
2021-03-31,0.669000
2021-04-01,0.697000
2021-04-02,0.697000
2021-04-05,0.697000
2021-04-06,0.682000
2021-04-07,0.654000
2021-04-08,0.673000
2021-04-09,0.678000
2021-04-12,0.682000
2021-04-13,0.673000
2021-04-14,0.650000
2021-04-15,0.654000
2021-04-16,0.655000
2021-04-19,0.655000
2021-04-20,0.646000
2021-04-21,0.631000
2021-04-22,0.636000
2021-04-23,0.641000
2021-04-26,0.651000
2021-04-27,0.646000
2021-04-28,0.655000
2021-04-30,0.660000
2021-05-06,0.655000
2021-05-07,0.655000
2021-05-10,0.651000
2021-05-11,0.641000
2021-05-12,0.641000
2021-05-13,0.673000
2021-05-14,0.655000
2021-05-17,0.654000
2021-05-18,0.660000
2021-05-19,0.660000
2021-05-20,0.669000
2021-05-21,0.678000
2021-05-24,0.675000
2021-05-25,0.674000
2021-05-26,0.675000
2021-05-27,0.670000
2021-05-28,0.675000
2021-05-31,0.675000
2021-06-01,0.683000
2021-06-02,0.690000
2021-06-03,0.687000
2021-06-04,0.692000
2021-06-07,0.692000
2021-06-08,0.683000
2021-06-09,0.670000
2021-06-10,0.664000
2021-06-11,0.661000
2021-06-14,0.661000
2021-06-15,0.675000
2021-06-16,0.686000
2021-06-17,0.691000
2021-06-18,0.677000
2021-06-21,0.678000
2021-06-22,0.678000
2021-06-23,0.668000
2021-06-24,0.672000
2021-06-25,0.682000
2021-06-28,0.691000
2021-06-29,0.691000
2021-06-30,0.691000
2021-07-01,0.682000
2021-07-02,0.672000
2021-07-05,0.678000
2021-07-06,0.673000
2021-07-07,0.674000
2021-07-08,0.658000
2021-07-09,0.669000
2021-07-12,0.669000
2021-07-13,0.669000
2021-07-14,0.669000
2021-07-15,0.641000
2021-07-16,0.646000
2021-07-19,0.651000
2021-07-20,0.645000
2021-07-21,0.661000
2021-07-26,0.652000
2021-07-27,0.656000
2021-07-28,0.647000
2021-07-29,0.642000
2021-07-30,0.642000
2021-08-02,0.642000
2021-08-03,0.638000
2021-08-04,0.634000
2021-08-05,0.639000
2021-08-06,0.643000
2021-08-10,0.648000
2021-08-11,0.657000
2021-08-12,0.648000
2021-08-13,0.653000
2021-08-16,0.648000
2021-08-17,0.643000
2021-08-18,0.652000
2021-08-19,0.652000
2021-08-20,0.652000
2021-08-23,0.653000
2021-08-24,0.658000
2021-08-25,0.653000
2021-08-26,0.643000
2021-08-27,0.648000
2021-08-30,0.653000
2021-08-31,0.654000
2021-09-01,0.654000
2021-09-02,0.647000
2021-09-03,0.654000
2021-09-06,0.664000
2021-09-07,0.664000
2021-09-08,0.671000
2021-09-09,0.662000
2021-09-10,0.657000
2021-09-13,0.657000
2021-09-14,0.650000
2021-09-15,0.650000
2021-09-16,0.652000
2021-09-17,0.657000
2021-09-21,0.657000
2021-09-22,0.657000
2021-09-24,0.676000
2021-09-27,0.685000
2021-09-28,0.695000
2021-09-29,0.681000
2021-09-30,0.677000
2021-10-01,0.663000
2021-10-04,0.672000
2021-10-05,0.681000
2021-10-06,0.688000
2021-10-07,0.682000
2021-10-08,0.690000
2021-10-11,0.700000
2021-10-12,0.696000
2021-10-13,0.691000
2021-10-14,0.688000
2021-10-15,0.688000
2021-10-18,0.697000
2021-10-19,0.693000
2021-10-20,0.697000
2021-10-21,0.693000
2021-10-22,0.702000
2021-10-25,0.707000
2021-10-26,0.697000
2021-10-27,0.693000
2021-10-28,0.684000
2021-10-29,0.674000
2021-11-01,0.674000
2021-11-02,0.684000
2021-11-04,0.683000
2021-11-05,0.679000
2021-11-08,0.679000
2021-11-09,0.684000
2021-11-10,0.670000
2021-11-11,0.684000
2021-11-12,0.679000
2021-11-15,0.680000
2021-11-16,0.680000
2021-11-17,0.685000
2021-11-18,0.685000
2021-11-19,0.675000
2021-11-22,0.685000
2021-11-24,0.689000
2021-11-25,0.683000
2021-11-26,0.678000
2021-11-29,0.688000
2021-11-30,0.671000
2021-12-01,0.671000
2021-12-02,0.675000
2021-12-03,0.670000
2021-12-06,0.666000
2021-12-07,0.679000
2021-12-08,0.673000
2021-12-09,0.676000
2021-12-10,0.675000
2021-12-13,0.667000
2021-12-14,0.668000
2021-12-15,0.668000
2021-12-16,0.658000
2021-12-17,0.659000
2021-12-20,0.658000
2021-12-21,0.664000
2021-12-22,0.669000
2021-12-23,0.678000
2021-12-24,0.679000
2021-12-27,0.675000
2021-12-28,0.684000
2021-12-29,0.684000
2021-12-30,0.693000
2022-01-04,0.693000
2022-01-05,0.697000
2022-01-06,0.710000
2022-01-07,0.709000
2022-01-11,0.714000
2022-01-12,0.700000
2022-01-13,0.704000
2022-01-14,0.719000
2022-01-17,0.710000
2022-01-18,0.710000
2022-01-19,0.705000
2022-01-20,0.714000
2022-01-21,0.709000
2022-01-24,0.719000
2022-01-25,0.718000
2022-01-26,0.719000
2022-01-27,0.736000
2022-01-28,0.751000
2022-01-31,0.768000
2022-02-01,0.782000
2022-02-02,0.791000
2022-02-03,0.778000
2022-02-04,0.792000
2022-02-07,0.814000
2022-02-08,0.841000
2022-02-09,0.818000
2022-02-10,0.854000
2022-02-14,0.867000
2022-02-15,0.877000
2022-02-16,0.906000
2022-02-17,0.959000
2022-02-18,0.911000
2022-02-21,0.872000
2022-02-22,0.845000
2022-02-24,0.859000
2022-02-25,0.898000
2022-02-28,0.867000
2022-03-01,0.876000
2022-03-02,0.840000
2022-03-03,0.841000
2022-03-04,0.823000
2022-03-07,0.813000
2022-03-08,0.859000
2022-03-09,0.850000
2022-03-10,0.859000
2022-03-11,0.859000
2022-03-14,0.849000
2022-03-15,0.885000
2022-03-16,0.876000
2022-03-17,0.875000
2022-03-18,0.873000
2022-03-22,0.895000
2022-03-23,0.913000
2022-03-24,0.912000
2022-03-25,0.938000
2022-03-28,0.982000
2022-03-29,1.029000
2022-03-30,0.969000
2022-03-31,0.906000
2022-04-01,0.918000
2022-04-04,0.928000
2022-04-05,0.940000
2022-04-06,0.991000
2022-04-07,0.990000
2022-04-08,0.969000
2022-04-11,0.996000
2022-04-12,0.996000
2022-04-13,0.982000
2022-04-14,0.947000
2022-04-15,0.938000
2022-04-18,0.961000
2022-04-19,0.970000
2022-04-20,0.984000
2022-04-21,0.988000
2022-04-22,1.015000
2022-04-25,1.002000
2022-04-26,0.988000
2022-04-27,0.979000
2022-04-28,0.974000
2022-05-02,0.989000
2022-05-06,1.012000
2022-05-09,1.030000
2022-05-10,1.029000
2022-05-11,1.021000
2022-05-12,1.007000
2022-05-13,0.998000
2022-05-16,1.002000
2022-05-17,1.016000
2022-05-18,1.021000
2022-05-19,1.007000
2022-05-20,0.989000
2022-05-23,0.989000
2022-05-24,0.970000
2022-05-25,0.962000
2022-05-26,1.002000
2022-05-27,0.989000
2022-05-30,1.001000
2022-05-31,1.021000
2022-06-01,1.034000
2022-06-02,1.038000
2022-06-03,1.025000
2022-06-06,1.029000
2022-06-07,1.052000
2022-06-08,1.055000
2022-06-09,1.074000
2022-06-10,1.079000
2022-06-13,1.163000
2022-06-14,1.157000
2022-06-15,1.211000
2022-06-16,1.148000
2022-06-17,1.152000
2022-06-20,1.188000
2022-06-21,1.217000
2022-06-22,1.226000
2022-06-23,1.203000
2022-06-24,1.211000
2022-06-27,1.250000
2022-06-28,1.257000
2022-06-29,1.240000
2022-06-30,1.213000
2022-07-01,1.205000
2022-07-04,1.228000
2022-07-05,1.255000
2022-07-06,1.237000
2022-07-07,1.235000
2022-07-08,1.249000
2022-07-11,1.283000
2022-07-12,1.301000
2022-07-13,1.267000
2022-07-14,1.249000
2022-07-15,1.213000
2022-07-19,1.267000
2022-07-20,1.276000
2022-07-21,1.263000
2022-07-22,1.237000
2022-07-25,1.222000
2022-07-26,1.188000
2022-07-27,1.174000
2022-07-28,1.218000
2022-07-29,1.204000
2022-08-01,1.238000
2022-08-02,1.202000
2022-08-03,1.220000
2022-08-04,1.197000
2022-08-05,1.170000
2022-08-08,1.162000
2022-08-09,1.135000
2022-08-10,1.130000
2022-08-12,1.120000
2022-08-15,1.135000
2022-08-16,1.102000
2022-08-17,1.088000
2022-08-18,1.121000
2022-08-19,1.098000
2022-08-22,1.149000
2022-08-23,1.172000
2022-08-24,1.168000
2022-08-25,1.172000
2022-08-26,1.168000
2022-08-29,1.213000
2022-08-30,1.213000
2022-08-31,1.204000
2022-09-01,1.236000
2022-09-02,1.273000
2022-09-05,1.254000
2022-09-06,1.263000
2022-09-07,1.307000
2022-09-08,1.303000
2022-09-09,1.316000
2022-09-12,1.289000
2022-09-13,1.236000
2022-09-14,1.199000
2022-09-15,1.262000
2022-09-16,1.293000
2022-09-20,1.317000
2022-09-21,1.321000
2022-09-22,1.312000
2022-09-26,1.379000
2022-09-27,1.427000
2022-09-28,1.462000
2022-09-29,1.396000
2022-09-30,1.391000
2022-10-03,1.330000
2022-10-04,1.325000
2022-10-05,1.344000
2022-10-06,1.358000
2022-10-07,1.369000
2022-10-11,1.435000
2022-10-12,1.468000
2022-10-13,1.465000
2022-10-14,1.456000
2022-10-17,1.495000
2022-10-18,1.499000
2022-10-19,1.495000
2022-10-20,1.507000
2022-10-21,1.558000
2022-10-24,1.617000
2022-10-25,1.549000
2022-10-26,1.528000
2022-10-27,1.469000
2022-10-28,1.438000
2022-10-31,1.417000
2022-11-01,1.482000
2022-11-02,1.518000
2022-11-04,1.540000
2022-11-07,1.556000
2022-11-08,1.570000
2022-11-09,1.497000
2022-11-10,1.506000
2022-11-11,1.437000
2022-11-14,1.485000
2022-11-15,1.454000
2022-11-16,1.437000
2022-11-17,1.402000
2022-11-18,1.410000
2022-11-21,1.445000
2022-11-22,1.455000
2022-11-24,1.446000
2022-11-25,1.474000
2022-11-28,1.479000
2022-11-29,1.509000
2022-11-30,1.500000
2022-12-01,1.505000
2022-12-02,1.482000
2022-12-05,1.478000
2022-12-06,1.473000
2022-12-07,1.466000
2022-12-08,1.440000
2022-12-09,1.401000
2022-12-12,1.430000
2022-12-13,1.403000
2022-12-14,1.395000
2022-12-15,1.417000
2022-12-16,1.466000
2022-12-19,1.510000
2022-12-20,1.553000
2022-12-21,1.528000
2022-12-22,1.520000
2022-12-23,1.495000
2022-12-26,1.495000
2022-12-27,1.520000
2022-12-28,1.549000
2022-12-29,1.586000
2022-12-30,1.578000
2023-01-04,1.610000
2023-01-05,1.586000
2023-01-06,1.573000
2023-01-10,1.617000
2023-01-11,1.609000
2023-01-12,1.649000
2023-01-13,1.610000
2023-01-16,1.559000
2023-01-17,1.546000
2023-01-18,1.534000
2023-01-19,1.555000
2023-01-20,1.560000
2023-01-23,1.561000
2023-01-24,1.542000
2023-01-25,1.535000
2023-01-26,1.526000
2023-01-27,1.574000
2023-01-30,1.596000
2023-01-31,1.600000
2023-02-01,1.570000
2023-02-02,1.531000
2023-02-03,1.531000
2023-02-06,1.539000
2023-02-07,1.561000
2023-02-08,1.544000
2023-02-09,1.544000
2023-02-10,1.562000
2023-02-13,1.509000
2023-02-14,1.505000
2023-02-15,1.482000
2023-02-16,1.486000
2023-02-17,1.503000
2023-02-20,1.507000
2023-02-21,1.504000
2023-02-22,1.473000
2023-02-24,1.464000
2023-02-27,1.455000
2023-02-28,1.393000
2023-03-01,1.389000
2023-03-02,1.416000
2023-03-03,1.443000
2023-03-06,1.439000
2023-03-07,1.448000
2023-03-08,1.475000
2023-03-09,1.475000
2023-03-10,1.423000
2023-03-13,1.335000
2023-03-14,1.206000
2023-03-15,1.323000
2023-03-16,1.312000
2023-03-17,1.330000
2023-03-20,1.277000
2023-03-22,1.340000
2023-03-23,1.347000
2023-03-24,1.357000
2023-03-27,1.376000
2023-03-28,1.292000
2023-03-29,1.243000
2023-03-30,1.258000
2023-03-31,1.274000
2023-04-03,1.335000
2023-04-04,1.380000
2023-04-05,1.377000
2023-04-06,1.348000
2023-04-07,1.318000
2023-04-10,1.334000
2023-04-11,1.335000
2023-04-12,1.331000
2023-04-13,1.305000
2023-04-14,1.313000
2023-04-17,1.343000
2023-04-18,1.343000
2023-04-19,1.326000
2023-04-20,1.353000
2023-04-21,1.344000
2023-04-24,1.361000
2023-04-25,1.348000
2023-04-26,1.325000
2023-04-27,1.342000
2023-04-28,1.247000
2023-05-01,1.279000
2023-05-02,1.292000
2023-05-08,1.279000
2023-05-09,1.287000
2023-05-10,1.278000
2023-05-11,1.233000
2023-05-12,1.262000
2023-05-15,1.277000
2023-05-16,1.256000
2023-05-17,1.224000
2023-05-18,1.246000
2023-05-19,1.256000
2023-05-22,1.238000
2023-05-23,1.252000
2023-05-24,1.269000
2023-05-25,1.292000
2023-05-26,1.265000
2023-05-29,1.278000
2023-05-30,1.264000
2023-05-31,1.273000
2023-06-01,1.277000
2023-06-02,1.286000
2023-06-05,1.287000
2023-06-06,1.273000
2023-06-07,1.269000
2023-06-08,1.287000
2023-06-09,1.278000
2023-06-12,1.282000
2023-06-13,1.260000
2023-06-14,1.259000
2023-06-15,1.256000
2023-06-16,1.252000
2023-06-19,1.239000
2023-06-20,1.225000
2023-06-21,1.226000
2023-06-22,1.240000
2023-06-23,1.235000
2023-06-26,1.208000
2023-06-27,1.213000
2023-06-28,1.226000
2023-06-29,1.231000
2023-06-30,1.262000
2023-07-03,1.262000
2023-07-04,1.255000
2023-07-05,1.227000
2023-07-06,1.227000
2023-07-07,1.266000
2023-07-10,1.309000
2023-07-11,1.292000
2023-07-12,1.322000
2023-07-13,1.331000
2023-07-14,1.365000
2023-07-18,1.395000
2023-07-19,1.361000
2023-07-20,1.339000
2023-07-21,1.340000
2023-07-24,1.304000
2023-07-25,1.323000
2023-07-26,1.301000
2023-07-27,1.292000
2023-07-28,1.356000
2023-07-31,1.458000
2023-08-01,1.491000
2023-08-02,1.503000
2023-08-03,1.532000
2023-08-04,1.553000
2023-08-07,1.541000
2023-08-08,1.499000
2023-08-09,1.458000
2023-08-10,1.495000
2023-08-14,1.532000
2023-08-15,1.537000
2023-08-16,1.520000
2023-08-17,1.577000
2023-08-18,1.565000
2023-08-21,1.586000
2023-08-22,1.598000
2023-08-23,1.610000
2023-08-24,1.582000
2023-08-25,1.589000
2023-08-28,1.593000
2023-08-29,1.581000
2023-08-30,1.594000
2023-08-31,1.598000
2023-09-01,1.569000
2023-09-04,1.582000
2023-09-05,1.586000
2023-09-06,1.574000
2023-09-07,1.581000
2023-09-08,1.593000
2023-09-11,1.630000
2023-09-12,1.637000
2023-09-13,1.605000
2023-09-14,1.601000
2023-09-15,1.598000
2023-09-19,1.622000
2023-09-20,1.618000
2023-09-21,1.607000
2023-09-22,1.611000
2023-09-25,1.612000
2023-09-26,1.619000
2023-09-27,1.627000
2023-09-28,1.634000
2023-09-29,1.649000
2023-10-02,1.672000
2023-10-03,1.676000
2023-10-04,1.711000
2023-10-05,1.741000
2023-10-06,1.750000
2023-10-10,1.737000
2023-10-11,1.716000
2023-10-12,1.682000
2023-10-13,1.699000
2023-10-16,1.716000
2023-10-17,1.755000
2023-10-18,1.767000
2023-10-19,1.800000
2023-10-20,1.817000
2023-10-23,1.868000
2023-10-24,1.847000
2023-10-25,1.826000
2023-10-26,1.844000
2023-10-27,1.831000
2023-10-30,1.848000
2023-10-31,1.864000
2023-11-01,1.880000
2023-11-02,1.851000
2023-11-06,1.814000
2023-11-07,1.810000
2023-11-08,1.773000
2023-11-09,1.726000
2023-11-10,1.743000
2023-11-13,1.773000
2023-11-14,1.763000
2023-11-15,1.717000
2023-11-16,1.729000
2023-11-17,1.694000
2023-11-20,1.685000
2023-11-21,1.622000
2023-11-22,1.669000
2023-11-24,1.699000
2023-11-27,1.716000
2023-11-28,1.719000
2023-11-29,1.656000
2023-11-30,1.683000
2023-12-01,1.683000
2023-12-04,1.688000
2023-12-05,1.683000
2023-12-06,1.626000
2023-12-07,1.709000
2023-12-08,1.759000
2023-12-11,1.763000
2023-12-12,1.738000
2023-12-13,1.670000
2023-12-14,1.642000
2023-12-15,1.652000
2023-12-18,1.635000
2023-12-19,1.592000
2023-12-20,1.522000
2023-12-21,1.558000
2023-12-22,1.619000
2023-12-25,1.614000
2023-12-26,1.627000
2023-12-27,1.587000
2023-12-28,1.628000
2023-12-29,1.662000
2024-01-04,1.666000
2024-01-05,1.640000
2024-01-09,1.626000
2024-01-10,1.618000
2024-01-11,1.615000
2024-01-12,1.610000
2024-01-15,1.580000
2024-01-16,1.597000
2024-01-17,1.619000
2024-01-18,1.699000
2024-01-19,1.745000
2024-01-22,1.741000
2024-01-23,1.712000
2024-01-24,1.775000
2024-01-25,1.795000
2024-01-26,1.782000
2024-01-29,1.799000
2024-01-30,1.774000
2024-01-31,1.790000
2024-02-01,1.757000
2024-02-02,1.723000
2024-02-05,1.762000
2024-02-06,1.753000
2024-02-07,1.740000
2024-02-08,1.741000
2024-02-09,1.758000
2024-02-13,1.761000
2024-02-14,1.774000
2024-02-15,1.770000
2024-02-16,1.750000
2024-02-19,1.749000
2024-02-20,1.725000
2024-02-21,1.707000
2024-02-22,1.699000
2024-02-26,1.666000
2024-02-27,1.675000
2024-02-28,1.709000
2024-02-29,1.734000
2024-03-01,1.722000
2024-03-04,1.743000
2024-03-05,1.738000
2024-03-06,1.730000
2024-03-07,1.738000
2024-03-08,1.759000
2024-03-11,1.785000
2024-03-12,1.789000
2024-03-13,1.776000
2024-03-14,1.801000
2024-03-15,1.812000
2024-03-18,1.780000
2024-03-19,1.772000
2024-03-21,1.781000
2024-03-22,1.786000
2024-03-25,1.796000
2024-03-26,1.791000
2024-03-27,1.763000
2024-03-28,1.750000
2024-03-29,1.789000
2024-04-01,1.806000
2024-04-02,1.821000
2024-04-03,1.813000
2024-04-04,1.810000
2024-04-05,1.806000
2024-04-08,1.823000
2024-04-09,1.836000
2024-04-10,1.857000
2024-04-11,1.907000
2024-04-12,1.894000
2024-04-15,1.894000
2024-04-16,1.907000
2024-04-17,1.920000
2024-04-18,1.894000
2024-04-19,1.869000
2024-04-22,1.907000
2024-04-23,1.927000
2024-04-24,1.927000
2024-04-25,1.927000
2024-04-26,1.936000
2024-04-30,1.911000
2024-05-01,1.940000
2024-05-02,1.952000
2024-05-07,1.945000
2024-05-08,1.937000
2024-05-09,1.944000
2024-05-10,1.965000
2024-05-13,1.990000
2024-05-14,2.010000
2024-05-15,2.010000
2024-05-16,1.993000
2024-05-17,2.011000
2024-05-20,2.034000
2024-05-21,2.039000
2024-05-22,2.084000
2024-05-23,2.100000
2024-05-24,2.104000
2024-05-27,2.108000
2024-05-28,2.120000
2024-05-29,2.148000
2024-05-30,2.132000
2024-05-31,2.155000
2024-06-03,2.168000
2024-06-04,2.149000
2024-06-05,2.112000
2024-06-06,2.039000
2024-06-07,2.043000
2024-06-10,2.118000
2024-06-11,2.111000
2024-06-12,2.084000
2024-06-13,2.063000
2024-06-14,2.044000
2024-06-17,2.068000
2024-06-18,2.089000
2024-06-19,2.071000
2024-06-20,2.068000
2024-06-21,2.086000
2024-06-24,2.108000
2024-06-25,2.121000
2024-06-26,2.155000
2024-06-27,2.188000
2024-06-28,2.153000
2024-07-01,2.163000
2024-07-02,2.174000
2024-07-03,2.185000
2024-07-04,2.188000
2024-07-05,2.200000
2024-07-08,2.200000
2024-07-09,2.205000
2024-07-10,2.220000
2024-07-11,2.221000
2024-07-12,2.177000
2024-07-16,2.168000
2024-07-17,2.173000
2024-07-18,2.160000
2024-07-19,2.148000
2024-07-22,2.177000
2024-07-23,2.181000
2024-07-24,2.197000
2024-07-25,2.168000
2024-07-26,2.154000
2024-07-29,2.130000
2024-07-30,2.131000
2024-07-31,2.176000
2024-08-01,2.152000
2024-08-02,2.098000
2024-08-05,1.956000
2024-08-06,2.118000
2024-08-07,2.189000
2024-08-08,2.107000
2024-08-09,2.081000
2024-08-13,2.081000
2024-08-14,2.051000
2024-08-15,2.051000
2024-08-16,2.068000
2024-08-19,2.093000
2024-08-20,2.118000
2024-08-21,2.102000
2024-08-22,2.086000
2024-08-23,2.086000
2024-08-26,2.093000
2024-08-27,2.077000
2024-08-28,2.073000
2024-08-29,2.097000
2024-08-30,2.111000
2024-09-02,2.124000
2024-09-03,2.116000
2024-09-04,2.091000
2024-09-05,2.070000
2024-09-06,2.045000
2024-09-09,2.076000
2024-09-10,2.090000
2024-09-11,2.077000
2024-09-12,2.074000
2024-09-13,2.045000
2024-09-17,2.019000
2024-09-18,2.023000
2024-09-19,2.082000
2024-09-20,2.103000
2024-09-24,2.083000
2024-09-25,2.061000
2024-09-26,2.101000
2024-09-27,2.122000
2024-09-30,2.092000
2024-10-01,2.094000
2024-10-02,2.087000
2024-10-03,2.100000
2024-10-04,2.100000
2024-10-07,2.131000
2024-10-08,2.126000
2024-10-09,2.143000
2024-10-10,2.171000
2024-10-11,2.154000
2024-10-15,2.155000
2024-10-16,2.147000
2024-10-17,2.130000
2024-10-18,2.139000
2024-10-21,2.156000
2024-10-22,2.188000
2024-10-23,2.188000
2024-10-24,2.184000
2024-10-25,2.159000
2024-10-28,2.196000
2024-10-29,2.188000
2024-10-30,2.201000
2024-10-31,2.189000
2024-11-01,2.189000
2024-11-05,2.193000
2024-11-06,2.206000
2024-11-07,2.226000
2024-11-08,2.218000
2024-11-11,2.222000
2024-11-12,2.234000
2024-11-13,2.246000
2024-11-14,2.267000
2024-11-15,2.264000
2024-11-18,2.267000
2024-11-19,2.254000
2024-11-20,2.255000
2024-11-21,2.250000
2024-11-22,2.255000
2024-11-25,2.255000
2024-11-26,2.251000
2024-11-27,2.272000
2024-11-28,2.260000
2024-11-29,2.252000
2024-12-02,2.256000
2024-12-03,2.260000
2024-12-04,2.249000
2024-12-05,2.257000
2024-12-06,2.236000
2024-12-09,2.228000
2024-12-10,2.232000
2024-12-11,2.231000
2024-12-12,2.217000
2024-12-13,2.220000
2024-12-16,2.253000
2024-12-17,2.264000
2024-12-18,2.240000
2024-12-19,2.245000
2024-12-20,2.229000
2024-12-23,2.236000
2024-12-24,2.228000
2024-12-25,2.219000
2024-12-26,2.231000
2024-12-27,2.259000
2024-12-30,2.252000
2025-01-06,2.274000
2025-01-07,2.278000
2025-01-08,2.294000
2025-01-09,2.285000
2025-01-10,2.301000
2025-01-14,2.330000
2025-01-15,2.347000
2025-01-16,2.318000
2025-01-17,2.290000
2025-01-20,2.273000
2025-01-21,2.265000
2025-01-22,2.261000
2025-01-23,2.269000
2025-01-24,2.277000
2025-01-27,2.269000
2025-01-28,2.251000
2025-01-29,2.245000
2025-01-30,2.274000
2025-01-31,2.290000
2025-02-03,2.302000
2025-02-04,2.323000
2025-02-05,2.323000
2025-02-06,2.269000
2025-02-07,2.290000
2025-02-10,2.294000
2025-02-12,2.302000
2025-02-13,2.318000
2025-02-14,2.310000
2025-02-17,2.306000
2025-02-18,2.335000
2025-02-19,2.327000
2025-02-20,2.322000
2025-02-21,2.335000
2025-02-25,2.319000
2025-02-26,2.319000
2025-02-27,2.338000
2025-02-28,2.350000
2025-03-03,2.353000
2025-03-04,2.360000
2025-03-05,2.389000
2025-03-06,2.462000
2025-03-07,2.496000
2025-03-10,2.544000
2025-03-11,2.530000
2025-03-12,2.535000
2025-03-13,2.547000
2025-03-14,2.535000
2025-03-17,2.550000
2025-03-18,2.542000
2025-03-19,2.543000
2025-03-21,2.539000
2025-03-24,2.543000
2025-03-25,2.541000
2025-03-26,2.543000
2025-03-27,2.530000
2025-03-28,2.486000
2025-03-31,2.480000
2025-04-01,2.498000
2025-04-02,2.444000
2025-04-03,2.380000
2025-04-04,2.303000
2025-04-07,2.282000
2025-04-08,2.479000
2025-04-09,2.643000
2025-04-10,2.611000
2025-04-11,2.661000
2025-04-14,2.756000
2025-04-15,2.733000
2025-04-16,2.646000
2025-04-17,2.607000
2025-04-18,2.650000
2025-04-21,2.677000
2025-04-22,2.673000
2025-04-23,2.626000
2025-04-24,2.634000
2025-04-25,2.639000
2025-04-28,2.639000
2025-04-30,2.645000
2025-05-01,2.653000
2025-05-02,2.693000
2025-05-07,2.791000
2025-05-08,2.779000
2025-05-09,2.802000
2025-05-12,2.836000
2025-05-13,2.779000
2025-05-14,2.811000
2025-05-15,2.839000
2025-05-16,2.840000
2025-05-19,2.851000
2025-05-20,2.969000
2025-05-21,2.976000
2025-05-22,2.999000
2025-05-23,2.925000
2025-05-26,2.900000
2025-05-27,2.743000
2025-05-28,2.796000
2025-05-29,2.853000
2025-05-30,2.846000
2025-06-02,2.821000
2025-06-03,2.825000
2025-06-04,2.833000
2025-06-05,2.787000
2025-06-06,2.780000
2025-06-09,2.805000
2025-06-10,2.809000
2025-06-11,2.808000
2025-06-12,2.804000
2025-06-13,2.781000
2025-06-16,2.799000
2025-06-17,2.823000
2025-06-18,2.819000
2025-06-19,2.808000
2025-06-20,2.798000
2025-06-23,2.808000
2025-06-24,2.811000
2025-06-25,2.796000
2025-06-26,2.792000
2025-06-27,2.800000
2025-06-30,2.803000
2025-07-01,2.789000
2025-07-02,2.785000
2025-07-03,2.844000
2025-07-04,2.852000
2025-07-07,2.932000
2025-07-08,3.007000
2025-07-09,3.003000
2025-07-10,3.008000
2025-07-11,2.992000
2025-07-14,3.083000
2025-07-15,3.087000
2025-07-16,3.011000
2025-07-17,3.029000
2025-07-18,3.014000
2025-07-22,3.022000
2025-07-23,3.062000
2025-07-24,3.034000
2025-07-25,3.006000
2025-07-28,2.975000
2025-07-29,2.999000
2025-07-30,3.019000
2025-07-31,3.026000
2025-08-01,3.037000
2025-08-04,3.046000
2025-08-05,3.019000
2025-08-06,3.015000
2025-08-07,3.006000
2025-08-08,3.014000
2025-08-12,3.029000
2025-08-13,3.025000
2025-08-14,3.024000
2025-08-15,3.032000
2025-08-18,3.049000
2025-08-19,3.068000
2025-08-20,3.095000
2025-08-21,3.098000
2025-08-22,3.120000
2025-08-25,3.119000
2025-08-26,3.110000
2025-08-27,3.134000
2025-08-28,3.122000
2025-08-29,3.096000
2025-09-01,3.102000
2025-09-02,3.111000
2025-09-03,3.170000
2025-09-04,3.158000
2025-09-05,3.128000
2025-09-08,3.167000
2025-09-09,3.147000
2025-09-10,3.123000
2025-09-11,3.115000
2025-09-12,3.103000
2025-09-16,3.132000
2025-09-17,3.108000
2025-09-18,3.093000
2025-09-19,3.072000
2025-09-22,3.094000
2025-09-24,3.074000
2025-09-25,3.054000
2025-09-26,3.084000
2025-09-29,3.050000
2025-09-30,3.067000
2025-10-01,3.074000
2025-10-02,3.087000
2025-10-03,3.072000
2025-10-06,3.175000
2025-10-07,3.177000
2025-10-08,3.164000
2025-10-09,3.180000
2025-10-10,3.187000
2025-10-14,3.218000
2025-10-15,3.175000
2025-10-16,3.134000
2025-10-17,3.134000
2025-10-20,3.129000
2025-10-21,3.138000
2025-10-22,3.130000
2025-10-23,3.101000
2025-10-24,3.081000
2025-10-27,3.097000
2025-10-28,3.083000
2025-10-29,3.072000
2025-10-30,3.063000
2025-10-31,3.068000
2025-11-04,3.105000
2025-11-05,3.101000
2025-11-06,3.105000
2025-11-07,3.117000
2025-11-10,3.141000
2025-11-11,3.177000
2025-11-12,3.189000
2025-11-13,3.188000
2025-11-14,3.205000
2025-11-17,3.241000
2025-11-18,3.285000
2025-11-19,3.308000
2025-11-20,3.334000
2025-11-21,3.291000
2025-11-25,3.302000
2025-11-26,3.294000
2025-11-27,3.297000
2025-11-28,3.300000
2025-12-01,3.343000
2025-12-02,3.331000
2025-12-03,3.367000
2025-12-04,3.343000
2025-12-05,3.315000
2025-12-08,3.338000
2025-12-09,3.334000
2025-12-10,3.346000
2025-12-11,3.334000
2025-12-12,3.309000
2025-12-15,3.320000
2025-12-16,3.307000
2025-12-17,3.311000
2025-12-18,3.330000
2025-12-19,3.362000
2025-12-22,3.374000
2025-12-23,3.371000
2025-12-24,3.371000
2025-12-25,3.349000
2025-12-26,3.335000
2025-12-29,3.371000
2025-12-30,3.354000
2026-01-05,3.393000
2026-01-06,3.420000
2026-01-07,3.428000
2026-01-08,3.435000
2026-01-09,3.399000
2026-01-13,3.462000
2026-01-14,3.486000
2026-01-15,3.454000
2026-01-16,3.462000
2026-01-19,3.562000
2026-01-20,3.765000
2026-01-21,3.647000
2026-01-22,3.604000
2026-01-23,3.585000
2026-01-26,3.568000
2026-01-27,3.599000
2026-01-28,3.579000
2026-01-29,3.566000
2026-01-30,3.577000
2026-02-02,3.583000
2026-02-03,3.580000
2026-02-04,3.579000
2026-02-05,3.525000
2026-02-06,3.513000
2026-02-09,3.520000
2026-02-10,3.468000
2026-02-12,3.413000
2026-02-13,3.422000
2026-02-16,3.461000
2026-02-17,3.382000
2026-02-18,3.371000
2026-02-19,3.340000
2026-02-20,3.323000
2026-02-24,3.295000
2026-02-25,3.380000
2026-02-26,3.366000
2026-02-27,3.342000
2026-03-02,3.293000
2026-03-03,3.337000
2026-03-04,3.353000
2026-03-05,3.374000
2026-03-06,3.384000
2026-03-09,3.440000
2026-03-10,3.412000
2026-03-11,3.421000
2026-03-12,3.451000
2026-03-13,3.479000
2026-03-16,3.515000
2026-03-17,3.514000
2026-03-18,3.462000
2026-03-19,3.491000
2026-03-23,3.522000
2026-03-24,3.509000
2026-03-25,3.479000
2026-03-26,3.489000
2026-03-27,3.629000
2026-03-30,3.698000
2026-03-31,3.640000
2026-04-01,3.564000
2026-04-02,3.614000
2026-04-03,3.611000
2026-04-06,3.672000
2026-04-07,3.667000
2026-04-08,3.615000
2026-04-09,3.619000
2026-04-10,3.638000
2026-04-13,3.698000
2026-04-14,3.633000
2026-04-15,3.606000
2026-04-16,3.623000
2026-04-17,3.622000
2026-04-20,3.586000
2026-04-21,3.581000
2026-04-22,3.597000
2026-04-23,3.630000
2026-04-24,3.660000
2026-04-27,3.675000
2026-04-28,3.647000
2026-04-30,3.721000
2026-05-01,3.706000
2026-05-07,3.714000
2026-05-08,3.706000
2026-05-11,3.741000
2026-05-12,3.780000
2026-05-13,3.783000
2026-05-14,3.852000
2026-05-15,3.922000
2026-05-18,4.000000
2026-05-19,4.043000
2026-05-20,4.000000
2026-05-21,3.939000
2026-05-22,3.931000
2026-05-25,3.876000
2026-05-26,3.866000
2026-05-27,3.856000
2026-05-28,3.896000
2026-05-29,3.859000
2026-06-01,3.863000
2026-06-02,3.810000
2026-06-03,3.817000
2026-06-04,3.833000
2026-06-05,3.841000
2026-06-08,3.876000
2026-06-09,3.823000
2026-06-10,3.811000
2026-06-11,3.823000
2026-06-12,3.767000
2026-06-15,3.725000
2026-06-16,3.747000
2026-06-17,3.709000
2026-06-18,3.737000
2026-06-19,3.786000
2026-06-22,3.797000
2026-06-23,3.790000
2026-06-24,3.808000
2026-06-25,3.781000
2026-06-26,3.759000
2026-06-29,3.785000
2026-06-30,3.873000
2026-07-01,3.883000
2026-07-02,3.937000
2026-07-03,3.940000
2026-07-06,3.976000
2026-07-07,3.951000
2026-07-08,3.998000
2026-07-09,4.013000
2026-07-10,3.938000
2026-07-13,3.922000
2026-07-14,3.787000
2026-07-15,3.802000
2026-07-16,3.862000
2026-07-17,3.894000
2026-07-21,3.905000
2026-07-22,3.901000
2026-07-23,3.929000
2026-07-24,3.980000
2026-07-27,3.969000
2026-07-28,3.980000
2026-07-29,3.941000
2026-07-30,3.971000
2026-07-31,3.982000
2026-08-03,3.982000
2026-08-04,3.990000
2026-08-05,3.966000
2026-08-06,3.919000
2026-08-07,3.925000
2026-08-10,3.957000
2026-08-12,3.989000
2026-08-13,4.002000
2026-08-14,4.002000
2026-08-17,4.050000
2026-08-18,4.096000
2026-08-19,4.054000
2026-08-20,3.995000
2026-08-21,4.042000
2026-08-24,4.036000
2026-08-25,4.040000
2026-08-26,4.039000
2026-08-27,4.038000
2026-08-28,4.084000
2026-08-31,4.092000
