date,taux
1990-01-02,13.700000
1990-01-03,13.680000
1990-01-04,13.680000
1990-01-05,13.680000
1990-01-08,13.690000
1990-01-09,13.630000
1990-01-10,13.750000
1990-01-11,13.800000
1990-01-12,13.800000
1990-01-15,13.850000
1990-01-16,13.750000
1990-01-17,13.800000
1990-01-18,13.840000
1990-01-19,13.900000
1990-01-22,13.940000
1990-02-19,15.650000
1990-02-20,15.400000
1990-02-21,15.450000
1990-02-22,15.400000
1990-02-23,15.200000
1990-02-26,15.200000
1990-02-27,15.120000
1990-02-28,14.850000
1990-03-01,14.820000
1990-03-02,14.850000
1990-03-05,14.850000
1990-03-06,14.820000
1990-03-07,14.920000
1990-03-08,15.120000
1990-03-09,15.300000
1990-03-12,15.070000
1990-03-13,15.050000
1990-03-14,15.090000
1990-03-15,15.080000
1990-03-16,15.130000
1990-03-19,15.130000
1990-03-20,15.160000
1990-03-21,15.160000
1990-03-22,15.110000
1990-03-23,15.130000
1990-03-26,15.130000
1990-03-27,15.050000
1990-03-28,15.050000
1990-03-29,15.030000
1990-03-30,15.000000
1990-04-02,15.000000
1990-04-03,14.970000
1990-04-04,14.950000
1990-04-05,14.770000
1990-04-06,14.250000
1990-04-09,14.190000
1990-04-10,14.350000
1990-04-11,14.390000
1990-04-12,14.370000
1990-04-17,14.390000
1990-04-18,14.400000
1990-04-19,14.450000
1990-04-20,14.450000
1990-04-23,14.430000
1990-04-24,14.440000
1990-04-25,14.400000
1990-04-26,14.400000
1990-04-27,14.330000
1990-04-30,14.350000
1990-05-02,14.310000
1990-05-03,14.050000
1990-05-04,13.950000
1990-05-07,14.000000
1990-05-08,13.950000
1990-05-09,13.830000
1990-05-10,13.850000
1990-05-11,13.900000
1990-05-14,13.920000
1990-05-15,13.900000
1990-05-16,13.820000
1990-05-17,13.720000
1990-05-18,13.730000
1990-05-21,13.780000
1990-05-22,13.810000
1990-05-23,13.820000
1990-05-25,13.800000
1990-05-28,13.800000
1990-05-29,13.850000
1990-05-30,13.860000
1990-05-31,13.800000
1990-06-01,13.800000
1990-06-05,13.700000
1990-06-06,13.660000
1990-06-07,13.640000
1990-06-08,13.600000
1990-06-11,13.520000
1990-06-12,13.460000
1990-06-13,13.440000
1990-06-14,13.460000
1990-06-15,13.330000
1990-06-18,13.490000
1990-06-19,13.460000
1990-06-20,13.380000
1990-06-21,13.430000
1990-06-25,13.370000
1990-06-26,13.400000
1990-06-27,13.410000
1990-06-28,13.460000
1990-06-29,13.510000
1990-07-02,13.450000
1990-07-03,13.420000
1990-07-04,13.390000
1990-07-05,13.400000
1990-07-06,13.400000
1990-07-09,13.420000
1990-07-10,13.430000
1990-07-11,13.450000
1990-07-12,13.450000
1990-07-13,13.450000
1990-07-16,13.450000
1990-07-17,13.420000
1990-07-18,13.440000
1990-07-19,13.440000
1990-07-20,13.440000
1990-07-23,13.470000
1990-07-24,13.470000
1990-07-25,13.500000
1990-07-26,13.470000
1990-07-27,13.460000
1990-07-30,13.420000
1990-07-31,13.410000
1990-08-01,13.410000
1990-08-02,13.440000
1990-08-03,13.430000
1990-08-06,13.480000
1990-08-07,13.600000
1990-08-08,13.850000
1990-08-09,13.830000
1990-08-10,13.630000
1990-08-13,13.780000
1990-08-14,13.680000
1990-08-15,13.660000
1990-08-16,13.760000
1990-08-17,13.900000
1990-08-20,14.020000
1990-08-21,14.100000
1990-08-22,14.150000
1990-08-23,14.340000
1990-08-24,14.480000
1990-08-27,14.330000
1990-08-28,14.150000
1990-08-29,14.250000
1990-08-30,14.200000
1990-08-31,14.200000
1990-09-03,14.220000
1990-09-04,14.270000
1990-09-05,14.270000
1990-09-06,14.330000
1990-09-07,14.400000
1990-09-10,14.290000
1990-09-11,14.300000
1990-09-12,14.280000
1990-09-13,14.290000
1990-09-14,14.280000
1990-09-17,14.330000
1990-09-18,14.300000
1990-09-19,14.280000
1990-09-20,14.300000
1990-09-21,14.320000
1990-09-24,14.370000
1990-09-25,14.420000
1990-09-26,14.370000
1990-09-27,14.380000
1990-09-28,14.450000
1990-10-01,14.320000
1990-10-02,14.230000
1990-10-03,14.330000
1990-10-04,14.300000
1990-10-05,14.320000
1990-10-08,14.300000
1990-10-09,14.380000
1990-10-10,14.410000
1990-10-11,14.590000
1990-10-12,14.650000
1990-10-15,14.820000
1990-10-16,14.910000
1990-10-17,15.030000
1990-10-18,14.970000
1990-10-19,14.980000
1990-10-22,14.820000
1990-10-23,14.710000
1990-10-24,14.730000
1990-10-25,14.600000
1990-10-26,14.570000
1990-10-29,14.650000
1990-10-30,14.580000
1990-10-31,14.550000
1990-11-01,14.500000
1990-11-02,14.500000
1990-11-05,14.400000
1990-11-06,14.470000
1990-11-07,14.420000
1990-11-08,14.430000
1990-11-09,14.510000
1990-11-12,14.510000
1990-11-13,14.520000
1990-11-14,14.600000
1990-11-15,14.590000
1990-11-16,14.590000
1990-11-19,14.450000
1990-11-20,14.430000
1990-11-21,14.350000
1990-11-22,14.330000
1990-11-23,14.210000
1990-11-26,14.250000
1990-11-27,14.330000
1990-11-28,14.420000
1990-11-29,14.500000
1990-11-30,14.420000
1990-12-03,14.330000
1990-12-04,14.330000
1990-12-05,14.220000
1990-12-06,14.150000
1990-12-07,14.180000
1990-12-10,14.180000
1990-12-11,14.090000
1990-12-12,14.090000
1990-12-13,14.090000
1990-12-14,14.250000
1990-12-17,14.250000
1990-12-18,14.050000
1990-12-19,13.900000
1990-12-20,13.950000
1990-12-21,13.900000
1990-12-27,13.900000
1990-12-28,13.800000
1991-01-02,13.590000
1991-01-03,13.650000
1991-01-04,13.630000
1991-01-07,13.540000
1991-01-08,13.700000
1991-01-09,13.450000
1991-01-10,13.480000
1991-01-11,13.250000
1991-01-14,13.270000
1991-01-15,13.240000
1991-01-16,13.150000
1991-01-17,12.630000
1991-01-18,12.630000
1991-01-21,12.730000
1991-01-22,12.440000
1991-01-23,12.400000
1991-01-24,12.380000
1991-01-25,12.380000
1991-01-28,12.380000
1991-01-29,12.460000
1991-01-30,12.470000
1991-01-31,12.370000
1991-02-01,12.250000
1991-02-04,12.070000
1991-02-05,12.020000
1991-02-06,12.130000
1991-02-07,12.180000
1991-02-08,12.200000
1991-02-11,12.150000
1991-02-12,12.190000
1991-02-13,12.240000
1991-02-14,12.180000
1991-02-15,12.090000
1991-02-18,12.000000
1991-02-19,11.900000
1991-02-20,11.880000
1991-02-21,11.980000
1991-02-22,11.850000
1991-02-25,11.850000
1991-02-26,11.880000
1991-02-27,11.920000
1991-02-28,11.980000
1991-03-01,11.990000
1991-03-04,12.090000
1991-03-05,12.150000
1991-03-06,12.110000
1991-03-07,12.030000
1991-03-08,11.960000
1991-03-11,11.870000
1991-03-12,11.830000
1991-03-13,11.920000
1991-03-14,11.940000
1991-03-15,11.940000
1991-03-18,11.900000
1991-03-19,12.130000
1991-03-20,12.130000
1991-03-21,11.960000
1991-03-22,11.880000
1991-03-25,11.980000
1991-03-26,12.000000
1991-03-27,11.940000
1991-03-28,12.000000
1991-04-02,12.000000
1991-04-03,11.980000
1991-04-04,12.050000
1991-04-05,12.090000
1991-04-08,12.070000
1991-04-09,12.040000
1991-04-10,12.030000
1991-04-11,12.030000
1991-04-12,12.000000
1991-04-15,12.000000
1991-04-16,12.010000
1991-04-17,12.110000
1991-04-18,12.140000
1991-04-19,12.180000
1991-04-22,12.240000
1991-04-23,12.220000
1991-04-24,12.220000
1991-04-25,12.230000
1991-04-26,12.200000
1991-04-29,12.250000
1991-04-30,12.280000
1991-05-02,12.100000
1991-05-03,12.120000
1991-05-06,12.110000
1991-05-07,11.950000
1991-05-08,11.950000
1991-05-10,11.950000
1991-05-13,11.900000
1991-05-14,11.850000
1991-05-15,11.900000
1991-05-16,11.720000
1991-05-17,11.700000
1991-05-21,11.140000
1991-05-22,11.140000
1991-05-23,11.150000
1991-05-24,11.080000
1991-05-27,11.100000
1991-05-28,11.100000
1991-05-29,11.130000
1991-05-30,11.100000
1991-05-31,11.050000
1991-06-03,10.820000
1991-06-04,10.950000
1991-06-05,10.840000
1991-06-06,10.840000
1991-06-07,10.840000
1991-06-10,10.840000
1991-06-11,11.010000
1991-06-12,11.090000
1991-06-13,11.080000
1991-06-14,11.140000
1991-06-17,11.150000
1991-06-18,11.190000
1991-06-19,11.200000
1991-06-20,11.200000
1991-06-24,11.200000
1991-06-25,11.250000
1991-06-26,11.260000
1991-06-27,11.240000
1991-06-28,11.210000
1991-07-01,11.070000
1991-07-02,11.070000
1991-07-03,11.070000
1991-07-04,11.070000
1991-07-05,11.080000
1991-07-08,11.080000
1991-07-09,11.080000
1991-07-10,11.100000
1991-07-11,11.100000
1991-07-12,11.080000
1991-07-15,11.040000
1991-07-16,11.040000
1991-07-17,11.040000
1991-07-18,11.000000
1991-07-19,11.000000
1991-07-22,11.020000
1991-07-23,11.030000
1991-07-24,11.040000
1991-07-25,11.040000
1991-07-26,11.060000
1991-07-29,11.070000
1991-07-30,11.140000
1991-07-31,11.150000
1991-08-01,11.150000
1991-08-02,11.140000
1991-08-05,11.140000
1991-08-06,11.140000
1991-08-07,11.120000
1991-08-08,11.130000
1991-08-09,11.100000
1991-08-12,11.170000
1991-08-13,11.180000
1991-08-14,11.120000
1991-08-15,11.110000
1991-08-16,11.130000
1991-08-19,11.150000
1991-08-20,11.140000
1991-08-21,11.150000
1991-08-22,11.150000
1991-08-23,11.160000
1991-08-26,11.150000
1991-08-27,11.150000
1991-08-28,11.110000
1991-08-29,11.070000
1991-08-30,11.020000
1991-09-02,10.980000
1991-09-03,10.970000
1991-09-04,11.020000
1991-09-05,10.970000
1991-09-06,10.950000
1991-09-09,10.900000
1991-09-10,10.800000
1991-09-11,10.800000
1991-09-12,10.780000
1991-09-13,10.750000
1991-09-16,10.750000
1991-09-17,10.770000
1991-09-18,10.750000
1991-09-19,10.750000
1991-09-20,10.650000
1991-09-23,10.650000
1991-09-24,10.600000
1991-09-25,10.600000
1991-09-26,10.600000
1991-09-27,10.600000
1991-09-30,10.600000
1991-10-01,10.650000
1991-10-02,10.700000
1991-10-03,10.700000
1991-10-04,10.710000
1991-10-07,10.720000
1991-10-08,10.730000
1991-10-09,10.690000
1991-10-10,10.700000
1991-10-11,10.700000
1991-10-14,10.700000
1991-10-15,10.700000
1991-10-16,10.700000
1991-10-17,10.700000
1991-10-18,10.700000
1991-10-21,10.700000
1991-10-22,10.700000
1991-10-23,10.900000
1991-10-24,10.890000
1991-10-25,10.900000
1991-10-28,10.900000
1991-10-29,10.890000
1991-10-30,10.880000
1991-10-31,10.850000
1991-11-01,10.850000
1991-11-04,10.850000
1991-11-05,10.850000
1991-11-06,10.850000
1991-11-07,10.850000
1991-11-08,10.840000
1991-11-11,10.720000
1991-11-12,10.780000
1991-11-13,10.700000
1991-11-14,10.700000
1991-11-15,10.720000
1991-11-18,10.720000
1991-11-19,10.650000
1991-11-20,10.650000
1991-11-21,10.720000
1991-11-22,10.800000
1991-11-25,10.800000
1991-11-26,11.000000
1991-11-27,11.200000
1991-11-28,11.200000
1991-11-29,11.220000
1991-12-02,11.200000
1991-12-03,11.250000
1991-12-04,11.350000
1991-12-05,12.550000
1991-12-06,12.220000
1991-12-09,12.150000
1991-12-10,11.550000
1991-12-11,11.520000
1991-12-12,11.550000
1991-12-13,11.520000
1991-12-16,11.720000
1991-12-17,11.600000
1991-12-18,11.600000
1991-12-19,11.650000
1991-12-20,11.700000
1991-12-23,11.750000
1991-12-27,11.600000
1991-12-30,11.500000
1992-01-02,11.020000
1992-01-03,11.000000
1992-01-07,10.930000
1992-01-08,10.950000
1992-01-09,10.970000
1992-01-10,10.970000
1992-01-13,10.790000
1992-01-14,10.720000
1992-01-15,10.680000
1992-01-16,10.700000
1992-01-17,10.680000
1992-01-20,10.730000
1992-01-21,10.740000
1992-01-22,10.740000
1992-01-23,10.700000
1992-01-24,10.650000
1992-01-27,10.540000
1992-01-28,10.540000
1992-01-29,10.530000
1992-01-30,10.640000
1992-01-31,10.660000
1992-02-03,10.720000
1992-02-04,10.770000
1992-02-05,10.860000
1992-02-06,10.890000
1992-02-07,10.800000
1992-02-10,10.830000
1992-02-11,10.970000
1992-02-12,11.000000
1992-02-13,10.980000
1992-02-14,10.950000
1992-02-17,10.950000
1992-02-18,10.910000
1992-02-19,10.960000
1992-02-20,11.020000
1992-02-21,11.030000
1992-02-24,11.040000
1992-02-25,11.090000
1992-02-26,10.980000
1992-02-27,10.950000
1992-02-28,10.850000
1992-03-02,10.850000
1992-03-03,10.840000
1992-03-04,10.880000
1992-03-05,10.870000
1992-03-06,10.850000
1992-03-09,10.820000
1992-03-10,10.780000
1992-03-11,10.760000
1992-03-12,10.700000
1992-03-13,10.700000
1992-03-16,10.700000
1992-03-17,10.760000
1992-03-18,10.730000
1992-03-19,10.760000
1992-03-20,10.830000
1992-03-23,10.910000
1992-03-24,10.920000
1992-03-25,10.880000
1992-03-26,10.910000
1992-03-27,10.930000
1992-03-30,11.030000
1992-03-31,11.020000
1992-04-01,11.050000
1992-04-02,11.120000
1992-04-03,11.420000
1992-04-06,11.200000
1992-04-07,11.090000
1992-04-08,11.180000
1992-04-09,11.120000
1992-04-10,11.050000
1992-04-13,11.000000
1992-04-14,10.950000
1992-04-15,10.910000
1992-04-16,10.950000
1992-04-21,10.990000
1992-04-22,10.930000
1992-04-23,11.070000
1992-04-24,11.120000
1992-04-27,11.230000
1992-04-28,11.270000
1992-04-29,11.370000
1992-04-30,11.330000
1992-05-04,11.380000
1992-05-05,11.400000
1992-05-06,11.400000
1992-05-07,11.350000
1992-05-08,11.400000
1992-05-11,11.250000
1992-05-12,11.150000
1992-05-13,11.150000
1992-05-14,11.140000
1992-05-15,11.150000
1992-05-18,11.100000
1992-05-19,11.100000
1992-05-20,11.070000
1992-05-21,11.180000
1992-05-22,11.070000
1992-05-25,11.080000
1992-05-26,11.130000
1992-05-27,11.130000
1992-05-29,11.130000
1992-06-01,11.100000
1992-06-02,11.100000
1992-06-03,11.320000
1992-06-04,11.280000
1992-06-05,11.290000
1992-06-09,11.320000
1992-06-10,11.350000
1992-06-11,11.390000
1992-06-12,11.400000
1992-06-15,11.400000
1992-06-16,11.400000
1992-06-17,11.400000
1992-06-18,11.400000
1992-06-22,11.400000
1992-06-23,11.400000
1992-06-24,11.380000
1992-06-25,11.370000
1992-06-26,11.370000
1992-06-29,11.370000
1992-06-30,11.350000
1992-07-01,11.350000
1992-07-02,10.980000
1992-07-03,11.020000
1992-07-06,11.030000
1992-07-07,11.010000
1992-07-08,11.010000
1992-07-09,11.020000
1992-07-10,11.010000
1992-07-13,11.060000
1992-07-14,11.060000
1992-07-15,11.050000
1992-07-16,11.070000
1992-07-17,11.160000
1992-07-20,11.300000
1992-07-21,11.300000
1992-07-22,11.380000
1992-07-23,11.400000
1992-07-24,11.410000
1992-07-27,11.360000
1992-07-28,11.390000
1992-07-29,11.470000
1992-07-30,11.520000
1992-07-31,11.580000
1992-08-03,11.690000
1992-08-04,11.640000
1992-08-05,11.640000
1992-08-06,11.660000
1992-08-07,11.680000
1992-08-10,11.630000
1992-08-11,11.630000
1992-08-12,11.720000
1992-08-13,11.920000
1992-08-14,11.850000
1992-08-17,11.980000
1992-08-18,12.090000
1992-08-19,12.370000
1992-08-20,12.320000
1992-08-21,12.520000
1992-08-24,12.860000
1992-08-25,13.130000
1992-08-26,13.040000
1992-08-27,12.380000
1992-08-28,12.490000
1992-08-31,12.830000
1992-09-01,12.810000
1992-09-02,12.820000
1992-09-03,12.740000
1992-09-04,12.850000
1992-09-07,12.770000
1992-09-08,13.650000
1992-09-09,14.150000
1992-09-10,13.860000
1992-09-11,14.000000
1992-09-14,13.300000
1992-09-15,14.320000
1992-09-16,14.600000
1992-09-17,13.900000
1992-09-18,12.920000
1992-09-21,14.050000
1992-09-22,13.550000
1992-09-23,13.600000
1992-09-24,13.600000
1992-09-25,13.380000
1992-09-28,13.570000
1992-09-29,13.720000
1992-09-30,12.890000
1992-10-01,12.870000
1992-10-02,13.030000
1992-10-05,13.250000
1992-10-06,13.090000
1992-10-07,13.130000
1992-10-08,12.940000
1992-10-09,12.670000
1992-10-12,12.730000
1992-10-13,12.580000
1992-10-14,12.550000
1992-10-15,12.790000
1992-10-16,12.790000
1992-10-19,12.520000
1992-10-20,12.200000
1992-10-21,12.110000
1992-10-22,11.900000
1992-10-23,11.760000
1992-10-26,11.700000
1992-10-27,11.640000
1992-10-28,11.620000
1992-10-29,11.700000
1992-10-30,11.700000
1992-11-02,11.740000
1992-11-03,11.770000
1992-11-04,11.890000
1992-11-05,11.760000
1992-11-06,11.730000
1992-11-09,11.600000
1992-11-10,11.730000
1992-11-11,11.830000
1992-11-12,12.280000
1992-11-13,12.140000
1992-11-16,12.210000
1992-11-17,12.180000
1992-11-18,12.200000
1992-11-19,10.100000
1992-11-20,9.850000
1992-11-23,10.040000
1992-11-24,10.080000
1992-11-25,9.800000
1992-11-26,9.880000
1992-11-27,10.030000
1992-11-30,10.070000
1992-12-01,10.000000
1992-12-02,10.020000
1992-12-03,9.820000
1992-12-04,9.860000
1992-12-07,9.840000
1992-12-08,9.800000
1992-12-09,9.790000
1992-12-10,9.760000
1992-12-11,9.700000
1992-12-14,9.720000
1992-12-15,9.690000
1992-12-16,9.700000
1992-12-17,9.660000
1992-12-18,9.520000
1992-12-21,9.370000
1992-12-22,9.310000
1992-12-23,9.390000
1992-12-28,9.400000
1992-12-29,9.380000
1992-12-30,9.330000
1993-01-04,9.360000
1993-01-05,9.330000
1993-01-07,9.410000
1993-01-08,9.450000
1993-01-11,9.530000
1993-01-12,9.570000
1993-01-13,9.480000
1993-01-14,9.370000
1993-01-15,9.380000
1993-01-18,9.380000
1993-01-19,9.430000
1993-01-20,9.420000
1993-01-21,9.370000
1993-01-22,9.380000
1993-01-25,9.340000
1993-01-26,9.300000
1993-01-27,9.380000
1993-01-28,9.510000
1993-01-29,9.490000
1993-02-01,9.480000
1993-02-02,9.440000
1993-02-03,9.350000
1993-02-04,9.240000
1993-02-05,9.140000
1993-02-08,9.020000
1993-02-09,9.010000
1993-02-10,8.800000
1993-02-11,8.820000
1993-02-12,8.740000
1993-02-15,8.680000
1993-02-16,8.700000
1993-02-17,8.720000
1993-02-18,8.590000
1993-02-19,8.440000
1993-02-22,8.540000
1993-02-23,8.660000
1993-02-24,8.550000
1993-02-25,8.670000
1993-02-26,8.640000
1993-03-01,8.570000
1993-03-02,8.590000
1993-03-03,8.550000
1993-03-04,8.500000
1993-03-05,8.250000
1993-03-08,8.210000
1993-03-09,8.300000
1993-03-10,8.290000
1993-03-11,8.370000
1993-03-12,8.520000
1993-03-15,8.500000
1993-03-16,8.380000
1993-03-17,8.330000
1993-03-18,8.410000
1993-03-19,8.410000
1993-03-22,8.540000
1993-03-23,8.630000
1993-03-24,8.820000
1993-03-25,8.760000
1993-03-26,8.630000
1993-03-29,8.590000
1993-03-30,8.720000
1993-03-31,8.850000
1993-04-01,8.710000
1993-04-02,8.640000
1993-04-05,8.730000
1993-04-06,8.740000
1993-04-07,8.650000
1993-04-08,8.600000
1993-04-13,8.520000
1993-04-14,8.590000
1993-04-15,8.590000
1993-04-16,8.640000
1993-04-19,8.500000
1993-04-20,8.460000
1993-04-21,8.490000
1993-04-22,8.340000
1993-04-23,8.300000
1993-04-26,8.420000
1993-04-27,8.380000
1993-04-28,8.310000
1993-04-29,8.360000
1993-04-30,8.370000
1993-05-03,8.320000
1993-05-04,8.330000
1993-05-05,8.290000
1993-05-06,8.300000
1993-05-07,8.340000
1993-05-10,8.290000
1993-05-11,8.270000
1993-05-12,8.150000
1993-05-13,8.110000
1993-05-14,8.100000
1993-05-17,7.980000
1993-05-18,8.010000
1993-05-19,7.900000
1993-05-21,7.870000
1993-05-24,7.810000
1993-05-25,7.820000
1993-05-26,7.880000
1993-05-27,7.890000
1993-05-28,7.890000
1993-06-01,7.940000
1993-06-02,7.920000
1993-06-03,7.820000
1993-06-04,7.760000
1993-06-07,7.720000
1993-06-08,7.670000
1993-06-09,7.640000
1993-06-10,7.580000
1993-06-11,7.540000
1993-06-14,7.540000
1993-06-15,7.600000
1993-06-16,7.600000
1993-06-17,7.720000
1993-06-18,7.610000
1993-06-21,7.550000
1993-06-22,7.570000
1993-06-23,7.640000
1993-06-24,7.630000
1993-06-28,7.670000
1993-06-29,7.580000
1993-06-30,7.410000
1993-07-01,7.330000
1993-07-02,7.330000
1993-07-05,7.320000
1993-07-06,7.270000
1993-07-07,7.240000
1993-07-08,7.320000
1993-07-09,7.340000
1993-07-12,7.360000
1993-07-13,7.270000
1993-07-14,7.270000
1993-07-15,7.270000
1993-07-16,7.250000
1993-07-19,7.270000
1993-07-20,7.210000
1993-07-21,7.390000
1993-07-22,7.390000
1993-07-23,7.340000
1993-07-26,7.250000
1993-07-27,7.240000
1993-07-28,7.130000
1993-07-29,7.180000
1993-07-30,7.010000
1993-08-02,6.870000
1993-08-03,6.800000
1993-08-04,6.820000
1993-08-05,6.820000
1993-08-06,6.820000
1993-08-09,6.740000
1993-08-10,6.680000
1993-08-11,6.620000
1993-08-12,6.600000
1993-08-13,6.590000
1993-08-16,6.530000
1993-08-17,6.540000
1993-08-18,6.560000
1993-08-19,6.600000
1993-08-20,6.630000
1993-08-23,6.660000
1993-08-24,6.680000
1993-08-25,6.530000
1993-08-26,6.690000
1993-08-27,6.660000
1993-08-30,6.650000
1993-08-31,6.750000
1993-09-01,6.850000
1993-09-02,6.940000
1993-09-03,6.880000
1993-09-06,6.810000
1993-09-07,6.740000
1993-09-08,6.750000
1993-09-09,6.740000
1993-09-10,6.760000
1993-09-13,6.650000
1993-09-14,6.750000
1993-09-15,6.970000
1993-09-16,6.920000
1993-09-17,6.870000
1993-09-20,6.990000
1993-09-21,7.130000
1993-09-22,7.000000
1993-09-23,6.910000
1993-09-24,6.880000
1993-09-27,6.850000
1993-09-28,6.980000
1993-09-29,6.990000
1993-09-30,6.960000
1993-10-01,6.950000
1993-10-04,6.940000
1993-10-05,6.780000
1993-10-06,6.780000
1993-10-07,6.830000
1993-10-08,6.730000
1993-10-11,6.760000
1993-10-12,6.700000
1993-10-13,6.650000
1993-10-14,6.710000
1993-10-15,6.650000
1993-10-18,6.580000
1993-10-19,6.620000
1993-10-20,6.580000
1993-10-21,6.510000
1993-10-22,6.390000
1993-10-25,6.480000
1993-10-26,6.500000
1993-10-27,6.560000
1993-10-28,6.550000
1993-10-29,6.540000
1993-11-01,6.570000
1993-11-02,6.530000
1993-11-03,6.380000
1993-11-04,6.390000
1993-11-05,6.440000
1993-11-08,6.460000
1993-11-09,6.430000
1993-11-10,6.510000
1993-11-11,6.530000
1993-11-12,6.490000
1993-11-15,6.460000
1993-11-16,6.440000
1993-11-17,6.370000
1993-11-18,6.360000
1993-11-19,6.410000
1993-11-22,6.460000
1993-11-23,6.560000
1993-11-24,6.520000
1993-11-25,6.500000
1993-11-26,6.490000
1993-11-29,6.480000
1993-11-30,6.550000
1993-12-01,6.560000
1993-12-02,6.550000
1993-12-03,6.530000
1993-12-06,6.460000
1993-12-07,6.390000
1993-12-08,6.400000
1993-12-09,6.350000
1993-12-10,6.370000
1993-12-13,6.410000
1993-12-14,6.460000
1993-12-15,6.460000
1993-12-16,6.430000
1993-12-17,6.400000
1993-12-20,6.330000
1993-12-21,6.330000
1993-12-22,6.360000
1993-12-23,6.250000
1993-12-27,6.300000
1993-12-28,6.260000
1993-12-29,6.230000
1993-12-30,6.250000
1994-01-03,6.520000
1994-01-04,6.540000
1994-01-05,6.580000
1994-01-07,6.480000
1994-01-10,6.490000
1994-01-11,6.530000
1994-01-12,6.440000
1994-01-13,6.500000
1994-01-14,6.500000
1994-01-17,6.510000
1994-01-18,6.510000
1994-01-19,6.490000
1994-01-20,6.660000
1994-01-21,6.650000
1994-01-24,6.580000
1994-01-25,6.550000
1994-01-26,6.520000
1994-01-27,6.520000
1994-01-28,6.530000
1994-01-31,6.520000
1994-02-01,6.510000
1994-02-02,6.530000
1994-02-03,6.590000
1994-02-04,6.580000
1994-02-07,6.640000
1994-02-08,6.610000
1994-02-09,6.650000
1994-02-10,6.760000
1994-02-11,6.740000
1994-02-14,6.740000
1994-02-15,6.840000
1994-02-16,6.890000
1994-02-17,6.720000
1994-02-18,6.720000
1994-02-21,6.730000
1994-02-22,6.740000
1994-02-23,6.710000
1994-02-24,6.860000
1994-02-25,6.940000
1994-02-28,6.900000
1994-03-01,6.990000
1994-03-02,7.070000
1994-03-03,6.920000
1994-03-04,6.870000
1994-03-07,6.820000
1994-03-08,6.910000
1994-03-09,6.970000
1994-03-10,7.000000
1994-03-11,7.040000
1994-03-14,6.960000
1994-03-15,6.900000
1994-03-16,6.940000
1994-03-17,6.960000
1994-03-18,7.100000
1994-03-21,7.150000
1994-03-22,7.130000
1994-03-23,7.150000
1994-03-24,7.240000
1994-03-25,7.400000
1994-03-28,7.410000
1994-03-29,7.550000
1994-03-30,7.570000
1994-03-31,7.440000
1994-04-05,7.450000
1994-04-06,7.350000
1994-04-07,7.450000
1994-04-08,7.480000
1994-04-11,7.440000
1994-04-12,7.350000
1994-04-13,7.410000
1994-04-14,7.450000
1994-04-15,7.550000
1994-04-18,7.560000
1994-04-19,7.940000
1994-04-20,8.100000
1994-04-21,8.190000
1994-04-22,8.050000
1994-04-25,8.160000
1994-04-26,8.110000
1994-04-27,7.920000
1994-04-28,7.900000
1994-04-29,7.920000
1994-05-02,7.850000
1994-05-03,7.850000
1994-05-04,7.920000
1994-05-05,7.860000
1994-05-06,7.860000
1994-05-09,7.890000
1994-05-10,7.800000
1994-05-11,7.720000
1994-05-13,7.630000
1994-05-16,7.580000
1994-05-17,7.630000
1994-05-18,7.570000
1994-05-19,7.580000
1994-05-20,7.700000
1994-05-24,7.990000
1994-05-25,8.170000
1994-05-26,7.970000
1994-05-27,7.900000
1994-05-30,8.010000
1994-05-31,8.240000
1994-06-01,8.390000
1994-06-02,8.430000
1994-06-03,8.380000
1994-06-06,8.360000
1994-06-07,8.620000
1994-06-08,8.490000
1994-06-09,8.470000
1994-06-10,8.370000
1994-06-13,8.560000
1994-06-14,8.640000
1994-06-15,8.680000
1994-06-16,8.860000
1994-06-17,8.810000
1994-06-20,9.150000
1994-06-21,9.270000
1994-06-22,9.130000
1994-06-23,8.760000
1994-06-27,8.950000
1994-06-28,8.850000
1994-06-29,8.880000
1994-06-30,9.040000
1994-07-01,9.410000
1994-07-04,9.330000
1994-07-05,9.590000
1994-07-06,9.740000
1994-07-07,9.720000
1994-07-08,9.720000
1994-07-11,9.830000
1994-07-12,9.840000
1994-07-13,9.890000
1994-07-14,10.040000
1994-07-15,9.790000
1994-07-18,9.800000
1994-07-19,9.760000
1994-07-20,9.640000
1994-07-21,9.560000
1994-07-22,9.440000
1994-07-25,9.380000
1994-07-26,9.310000
1994-07-27,9.340000
1994-07-28,9.400000
1994-07-29,9.560000
1994-08-01,9.510000
1994-08-02,9.380000
1994-08-03,9.340000
1994-08-04,9.400000
1994-08-05,9.510000
1994-08-08,9.570000
1994-08-09,9.680000
1994-08-10,9.650000
1994-08-11,10.340000
1994-08-12,10.100000
1994-08-15,10.110000
1994-08-16,10.150000
1994-08-17,10.520000
1994-08-18,10.160000
1994-08-19,10.070000
1994-08-22,9.550000
1994-08-23,9.760000
1994-08-24,9.770000
1994-08-25,9.590000
1994-08-26,9.450000
1994-08-29,9.110000
1994-08-30,9.100000
1994-08-31,9.210000
1994-09-01,9.170000
1994-09-02,9.170000
1994-09-05,9.590000
1994-09-06,9.610000
1994-09-07,9.530000
1994-09-08,9.550000
1994-09-09,9.580000
1994-09-12,9.410000
1994-09-13,9.450000
1994-09-14,9.610000
1994-09-15,10.120000
1994-09-16,10.030000
1994-09-19,10.060000
1994-09-20,10.150000
1994-09-21,10.080000
1994-09-22,9.950000
1994-09-23,9.910000
1994-09-26,9.810000
1994-09-27,9.980000
1994-09-28,10.000000
1994-09-29,10.050000
1994-09-30,10.080000
1994-10-03,10.090000
1994-10-04,10.000000
1994-10-05,10.050000
1994-10-06,9.900000
1994-10-07,10.050000
1994-10-10,10.050000
1994-10-11,10.110000
1994-10-12,10.150000
1994-10-13,10.050000
1994-10-14,10.090000
1994-10-17,10.040000
1994-10-18,10.060000
1994-10-19,10.150000
1994-10-20,10.120000
1994-10-21,10.010000
1994-10-24,9.880000
1994-10-25,9.850000
1994-10-26,9.870000
1994-10-27,9.830000
1994-10-28,9.860000
1994-10-31,9.860000
1994-11-01,9.880000
1994-11-02,9.960000
1994-11-03,10.180000
1994-11-04,10.150000
1994-11-07,10.320000
1994-11-08,10.230000
1994-11-09,10.090000
1994-11-10,9.880000
1994-11-11,9.840000
1994-11-14,9.690000
1994-11-15,9.690000
1994-11-16,9.810000
1994-11-17,9.860000
1994-11-18,9.780000
1994-11-21,9.760000
1994-11-22,9.800000
1994-11-23,9.760000
1994-11-24,9.710000
1994-11-25,9.720000
1994-11-28,9.730000
1994-12-01,9.870000
1994-12-02,9.790000
1994-12-05,9.740000
1994-12-06,9.840000
1994-12-07,9.810000
1994-12-08,9.780000
1994-12-09,9.740000
1994-12-12,9.820000
1994-12-13,9.840000
1994-12-14,9.920000
1994-12-15,9.860000
1994-12-16,9.800000
1994-12-19,9.800000
1994-12-20,9.770000
1994-12-21,9.750000
1994-12-22,9.720000
1994-12-23,9.750000
1994-12-27,9.720000
1994-12-28,9.790000
1994-12-29,10.050000
1994-12-30,10.030000
1995-01-02,10.010000
1995-01-03,10.060000
1995-01-04,9.990000
1995-01-05,9.960000
1995-01-09,10.140000
1995-01-10,10.230000
1995-01-11,10.210000
1995-01-12,10.260000
1995-01-13,10.170000
1995-01-16,10.090000
1995-01-17,10.010000
1995-01-18,9.970000
1995-01-19,10.000000
1995-01-20,10.000000
1995-01-23,10.060000
1995-01-24,10.040000
1995-01-25,10.130000
1995-01-26,10.040000
1995-01-27,9.990000
1995-01-30,9.960000
1995-01-31,9.990000
1995-02-01,9.880000
1995-02-02,9.890000
1995-02-03,9.840000
1995-02-06,9.700000
1995-02-07,9.670000
1995-02-08,9.690000
1995-02-09,9.630000
1995-02-10,9.600000
1995-02-13,9.670000
1995-02-14,9.660000
1995-02-15,9.600000
1995-02-16,9.650000
1995-02-17,9.690000
1995-02-20,9.700000
1995-02-21,9.670000
1995-02-22,9.710000
1995-02-23,9.630000
1995-02-24,9.570000
1995-02-27,9.630000
1995-02-28,9.640000
1995-03-01,9.620000
1995-03-02,9.670000
1995-03-03,9.800000
1995-03-06,10.060000
1995-03-07,10.200000
1995-03-08,10.060000
1995-03-09,10.270000
1995-03-10,10.140000
1995-03-13,10.180000
1995-03-14,10.100000
1995-03-15,10.250000
1995-03-16,10.250000
1995-03-17,10.360000
1995-03-20,10.300000
1995-03-21,10.210000
1995-03-22,10.310000
1995-03-23,10.340000
1995-03-24,10.220000
1995-03-27,10.160000
1995-03-28,10.260000
1995-03-29,10.460000
1995-03-30,10.220000
1995-03-31,10.370000
1995-04-03,10.430000
1995-04-04,10.360000
1995-04-05,10.370000
1995-04-06,10.390000
1995-04-07,10.240000
1995-04-10,10.090000
1995-04-11,10.210000
1995-04-12,10.170000
1995-04-13,10.170000
1995-04-18,10.260000
1995-04-19,10.400000
1995-04-20,10.500000
1995-04-21,10.470000
1995-04-24,10.480000
1995-04-25,10.370000
1995-04-26,10.250000
1995-04-27,10.190000
1995-04-28,10.150000
1995-05-02,10.190000
1995-05-03,10.060000
1995-05-04,10.010000
1995-05-05,9.910000
1995-05-08,9.780000
1995-05-09,9.700000
1995-05-10,9.470000
1995-05-11,9.690000
1995-05-12,9.710000
1995-05-15,9.630000
1995-05-16,9.640000
1995-05-17,9.700000
1995-05-18,9.650000
1995-05-19,9.750000
1995-05-22,9.770000
1995-05-23,9.810000
1995-05-24,9.800000
1995-05-26,9.900000
1995-05-29,9.920000
1995-05-30,9.840000
1995-05-31,9.680000
1995-06-01,9.660000
1995-06-02,9.590000
1995-06-06,9.560000
1995-06-07,9.600000
1995-06-08,9.740000
1995-06-09,9.810000
1995-06-12,9.900000
1995-06-13,9.800000
1995-06-14,9.910000
1995-06-15,9.930000
1995-06-16,10.040000
1995-06-19,10.080000
1995-06-20,10.070000
1995-06-21,10.140000
1995-06-22,10.090000
1995-06-26,10.220000
1995-06-27,10.290000
1995-06-28,10.320000
1995-06-29,10.240000
1995-06-30,10.360000
1995-07-03,10.330000
1995-07-04,10.250000
1995-07-05,10.170000
1995-07-06,10.240000
1995-07-07,10.070000
1995-07-10,10.010000
1995-07-11,10.060000
1995-07-12,9.950000
1995-07-13,10.000000
1995-07-14,9.960000
1995-07-17,9.950000
1995-07-18,10.030000
1995-07-19,10.000000
1995-07-20,10.040000
1995-07-21,9.990000
1995-07-24,9.930000
1995-07-25,9.940000
1995-07-26,9.850000
1995-07-27,9.860000
1995-07-28,9.890000
1995-07-31,9.870000
1995-08-01,9.900000
1995-08-02,9.810000
1995-08-03,9.770000
1995-08-04,9.730000
1995-08-07,9.730000
1995-08-08,9.730000
1995-08-09,9.790000
1995-08-10,9.680000
1995-08-11,9.680000
1995-08-14,9.760000
1995-08-15,9.720000
1995-08-16,9.670000
1995-08-17,9.640000
1995-08-18,9.730000
1995-08-21,9.660000
1995-08-22,9.590000
1995-08-23,9.590000
1995-08-24,9.570000
1995-08-25,9.540000
1995-08-28,9.610000
1995-08-29,9.710000
1995-08-30,9.710000
1995-08-31,9.720000
1995-09-01,9.750000
1995-09-04,9.700000
1995-09-05,9.640000
1995-09-06,9.590000
1995-09-07,9.540000
1995-09-08,9.320000
1995-09-11,9.210000
1995-09-12,9.200000
1995-09-13,9.100000
1995-09-14,9.050000
1995-09-15,9.030000
1995-09-18,9.180000
1995-09-19,9.110000
1995-09-20,9.130000
1995-09-21,9.280000
1995-09-22,9.440000
1995-09-25,9.340000
1995-09-26,9.290000
1995-09-27,9.380000
1995-09-28,9.340000
1995-09-29,9.080000
1995-10-02,9.110000
1995-10-03,9.010000
1995-10-04,9.030000
1995-10-05,9.060000
1995-10-06,9.150000
1995-10-09,9.210000
1995-10-10,9.140000
1995-10-11,9.090000
1995-10-12,9.050000
1995-10-13,9.030000
1995-10-16,9.090000
1995-10-17,9.070000
1995-10-18,8.910000
1995-10-19,8.890000
1995-10-20,8.930000
1995-10-23,8.990000
1995-10-24,8.900000
1995-10-25,8.820000
1995-10-26,8.820000
1995-10-27,8.790000
1995-10-30,8.770000
1995-10-31,8.790000
1995-11-01,8.670000
1995-11-02,8.680000
1995-11-03,8.700000
1995-11-06,8.820000
1995-11-07,8.820000
1995-11-08,8.740000
1995-11-09,8.810000
1995-11-10,8.850000
1995-11-13,8.840000
1995-11-14,8.810000
1995-11-15,8.840000
1995-11-16,8.860000
1995-11-17,8.800000
1995-11-20,8.750000
1995-11-21,8.720000
1995-11-22,8.680000
1995-11-23,8.740000
1995-11-24,8.700000
1995-11-27,8.660000
1995-11-28,8.680000
1995-11-29,8.660000
1995-11-30,8.690000
1995-12-01,8.680000
1995-12-04,8.480000
1995-12-05,8.360000
1995-12-06,8.330000
1995-12-07,8.450000
1995-12-08,8.400000
1995-12-11,8.520000
1995-12-12,8.450000
1995-12-13,8.410000
1995-12-14,8.340000
1995-12-15,8.260000
1995-12-18,8.220000
1995-12-19,8.320000
1995-12-20,8.300000
1995-12-21,8.310000
1995-12-22,8.260000
1995-12-27,8.220000
1995-12-28,8.220000
1995-12-29,8.180000
1996-01-02,8.130000
1996-01-03,8.110000
1996-01-04,8.030000
1996-01-05,8.070000
1996-01-08,8.120000
1996-01-09,8.000000
1996-01-10,7.960000
1996-01-11,7.890000
1996-01-12,7.740000
1996-01-15,7.660000
1996-01-16,7.530000
1996-01-17,7.570000
1996-01-18,7.430000
1996-01-19,7.550000
1996-01-22,7.860000
1996-01-23,7.850000
1996-01-24,7.800000
1996-01-25,7.970000
1996-01-26,7.920000
1996-01-29,7.820000
1996-01-30,7.530000
1996-01-31,7.450000
1996-02-01,7.440000
1996-02-02,7.430000
1996-02-05,7.700000
1996-02-06,7.960000
1996-02-07,7.790000
1996-02-08,7.750000
1996-02-09,7.650000
1996-02-12,7.620000
1996-02-13,7.460000
1996-02-14,7.680000
1996-02-15,7.710000
1996-02-16,7.750000
1996-02-19,7.830000
1996-02-20,7.740000
1996-02-21,7.790000
1996-02-22,7.540000
1996-02-23,7.410000
1996-02-26,7.490000
1996-02-27,7.390000
1996-02-28,7.410000
1996-02-29,7.530000
1996-03-01,7.440000
1996-03-04,7.540000
1996-03-05,7.570000
1996-03-06,7.500000
1996-03-07,7.430000
1996-03-08,7.550000
1996-03-11,7.700000
1996-03-12,7.720000
1996-03-13,7.610000
1996-03-14,7.570000
1996-03-15,7.600000
1996-03-18,7.420000
1996-03-19,7.390000
1996-03-20,7.280000
1996-03-21,7.290000
1996-03-22,7.240000
1996-03-25,7.150000
1996-03-26,7.140000
1996-03-27,7.080000
1996-03-28,7.150000
1996-03-29,7.250000
1996-04-01,7.160000
1996-04-02,7.160000
1996-04-03,7.180000
1996-04-04,7.130000
1996-04-09,7.200000
1996-04-10,7.140000
1996-04-11,7.120000
1996-04-12,7.110000
1996-04-15,7.150000
1996-04-16,7.170000
1996-04-17,7.240000
1996-04-18,7.120000
1996-04-19,7.020000
1996-04-22,6.870000
1996-04-23,6.970000
1996-04-24,6.960000
1996-04-25,6.940000
1996-04-26,6.870000
1996-04-29,6.930000
1996-04-30,6.910000
1996-05-02,7.000000
1996-05-03,7.090000
1996-05-06,7.090000
1996-05-07,7.130000
1996-05-08,7.150000
1996-05-09,7.110000
1996-05-10,7.030000
1996-05-13,6.990000
1996-05-14,6.920000
1996-05-15,6.870000
1996-05-17,6.830000
1996-05-20,6.790000
1996-05-21,6.830000
1996-05-22,6.890000
1996-05-23,6.930000
1996-05-24,6.870000
1996-05-28,6.820000
1996-05-29,6.800000
1996-05-30,6.880000
1996-05-31,6.870000
1996-06-03,6.880000
1996-06-04,6.760000
1996-06-05,6.740000
1996-06-06,6.700000
1996-06-07,6.740000
1996-06-10,6.700000
1996-06-11,6.660000
1996-06-12,6.640000
1996-06-13,6.660000
1996-06-14,6.720000
1996-06-17,6.720000
1996-06-18,6.680000
1996-06-19,6.680000
1996-06-20,6.660000
1996-06-24,6.640000
1996-06-25,6.570000
1996-06-26,6.550000
1996-06-27,6.620000
1996-06-28,6.530000
1996-07-01,6.550000
1996-07-02,6.570000
1996-07-03,6.570000
1996-07-04,6.570000
1996-07-05,6.690000
1996-07-08,6.710000
1996-07-09,6.710000
1996-07-10,6.680000
1996-07-11,6.630000
1996-07-12,6.630000
1996-07-15,6.690000
1996-07-16,6.690000
1996-07-17,6.630000
1996-07-18,6.590000
1996-07-19,6.540000
1996-07-22,6.490000
1996-07-23,6.490000
1996-07-24,6.480000
1996-07-25,6.540000
1996-07-26,6.560000
1996-07-29,6.540000
1996-07-30,6.610000
1996-07-31,6.660000
1996-08-01,6.640000
1996-08-02,6.530000
1996-08-05,6.530000
1996-08-06,6.530000
1996-08-07,6.530000
1996-08-08,6.520000
1996-08-09,6.560000
1996-08-12,6.560000
1996-08-13,6.500000
1996-08-14,6.470000
1996-08-15,6.440000
1996-08-16,6.380000
1996-08-19,6.410000
1996-08-20,6.350000
1996-08-21,6.460000
1996-08-22,6.310000
1996-08-23,6.300000
1996-08-26,6.310000
1996-08-27,6.300000
1996-08-28,6.360000
1996-08-29,6.350000
1996-08-30,6.330000
1996-09-02,6.350000
1996-09-03,6.390000
1996-09-04,6.380000
1996-09-05,6.350000
1996-09-06,6.310000
1996-09-09,6.240000
1996-09-10,6.270000
1996-09-11,6.260000
1996-09-12,6.170000
1996-09-13,6.120000
1996-09-16,6.080000
1996-09-17,6.050000
1996-09-18,6.080000
1996-09-19,6.030000
1996-09-20,5.960000
1996-09-23,5.980000
1996-09-24,6.000000
1996-09-25,5.820000
1996-09-26,5.850000
1996-09-27,5.810000
1996-09-30,5.800000
1996-10-01,5.760000
1996-10-02,5.630000
1996-10-03,5.600000
1996-10-04,5.590000
1996-10-07,5.580000
1996-10-08,5.530000
1996-10-09,5.270000
1996-10-10,5.380000
1996-10-11,5.390000
1996-10-14,5.400000
1996-10-15,5.360000
1996-10-16,5.450000
1996-10-17,5.530000
1996-10-18,5.470000
1996-10-21,5.490000
1996-10-22,5.390000
1996-10-23,5.410000
1996-10-24,5.340000
1996-10-25,5.330000
1996-10-28,5.360000
1996-10-29,5.380000
1996-10-30,5.470000
1996-10-31,5.460000
1996-11-01,5.430000
1996-11-04,5.510000
1996-11-05,5.500000
1996-11-06,5.470000
1996-11-07,5.510000
1996-11-08,5.510000
1996-11-11,5.560000
1996-11-12,5.520000
1996-11-13,5.470000
1996-11-14,5.360000
1996-11-15,5.330000
1996-11-18,5.310000
1996-11-19,5.300000
1996-11-20,5.390000
1996-11-21,5.370000
1996-11-22,5.370000
1996-11-25,5.320000
1996-11-26,5.160000
1996-11-27,5.160000
1996-11-28,5.120000
1996-11-29,5.030000
1996-12-02,5.040000
1996-12-03,4.960000
1996-12-04,4.900000
1996-12-05,4.940000
1996-12-06,4.970000
1996-12-09,4.900000
1996-12-10,4.920000
1996-12-11,4.910000
1996-12-12,4.800000
1996-12-13,4.750000
1996-12-16,4.720000
1996-12-17,4.760000
1996-12-18,4.690000
1996-12-19,4.680000
1996-12-20,4.630000
1996-12-23,4.590000
1996-12-27,4.560000
1996-12-30,4.550000
1997-01-02,4.620000
1997-01-03,4.640000
1997-01-07,4.610000
1997-01-08,4.500000
1997-01-09,4.410000
1997-01-10,4.450000
1997-01-13,4.440000
1997-01-14,4.340000
1997-01-15,4.330000
1997-01-16,4.300000
1997-01-17,4.280000
1997-01-20,4.250000
1997-01-21,4.260000
1997-01-22,4.300000
1997-01-23,4.410000
1997-01-24,4.480000
1997-01-27,4.530000
1997-01-28,4.470000
1997-01-29,4.590000
1997-01-30,4.590000
1997-01-31,4.610000
1997-02-03,4.670000
1997-02-04,4.640000
1997-02-05,4.550000
1997-02-06,4.540000
1997-02-07,4.500000
1997-02-10,4.490000
1997-02-11,4.460000
1997-02-12,4.430000
1997-02-13,4.420000
1997-02-14,4.360000
1997-02-17,4.350000
1997-02-18,4.420000
1997-02-19,4.460000
1997-02-20,4.390000
1997-02-21,4.350000
1997-02-24,4.390000
1997-02-25,4.400000
1997-02-26,4.520000
1997-02-27,4.520000
1997-02-28,4.570000
1997-03-03,4.660000
1997-03-04,4.660000
1997-03-05,4.660000
1997-03-06,4.680000
1997-03-07,4.770000
1997-03-10,4.760000
1997-03-11,4.730000
1997-03-12,4.780000
1997-03-13,4.790000
1997-03-14,4.910000
1997-03-17,5.070000
1997-03-18,5.200000
1997-03-19,5.170000
1997-03-20,5.050000
1997-03-21,5.040000
1997-03-24,5.090000
1997-03-25,5.070000
1997-03-26,5.040000
1997-03-27,4.830000
1997-04-01,5.010000
1997-04-02,5.020000
1997-04-03,5.050000
1997-04-04,4.990000
1997-04-07,4.870000
1997-04-08,4.840000
1997-04-09,4.770000
1997-04-10,4.870000
1997-04-11,4.840000
1997-04-14,4.800000
1997-04-15,4.760000
1997-04-16,4.830000
1997-04-17,4.850000
1997-04-18,4.860000
1997-04-21,4.940000
1997-04-22,4.980000
1997-04-23,4.920000
1997-04-24,4.900000
1997-04-25,4.970000
1997-04-28,5.010000
1997-04-29,4.970000
1997-04-30,4.920000
1997-05-02,4.910000
1997-05-05,4.910000
1997-05-06,4.880000
1997-05-07,4.860000
1997-05-09,4.800000
1997-05-12,4.790000
1997-05-13,4.790000
1997-05-14,4.730000
1997-05-15,4.770000
1997-05-16,4.780000
1997-05-20,4.810000
1997-05-21,4.820000
1997-05-22,4.880000
1997-05-23,4.900000
1997-05-26,4.950000
1997-05-27,4.890000
1997-05-28,4.970000
1997-05-29,4.970000
1997-05-30,4.930000
1997-06-02,4.880000
1997-06-03,4.830000
1997-06-04,4.840000
1997-06-05,4.820000
1997-06-06,4.840000
1997-06-09,4.890000
1997-06-10,4.840000
1997-06-11,4.810000
1997-06-12,4.770000
1997-06-13,4.720000
1997-06-16,4.760000
1997-06-17,4.790000
1997-06-18,4.760000
1997-06-19,4.740000
1997-06-23,4.750000
1997-06-24,4.740000
1997-06-25,4.690000
1997-06-26,4.720000
1997-06-27,4.690000
1997-06-30,4.710000
1997-07-01,4.690000
1997-07-02,4.660000
1997-07-03,4.630000
1997-07-04,4.610000
1997-07-07,4.630000
1997-07-08,4.640000
1997-07-09,4.610000
1997-07-10,4.650000
1997-07-11,4.640000
1997-07-14,4.650000
1997-07-15,4.750000
1997-07-16,4.820000
1997-07-17,4.770000
1997-07-18,4.780000
1997-07-21,4.780000
1997-07-22,4.760000
1997-07-23,4.730000
1997-07-24,4.760000
1997-07-25,4.800000
1997-07-28,4.810000
1997-07-29,4.820000
1997-07-30,4.820000
1997-07-31,4.800000
1997-08-01,4.870000
1997-08-04,4.880000
1997-08-05,4.910000
1997-08-06,4.900000
1997-08-07,4.860000
1997-08-08,4.830000
1997-08-11,4.830000
1997-08-12,4.810000
1997-08-13,4.900000
1997-08-14,4.910000
1997-08-15,4.940000
1997-08-18,4.880000
1997-08-19,4.840000
1997-08-20,4.830000
1997-08-21,4.860000
1997-08-22,4.920000
1997-08-25,4.930000
1997-08-26,4.940000
1997-08-27,4.910000
1997-08-28,4.880000
1997-08-29,4.880000
1997-09-01,4.880000
1997-09-02,4.880000
1997-09-03,4.880000
1997-09-04,4.870000
1997-09-05,4.840000
1997-09-08,4.820000
1997-09-09,4.790000
1997-09-10,4.810000
1997-09-11,4.840000
1997-09-12,4.800000
1997-09-15,4.860000
1997-09-16,4.840000
1997-09-17,4.830000
1997-09-18,4.830000
1997-09-19,4.850000
1997-09-22,4.850000
1997-09-23,4.790000
1997-09-24,4.760000
1997-09-25,4.730000
1997-09-26,4.750000
1997-09-29,4.790000
1997-09-30,4.780000
1997-10-01,4.760000
1997-10-02,4.760000
1997-10-03,4.740000
1997-10-06,4.750000
1997-10-07,4.750000
1997-10-08,4.770000
1997-10-09,4.930000
1997-10-10,4.990000
1997-10-13,4.940000
1997-10-14,4.920000
1997-10-15,5.000000
1997-10-16,5.110000
1997-10-17,5.190000
1997-10-20,5.170000
1997-10-21,5.170000
1997-10-22,5.350000
1997-10-23,5.260000
1997-10-24,5.200000
1997-10-27,5.150000
1997-10-28,5.040000
1997-10-29,5.080000
1997-10-30,5.070000
1997-10-31,5.080000
1997-11-03,5.120000
1997-11-04,5.110000
1997-11-05,5.160000
1997-11-06,5.190000
1997-11-07,5.110000
1997-11-10,5.160000
1997-11-11,5.170000
1997-11-12,5.170000
1997-11-13,5.120000
1997-11-14,5.050000
1997-11-17,5.090000
1997-11-18,5.100000
1997-11-19,5.110000
1997-11-20,5.120000
1997-11-21,5.140000
1997-11-24,5.120000
1997-11-25,5.100000
1997-11-26,5.180000
1997-11-27,5.210000
1997-11-28,5.190000
1997-12-01,5.200000
1997-12-02,5.180000
1997-12-03,5.220000
1997-12-04,5.200000
1997-12-05,5.220000
1997-12-08,5.250000
1997-12-09,5.200000
1997-12-10,5.190000
1997-12-11,5.090000
1997-12-12,5.060000
1997-12-15,5.060000
1997-12-16,5.080000
1997-12-17,5.110000
1997-12-18,5.070000
1997-12-19,5.040000
1997-12-22,5.000000
1997-12-23,5.010000
1997-12-29,5.030000
1997-12-30,5.050000
1998-01-02,5.380000
1998-01-05,5.290000
1998-01-07,5.200000
1998-01-08,5.150000
1998-01-09,5.030000
1998-01-12,4.990000
1998-01-13,5.030000
1998-01-14,5.000000
1998-01-15,5.020000
1998-01-16,5.060000
1998-01-19,5.010000
1998-01-20,4.990000
1998-01-21,5.030000
1998-01-22,5.050000
1998-01-23,5.070000
1998-01-26,5.050000
1998-01-27,4.990000
1998-01-28,4.970000
1998-01-29,4.980000
1998-01-30,4.960000
1998-02-02,4.960000
1998-02-03,4.970000
1998-02-04,4.990000
1998-02-05,5.010000
1998-02-06,5.010000
1998-02-09,5.020000
1998-02-10,5.030000
1998-02-11,4.960000
1998-02-12,4.960000
1998-02-13,4.920000
1998-02-16,4.920000
1998-02-17,4.870000
1998-02-18,4.870000
1998-02-19,4.840000
1998-02-20,4.850000
1998-02-23,4.830000
1998-02-24,4.810000
1998-02-25,4.830000
1998-02-26,4.840000
1998-02-27,4.900000
1998-03-02,4.870000
1998-03-03,4.900000
1998-03-04,4.980000
1998-03-05,4.980000
1998-03-06,4.940000
1998-03-09,4.880000
1998-03-10,4.870000
1998-03-11,4.870000
1998-03-12,4.830000
1998-03-13,4.860000
1998-03-16,4.830000
1998-03-17,4.820000
1998-03-18,4.840000
1998-03-19,4.930000
1998-03-20,4.920000
1998-03-23,4.950000
1998-03-24,4.890000
1998-03-25,4.860000
1998-03-26,4.880000
1998-03-27,4.870000
1998-03-30,4.910000
1998-03-31,4.920000
1998-04-01,4.950000
1998-04-02,4.920000
1998-04-03,4.840000
1998-04-06,4.850000
1998-04-07,4.870000
1998-04-08,4.870000
1998-04-09,4.860000
1998-04-14,4.840000
1998-04-15,4.840000
1998-04-16,4.820000
1998-04-17,4.790000
1998-04-20,4.790000
1998-04-21,4.790000
1998-04-22,4.790000
1998-04-23,4.770000
1998-04-24,4.810000
1998-04-27,4.880000
1998-04-28,4.870000
1998-04-29,4.910000
1998-04-30,4.910000
1998-05-04,4.870000
1998-05-05,4.920000
1998-05-06,4.910000
1998-05-07,4.910000
1998-05-08,4.870000
1998-05-11,4.850000
1998-05-12,4.880000
1998-05-13,4.850000
1998-05-14,4.860000
1998-05-15,4.860000
1998-05-18,4.810000
1998-05-19,4.790000
1998-05-20,4.760000
1998-05-22,4.760000
1998-05-25,4.660000
1998-05-26,4.610000
1998-05-27,4.560000
1998-05-28,4.580000
1998-05-29,4.540000
1998-06-02,4.520000
1998-06-03,4.520000
1998-06-04,4.410000
1998-06-05,4.420000
1998-06-08,4.430000
1998-06-09,4.430000
1998-06-10,4.390000
1998-06-11,4.350000
1998-06-12,4.370000
1998-06-15,4.340000
1998-06-16,4.350000
1998-06-17,4.390000
1998-06-18,4.380000
1998-06-22,4.370000
1998-06-23,4.350000
1998-06-24,4.330000
1998-06-25,4.290000
1998-06-26,4.260000
1998-06-29,4.265000
1998-06-30,4.285000
1998-07-01,4.280000
1998-07-02,4.260000
1998-07-03,4.265000
1998-07-06,4.260000
1998-07-07,4.275000
1998-07-08,4.275000
1998-07-09,4.270000
1998-07-10,4.260000
1998-07-13,4.260000
1998-07-14,4.240000
1998-07-15,4.245000
1998-07-16,4.250000
1998-07-17,4.245000
1998-07-20,4.245000
1998-07-21,4.235000
1998-07-22,4.255000
1998-07-23,4.255000
1998-07-24,4.255000
1998-07-27,4.250000
1998-07-28,4.270000
1998-07-29,4.275000
1998-07-30,4.300000
1998-07-31,4.290000
1998-08-03,4.285000
1998-08-04,4.305000
1998-08-05,4.290000
1998-08-06,4.325000
1998-08-07,4.335000
1998-08-10,4.325000
1998-08-11,4.280000
1998-08-12,4.275000
1998-08-13,4.260000
1998-08-14,4.240000
1998-08-17,4.225000
1998-08-18,4.225000
1998-08-19,4.275000
1998-08-20,4.260000
1998-08-21,4.275000
1998-08-24,4.315000
1998-08-25,4.460000
1998-08-26,4.420000
1998-08-27,4.500000
1998-08-28,4.410000
1998-08-31,4.340000
1998-09-01,4.300000
1998-09-02,4.340000
1998-09-03,4.395000
1998-09-04,4.385000
1998-09-07,4.360000
1998-09-08,4.335000
1998-09-09,4.270000
1998-09-10,4.265000
1998-09-11,4.225000
1998-09-14,4.240000
1998-09-15,4.230000
1998-09-16,4.260000
1998-09-17,4.280000
1998-09-18,4.305000
1998-09-21,4.470000
1998-09-22,4.380000
1998-09-23,4.390000
1998-09-24,4.365000
1998-09-25,4.360000
1998-09-28,4.350000
1998-09-29,4.330000
1998-09-30,4.295000
1998-10-01,4.266000
1998-10-02,4.260000
1998-10-05,4.300000
1998-10-06,4.370000
1998-10-07,4.354000
1998-10-08,4.430000
1998-10-09,4.450000
1998-10-12,4.425000
1998-10-13,4.375000
1998-10-14,4.375000
1998-10-15,4.385000
1998-10-16,4.285000
1998-10-19,4.265000
1998-10-20,4.260000
1998-10-21,4.185000
1998-10-22,4.223000
1998-10-23,4.200000
1998-10-26,4.176000
1998-10-27,4.193000
1998-10-28,4.187000
1998-10-29,4.175000
1998-10-30,4.030000
1998-11-02,4.000000
1998-11-03,3.975000
1998-11-04,3.965000
1998-11-05,3.955000
1998-11-06,3.990000
1998-11-09,3.985000
1998-11-10,3.980000
1998-11-11,3.950000
1998-11-12,3.875000
1998-11-13,3.845000
1998-11-16,3.845000
1998-11-17,3.845000
1998-11-18,3.850000
1998-11-19,3.825000
1998-11-20,3.820000
1998-11-23,3.801000
1998-11-24,3.785000
1998-11-25,3.790000
1998-11-26,3.760000
1998-11-27,3.720000
1998-11-30,3.690000
1998-12-01,3.685000
1998-12-02,3.660000
1998-12-03,3.575000
1998-12-04,3.585000
1998-12-07,3.595000
1998-12-08,3.600000
1998-12-09,3.570000
1998-12-10,3.510000
1998-12-11,3.510000
1998-12-14,3.490000
1998-12-15,3.522000
1998-12-16,3.530000
1998-12-17,3.540000
1998-12-18,3.535000
1998-12-21,3.545000
1998-12-22,3.580000
1998-12-23,3.575000
1998-12-28,3.595000
1998-12-29,3.590000
1998-12-30,3.552000
1999-01-04,3.510000
1999-01-05,3.535000
1999-01-07,3.465000
1999-01-08,3.445000
1999-01-11,3.455000
1999-01-12,3.470000
1999-01-13,3.395000
1999-01-14,3.415000
1999-01-15,3.360000
1999-01-18,3.330000
1999-01-19,3.364000
1999-01-20,3.365000
1999-01-21,3.345000
1999-01-22,3.295000
1999-01-25,3.275000
1999-01-26,3.275000
1999-01-27,3.270000
1999-01-28,3.295000
1999-01-29,3.305000
1999-02-01,3.323000
1999-02-02,3.340000
1999-02-03,3.370000
1999-02-04,3.410000
1999-02-05,3.405000
1999-02-08,3.405000
1999-02-09,3.360000
1999-02-10,3.355000
1999-02-11,3.355000
1999-02-12,3.350000
1999-02-15,3.360000
1999-02-16,3.335000
1999-02-17,3.335000
1999-02-18,3.320000
1999-02-19,3.320000
1999-02-22,3.310000
1999-02-23,3.335000
1999-02-24,3.346000
1999-02-25,3.374000
1999-02-26,3.455000
1999-03-01,3.555000
1999-03-02,3.550000
1999-03-03,3.560000
1999-03-04,3.580000
1999-03-05,3.465000
1999-03-08,3.475000
1999-03-09,3.478000
1999-03-10,3.490000
1999-03-11,3.500000
1999-03-12,3.440000
1999-03-15,3.460000
1999-03-16,3.455000
1999-03-17,3.376000
1999-03-18,3.315000
1999-03-19,3.315000
1999-03-22,3.300000
1999-03-23,3.330000
1999-03-24,3.290000
1999-03-25,3.224000
1999-03-26,3.235000
1999-03-29,3.205000
1999-03-30,3.181000
1999-03-31,3.150000
1999-04-01,3.150000
1999-04-06,3.130000
1999-04-07,3.123000
1999-04-08,3.130000
1999-04-09,3.020000
1999-04-12,3.085000
1999-04-13,3.065000
1999-04-14,3.085000
1999-04-15,3.125000
1999-04-16,3.170000
1999-04-19,3.155000
1999-04-20,3.125000
1999-04-21,3.095000
1999-04-22,3.100000
1999-04-23,3.135000
1999-04-26,3.140000
1999-04-27,3.130000
1999-04-28,3.160000
1999-04-29,3.140000
1999-04-30,3.060000
1999-05-03,3.110000
1999-05-04,3.115000
1999-05-05,3.165000
1999-05-06,3.275000
1999-05-07,3.260000
1999-05-10,3.315000
1999-05-11,3.230000
1999-05-12,3.255000
1999-05-14,3.280000
1999-05-17,3.295000
1999-05-18,3.260000
1999-05-19,3.310000
1999-05-20,3.350000
1999-05-21,3.375000
1999-05-25,3.405000
1999-05-26,3.350000
1999-05-27,3.365000
1999-05-28,3.445000
1999-05-31,3.470000
1999-06-01,3.570000
1999-06-02,3.630000
1999-06-03,3.540000
1999-06-04,3.625000
1999-06-07,3.610000
1999-06-08,3.575000
1999-06-09,3.610000
1999-06-10,3.675000
1999-06-11,3.740000
1999-06-14,3.730000
1999-06-15,3.710000
1999-06-16,3.695000
1999-06-17,3.700000
1999-06-18,3.670000
1999-06-21,3.710000
1999-06-22,3.780000
1999-06-23,3.840000
1999-06-24,3.885000
1999-06-28,3.915000
1999-06-29,3.950000
1999-06-30,3.945000
1999-07-01,3.970000
1999-07-02,3.985000
1999-07-05,4.005000
1999-07-06,4.125000
1999-07-07,4.175000
1999-07-08,4.380000
1999-07-09,4.240000
1999-07-12,4.145000
1999-07-13,4.100000
1999-07-14,4.150000
1999-07-15,4.180000
1999-07-16,4.215000
1999-07-19,4.225000
1999-07-20,4.170000
1999-07-21,4.110000
1999-07-22,4.085000
1999-07-23,4.180000
1999-07-26,4.200000
1999-07-27,4.225000
1999-07-28,4.230000
1999-07-29,4.275000
1999-07-30,4.335000
1999-08-02,4.435000
1999-08-03,4.435000
1999-08-04,4.455000
1999-08-05,4.520000
1999-08-06,4.580000
1999-08-09,4.705000
1999-08-10,4.675000
1999-08-11,4.585000
1999-08-12,4.360000
1999-08-13,4.340000
1999-08-16,4.410000
1999-08-17,4.395000
1999-08-18,4.405000
1999-08-19,4.405000
1999-08-20,4.342000
1999-08-23,4.275000
1999-08-24,4.325000
1999-08-25,4.260000
1999-08-26,4.320000
1999-08-27,4.355000
1999-08-30,4.410000
1999-08-31,4.435000
1999-09-01,4.515000
1999-09-02,4.470000
1999-09-03,4.350000
1999-09-06,4.330000
1999-09-07,4.360000
1999-09-08,4.500000
1999-09-09,4.560000
1999-09-10,4.525000
1999-09-13,4.565000
1999-09-14,4.550000
1999-09-15,4.535000
1999-09-16,4.500000
1999-09-17,4.460000
1999-09-20,4.485000
1999-09-21,4.605000
1999-09-22,4.590000
1999-09-23,4.575000
1999-09-24,4.515000
1999-09-27,4.535000
1999-09-28,4.545000
1999-09-29,4.585000
1999-09-30,4.570000
1999-10-01,4.705000
1999-10-04,4.765000
1999-10-05,4.720000
1999-10-06,4.640000
1999-10-07,4.605000
1999-10-08,4.620000
1999-10-11,4.645000
1999-10-12,4.735000
1999-10-13,4.700000
1999-10-14,4.795000
1999-10-15,4.715000
1999-10-18,4.705000
1999-10-19,4.745000
1999-10-20,4.780000
1999-10-21,4.705000
1999-10-22,4.700000
1999-10-25,4.725000
1999-10-26,4.750000
1999-10-27,4.680000
1999-10-28,4.620000
1999-10-29,4.570000
1999-11-01,4.615000
1999-11-02,4.645000
1999-11-03,4.605000
1999-11-04,4.545000
1999-11-05,4.510000
1999-11-08,4.495000
1999-11-09,4.465000
1999-11-10,4.485000
1999-11-11,4.370000
1999-11-12,4.345000
1999-11-15,4.330000
1999-11-16,4.365000
1999-11-17,4.505000
1999-11-18,4.555000
1999-11-19,4.570000
1999-11-22,4.585000
1999-11-23,4.570000
1999-11-24,4.580000
1999-11-25,4.585000
1999-11-26,4.590000
1999-11-29,4.595000
1999-11-30,4.550000
1999-12-01,4.540000
1999-12-02,4.555000
1999-12-03,4.570000
1999-12-06,4.530000
1999-12-07,4.535000
1999-12-08,4.565000
1999-12-09,4.570000
1999-12-10,4.505000
1999-12-13,4.535000
1999-12-14,4.530000
1999-12-15,4.550000
1999-12-16,4.605000
1999-12-17,4.670000
1999-12-20,4.675000
1999-12-21,4.670000
1999-12-22,4.695000
1999-12-23,4.680000
1999-12-27,4.680000
1999-12-28,4.690000
1999-12-29,4.685000
1999-12-30,4.715000
2000-01-03,5.180000
2000-01-04,5.195000
2000-01-05,5.190000
2000-01-07,5.165000
2000-01-10,5.100000
2000-01-11,5.180000
2000-01-12,5.180000
2000-01-13,5.155000
2000-01-14,5.110000
2000-01-17,5.155000
2000-01-18,5.220000
2000-01-19,5.185000
2000-01-20,5.190000
2000-01-21,5.230000
2000-01-24,5.230000
2000-01-25,5.205000
2000-01-26,5.220000
2000-01-27,5.300000
2000-01-28,5.315000
2000-01-31,5.280000
2000-02-01,5.240000
2000-02-02,5.210000
2000-02-03,5.225000
2000-02-04,5.275000
2000-02-07,5.330000
2000-02-08,5.315000
2000-02-09,5.340000
2000-02-10,5.410000
2000-02-11,5.405000
2000-02-14,5.360000
2000-02-15,5.395000
2000-02-16,5.420000
2000-02-17,5.485000
2000-02-18,5.560000
2000-02-21,5.515000
2000-02-22,5.410000
2000-02-23,5.415000
2000-02-24,5.340000
2000-02-25,5.310000
2000-02-28,5.330000
2000-02-29,5.345000
2000-03-01,5.350000
2000-03-02,5.385000
2000-03-03,5.375000
2000-03-06,5.390000
2000-03-07,5.395000
2000-03-08,5.370000
2000-03-09,5.225000
2000-03-10,5.200000
2000-03-13,5.170000
2000-03-14,5.220000
2000-03-15,5.245000
2000-03-16,5.215000
2000-03-17,5.020000
2000-03-20,5.045000
2000-03-21,5.010000
2000-03-22,5.040000
2000-03-23,4.990000
2000-03-24,5.050000
2000-03-27,5.130000
2000-03-28,5.060000
2000-03-29,5.050000
2000-03-30,5.030000
2000-03-31,5.015000
2000-04-03,5.025000
2000-04-04,5.080000
2000-04-05,4.965000
2000-04-06,5.005000
2000-04-07,5.025000
2000-04-10,5.030000
2000-04-11,5.010000
2000-04-12,5.035000
2000-04-13,5.030000
2000-04-14,5.040000
2000-04-17,5.015000
2000-04-18,5.055000
2000-04-19,5.060000
2000-04-20,5.070000
2000-04-25,5.115000
2000-04-26,5.090000
2000-04-27,5.055000
2000-04-28,5.050000
2000-05-02,5.080000
2000-05-03,5.085000
2000-05-04,5.120000
2000-05-05,5.115000
2000-05-08,5.060000
2000-05-09,5.040000
2000-05-10,5.005000
2000-05-11,4.980000
2000-05-12,4.995000
2000-05-15,4.895000
2000-05-16,4.915000
2000-05-17,5.015000
2000-05-18,5.065000
2000-05-19,5.055000
2000-05-22,5.000000
2000-05-23,5.015000
2000-05-24,4.985000
2000-05-25,5.000000
2000-05-26,4.970000
2000-05-29,4.975000
2000-05-30,4.980000
2000-05-31,5.015000
2000-06-02,4.870000
2000-06-05,4.890000
2000-06-06,4.925000
2000-06-07,4.940000
2000-06-08,4.955000
2000-06-09,4.950000
2000-06-13,4.855000
2000-06-14,4.865000
2000-06-15,4.870000
2000-06-16,4.875000
2000-06-19,4.920000
2000-06-20,4.930000
2000-06-21,4.980000
2000-06-22,4.965000
2000-06-26,4.990000
2000-06-27,4.990000
2000-06-28,5.030000
2000-06-29,5.055000
2000-06-30,5.050000
2000-07-03,5.065000
2000-07-04,5.060000
2000-07-05,5.045000
2000-07-06,5.100000
2000-07-07,5.060000
2000-07-10,5.105000
2000-07-11,5.035000
2000-07-12,5.055000
2000-07-13,5.040000
2000-07-14,5.050000
2000-07-17,5.045000
2000-07-18,5.030000
2000-07-19,5.080000
2000-07-20,5.075000
2000-07-21,5.050000
2000-07-24,5.050000
2000-07-25,5.040000
2000-07-26,5.025000
2000-07-27,5.030000
2000-07-28,5.040000
2000-07-31,5.040000
2000-08-01,5.015000
2000-08-02,5.020000
2000-08-03,5.025000
2000-08-04,5.000000
2000-08-07,4.965000
2000-08-08,4.955000
2000-08-09,4.955000
2000-08-10,4.925000
2000-08-11,4.950000
2000-08-14,4.975000
2000-08-15,4.935000
2000-08-16,4.960000
2000-08-17,4.925000
2000-08-18,4.895000
2000-08-21,4.910000
2000-08-22,4.895000
2000-08-23,4.860000
2000-08-24,4.855000
2000-08-25,4.830000
2000-08-28,4.815000
2000-08-29,4.820000
2000-08-30,4.790000
2000-08-31,4.765000
2000-09-01,4.700000
2000-09-04,4.640000
2000-09-05,4.690000
2000-09-06,4.740000
2000-09-07,4.730000
2000-09-08,4.710000
2000-09-11,4.680000
2000-09-12,4.695000
2000-09-13,4.670000
2000-09-14,4.715000
2000-09-15,4.680000
2000-09-18,4.695000
2000-09-19,4.665000
2000-09-20,4.685000
2000-09-21,4.690000
2000-09-22,4.630000
2000-09-25,4.660000
2000-09-26,4.665000
2000-09-27,4.700000
2000-09-28,4.715000
2000-09-29,4.695000
2000-10-02,4.685000
2000-10-03,4.675000
2000-10-04,4.680000
2000-10-05,4.715000
2000-10-06,4.725000
2000-10-09,4.720000
2000-10-10,4.650000
2000-10-11,4.600000
2000-10-12,4.515000
2000-10-13,4.500000
2000-10-16,4.520000
2000-10-17,4.540000
2000-10-18,4.490000
2000-10-19,4.530000
2000-10-20,4.505000
2000-10-23,4.500000
2000-10-24,4.490000
2000-10-25,4.470000
2000-10-26,4.455000
2000-10-27,4.475000
2000-10-30,4.490000
2000-10-31,4.475000
2000-11-01,4.450000
2000-11-02,4.450000
2000-11-03,4.435000
2000-11-06,4.450000
2000-11-07,4.430000
2000-11-08,4.515000
2000-11-09,4.525000
2000-11-10,4.490000
2000-11-13,4.475000
2000-11-14,4.520000
2000-11-15,4.510000
2000-11-16,4.515000
2000-11-17,4.500000
2000-11-20,4.525000
2000-11-21,4.555000
2000-11-22,4.525000
2000-11-23,4.525000
2000-11-24,4.505000
2000-11-27,4.515000
2000-11-28,4.570000
2000-11-29,4.580000
2000-11-30,4.555000
2000-12-01,4.520000
2000-12-04,4.485000
2000-12-05,4.460000
2000-12-06,4.410000
2000-12-07,4.405000
2000-12-08,4.410000
2000-12-11,4.415000
2000-12-12,4.420000
2000-12-13,4.375000
2000-12-14,4.385000
2000-12-15,4.365000
2000-12-18,4.375000
2000-12-19,4.395000
2000-12-20,4.335000
2000-12-21,4.310000
2000-12-22,4.320000
2000-12-27,4.320000
2000-12-28,4.335000
2000-12-29,4.275000
2001-01-02,4.265000
2001-01-03,4.220000
2001-01-04,4.200000
2001-01-05,4.140000
2001-01-08,4.164000
2001-01-09,4.219000
2001-01-10,4.244000
2001-01-11,4.219000
2001-01-12,4.264000
2001-01-15,4.264000
2001-01-16,4.224000
2001-01-17,4.264000
2001-01-18,4.244000
2001-01-19,4.224000
2001-01-22,4.253000
2001-01-23,4.238000
2001-01-24,4.283000
2001-01-25,4.268000
2001-01-26,4.244000
2001-01-29,4.194000
2001-01-30,4.128000
2001-01-31,4.108000
2001-02-01,4.083000
2001-02-02,4.118000
2001-02-05,4.103000
2001-02-06,4.108000
2001-02-07,4.108000
2001-02-08,4.188000
2001-02-09,4.158000
2001-02-12,4.148000
2001-02-13,4.133000
2001-02-14,4.163000
2001-02-15,4.228000
2001-02-16,4.207000
2001-02-19,4.182000
2001-02-20,4.135000
2001-02-21,4.175000
2001-02-22,4.212000
2001-02-23,4.182000
2001-02-26,4.155000
2001-02-27,4.110000
2001-02-28,4.134000
2001-03-01,4.119000
2001-03-02,4.114000
2001-03-05,4.134000
2001-03-06,4.134000
2001-03-07,4.123000
2001-03-08,4.074000
2001-03-09,4.073000
2001-03-12,4.043000
2001-03-13,4.033000
2001-03-14,3.993000
2001-03-15,4.023000
2001-03-16,3.963000
2001-03-19,3.983000
2001-03-20,3.998000
2001-03-21,3.938000
2001-03-22,3.873000
2001-03-23,3.887000
2001-03-26,3.912000
2001-03-27,3.907000
2001-03-28,3.948000
2001-03-29,3.968000
2001-03-30,3.968000
2001-04-02,3.918000
2001-04-03,3.917000
2001-04-04,3.903000
2001-04-05,3.947000
2001-04-06,3.917000
2001-04-09,3.897000
2001-04-10,3.927000
2001-04-11,4.072000
2001-04-12,4.111000
2001-04-17,4.111000
2001-04-18,4.257000
2001-04-19,4.271000
2001-04-20,4.281000
2001-04-23,4.271000
2001-04-24,4.316000
2001-04-25,4.290000
2001-04-26,4.225000
2001-04-27,4.310000
2001-04-30,4.385000
2001-05-02,4.390000
2001-05-03,4.305000
2001-05-04,4.250000
2001-05-07,4.265000
2001-05-08,4.285000
2001-05-09,4.250000
2001-05-10,4.165000
2001-05-11,4.210000
2001-05-14,4.290000
2001-05-15,4.470000
2001-05-16,4.475000
2001-05-17,4.585000
2001-05-18,4.525000
2001-05-21,4.555000
2001-05-22,4.610000
2001-05-23,4.595000
2001-05-25,4.585000
2001-05-28,4.525000
2001-05-29,4.530000
2001-05-30,4.510000
2001-05-31,4.550000
2001-06-01,4.475000
2001-06-05,4.435000
2001-06-06,4.490000
2001-06-07,4.520000
2001-06-08,4.655000
2001-06-11,4.690000
2001-06-12,4.745000
2001-06-13,4.720000
2001-06-14,4.795000
2001-06-15,4.880000
2001-06-18,4.910000
2001-06-19,4.930000
2001-06-20,4.930000
2001-06-21,4.865000
2001-06-25,4.790000
2001-06-26,4.840000
2001-06-27,4.880000
2001-06-28,4.800000
2001-06-29,4.900000
2001-07-02,4.865000
2001-07-03,4.880000
2001-07-04,4.910000
2001-07-05,4.890000
2001-07-06,4.860000
2001-07-09,4.905000
2001-07-10,4.885000
2001-07-11,4.865000
2001-07-12,4.835000
2001-07-13,4.840000
2001-07-16,4.825000
2001-07-17,4.805000
2001-07-18,4.800000
2001-07-19,4.770000
2001-07-20,4.740000
2001-07-23,4.755000
2001-07-24,4.730000
2001-07-25,4.720000
2001-07-26,4.630000
2001-07-27,4.565000
2001-07-30,4.575000
2001-07-31,4.575000
2001-08-01,4.610000
2001-08-02,4.605000
2001-08-03,4.540000
2001-08-06,4.540000
2001-08-07,4.565000
2001-08-08,4.555000
2001-08-09,4.480000
2001-08-10,4.450000
2001-08-13,4.445000
2001-08-14,4.460000
2001-08-15,4.450000
2001-08-16,4.445000
2001-08-17,4.385000
2001-08-20,4.415000
2001-08-21,4.465000
2001-08-22,4.500000
2001-08-23,4.495000
2001-08-24,4.545000
2001-08-27,4.550000
2001-08-28,4.495000
2001-08-29,4.485000
2001-08-30,4.420000
2001-08-31,4.445000
2001-09-03,4.430000
2001-09-04,4.525000
2001-09-05,4.595000
2001-09-06,4.510000
2001-09-07,4.440000
2001-09-10,4.430000
2001-09-11,4.395000
2001-09-12,4.260000
2001-09-13,4.310000
2001-09-14,4.225000
2001-09-17,4.235000
2001-09-18,3.980000
2001-09-19,3.995000
2001-09-20,4.005000
2001-09-21,4.035000
2001-09-24,4.070000
2001-09-25,4.040000
2001-09-26,4.055000
2001-09-27,4.010000
2001-09-28,4.025000
2001-10-01,4.005000
2001-10-02,3.965000
2001-10-03,3.890000
2001-10-04,3.935000
2001-10-05,3.945000
2001-10-08,3.960000
2001-10-09,4.010000
2001-10-10,4.020000
2001-10-11,4.085000
2001-10-12,4.050000
2001-10-15,4.025000
2001-10-16,4.005000
2001-10-17,4.040000
2001-10-18,4.055000
2001-10-19,4.015000
2001-10-22,4.035000
2001-10-23,4.045000
2001-10-24,4.010000
2001-10-25,3.915000
2001-10-26,3.945000
2001-10-29,3.900000
2001-10-30,3.825000
2001-10-31,3.840000
2001-11-01,3.755000
2001-11-02,3.805000
2001-11-05,3.780000
2001-11-06,3.730000
2001-11-07,3.670000
2001-11-08,3.715000
2001-11-09,3.745000
2001-11-12,3.720000
2001-11-13,3.785000
2001-11-14,3.925000
2001-11-15,3.985000
2001-11-16,4.000000
2001-11-19,3.975000
2001-11-20,3.940000
2001-11-21,4.085000
2001-11-22,4.070000
2001-11-23,4.075000
2001-11-26,4.075000
2001-11-27,4.165000
2001-11-28,4.140000
2001-11-29,4.110000
2001-11-30,4.060000
2001-12-03,4.070000
2001-12-04,4.060000
2001-12-05,4.210000
2001-12-06,4.310000
2001-12-07,4.280000
2001-12-10,4.270000
2001-12-11,4.215000
2001-12-12,4.130000
2001-12-13,4.190000
2001-12-14,4.230000
2001-12-17,4.305000
2001-12-18,4.250000
2001-12-19,4.180000
2001-12-20,4.200000
2001-12-21,4.200000
2001-12-27,4.230000
2001-12-28,4.195000
2002-01-02,4.405000
2002-01-03,4.475000
2002-01-04,4.440000
2002-01-07,4.400000
2002-01-08,4.380000
2002-01-09,4.460000
2002-01-10,4.410000
2002-01-11,4.450000
2002-01-14,4.375000
2002-01-15,4.420000
2002-01-16,4.405000
2002-01-17,4.465000
2002-01-18,4.525000
2002-01-21,4.535000
2002-01-22,4.640000
2002-01-23,4.600000
2002-01-24,4.645000
2002-01-25,4.710000
2002-01-28,4.745000
2002-01-29,4.695000
2002-01-30,4.670000
2002-01-31,4.710000
2002-02-01,4.795000
2002-02-04,4.695000
2002-02-05,4.640000
2002-02-06,4.665000
2002-02-07,4.750000
2002-02-08,4.725000
2002-02-11,4.715000
2002-02-12,4.705000
2002-02-13,4.795000
2002-02-14,4.765000
2002-02-15,4.700000
2002-02-18,4.720000
2002-02-19,4.710000
2002-02-20,4.740000
2002-02-21,4.805000
2002-02-22,4.765000
2002-02-25,4.855000
2002-02-26,4.850000
2002-02-27,4.850000
2002-02-28,4.870000
2002-03-01,4.915000
2002-03-04,4.970000
2002-03-05,5.015000
2002-03-06,4.955000
2002-03-07,4.990000
2002-03-08,5.000000
2002-03-11,4.975000
2002-03-12,4.965000
2002-03-13,5.015000
2002-03-14,4.995000
2002-03-15,5.030000
2002-03-18,5.025000
2002-03-19,5.100000
2002-03-20,5.085000
2002-03-21,5.165000
2002-03-22,5.170000
2002-03-25,5.180000
2002-03-26,5.160000
2002-03-27,5.110000
2002-03-28,5.085000
2002-04-02,5.145000
2002-04-03,5.140000
2002-04-04,5.080000
2002-04-05,5.055000
2002-04-08,5.085000
2002-04-09,5.115000
2002-04-10,5.095000
2002-04-11,5.180000
2002-04-12,5.175000
2002-04-15,5.120000
2002-04-16,5.185000
2002-04-17,5.170000
2002-04-18,5.130000
2002-04-19,5.145000
2002-04-22,5.075000
2002-04-23,5.045000
2002-04-24,5.035000
2002-04-25,4.985000
2002-04-26,5.010000
2002-04-29,5.040000
2002-04-30,5.030000
2002-05-02,5.110000
2002-05-03,5.050000
2002-05-06,5.065000
2002-05-07,5.055000
2002-05-08,5.085000
2002-05-10,5.150000
2002-05-13,5.140000
2002-05-14,5.165000
2002-05-15,5.140000
2002-05-16,5.130000
2002-05-17,5.175000
2002-05-21,5.125000
2002-05-22,5.070000
2002-05-23,5.085000
2002-05-24,5.075000
2002-05-27,5.105000
2002-05-28,5.095000
2002-05-29,5.065000
2002-05-30,5.025000
2002-05-31,5.065000
2002-06-03,5.095000
2002-06-04,5.055000
2002-06-05,5.050000
2002-06-06,5.075000
2002-06-07,5.035000
2002-06-10,5.030000
2002-06-11,5.015000
2002-06-12,4.960000
2002-06-13,4.870000
2002-06-14,4.820000
2002-06-17,4.865000
2002-06-18,4.830000
2002-06-19,4.865000
2002-06-20,4.870000
2002-06-24,4.865000
2002-06-25,4.890000
2002-06-26,4.825000
2002-06-27,4.895000
2002-06-28,4.865000
2002-07-01,4.870000
2002-07-02,4.840000
2002-07-03,4.845000
2002-07-04,4.870000
2002-07-05,4.920000
2002-07-08,4.910000
2002-07-09,4.895000
2002-07-10,4.850000
2002-07-11,4.750000
2002-07-12,4.730000
2002-07-15,4.675000
2002-07-16,4.680000
2002-07-17,4.755000
2002-07-18,4.745000
2002-07-19,4.705000
2002-07-22,4.675000
2002-07-23,4.685000
2002-07-24,4.575000
2002-07-25,4.605000
2002-07-26,4.530000
2002-07-29,4.590000
2002-07-30,4.615000
2002-07-31,4.555000
2002-08-01,4.520000
2002-08-02,4.460000
2002-08-05,4.365000
2002-08-06,4.430000
2002-08-07,4.385000
2002-08-08,4.440000
2002-08-09,4.465000
2002-08-12,4.475000
2002-08-13,4.445000
2002-08-14,4.385000
2002-08-15,4.555000
2002-08-16,4.560000
2002-08-19,4.610000
2002-08-20,4.565000
2002-08-21,4.655000
2002-08-22,4.670000
2002-08-23,4.630000
2002-08-26,4.640000
2002-08-27,4.615000
2002-08-28,4.575000
2002-08-29,4.525000
2002-08-30,4.515000
2002-09-02,4.555000
2002-09-03,4.530000
2002-09-04,4.485000
2002-09-05,4.410000
2002-09-06,4.445000
2002-09-09,4.495000
2002-09-10,4.535000
2002-09-11,4.585000
2002-09-12,4.515000
2002-09-13,4.480000
2002-09-16,4.435000
2002-09-17,4.435000
2002-09-18,4.390000
2002-09-19,4.345000
2002-09-20,4.370000
2002-09-23,4.320000
2002-09-24,4.265000
2002-09-25,4.330000
2002-09-26,4.355000
2002-09-27,4.325000
2002-09-30,4.285000
2002-10-01,4.275000
2002-10-02,4.280000
2002-10-03,4.320000
2002-10-04,4.270000
2002-10-07,4.220000
2002-10-08,4.245000
2002-10-09,4.170000
2002-10-10,4.155000
2002-10-11,4.245000
2002-10-14,4.265000
2002-10-15,4.350000
2002-10-16,4.390000
2002-10-17,4.320000
2002-10-18,4.300000
2002-10-21,4.265000
2002-10-22,4.390000
2002-10-23,4.390000
2002-10-24,4.400000
2002-10-25,4.410000
2002-10-28,4.360000
2002-10-29,4.230000
2002-10-30,4.265000
2002-10-31,4.235000
2002-11-01,4.170000
2002-11-04,4.220000
2002-11-05,4.260000
2002-11-06,4.245000
2002-11-07,4.190000
2002-11-08,4.125000
2002-11-11,4.080000
2002-11-12,4.060000
2002-11-13,4.065000
2002-11-14,4.140000
2002-11-15,4.115000
2002-11-18,4.110000
2002-11-19,4.085000
2002-11-20,4.080000
2002-11-21,4.120000
2002-11-22,4.150000
2002-11-25,4.185000
2002-11-26,4.145000
2002-11-27,4.180000
2002-11-28,4.220000
2002-11-29,4.180000
2002-12-02,4.205000
2002-12-03,4.195000
2002-12-04,4.210000
2002-12-05,4.125000
2002-12-06,4.090000
2002-12-09,4.065000
2002-12-10,4.050000
2002-12-11,4.040000
2002-12-12,4.000000
2002-12-13,3.980000
2002-12-16,3.990000
2002-12-17,3.950000
2002-12-18,3.885000
2002-12-19,3.865000
2002-12-20,3.865000
2002-12-23,3.840000
2002-12-27,3.760000
2002-12-30,3.765000
2003-01-02,3.855000
2003-01-03,3.900000
2003-01-07,3.855000
2003-01-08,3.825000
2003-01-09,3.845000
2003-01-10,3.845000
2003-01-13,3.875000
2003-01-14,3.860000
2003-01-15,3.880000
2003-01-16,3.885000
2003-01-17,3.820000
2003-01-20,3.750000
2003-01-21,3.760000
2003-01-22,3.735000
2003-01-23,3.745000
2003-01-24,3.670000
2003-01-27,3.685000
2003-01-28,3.700000
2003-01-29,3.675000
2003-01-30,3.705000
2003-01-31,3.690000
2003-02-03,3.715000
2003-02-04,3.670000
2003-02-05,3.670000
2003-02-06,3.655000
2003-02-07,3.620000
2003-02-10,3.620000
2003-02-11,3.635000
2003-02-12,3.610000
2003-02-13,3.575000
2003-02-14,3.600000
2003-02-17,3.610000
2003-02-18,3.620000
2003-02-19,3.585000
2003-02-20,3.490000
2003-02-21,3.480000
2003-02-24,3.415000
2003-02-25,3.350000
2003-02-26,3.400000
2003-02-27,3.430000
2003-02-28,3.455000
2003-03-03,3.425000
2003-03-04,3.405000
2003-03-05,3.385000
2003-03-06,3.365000
2003-03-07,3.345000
2003-03-10,3.315000
2003-03-11,3.345000
2003-03-12,3.365000
2003-03-13,3.535000
2003-03-14,3.575000
2003-03-17,3.580000
2003-03-18,3.625000
2003-03-19,3.695000
2003-03-20,3.645000
2003-03-21,3.720000
2003-03-24,3.695000
2003-03-25,3.645000
2003-03-26,3.685000
2003-03-27,3.620000
2003-03-28,3.605000
2003-03-31,3.560000
2003-04-01,3.505000
2003-04-02,3.560000
2003-04-03,3.590000
2003-04-04,3.585000
2003-04-07,3.660000
2003-04-08,3.635000
2003-04-09,3.625000
2003-04-10,3.545000
2003-04-11,3.615000
2003-04-14,3.670000
2003-04-15,3.660000
2003-04-16,3.670000
2003-04-17,3.630000
2003-04-22,3.585000
2003-04-23,3.620000
2003-04-24,3.565000
2003-04-25,3.525000
2003-04-28,3.500000
2003-04-29,3.560000
2003-04-30,3.525000
2003-05-02,3.455000
2003-05-05,3.480000
2003-05-06,3.460000
2003-05-07,3.370000
2003-05-08,3.390000
2003-05-09,3.380000
2003-05-12,3.310000
2003-05-13,3.305000
2003-05-14,3.265000
2003-05-15,3.260000
2003-05-16,3.230000
2003-05-19,3.160000
2003-05-20,3.160000
2003-05-21,3.130000
2003-05-22,3.135000
2003-05-23,3.100000
2003-05-26,3.105000
2003-05-27,3.090000
2003-05-28,3.155000
2003-05-30,3.095000
2003-06-02,3.105000
2003-06-03,3.020000
2003-06-04,3.040000
2003-06-05,2.935000
2003-06-06,2.945000
2003-06-10,2.865000
2003-06-11,2.785000
2003-06-12,2.725000
2003-06-13,2.780000
2003-06-16,2.795000
2003-06-17,2.930000
2003-06-18,3.035000
2003-06-19,3.035000
2003-06-23,3.040000
2003-06-24,3.025000
2003-06-25,2.955000
2003-06-26,3.095000
2003-06-27,3.150000
2003-06-30,3.150000
2003-07-01,3.070000
2003-07-02,3.150000
2003-07-03,3.220000
2003-07-04,3.110000
2003-07-07,3.140000
2003-07-08,3.150000
2003-07-09,3.120000
2003-07-10,3.115000
2003-07-11,3.125000
2003-07-14,3.080000
2003-07-15,3.165000
2003-07-16,3.245000
2003-07-17,3.290000
2003-07-18,3.275000
2003-07-21,3.305000
2003-07-22,3.330000
2003-07-23,3.310000
2003-07-24,3.355000
2003-07-25,3.265000
2003-07-28,3.320000
2003-07-29,3.275000
2003-07-30,3.335000
2003-07-31,3.360000
2003-08-01,3.550000
2003-08-04,3.550000
2003-08-05,3.530000
2003-08-06,3.520000
2003-08-07,3.490000
2003-08-08,3.415000
2003-08-11,3.465000
2003-08-12,3.485000
2003-08-13,3.490000
2003-08-14,3.570000
2003-08-15,3.590000
2003-08-18,3.625000
2003-08-19,3.690000
2003-08-20,3.655000
2003-08-21,3.655000
2003-08-22,3.655000
2003-08-25,3.605000
2003-08-26,3.655000
2003-08-27,3.635000
2003-08-28,3.640000
2003-08-29,3.635000
2003-09-01,3.620000
2003-09-02,3.710000
2003-09-03,3.700000
2003-09-04,3.705000
2003-09-05,3.580000
2003-09-08,3.565000
2003-09-09,3.610000
2003-09-10,3.605000
2003-09-11,3.545000
2003-09-12,3.525000
2003-09-15,3.640000
2003-09-16,3.630000
2003-09-17,3.595000
2003-09-18,3.560000
2003-09-19,3.550000
2003-09-22,3.485000
2003-09-23,3.485000
2003-09-24,3.435000
2003-09-25,3.400000
2003-09-26,3.360000
2003-09-29,3.405000
2003-09-30,3.270000
2003-10-01,3.305000
2003-10-02,3.395000
2003-10-03,3.515000
2003-10-06,3.530000
2003-10-07,3.505000
2003-10-08,3.535000
2003-10-09,3.550000
2003-10-10,3.525000
2003-10-13,3.545000
2003-10-14,3.615000
2003-10-15,3.650000
2003-10-16,3.620000
2003-10-17,3.700000
2003-10-20,3.715000
2003-10-21,3.650000
2003-10-22,3.665000
2003-10-23,3.670000
2003-10-24,3.705000
2003-10-27,3.780000
2003-10-28,3.765000
2003-10-29,3.725000
2003-10-30,3.765000
2003-10-31,3.740000
2003-11-03,3.780000
2003-11-04,3.775000
2003-11-05,3.805000
2003-11-06,3.865000
2003-11-07,3.920000
2003-11-10,3.870000
2003-11-11,3.855000
2003-11-12,3.845000
2003-11-13,3.775000
2003-11-14,3.715000
2003-11-17,3.675000
2003-11-18,3.700000
2003-11-19,3.660000
2003-11-20,3.670000
2003-11-21,3.615000
2003-11-24,3.675000
2003-11-25,3.695000
2003-11-26,3.710000
2003-11-27,3.765000
2003-11-28,3.755000
2003-12-01,3.825000
2003-12-02,3.815000
2003-12-03,3.760000
2003-12-04,3.745000
2003-12-05,3.680000
2003-12-08,3.615000
2003-12-09,3.655000
2003-12-10,3.620000
2003-12-11,3.600000
2003-12-12,3.480000
2003-12-15,3.485000
2003-12-16,3.465000
2003-12-17,3.395000
2003-12-18,3.385000
2003-12-19,3.410000
2003-12-22,3.405000
2003-12-23,3.400000
2003-12-29,3.380000
2003-12-30,3.400000
2004-01-02,3.385000
2004-01-05,3.400000
2004-01-07,3.315000
2004-01-08,3.295000
2004-01-09,3.160000
2004-01-12,3.140000
2004-01-13,3.160000
2004-01-14,3.215000
2004-01-15,3.210000
2004-01-16,3.165000
2004-01-19,3.215000
2004-01-20,3.165000
2004-01-21,3.155000
2004-01-22,3.185000
2004-01-23,3.140000
2004-01-26,3.150000
2004-01-27,3.175000
2004-01-28,3.160000
2004-01-29,3.270000
2004-01-30,3.245000
2004-02-02,3.225000
2004-02-03,3.175000
2004-02-04,3.155000
2004-02-05,3.145000
2004-02-06,3.115000
2004-02-09,3.105000
2004-02-10,3.095000
2004-02-11,3.100000
2004-02-12,3.030000
2004-02-13,2.980000
2004-02-16,3.000000
2004-02-17,2.975000
2004-02-18,2.940000
2004-02-19,2.995000
2004-02-20,2.995000
2004-02-23,3.020000
2004-02-24,2.975000
2004-02-25,2.960000
2004-02-26,2.945000
2004-02-27,2.945000
2004-03-01,2.965000
2004-03-02,2.970000
2004-03-03,3.060000
2004-03-04,3.035000
2004-03-05,2.870000
2004-03-08,2.805000
2004-03-09,2.820000
2004-03-10,2.830000
2004-03-11,2.730000
2004-03-12,2.730000
2004-03-15,2.715000
2004-03-16,2.725000
2004-03-17,2.685000
2004-03-18,2.680000
2004-03-19,2.645000
2004-03-22,2.620000
2004-03-23,2.635000
2004-03-24,2.485000
2004-03-25,2.450000
2004-03-26,2.515000
2004-03-29,2.575000
2004-03-30,2.530000
2004-03-31,2.545000
2004-04-01,2.550000
2004-04-02,2.705000
2004-04-05,2.715000
2004-04-06,2.655000
2004-04-07,2.665000
2004-04-08,2.675000
2004-04-13,2.775000
2004-04-14,2.820000
2004-04-15,2.780000
2004-04-16,2.735000
2004-04-19,2.715000
2004-04-20,2.795000
2004-04-21,2.840000
2004-04-22,2.805000
2004-04-23,2.830000
2004-04-26,2.840000
2004-04-27,2.850000
2004-04-28,2.860000
2004-04-29,2.875000
2004-04-30,2.900000
2004-05-03,2.855000
2004-05-04,2.875000
2004-05-05,2.835000
2004-05-06,2.900000
2004-05-07,2.975000
2004-05-10,2.980000
2004-05-11,2.985000
2004-05-12,3.075000
2004-05-13,3.100000
2004-05-14,3.045000
2004-05-17,2.955000
2004-05-18,2.985000
2004-05-19,3.020000
2004-05-21,2.965000
2004-05-24,3.015000
2004-05-25,2.965000
2004-05-26,2.940000
2004-05-27,2.910000
2004-05-28,2.905000
2004-06-01,2.980000
2004-06-02,2.985000
2004-06-03,2.985000
2004-06-04,2.995000
2004-06-07,2.985000
2004-06-08,2.975000
2004-06-09,2.965000
2004-06-10,3.005000
2004-06-11,3.050000
2004-06-14,3.085000
2004-06-15,3.030000
2004-06-16,3.035000
2004-06-17,3.070000
2004-06-18,3.015000
2004-06-21,3.015000
2004-06-22,3.010000
2004-06-23,3.010000
2004-06-24,2.960000
2004-06-28,2.990000
2004-06-29,3.015000
2004-06-30,2.955000
2004-07-01,2.945000
2004-07-02,2.860000
2004-07-05,2.855000
2004-07-06,2.855000
2004-07-07,2.860000
2004-07-08,2.845000
2004-07-09,2.845000
2004-07-12,2.815000
2004-07-13,2.870000
2004-07-14,2.860000
2004-07-15,2.865000
2004-07-16,2.805000
2004-07-19,2.805000
2004-07-20,2.825000
2004-07-21,2.885000
2004-07-22,2.870000
2004-07-23,2.860000
2004-07-26,2.895000
2004-07-27,2.910000
2004-07-28,2.930000
2004-07-29,2.890000
2004-07-30,2.830000
2004-08-02,2.800000
2004-08-03,2.800000
2004-08-04,2.775000
2004-08-05,2.760000
2004-08-06,2.680000
2004-08-09,2.690000
2004-08-10,2.690000
2004-08-11,2.715000
2004-08-12,2.710000
2004-08-13,2.665000
2004-08-16,2.695000
2004-08-17,2.700000
2004-08-18,2.680000
2004-08-19,2.765000
2004-08-20,2.745000
2004-08-23,2.810000
2004-08-24,2.835000
2004-08-25,2.780000
2004-08-26,2.800000
2004-08-27,2.790000
2004-08-30,2.780000
2004-08-31,2.765000
2004-09-01,2.765000
2004-09-02,2.765000
2004-09-03,2.860000
2004-09-06,2.855000
2004-09-07,2.880000
2004-09-08,2.895000
2004-09-09,2.835000
2004-09-10,2.785000
2004-09-13,2.805000
2004-09-14,2.780000
2004-09-15,2.775000
2004-09-16,2.775000
2004-09-17,2.735000
2004-09-20,2.785000
2004-09-21,2.815000
2004-09-22,2.805000
2004-09-23,2.730000
2004-09-24,2.790000
2004-09-27,2.760000
2004-09-28,2.750000
2004-09-29,2.780000
2004-09-30,2.775000
2004-10-01,2.775000
2004-10-04,2.790000
2004-10-05,2.755000
2004-10-06,2.765000
2004-10-07,2.770000
2004-10-08,2.725000
2004-10-11,2.755000
2004-10-12,2.720000
2004-10-13,2.735000
2004-10-14,2.675000
2004-10-15,2.645000
2004-10-18,2.645000
2004-10-19,2.665000
2004-10-20,2.620000
2004-10-21,2.625000
2004-10-22,2.625000
2004-10-25,2.605000
2004-10-26,2.605000
2004-10-27,2.565000
2004-10-28,2.620000
2004-10-29,2.620000
2004-11-01,2.595000
2004-11-02,2.640000
2004-11-03,2.635000
2004-11-04,2.600000
2004-11-05,2.590000
2004-11-08,2.650000
2004-11-09,2.620000
2004-11-10,2.615000
2004-11-11,2.580000
2004-11-12,2.585000
2004-11-15,2.585000
2004-11-16,2.590000
2004-11-17,2.570000
2004-11-18,2.555000
2004-11-19,2.565000
2004-11-22,2.535000
2004-11-23,2.515000
2004-11-24,2.495000
2004-11-25,2.470000
2004-11-26,2.440000
2004-11-29,2.470000
2004-11-30,2.410000
2004-12-01,2.435000
2004-12-02,2.505000
2004-12-03,2.440000
2004-12-06,2.400000
2004-12-07,2.355000
2004-12-08,2.380000
2004-12-09,2.335000
2004-12-10,2.340000
2004-12-13,2.330000
2004-12-14,2.250000
2004-12-15,2.240000
2004-12-16,2.285000
2004-12-17,2.310000
2004-12-20,2.270000
2004-12-21,2.280000
2004-12-22,2.275000
2004-12-23,2.255000
2004-12-27,2.245000
2004-12-28,2.250000
2004-12-29,2.285000
2004-12-30,2.750000
2005-01-03,2.685000
2005-01-04,2.715000
2005-01-05,2.750000
2005-01-07,2.670000
2005-01-10,2.650000
2005-01-11,2.650000
2005-01-12,2.655000
2005-01-13,2.640000
2005-01-14,2.635000
2005-01-17,2.630000
2005-01-18,2.630000
2005-01-19,2.605000
2005-01-20,2.620000
2005-01-21,2.560000
2005-01-24,2.525000
2005-01-25,2.530000
2005-01-26,2.540000
2005-01-27,2.570000
2005-01-28,2.540000
2005-01-31,2.545000
2005-02-01,2.530000
2005-02-02,2.535000
2005-02-03,2.550000
2005-02-04,2.525000
2005-02-07,2.535000
2005-02-08,2.560000
2005-02-09,2.520000
2005-02-10,2.480000
2005-02-11,2.465000
2005-02-14,2.490000
2005-02-15,2.505000
2005-02-16,2.485000
2005-02-17,2.460000
2005-02-18,2.520000
2005-02-21,2.560000
2005-02-22,2.580000
2005-02-23,2.555000
2005-02-24,2.580000
2005-02-25,2.595000
2005-02-28,2.570000
2005-03-01,2.565000
2005-03-02,2.585000
2005-03-03,2.565000
2005-03-04,2.520000
2005-03-07,2.495000
2005-03-08,2.460000
2005-03-09,2.475000
2005-03-10,2.475000
2005-03-11,2.520000
2005-03-14,2.520000
2005-03-15,2.510000
2005-03-16,2.565000
2005-03-17,2.565000
2005-03-18,2.570000
2005-03-21,2.605000
2005-03-22,2.590000
2005-03-23,2.605000
2005-03-24,2.595000
2005-03-29,2.595000
2005-03-30,2.580000
2005-03-31,2.530000
2005-04-01,2.500000
2005-04-04,2.500000
2005-04-05,2.525000
2005-04-06,2.500000
2005-04-07,2.505000
2005-04-08,2.530000
2005-04-11,2.510000
2005-04-12,2.510000
2005-04-13,2.490000
2005-04-14,2.455000
2005-04-15,2.405000
2005-04-18,2.400000
2005-04-19,2.390000
2005-04-20,2.395000
2005-04-21,2.400000
2005-04-22,2.380000
2005-04-25,2.370000
2005-04-26,2.365000
2005-04-27,2.305000
2005-04-28,2.280000
2005-04-29,2.250000
2005-05-02,2.240000
2005-05-03,2.210000
2005-05-04,2.225000
2005-05-06,2.270000
2005-05-09,2.265000
2005-05-10,2.215000
2005-05-11,2.215000
2005-05-12,2.245000
2005-05-13,2.205000
2005-05-16,2.195000
2005-05-17,2.190000
2005-05-18,2.130000
2005-05-19,2.135000
2005-05-20,2.180000
2005-05-23,2.180000
2005-05-24,2.175000
2005-05-25,2.150000
2005-05-26,2.190000
2005-05-27,2.185000
2005-05-30,2.210000
2005-05-31,2.140000
2005-06-01,2.090000
2005-06-02,2.095000
2005-06-03,2.065000
2005-06-07,2.055000
2005-06-08,1.950000
2005-06-09,1.945000
2005-06-10,1.965000
2005-06-13,1.960000
2005-06-14,1.970000
2005-06-15,1.975000
2005-06-16,1.960000
2005-06-17,1.930000
2005-06-20,1.935000
2005-06-21,1.830000
2005-06-22,1.795000
2005-06-23,1.815000
2005-06-27,1.815000
2005-06-28,1.835000
2005-06-29,1.815000
2005-06-30,1.825000
2005-07-01,1.830000
2005-07-04,1.865000
2005-07-05,1.885000
2005-07-06,1.870000
2005-07-07,1.825000
2005-07-08,1.830000
2005-07-11,1.855000
2005-07-12,1.875000
2005-07-13,1.890000
2005-07-14,1.895000
2005-07-15,1.900000
2005-07-18,1.895000
2005-07-19,1.905000
2005-07-20,1.900000
2005-07-21,1.895000
2005-07-22,1.880000
2005-07-25,1.865000
2005-07-26,1.890000
2005-07-27,1.865000
2005-07-28,1.905000
2005-07-29,1.985000
2005-08-01,2.040000
2005-08-02,2.060000
2005-08-03,2.075000
2005-08-04,2.050000
2005-08-05,2.100000
2005-08-08,2.110000
2005-08-09,2.090000
2005-08-10,2.065000
2005-08-11,2.040000
2005-08-12,2.020000
2005-08-15,2.015000
2005-08-16,2.010000
2005-08-17,2.025000
2005-08-18,2.030000
2005-08-19,2.040000
2005-08-22,2.040000
2005-08-23,2.015000
2005-08-24,2.050000
2005-08-25,2.045000
2005-08-26,2.065000
2005-08-29,2.110000
2005-08-30,2.110000
2005-08-31,2.060000
2005-09-01,2.025000
2005-09-02,2.005000
2005-09-05,1.995000
2005-09-06,2.015000
2005-09-07,2.005000
2005-09-08,1.985000
2005-09-09,2.000000
2005-09-12,2.060000
2005-09-13,2.050000
2005-09-14,2.070000
2005-09-15,2.075000
2005-09-16,2.085000
2005-09-19,2.085000
2005-09-20,2.060000
2005-09-21,2.035000
2005-09-22,2.045000
2005-09-23,2.095000
2005-09-26,2.115000
2005-09-27,2.115000
2005-09-28,2.130000
2005-09-29,2.185000
2005-09-30,2.185000
2005-10-03,2.415000
2005-10-04,2.385000
2005-10-05,2.370000
2005-10-06,2.365000
2005-10-07,2.385000
2005-10-10,2.395000
2005-10-11,2.395000
2005-10-12,2.410000
2005-10-13,2.380000
2005-10-14,2.380000
2005-10-17,2.390000
2005-10-18,2.395000
2005-10-19,2.360000
2005-10-20,2.375000
2005-10-21,2.355000
2005-10-24,2.355000
2005-10-25,2.395000
2005-10-26,2.440000
2005-10-27,2.455000
2005-10-28,2.460000
2005-10-31,2.475000
2005-11-01,2.490000
2005-11-02,2.535000
2005-11-03,2.540000
2005-11-04,2.570000
2005-11-07,2.610000
2005-11-08,2.600000
2005-11-09,2.630000
2005-11-10,2.600000
2005-11-11,2.590000
2005-11-14,2.580000
2005-11-15,2.595000
2005-11-16,2.555000
2005-11-17,2.585000
2005-11-18,2.655000
2005-11-21,2.615000
2005-11-22,2.635000
2005-11-23,2.620000
2005-11-24,2.570000
2005-11-25,2.620000
2005-11-28,2.625000
2005-11-29,2.635000
2005-11-30,2.655000
2005-12-01,2.640000
2005-12-02,2.705000
2005-12-05,2.750000
2005-12-06,2.760000
2005-12-07,2.750000
2005-12-08,2.770000
2005-12-09,2.790000
2005-12-12,2.785000
2005-12-13,2.755000
2005-12-14,2.725000
2005-12-15,2.745000
2005-12-16,2.760000
2005-12-19,2.735000
2005-12-20,2.740000
2005-12-21,2.770000
2005-12-22,2.790000
2005-12-23,2.795000
2005-12-27,2.790000
2005-12-28,2.795000
2005-12-29,2.815000
2005-12-30,2.805000
2006-01-02,2.840000
2006-01-03,2.820000
2006-01-04,2.755000
2006-01-05,2.750000
2006-01-09,2.720000
2006-01-10,2.740000
2006-01-11,2.740000
2006-01-12,2.735000
2006-01-13,2.700000
2006-01-16,2.700000
2006-01-17,2.695000
2006-01-18,2.705000
2006-01-19,2.740000
2006-01-20,2.775000
2006-01-23,2.760000
2006-01-24,2.735000
2006-01-25,2.745000
2006-01-26,2.785000
2006-01-27,2.830000
2006-01-30,2.860000
2006-01-31,2.860000
2006-02-01,2.860000
2006-02-02,2.860000
2006-02-03,2.815000
2006-02-06,2.825000
2006-02-07,2.805000
2006-02-08,2.810000
2006-02-09,2.780000
2006-02-10,2.750000
2006-02-13,2.770000
2006-02-14,2.790000
2006-02-15,2.775000
2006-02-16,2.665000
2006-02-17,2.620000
2006-02-20,2.625000
2006-02-21,2.655000
2006-02-22,2.660000
2006-02-23,2.650000
2006-02-24,2.660000
2006-02-27,2.705000
2006-02-28,2.715000
2006-03-01,2.720000
2006-03-02,2.740000
2006-03-03,2.780000
2006-03-06,2.765000
2006-03-07,2.750000
2006-03-08,2.745000
2006-03-09,2.755000
2006-03-10,2.790000
2006-03-13,2.805000
2006-03-14,2.775000
2006-03-15,2.785000
2006-03-16,2.815000
2006-03-17,2.845000
2006-03-20,2.825000
2006-03-21,2.850000
2006-03-22,2.840000
2006-03-23,2.825000
2006-03-24,2.815000
2006-03-27,2.795000
2006-03-28,2.860000
2006-03-29,2.890000
2006-03-30,2.960000
2006-03-31,2.945000
2006-04-03,3.020000
2006-04-04,2.985000
2006-04-05,2.975000
2006-04-06,2.940000
2006-04-07,2.925000
2006-04-10,2.945000
2006-04-11,2.940000
2006-04-12,2.955000
2006-04-13,2.990000
2006-04-18,2.990000
2006-04-19,2.945000
2006-04-20,2.925000
2006-04-21,2.920000
2006-04-24,2.930000
2006-04-25,3.015000
2006-04-26,3.015000
2006-04-27,3.020000
2006-04-28,3.030000
2006-05-02,3.025000
2006-05-03,3.005000
2006-05-04,3.020000
2006-05-05,2.995000
2006-05-08,2.985000
2006-05-09,2.995000
2006-05-10,2.965000
2006-05-11,3.035000
2006-05-12,3.030000
2006-05-15,2.990000
2006-05-16,2.965000
2006-05-17,2.990000
2006-05-18,2.955000
2006-05-19,2.965000
2006-05-22,2.915000
2006-05-23,2.920000
2006-05-24,2.905000
2006-05-26,2.915000
2006-05-29,2.945000
2006-05-30,3.005000
2006-05-31,3.045000
2006-06-01,3.315000
2006-06-02,3.300000
2006-06-05,3.315000
2006-06-07,3.390000
2006-06-08,3.310000
2006-06-09,3.275000
2006-06-12,3.245000
2006-06-13,3.220000
2006-06-14,3.255000
2006-06-15,3.285000
2006-06-16,3.270000
2006-06-19,3.295000
2006-06-20,3.375000
2006-06-21,3.395000
2006-06-22,3.390000
2006-06-26,3.450000
2006-06-27,3.450000
2006-06-28,3.475000
2006-06-29,3.450000
2006-06-30,3.495000
2006-07-03,3.490000
2006-07-04,3.485000
2006-07-05,3.520000
2006-07-06,3.510000
2006-07-07,3.485000
2006-07-10,3.500000
2006-07-11,3.480000
2006-07-12,3.500000
2006-07-13,3.460000
2006-07-14,3.410000
2006-07-17,3.420000
2006-07-18,3.445000
2006-07-19,3.450000
2006-07-20,3.430000
2006-07-21,3.390000
2006-07-24,3.385000
2006-07-25,3.395000
2006-07-26,3.410000
2006-07-27,3.375000
2006-07-28,3.360000
2006-07-31,3.365000
2006-08-01,3.395000
2006-08-02,3.405000
2006-08-03,3.445000
2006-08-04,3.435000
2006-08-07,3.480000
2006-08-08,3.485000
2006-08-09,3.515000
2006-08-10,3.495000
2006-08-11,3.520000
2006-08-14,3.545000
2006-08-15,3.520000
2006-08-16,3.510000
2006-08-17,3.500000
2006-08-18,3.500000
2006-08-21,3.460000
2006-08-22,3.410000
2006-08-23,3.460000
2006-08-24,3.460000
2006-08-25,3.465000
2006-08-28,3.455000
2006-08-29,3.470000
2006-08-30,3.415000
2006-08-31,3.400000
2006-09-01,3.405000
2006-09-04,3.410000
2006-09-05,3.435000
2006-09-06,3.465000
2006-09-07,3.480000
2006-09-08,3.450000
2006-09-11,3.480000
2006-09-12,3.495000
2006-09-13,3.475000
2006-09-14,3.500000
2006-09-15,3.505000
2006-09-18,3.555000
2006-09-19,3.525000
2006-09-20,3.490000
2006-09-21,3.465000
2006-09-22,3.400000
2006-09-25,3.355000
2006-09-26,3.390000
2006-09-27,3.400000
2006-09-28,3.430000
2006-09-29,3.435000
2006-10-02,3.445000
2006-10-03,3.445000
2006-10-04,3.420000
2006-10-05,3.445000
2006-10-06,3.430000
2006-10-09,3.440000
2006-10-10,3.475000
2006-10-11,3.485000
2006-10-12,3.475000
2006-10-13,3.490000
2006-10-16,3.495000
2006-10-17,3.475000
2006-10-18,3.470000
2006-10-19,3.495000
2006-10-20,3.510000
2006-10-23,3.535000
2006-10-24,3.540000
2006-10-25,3.550000
2006-10-26,3.515000
2006-10-27,3.500000
2006-10-30,3.490000
2006-10-31,3.480000
2006-11-01,3.425000
2006-11-02,3.475000
2006-11-03,3.460000
2006-11-06,3.515000
2006-11-07,3.490000
2006-11-08,3.500000
2006-11-09,3.510000
2006-11-10,3.490000
2006-11-13,3.495000
2006-11-14,3.485000
2006-11-15,3.475000
2006-11-16,3.495000
2006-11-17,3.490000
2006-11-20,3.480000
2006-11-21,3.475000
2006-11-22,3.490000
2006-11-23,3.510000
2006-11-24,3.495000
2006-11-27,3.510000
2006-11-28,3.480000
2006-11-29,3.495000
2006-11-30,3.495000
2006-12-01,3.525000
2006-12-04,3.510000
2006-12-05,3.505000
2006-12-06,3.510000
2006-12-07,3.525000
2006-12-08,3.555000
2006-12-11,3.595000
2006-12-12,3.615000
2006-12-13,3.640000
2006-12-14,3.660000
2006-12-15,3.640000
2006-12-18,3.680000
2006-12-19,3.680000
2006-12-20,3.665000
2006-12-21,3.685000
2006-12-22,3.690000
2006-12-27,3.715000
2006-12-28,3.735000
2006-12-29,3.730000
2007-01-02,3.720000
2007-01-03,3.715000
2007-01-04,3.705000
2007-01-05,3.690000
2007-01-08,3.725000
2007-01-09,3.715000
2007-01-10,3.740000
2007-01-11,3.730000
2007-01-12,3.755000
2007-01-15,3.765000
2007-01-16,3.790000
2007-01-17,3.780000
2007-01-18,3.805000
2007-01-19,3.790000
2007-01-22,3.800000
2007-01-23,3.800000
2007-01-24,3.820000
2007-01-25,3.850000
2007-01-26,3.860000
2007-01-29,3.885000
2007-01-30,3.900000
2007-01-31,3.870000
2007-02-01,3.930000
2007-02-02,3.915000
2007-02-05,3.815000
2007-02-06,3.815000
2007-02-07,3.830000
2007-02-08,3.845000
2007-02-09,3.845000
2007-02-12,3.825000
2007-02-13,3.840000
2007-02-14,3.835000
2007-02-15,3.725000
2007-02-16,3.745000
2007-02-19,3.770000
2007-02-20,3.770000
2007-02-21,3.755000
2007-02-22,3.780000
2007-02-23,3.780000
2007-02-26,3.755000
2007-02-27,3.750000
2007-02-28,3.715000
2007-03-01,3.700000
2007-03-02,3.690000
2007-03-05,3.675000
2007-03-06,3.700000
2007-03-07,3.710000
2007-03-08,3.710000
2007-03-09,3.730000
2007-03-12,3.730000
2007-03-13,3.725000
2007-03-14,3.690000
2007-03-15,3.720000
2007-03-16,3.745000
2007-03-19,3.770000
2007-03-20,3.755000
2007-03-21,3.760000
2007-03-22,3.750000
2007-03-23,3.795000
2007-03-26,3.815000
2007-03-27,3.855000
2007-03-28,3.845000
2007-03-29,3.845000
2007-03-30,3.870000
2007-04-02,3.855000
2007-04-03,3.875000
2007-04-04,3.870000
2007-04-05,3.885000
2007-04-10,3.920000
2007-04-11,3.930000
2007-04-12,3.940000
2007-04-13,3.945000
2007-04-16,4.030000
2007-04-17,4.050000
2007-04-18,4.020000
2007-04-19,4.035000
2007-04-20,4.045000
2007-04-23,4.050000
2007-04-24,4.025000
2007-04-25,4.015000
2007-04-26,4.055000
2007-04-27,4.085000
2007-04-30,4.065000
2007-05-02,4.065000
2007-05-03,4.060000
2007-05-04,4.035000
2007-05-07,4.045000
2007-05-08,4.030000
2007-05-09,4.050000
2007-05-10,4.060000
2007-05-11,4.050000
2007-05-14,4.100000
2007-05-15,4.140000
2007-05-16,4.120000
2007-05-18,4.160000
2007-05-21,4.180000
2007-05-22,4.160000
2007-05-23,4.180000
2007-05-24,4.180000
2007-05-25,4.195000
2007-05-28,4.170000
2007-05-29,4.135000
2007-05-30,4.150000
2007-05-31,4.180000
2007-06-01,4.205000
2007-06-04,4.205000
2007-06-05,4.200000
2007-06-07,4.235000
2007-06-08,4.240000
2007-06-11,4.245000
2007-06-12,4.240000
2007-06-13,4.245000
2007-06-14,4.215000
2007-06-15,4.195000
2007-06-18,4.220000
2007-06-19,4.205000
2007-06-20,4.360000
2007-06-21,4.385000
2007-06-25,4.340000
2007-06-26,4.350000
2007-06-27,4.350000
2007-06-28,4.395000
2007-06-29,4.395000
2007-07-02,4.370000
2007-07-03,4.380000
2007-07-04,4.430000
2007-07-05,4.440000
2007-07-06,4.455000
2007-07-09,4.445000
2007-07-10,4.430000
2007-07-11,4.405000
2007-07-12,4.440000
2007-07-13,4.430000
2007-07-16,4.430000
2007-07-17,4.435000
2007-07-18,4.410000
2007-07-19,4.420000
2007-07-20,4.370000
2007-07-23,4.350000
2007-07-24,4.340000
2007-07-25,4.340000
2007-07-26,4.325000
2007-07-27,4.315000
2007-07-30,4.295000
2007-07-31,4.320000
2007-08-01,4.305000
2007-08-02,4.335000
2007-08-03,4.290000
2007-08-06,4.280000
2007-08-07,4.300000
2007-08-08,4.345000
2007-08-09,4.295000
2007-08-10,4.225000
2007-08-13,4.220000
2007-08-14,4.255000
2007-08-15,4.175000
2007-08-16,4.050000
2007-08-17,4.005000
2007-08-20,4.040000
2007-08-21,3.955000
2007-08-22,4.120000
2007-08-23,4.115000
2007-08-24,4.115000
2007-08-27,4.140000
2007-08-28,4.120000
2007-08-29,4.095000
2007-08-30,4.095000
2007-08-31,4.130000
2007-09-03,4.125000
2007-09-04,4.110000
2007-09-05,4.100000
2007-09-06,4.095000
2007-09-07,4.050000
2007-09-10,4.010000
2007-09-11,3.990000
2007-09-12,4.000000
2007-09-13,4.030000
2007-09-14,4.010000
2007-09-17,4.035000
2007-09-18,4.080000
2007-09-19,4.085000
2007-09-20,4.125000
2007-09-21,4.125000
2007-09-24,4.115000
2007-09-25,4.105000
2007-09-26,4.130000
2007-09-27,4.115000
2007-09-28,4.100000
2007-10-01,4.090000
2007-10-02,4.100000
2007-10-03,4.095000
2007-10-04,4.105000
2007-10-05,4.140000
2007-10-08,4.165000
2007-10-09,4.170000
2007-10-10,4.195000
2007-10-11,4.220000
2007-10-12,4.260000
2007-10-15,4.320000
2007-10-16,4.270000
2007-10-17,4.255000
2007-10-18,4.210000
2007-10-19,4.175000
2007-10-22,4.145000
2007-10-23,4.165000
2007-10-24,4.140000
2007-10-25,4.160000
2007-10-26,4.155000
2007-10-29,4.160000
2007-10-30,4.155000
2007-10-31,4.190000
2007-11-01,4.175000
2007-11-02,4.167000
2007-11-05,4.138000
2007-11-06,4.165000
2007-11-07,4.110000
2007-11-08,4.075000
2007-11-09,4.036000
2007-11-12,4.080000
2007-11-13,4.105000
2007-11-14,4.120000
2007-11-15,4.085000
2007-11-16,4.037000
2007-11-19,4.010000
2007-11-20,3.991000
2007-11-21,3.965000
2007-11-22,3.930000
2007-11-23,3.960000
2007-11-26,3.960000
2007-11-27,3.915000
2007-11-28,3.985000
2007-11-29,3.932000
2007-11-30,3.975000
2007-12-03,3.956000
2007-12-04,3.935000
2007-12-05,3.961000
2007-12-06,3.998000
2007-12-07,4.060000
2007-12-10,4.127000
2007-12-11,4.146000
2007-12-12,4.228000
2007-12-13,4.242000
2007-12-14,4.240000
2007-12-17,4.232000
2007-12-18,4.234000
2007-12-19,4.151000
2007-12-20,4.121000
2007-12-21,4.130000
2007-12-27,4.156000
2007-12-28,4.130000
2008-01-02,4.059000
2008-01-03,4.048000
2008-01-04,3.980000
2008-01-07,3.980000
2008-01-08,4.010000
2008-01-09,3.942000
2008-01-10,3.966000
2008-01-11,3.968000
2008-01-14,3.868000
2008-01-15,3.842000
2008-01-16,3.804000
2008-01-17,3.765000
2008-01-18,3.735000
2008-01-21,3.634000
2008-01-22,3.568000
2008-01-23,3.519000
2008-01-24,3.680000
2008-01-25,3.706000
2008-01-28,3.620000
2008-01-29,3.656000
2008-01-30,3.678000
2008-01-31,3.561000
2008-02-01,3.595000
2008-02-04,3.645000
2008-02-05,3.525000
2008-02-06,3.538000
2008-02-07,3.463000
2008-02-08,3.435000
2008-02-11,3.444000
2008-02-12,3.514000
2008-02-13,3.727000
2008-02-14,3.794000
2008-02-15,3.793000
2008-02-18,3.825000
2008-02-19,3.765000
2008-02-20,3.798000
2008-02-21,3.863000
2008-02-22,3.826000
2008-02-25,3.808000
2008-02-26,3.832000
2008-02-27,3.810000
2008-02-28,3.789000
2008-02-29,3.734000
2008-03-03,3.780000
2008-03-04,3.777000
2008-03-05,3.803000
2008-03-06,3.792000
2008-03-07,3.774000
2008-03-10,3.754000
2008-03-11,3.822000
2008-03-12,3.823000
2008-03-13,3.737000
2008-03-14,3.716000
2008-03-17,3.628000
2008-03-18,3.691000
2008-03-19,3.750000
2008-03-20,3.721000
2008-03-25,3.861000
2008-03-26,3.851000
2008-03-27,3.846000
2008-03-28,3.903000
2008-03-31,3.858000
2008-04-01,3.892000
2008-04-02,3.910000
2008-04-03,3.875000
2008-04-04,3.860000
2008-04-07,3.890000
2008-04-08,3.889000
2008-04-09,3.879000
2008-04-10,3.834000
2008-04-11,3.798000
2008-04-14,3.842000
2008-04-15,3.891000
2008-04-16,3.941000
2008-04-17,3.980000
2008-04-18,4.092000
2008-04-21,4.039000
2008-04-22,4.115000
2008-04-23,4.130000
2008-04-24,4.119000
2008-04-25,4.116000
2008-04-28,4.095000
2008-04-29,4.031000
2008-04-30,4.008000
2008-05-02,4.030000
2008-05-05,4.030000
2008-05-06,3.977000
2008-05-07,4.020000
2008-05-08,3.994000
2008-05-09,3.981000
2008-05-12,4.021000
2008-05-13,4.081000
2008-05-14,4.115000
2008-05-15,4.143000
2008-05-16,4.156000
2008-05-19,4.165000
2008-05-20,4.157000
2008-05-21,4.244000
2008-05-22,4.390000
2008-05-23,4.455000
2008-05-26,4.435000
2008-05-27,4.460000
2008-05-28,4.445000
2008-05-29,4.522000
2008-05-30,4.435000
2008-06-02,4.392000
2008-06-03,4.423000
2008-06-04,4.417000
2008-06-05,4.457000
2008-06-09,4.755000
2008-06-10,4.749000
2008-06-11,4.638000
2008-06-12,4.649000
2008-06-13,4.718000
2008-06-16,4.821000
2008-06-17,4.761000
2008-06-18,4.709000
2008-06-19,4.701000
2008-06-23,4.648000
2008-06-24,4.617000
2008-06-25,4.590000
2008-06-26,4.569000
2008-06-27,4.521000
2008-06-30,4.665000
2008-07-01,4.680000
2008-07-02,4.675000
2008-07-03,4.765000
2008-07-04,4.785000
2008-07-07,4.770000
2008-07-08,4.780000
2008-07-09,4.790000
2008-07-10,4.805000
2008-07-11,4.800000
2008-07-14,4.782000
2008-07-15,4.725000
2008-07-16,4.640000
2008-07-17,4.651000
2008-07-18,4.687000
2008-07-21,4.707000
2008-07-22,4.706000
2008-07-23,4.731000
2008-07-24,4.658000
2008-07-25,4.636000
2008-07-28,4.602000
2008-07-29,4.610000
2008-07-30,4.573000
2008-07-31,4.523000
2008-08-01,4.375000
2008-08-04,4.377000
2008-08-05,4.368000
2008-08-06,4.416000
2008-08-07,4.405000
2008-08-08,4.410000
2008-08-11,4.445000
2008-08-12,4.421000
2008-08-13,4.405000
2008-08-14,4.434000
2008-08-15,4.444000
2008-08-18,4.445000
2008-08-19,4.405000
2008-08-20,4.452000
2008-08-21,4.524000
2008-08-22,4.600000
2008-08-25,4.550000
2008-08-26,4.494000
2008-08-27,4.497000
2008-08-28,4.492000
2008-08-29,4.490000
2008-09-01,4.245000
2008-09-02,4.289000
2008-09-03,4.225000
2008-09-04,4.240000
2008-09-05,4.198000
2008-09-08,4.286000
2008-09-09,4.231000
2008-09-10,4.217000
2008-09-11,4.148000
2008-09-12,4.165000
2008-09-15,3.965000
2008-09-16,3.820000
2008-09-17,3.875000
2008-09-18,3.865000
2008-09-19,4.045000
2008-09-22,4.082000
2008-09-23,4.001000
2008-09-24,3.904000
2008-09-25,3.988000
2008-09-26,3.870000
2008-09-29,3.705000
2008-09-30,3.745000
2008-10-01,3.690000
2008-10-02,3.657000
2008-10-03,3.600000
2008-10-06,3.352000
2008-10-07,3.420000
2008-10-08,3.190000
2008-10-09,3.335000
2008-10-10,3.355000
2008-10-13,3.356000
2008-10-14,3.402000
2008-10-15,3.355000
2008-10-16,3.213000
2008-10-17,3.197000
2008-10-20,3.212000
2008-10-21,3.211000
2008-10-22,3.180000
2008-10-23,2.968000
2008-10-24,2.790000
2008-10-27,2.739000
2008-10-28,2.740000
2008-10-29,2.771000
2008-10-30,2.792000
2008-10-31,2.735000
2008-11-03,2.767000
2008-11-04,2.747000
2008-11-05,2.783000
2008-11-06,2.705000
2008-11-07,2.649000
2008-11-10,2.625000
2008-11-11,2.538000
2008-11-12,2.439000
2008-11-13,2.430000
2008-11-14,2.384000
2008-11-17,2.356000
2008-11-18,2.387000
2008-11-19,2.421000
2008-11-20,2.215000
2008-11-21,2.243000
2008-11-24,2.300000
2008-11-25,2.311000
2008-11-26,2.254000
2008-11-27,2.279000
2008-11-28,2.194000
2008-12-01,2.095000
2008-12-02,1.982000
2008-12-03,1.970000
2008-12-04,1.886000
2008-12-05,1.952000
2008-12-08,2.031000
2008-12-09,2.149000
2008-12-10,2.077000
2008-12-11,2.009000
2008-12-12,1.966000
2008-12-15,1.930000
2008-12-16,1.867000
2008-12-17,1.633000
2008-12-18,1.643000
2008-12-19,1.618000
2008-12-22,1.596000
2008-12-23,1.540000
2008-12-29,1.495000
2008-12-30,1.489000
2009-01-02,1.450000
2009-01-05,1.504000
2009-01-07,1.504000
2009-01-08,1.495000
2009-01-09,1.468000
2009-01-12,1.456000
2009-01-13,1.385000
2009-01-14,1.347000
2009-01-15,1.328000
2009-01-16,1.365000
2009-01-19,1.408000
2009-01-20,1.373000
2009-01-21,1.394000
2009-01-22,1.395000
2009-01-23,1.404000
2009-01-26,1.555000
2009-01-27,1.539000
2009-01-28,1.514000
2009-01-29,1.510000
2009-01-30,1.475000
2009-02-02,1.435000
2009-02-03,1.388000
2009-02-04,1.460000
2009-02-05,1.385000
2009-02-06,1.434000
2009-02-09,1.422000
2009-02-10,1.337000
2009-02-11,1.109000
2009-02-12,1.094000
2009-02-13,1.135000
2009-02-16,1.101000
2009-02-17,1.023000
2009-02-18,1.047000
2009-02-19,1.129000
2009-02-20,1.069000
2009-02-23,1.030000
2009-02-24,0.981000
2009-02-25,1.003000
2009-02-26,1.097000
2009-02-27,1.081000
2009-03-02,1.046000
2009-03-03,1.090000
2009-03-04,1.117000
2009-03-05,1.100000
2009-03-06,1.098000
2009-03-09,1.126000
2009-03-10,1.111000
2009-03-11,1.174000
2009-03-12,1.153000
2009-03-13,1.119000
2009-03-16,1.081000
2009-03-17,1.086000
2009-03-18,1.125000
2009-03-19,1.121000
2009-03-20,1.112000
2009-03-23,1.182000
2009-03-24,1.213000
2009-03-25,1.176000
2009-03-26,1.213000
2009-03-27,1.135000
2009-03-30,1.104000
2009-03-31,1.035000
2009-04-01,1.067000
2009-04-02,1.140000
2009-04-03,1.179000
2009-04-06,1.212000
2009-04-07,1.178000
2009-04-08,1.139000
2009-04-09,1.126000
2009-04-14,1.078000
2009-04-15,1.000000
2009-04-16,0.995000
2009-04-17,1.039000
2009-04-20,0.980000
2009-04-21,1.028000
2009-04-22,1.082000
2009-04-23,1.065000
2009-04-24,1.120000
2009-04-27,1.077000
2009-04-28,1.080000
2009-04-29,1.075000
2009-04-30,1.101000
2009-05-04,1.176000
2009-05-05,1.178000
2009-05-06,1.211000
2009-05-07,1.289000
2009-05-08,1.218000
2009-05-11,1.208000
2009-05-12,1.270000
2009-05-13,1.235000
2009-05-14,1.212000
2009-05-15,1.193000
2009-05-18,1.194000
2009-05-19,1.257000
2009-05-20,1.276000
2009-05-22,1.301000
2009-05-25,1.336000
2009-05-26,1.280000
2009-05-27,1.276000
2009-05-28,1.295000
2009-05-29,1.238000
2009-06-01,1.256000
2009-06-02,1.231000
2009-06-03,1.218000
2009-06-04,1.302000
2009-06-05,1.315000
2009-06-08,1.396000
2009-06-09,1.393000
2009-06-10,1.404000
2009-06-11,1.389000
2009-06-12,1.329000
2009-06-15,1.261000
2009-06-16,1.279000
2009-06-17,1.267000
2009-06-18,1.237000
2009-06-22,1.217000
2009-06-23,1.226000
2009-06-24,1.219000
2009-06-25,1.164000
2009-06-26,1.168000
2009-06-29,1.185000
2009-06-30,1.159000
2009-07-01,1.185000
2009-07-02,0.966000
2009-07-03,0.971000
2009-07-06,0.959000
2009-07-07,0.972000
2009-07-08,0.946000
2009-07-09,0.959000
2009-07-10,0.904000
2009-07-13,0.838000
2009-07-14,0.842000
2009-07-15,0.844000
2009-07-16,0.811000
2009-07-17,0.840000
2009-07-20,0.840000
2009-07-21,0.810000
2009-07-22,0.813000
2009-07-23,0.842000
2009-07-24,0.861000
2009-07-27,0.890000
2009-07-28,0.871000
2009-07-29,0.878000
2009-07-30,0.978000
2009-07-31,0.971000
2009-08-03,1.054000
2009-08-04,1.117000
2009-08-05,1.110000
2009-08-06,1.110000
2009-08-07,1.153000
2009-08-10,1.103000
2009-08-11,1.050000
2009-08-12,1.078000
2009-08-13,1.068000
2009-08-14,1.031000
2009-08-17,1.049000
2009-08-18,1.022000
2009-08-19,0.983000
2009-08-20,0.974000
2009-08-21,1.053000
2009-08-24,1.071000
2009-08-25,0.998000
2009-08-26,0.984000
2009-08-27,0.975000
2009-08-28,1.004000
2009-08-31,0.991000
2009-09-01,0.985000
2009-09-02,0.955000
2009-09-03,0.849000
2009-09-04,0.821000
2009-09-07,0.810000
2009-09-08,0.832000
2009-09-09,0.877000
2009-09-10,0.837000
2009-09-11,0.827000
2009-09-14,0.826000
2009-09-15,0.832000
2009-09-16,0.861000
2009-09-17,0.881000
2009-09-18,0.880000
2009-09-21,0.860000
2009-09-22,0.865000
2009-09-23,0.867000
2009-09-24,0.830000
2009-09-25,0.838000
2009-09-28,0.830000
2009-09-29,0.836000
2009-09-30,0.838000
2009-10-01,0.846000
2009-10-02,0.815000
2009-10-05,0.807000
2009-10-06,0.822000
2009-10-07,0.815000
2009-10-08,0.804000
2009-10-09,0.850000
2009-10-12,0.837000
2009-10-13,0.830000
2009-10-14,0.831000
2009-10-15,0.833000
2009-10-16,0.840000
2009-10-19,0.821000
2009-10-20,0.806000
2009-10-21,0.833000
2009-10-22,0.777000
2009-10-23,0.701000
2009-10-26,0.692000
2009-10-27,0.658000
2009-10-28,0.657000
2009-10-29,0.680000
2009-10-30,0.662000
2009-11-02,0.656000
2009-11-03,0.642000
2009-11-04,0.638000
2009-11-05,0.656000
2009-11-06,0.640000
2009-11-09,0.631000
2009-11-10,0.633000
2009-11-11,0.631000
2009-11-12,0.665000
2009-11-13,0.645000
2009-11-16,0.644000
2009-11-17,0.619000
2009-11-18,0.595000
2009-11-19,0.568000
2009-11-20,0.580000
2009-11-23,0.590000
2009-11-24,0.570000
2009-11-25,0.585000
2009-11-26,0.549000
2009-11-27,0.543000
2009-11-30,0.540000
2009-12-01,0.534000
2009-12-02,0.527000
2009-12-03,0.407000
2009-12-04,0.445000
2009-12-07,0.432000
2009-12-08,0.395000
2009-12-09,0.423000
2009-12-10,0.462000
2009-12-11,1.802000
2009-12-14,1.779000
2009-12-15,1.790000
2009-12-16,1.714000
2009-12-17,1.659000
2009-12-18,1.655000
2009-12-21,1.674000
2009-12-22,1.689000
2009-12-23,1.656000
2009-12-28,1.698000
2009-12-29,1.726000
2009-12-30,1.716000
2010-01-04,1.753000
2010-01-05,1.764000
2010-01-07,1.700200
2010-01-08,1.658000
2010-01-11,1.640000
2010-01-12,1.634000
2010-01-13,1.635000
2010-01-14,1.643000
2010-01-15,1.609000
2010-01-18,1.594000
2010-01-19,1.631000
2010-01-20,1.588000
2010-01-21,1.606000
2010-01-22,1.562000
2010-01-25,1.570000
2010-01-26,1.563000
2010-01-27,1.573000
2010-01-28,1.589000
2010-01-29,1.620000
2010-02-01,1.648000
2010-02-02,1.638000
2010-02-03,1.638000
2010-02-04,1.575000
2010-02-05,1.500000
2010-02-08,1.528000
2010-02-09,1.543000
2010-02-10,1.526000
2010-02-11,1.677000
2010-02-12,1.689000
2010-02-15,1.675000
2010-02-16,1.662000
2010-02-17,1.668000
2010-02-18,1.684000
2010-02-19,1.713000
2010-02-22,1.704000
2010-02-23,1.631000
2010-02-24,1.613000
2010-02-25,1.611000
2010-02-26,1.583000
2010-03-01,1.530000
2010-03-02,1.535000
2010-03-03,1.554000
2010-03-04,1.576000
2010-03-05,1.606000
2010-03-08,1.614000
2010-03-09,1.595000
2010-03-10,1.638000
2010-03-11,1.665000
2010-03-12,1.679000
2010-03-15,1.670000
2010-03-16,1.622000
2010-03-17,1.589000
2010-03-18,1.629000
2010-03-19,1.617000
2010-03-22,1.597000
2010-03-23,1.563000
2010-03-24,1.574000
2010-03-25,1.578000
2010-03-26,1.578000
2010-03-29,1.544000
2010-03-30,1.547000
2010-03-31,1.535000
2010-04-01,1.550000
2010-04-06,1.572000
2010-04-07,1.546000
2010-04-08,1.525000
2010-04-09,1.558000
2010-04-12,1.568000
2010-04-13,1.531000
2010-04-14,1.537000
2010-04-15,1.521000
2010-04-16,1.516000
2010-04-19,1.531000
2010-04-20,1.521000
2010-04-21,1.503000
2010-04-22,1.471000
2010-04-23,1.504000
2010-04-26,1.458000
2010-04-27,1.397000
2010-04-28,1.349000
2010-04-29,1.366000
2010-04-30,1.370000
2010-05-03,1.507000
2010-05-04,1.463000
2010-05-05,1.379000
2010-05-06,1.332000
2010-05-07,1.236000
2010-05-10,1.359000
2010-05-11,1.278000
2010-05-12,1.263000
2010-05-14,1.200000
2010-05-17,1.200000
2010-05-18,1.204000
2010-05-19,1.154000
2010-05-20,1.087000
2010-05-21,1.131000
2010-05-24,1.145000
2010-05-25,1.066000
2010-05-26,1.125000
2010-05-27,1.165000
2010-05-28,1.257000
2010-05-31,1.270000
2010-06-01,1.303000
2010-06-02,1.348000
2010-06-03,1.356000
2010-06-04,1.293000
2010-06-07,1.232000
2010-06-08,1.214000
2010-06-09,1.198000
2010-06-10,1.247000
2010-06-11,1.271000
2010-06-14,1.279000
2010-06-15,1.294000
2010-06-16,1.296000
2010-06-17,1.305000
2010-06-18,1.391000
2010-06-21,1.432000
2010-06-22,1.427000
2010-06-23,1.417000
2010-06-24,1.385000
2010-06-28,1.408000
2010-06-29,1.422000
2010-06-30,1.421000
2010-07-01,1.360000
2010-07-02,1.400000
2010-07-05,1.387000
2010-07-06,1.404000
2010-07-07,1.395000
2010-07-08,1.425000
2010-07-09,1.475000
2010-07-12,1.450000
2010-07-13,1.460000
2010-07-14,1.464000
2010-07-15,1.444000
2010-07-16,1.455000
2010-07-19,1.448000
2010-07-20,1.423000
2010-07-21,1.399000
2010-07-22,1.375000
2010-07-23,1.382000
2010-07-26,1.415000
2010-07-27,1.460000
2010-07-28,1.463000
2010-07-29,1.465000
2010-07-30,1.455000
2010-08-02,1.470000
2010-08-03,1.422000
2010-08-04,1.420000
2010-08-05,1.430000
2010-08-06,1.437000
2010-08-09,1.415000
2010-08-10,1.406000
2010-08-11,1.307000
2010-08-12,1.274000
2010-08-13,1.261000
2010-08-16,1.236000
2010-08-17,1.248000
2010-08-18,1.232000
2010-08-19,1.245000
2010-08-20,1.248000
2010-08-23,1.270000
2010-08-24,1.240000
2010-08-25,1.227000
2010-08-26,1.256000
2010-08-27,1.268000
2010-08-30,1.258000
2010-08-31,1.295000
2010-09-01,1.346000
2010-09-02,1.369000
2010-09-03,1.393000
2010-09-06,1.393000
2010-09-07,1.340000
2010-09-08,1.420000
2010-09-09,1.410000
2010-09-10,1.447000
2010-09-13,1.461000
2010-09-14,1.424000
2010-09-15,1.444000
2010-09-16,1.463000
2010-09-17,1.420000
2010-09-20,1.416000
2010-09-21,1.399000
2010-09-22,1.384000
2010-09-23,1.319000
2010-09-24,1.343000
2010-09-27,1.290000
2010-09-28,1.295000
2010-09-29,1.375000
2010-09-30,1.410000
2010-10-01,1.440000
2010-10-04,1.395000
2010-10-05,1.377000
2010-10-06,1.354000
2010-10-07,1.395000
2010-10-08,1.395000
2010-10-11,1.395000
2010-10-12,1.391000
2010-10-13,1.397000
2010-10-14,1.461000
2010-10-15,1.490000
2010-10-18,1.500000
2010-10-19,1.506000
2010-10-20,1.515000
2010-10-21,1.523000
2010-10-22,1.550000
2010-10-25,1.530000
2010-10-26,1.470000
2010-10-27,1.468000
2010-10-28,1.450000
2010-10-29,1.385000
2010-11-01,1.390000
2010-11-02,1.390000
2010-11-03,1.379000
2010-11-04,1.380000
2010-11-05,1.370000
2010-11-08,1.385000
2010-11-09,1.379000
2010-11-10,1.394000
2010-11-11,1.360000
2010-11-12,1.435000
2010-11-15,1.445000
2010-11-16,1.450000
2010-11-17,1.460000
2010-11-18,1.519000
2010-11-19,1.525000
2010-11-22,1.484000
2010-11-23,1.430000
2010-11-24,1.464000
2010-11-25,1.501000
2010-11-26,1.530000
2010-11-29,1.590000
2010-11-30,1.583000
2010-12-01,1.608000
2010-12-02,1.613000
2010-12-03,1.625000
2010-12-06,1.604000
2010-12-07,1.648000
2010-12-08,1.725000
2010-12-09,1.750000
2010-12-10,1.753000
2010-12-13,1.780000
2010-12-14,1.815000
2010-12-15,1.829000
2010-12-16,1.875000
2010-12-17,1.864000
2010-12-20,1.852000
2010-12-21,1.811000
2010-12-22,1.815000
2010-12-23,1.785000
2010-12-27,1.813000
2010-12-28,1.786000
2010-12-29,1.840000
2010-12-30,1.845000
2011-01-03,1.820000
2011-01-04,1.845000
2011-01-05,1.845000
2011-01-07,1.820000
2011-01-10,1.806000
2011-01-11,1.804000
2011-01-12,1.844000
2011-01-13,1.861000
2011-01-14,1.862000
2011-01-17,1.861000
2011-01-18,1.885000
2011-01-19,1.875000
2011-01-20,1.925000
2011-01-21,1.948000
2011-01-24,1.945000
2011-01-25,1.938000
2011-01-26,1.986000
2011-01-27,2.023000
2011-01-28,2.002000
2011-01-31,1.963000
2011-02-01,2.005000
2011-02-02,2.030000
2011-02-03,2.027000
2011-02-04,2.055000
2011-02-07,2.053000
2011-02-08,2.060000
2011-02-09,2.064000
2011-02-10,2.055000
2011-02-11,2.050000
2011-02-14,2.121000
2011-02-15,2.130000
2011-02-16,2.129000
2011-02-17,2.085000
2011-02-18,2.120000
2011-02-21,2.120000
2011-02-22,2.140000
2011-02-23,2.135000
2011-02-24,2.115000
2011-02-25,2.175000
2011-02-28,2.205000
2011-03-01,2.270000
2011-03-02,2.290000
2011-03-03,2.350000
2011-03-04,2.325000
2011-03-07,2.315000
2011-03-08,2.265000
2011-03-09,2.260000
2011-03-10,2.245000
2011-03-11,2.235000
2011-03-14,2.220000
2011-03-15,2.120000
2011-03-16,2.100000
2011-03-17,2.130000
2011-03-18,2.210000
2011-03-21,2.277000
2011-03-22,2.304000
2011-03-23,2.283000
2011-03-24,2.265000
2011-03-25,2.295000
2011-03-28,2.305000
2011-03-29,2.292000
2011-03-30,2.305000
2011-03-31,2.300000
2011-04-01,2.330000
2011-04-04,2.315000
2011-04-05,2.297000
2011-04-06,2.340000
2011-04-07,2.339000
2011-04-08,2.352000
2011-04-11,2.360000
2011-04-12,2.310000
2011-04-13,2.319000
2011-04-14,2.308000
2011-04-15,2.325000
2011-04-18,2.320000
2011-04-19,2.345000
2011-04-20,2.317000
2011-04-21,2.332000
2011-04-26,2.293000
2011-04-27,2.323000
2011-04-28,2.294000
2011-04-29,2.310000
2011-05-02,2.320000
2011-05-03,2.279000
2011-05-04,2.285000
2011-05-05,2.241000
2011-05-06,2.255000
2011-05-09,2.205000
2011-05-10,2.224000
2011-05-11,2.240000
2011-05-12,2.247000
2011-05-13,2.252000
2011-05-16,2.260000
2011-05-17,2.250000
2011-05-18,2.212000
2011-05-19,2.220000
2011-05-20,2.199000
2011-05-23,2.190000
2011-05-24,2.196000
2011-05-25,2.190000
2011-05-26,2.172000
2011-05-27,2.147000
2011-05-30,2.177000
2011-05-31,2.183000
2011-06-01,2.533000
2011-06-03,2.523000
2011-06-07,2.556000
2011-06-08,2.519000
2011-06-09,2.488000
2011-06-10,2.424000
2011-06-13,2.398000
2011-06-14,2.410000
2011-06-15,2.381000
2011-06-16,2.300000
2011-06-17,2.343000
2011-06-20,2.311000
2011-06-21,2.329000
2011-06-22,2.307000
2011-06-23,2.270000
2011-06-27,2.198000
2011-06-28,2.225000
2011-06-29,2.284000
2011-06-30,2.338000
2011-07-01,2.370000
2011-07-04,2.386000
2011-07-05,2.398000
2011-07-06,2.324000
2011-07-07,2.347000
2011-07-08,2.272000
2011-07-11,2.119000
2011-07-12,2.090000
2011-07-13,2.064000
2011-07-14,2.076000
2011-07-15,2.030000
2011-07-18,2.045000
2011-07-19,2.105000
2011-07-20,2.140000
2011-07-21,2.235000
2011-07-22,2.170000
2011-07-25,2.120000
2011-07-26,2.098000
2011-07-27,2.040000
2011-07-28,2.014000
2011-07-29,1.998000
2011-08-01,1.980000
2011-08-02,1.982000
2011-08-03,1.936000
2011-08-04,1.825000
2011-08-05,1.765000
2011-08-08,1.631000
2011-08-09,1.581000
2011-08-10,1.395000
2011-08-11,1.385000
2011-08-12,1.482000
2011-08-15,1.487000
2011-08-16,1.535000
2011-08-17,1.522000
2011-08-18,1.330000
2011-08-19,1.387000
2011-08-22,1.412000
2011-08-23,1.430000
2011-08-24,1.507000
2011-08-25,1.465000
2011-08-26,1.420000
2011-08-29,1.500000
2011-08-30,1.440000
2011-08-31,1.470000
2011-09-01,1.490000
2011-09-02,1.420000
2011-09-05,1.360000
2011-09-06,1.330000
2011-09-07,1.337000
2011-09-08,1.268000
2011-09-09,1.080000
2011-09-12,1.000000
2011-09-13,1.050000
2011-09-14,1.143000
2011-09-15,1.235000
2011-09-16,1.216000
2011-09-19,1.170000
2011-09-20,1.155000
2011-09-21,1.145000
2011-09-22,1.110000
2011-09-23,1.030000
2011-09-26,1.075000
2011-09-27,1.157000
2011-09-28,1.197000
2011-09-29,1.205000
2011-09-30,1.192000
2011-10-03,1.150000
2011-10-04,1.126000
2011-10-05,1.184000
2011-10-06,1.243000
2011-10-07,1.286000
2011-10-10,1.320000
2011-10-11,1.345000
2011-10-12,1.411000
2011-10-13,1.339000
2011-10-14,1.360000
2011-10-17,1.308000
2011-10-18,1.271000
2011-10-19,1.312000
2011-10-20,1.341000
2011-10-21,1.358000
2011-10-24,1.322000
2011-10-25,1.341000
2011-10-26,1.303000
2011-10-27,1.396000
2011-10-28,1.404000
2011-10-31,1.305000
2011-11-01,1.165000
2011-11-02,1.212000
2011-11-03,1.146000
2011-11-04,1.160000
2011-11-07,1.159000
2011-11-08,1.163000
2011-11-09,1.059000
2011-11-10,1.025000
2011-11-11,1.015000
2011-11-14,0.971000
2011-11-15,0.945000
2011-11-16,0.979000
2011-11-17,1.036000
2011-11-18,1.068000
2011-11-21,0.991000
2011-11-22,0.959000
2011-11-23,0.933000
2011-11-24,0.862000
2011-11-25,0.836000
2011-11-28,0.884000
2011-11-29,0.916000
2011-11-30,0.840000
2011-12-01,0.910000
2011-12-02,0.910000
2011-12-05,0.915000
2011-12-06,0.924000
2011-12-07,0.887000
2011-12-08,0.833000
2011-12-09,0.849000
2011-12-12,0.803000
2011-12-13,0.855000
2011-12-14,0.790000
2011-12-15,0.830000
2011-12-16,0.800000
2011-12-19,0.779000
2011-12-20,0.857000
2011-12-21,0.819000
2011-12-22,0.855000
2011-12-23,0.842000
2011-12-27,0.805000
2011-12-28,0.835000
2011-12-29,0.830000
2011-12-30,0.840000
2012-01-02,0.905000
2012-01-03,0.935000
2012-01-04,0.940000
2012-01-05,0.935000
2012-01-09,0.909000
2012-01-10,0.887000
2012-01-11,0.865000
2012-01-12,0.832000
2012-01-13,0.817000
2012-01-16,0.835000
2012-01-17,0.870000
2012-01-18,0.869000
2012-01-19,0.914000
2012-01-20,0.959000
2012-01-23,0.979000
2012-01-24,1.012000
2012-01-25,0.954000
2012-01-26,0.907000
2012-01-27,0.920000
2012-01-30,0.915000
2012-01-31,0.895000
2012-02-01,0.941000
2012-02-02,1.013000
2012-02-03,1.051000
2012-02-06,1.048000
2012-02-07,1.075000
2012-02-08,1.070000
2012-02-09,1.040000
2012-02-10,1.008000
2012-02-13,1.010000
2012-02-14,1.020000
2012-02-15,1.005000
2012-02-16,0.982000
2012-02-17,1.037000
2012-02-20,1.078000
2012-02-21,1.085000
2012-02-22,1.032000
2012-02-23,1.029000
2012-02-24,1.046000
2012-02-27,1.024000
2012-02-28,1.055000
2012-02-29,1.032000
2012-03-01,1.045000
2012-03-02,1.006000
2012-03-05,1.010000
2012-03-06,0.980000
2012-03-07,0.990000
2012-03-08,1.020000
2012-03-09,1.041000
2012-03-12,1.023000
2012-03-13,1.083000
2012-03-14,1.114000
2012-03-15,1.128000
2012-03-16,1.200000
2012-03-19,1.200000
2012-03-20,1.219000
2012-03-21,1.185000
2012-03-22,1.151000
2012-03-23,1.140000
2012-03-26,1.192000
2012-03-27,1.180000
2012-03-28,1.213000
2012-03-29,1.232000
2012-03-30,1.282000
2012-04-02,1.296000
2012-04-03,1.280000
2012-04-04,1.235000
2012-04-05,1.175000
2012-04-10,1.060000
2012-04-11,1.125000
2012-04-12,1.135000
2012-04-13,1.095000
2012-04-16,1.068000
2012-04-17,1.125000
2012-04-18,1.160000
2012-04-19,1.148000
2012-04-20,1.126000
2012-04-23,1.067000
2012-04-24,1.135000
2012-04-25,1.161000
2012-04-26,1.155000
2012-04-27,1.145000
2012-04-30,1.150000
2012-05-02,1.092000
2012-05-03,1.094000
2012-05-04,1.071000
2012-05-07,1.048000
2012-05-08,1.064000
2012-05-09,1.023000
2012-05-10,0.986000
2012-05-11,0.966000
2012-05-14,0.933000
2012-05-15,0.921000
2012-05-16,0.895000
2012-05-18,0.848000
2012-05-21,0.874000
2012-05-22,0.914000
2012-05-23,0.894000
2012-05-24,0.855000
2012-05-25,0.822000
2012-05-28,0.780000
2012-05-29,0.790000
2012-05-30,0.785000
2012-05-31,0.770000
2012-06-01,0.736000
2012-06-04,0.715000
2012-06-05,0.705000
2012-06-07,0.879000
2012-06-08,0.842000
2012-06-11,0.833000
2012-06-12,0.887000
2012-06-13,0.911000
2012-06-14,0.891000
2012-06-15,0.857000
2012-06-18,0.829000
2012-06-19,0.848000
2012-06-20,0.876000
2012-06-21,0.848000
2012-06-25,0.796000
2012-06-26,0.865000
2012-06-27,0.930000
2012-06-28,0.939000
2012-06-29,0.992000
2012-07-02,0.984000
2012-07-03,0.964000
2012-07-04,0.933000
2012-07-05,0.825000
2012-07-06,0.770000
2012-07-09,0.783000
2012-07-10,0.817000
2012-07-11,0.830000
2012-07-12,0.804000
2012-07-13,0.777000
2012-07-16,0.762000
2012-07-17,0.798000
2012-07-18,0.759000
2012-07-19,0.785000
2012-07-20,0.752000
2012-07-23,0.760000
2012-07-24,0.779000
2012-07-25,0.796000
2012-07-26,0.850000
2012-07-27,0.883000
2012-07-30,0.970000
2012-07-31,0.970000
2012-08-01,0.990000
2012-08-02,0.930000
2012-08-03,1.000000
2012-08-06,1.000000
2012-08-07,1.000000
2012-08-08,0.957000
2012-08-09,0.980000
2012-08-10,0.935000
2012-08-13,0.920000
2012-08-14,0.948000
2012-08-15,0.948000
2012-08-16,0.904000
2012-08-17,0.902000
2012-08-20,0.932000
2012-08-21,0.929000
2012-08-22,0.910000
2012-08-23,0.894000
2012-08-24,0.875000
2012-08-27,0.895000
2012-08-28,0.837000
2012-08-29,0.865000
2012-08-30,0.831000
2012-08-31,0.854000
2012-09-03,0.810000
2012-09-04,0.803000
2012-09-05,0.825000
2012-09-06,0.845000
2012-09-07,0.812000
2012-09-10,0.812000
2012-09-11,0.815000
2012-09-12,0.835000
2012-09-13,0.784000
2012-09-14,0.781000
2012-09-17,0.794000
2012-09-18,0.772000
2012-09-19,0.760000
2012-09-20,0.710000
2012-09-21,0.712000
2012-09-24,0.725000
2012-09-25,0.714000
2012-09-26,0.687000
2012-09-27,0.695000
2012-09-28,0.675000
2012-10-01,0.670000
2012-10-02,0.648000
2012-10-03,0.625000
2012-10-04,0.645000
2012-10-05,0.676000
2012-10-08,0.656000
2012-10-09,0.688000
2012-10-10,0.705000
2012-10-11,0.675000
2012-10-12,0.671000
2012-10-15,0.695000
2012-10-16,0.718000
2012-10-17,0.744000
2012-10-18,0.810000
2012-10-19,0.805000
2012-10-22,0.804000
2012-10-23,0.755000
2012-10-24,0.700000
2012-10-25,0.756000
2012-10-26,0.745000
2012-10-29,0.756000
2012-10-30,0.770000
2012-10-31,0.763000
2012-11-01,0.730000
2012-11-02,0.727000
2012-11-05,0.730000
2012-11-06,0.730000
2012-11-07,0.709000
2012-11-08,0.706000
2012-11-09,0.660000
2012-11-12,0.657000
2012-11-13,0.660000
2012-11-14,0.677000
2012-11-15,0.687000
2012-11-16,0.699000
2012-11-19,0.712000
2012-11-20,0.730000
2012-11-21,0.741000
2012-11-22,0.740000
2012-11-23,0.765000
2012-11-26,0.745000
2012-11-27,0.730000
2012-11-28,0.714000
2012-11-29,0.717000
2012-11-30,0.714000
2012-12-03,0.730000
2012-12-04,0.720000
2012-12-05,0.691000
2012-12-06,0.683000
2012-12-07,0.675000
2012-12-10,0.685000
2012-12-11,0.698000
2012-12-12,0.715000
2012-12-13,0.723000
2012-12-14,0.732000
2012-12-17,0.721000
2012-12-18,0.765000
2012-12-19,0.747000
2012-12-20,0.765000
2012-12-21,0.752000
2012-12-27,0.749000
2012-12-28,0.738000
2013-01-02,0.885000
2013-01-03,0.910000
2013-01-04,0.935000
2013-01-07,0.945000
2013-01-08,0.892000
2013-01-09,0.877000
2013-01-10,0.935000
2013-01-11,0.952000
2013-01-14,0.919000
2013-01-15,0.911000
2013-01-16,0.918000
2013-01-17,0.978000
2013-01-18,0.973000
2013-01-21,0.985000
2013-01-22,0.941000
2013-01-23,0.925000
2013-01-24,0.969000
2013-01-25,0.996000
2013-01-28,1.028000
2013-01-29,1.020000
2013-01-30,1.044000
2013-01-31,1.023000
2013-02-01,1.041000
2013-02-04,1.027000
2013-02-05,1.037000
2013-02-06,1.034000
2013-02-07,1.009000
2013-02-08,1.037000
2013-02-11,1.043000
2013-02-12,1.065000
2013-02-13,1.144000
2013-02-14,1.104000
2013-02-15,1.091000
2013-02-18,1.091000
2013-02-19,1.120000
2013-02-20,1.145000
2013-02-21,1.082000
2013-02-22,1.067000
2013-02-25,1.072000
2013-02-26,1.045000
2013-02-27,1.004000
2013-02-28,1.043000
2013-03-01,1.113000
2013-03-04,1.139000
2013-03-05,1.182000
2013-03-06,1.192000
2013-03-07,1.206000
2013-03-08,1.194000
2013-03-11,1.176000
2013-03-12,1.148000
2013-03-13,1.126000
2013-03-14,1.116000
2013-03-15,1.111000
2013-03-18,1.071000
2013-03-19,1.061000
2013-03-20,1.065000
2013-03-21,1.057000
2013-03-22,1.058000
2013-03-25,1.048000
2013-03-26,1.042000
2013-03-27,1.029000
2013-03-28,1.006000
2013-04-02,1.041000
2013-04-03,1.026000
2013-04-04,0.968000
2013-04-05,0.958000
2013-04-08,0.966000
2013-04-09,0.970000
2013-04-10,1.010000
2013-04-11,1.006000
2013-04-12,0.973000
2013-04-15,0.951000
2013-04-16,0.959000
2013-04-17,0.865000
2013-04-18,0.824000
2013-04-19,0.837000
2013-04-22,0.807000
2013-04-23,0.790000
2013-04-24,0.779000
2013-04-25,0.794000
2013-04-26,0.799000
2013-04-29,0.807000
2013-04-30,0.819000
2013-05-02,0.781000
2013-05-03,0.812000
2013-05-06,0.824000
2013-05-07,0.826000
2013-05-08,0.800000
2013-05-10,0.832000
2013-05-13,0.828000
2013-05-14,0.785000
2013-05-15,0.788000
2013-05-16,0.762000
2013-05-17,0.781000
2013-05-20,0.819000
2013-05-21,0.838000
2013-05-22,0.807000
2013-05-23,0.831000
2013-05-24,0.802000
2013-05-27,0.822000
2013-05-28,0.828000
2013-05-29,0.880000
2013-05-30,0.916000
2013-05-31,0.933000
2013-06-03,0.958000
2013-06-04,0.942000
2013-06-05,0.920000
2013-06-07,0.945000
2013-06-10,0.926000
2013-06-11,0.966000
2013-06-12,0.969000
2013-06-13,0.947000
2013-06-14,0.946000
2013-06-17,0.940000
2013-06-18,0.985000
2013-06-19,1.034000
2013-06-20,1.100000
2013-06-24,1.169000
2013-06-25,1.167000
2013-06-26,1.116000
2013-06-27,1.076000
2013-06-28,1.134000
2013-07-01,1.157000
2013-07-02,1.128000
2013-07-03,1.109000
2013-07-04,1.094000
2013-07-05,1.119000
2013-07-08,1.054000
2013-07-09,1.033000
2013-07-10,1.052000
2013-07-11,1.046000
2013-07-12,1.020000
2013-07-15,1.035000
2013-07-16,1.025000
2013-07-17,1.021000
2013-07-18,1.022000
2013-07-19,1.048000
2013-07-22,1.068000
2013-07-23,1.094000
2013-07-24,1.096000
2013-07-25,1.096000
2013-07-26,1.070000
2013-07-29,1.074000
2013-07-30,1.046000
2013-07-31,1.046000
2013-08-01,1.055000
2013-08-02,1.042000
2013-08-05,1.071000
2013-08-06,1.067000
2013-08-07,1.061000
2013-08-08,1.067000
2013-08-09,1.099000
2013-08-12,1.082000
2013-08-13,1.145000
2013-08-14,1.168000
2013-08-15,1.200000
2013-08-16,1.194000
2013-08-19,1.205000
2013-08-20,1.170000
2013-08-21,1.186000
2013-08-22,1.260000
2013-08-23,1.271000
2013-08-26,1.255000
2013-08-27,1.230000
2013-08-28,1.292000
2013-08-29,1.265000
2013-08-30,1.245000
2013-09-02,1.289000
2013-09-03,1.298000
2013-09-04,1.281000
2013-09-05,1.323000
2013-09-06,1.265000
2013-09-09,1.260000
2013-09-10,1.298000
2013-09-11,1.275000
2013-09-12,1.254000
2013-09-13,1.212000
2013-09-16,1.196000
2013-09-17,1.217000
2013-09-18,1.207000
2013-09-19,1.171000
2013-09-20,1.180000
2013-09-23,1.170000
2013-09-24,1.164000
2013-09-25,1.150000
2013-09-26,1.145000
2013-09-27,1.125000
2013-09-30,1.120000
2013-10-01,1.165000
2013-10-02,1.173000
2013-10-03,1.167000
2013-10-04,1.125000
2013-10-07,1.114000
2013-10-08,1.112000
2013-10-09,1.103000
2013-10-10,1.073000
2013-10-11,1.065000
2013-10-14,1.072000
2013-10-15,1.077000
2013-10-16,1.100000
2013-10-17,1.064000
2013-10-18,1.050000
2013-10-21,1.057000
2013-10-22,1.040000
2013-10-23,1.038000
2013-10-24,1.037000
2013-10-25,1.067000
2013-10-28,1.036000
2013-10-29,1.028000
2013-10-30,1.010000
2013-10-31,1.024000
2013-11-01,1.003000
2013-11-04,1.010000
2013-11-05,1.048000
2013-11-06,1.054000
2013-11-07,0.963000
2013-11-08,0.994000
2013-11-11,1.000000
2013-11-12,0.911000
2013-11-13,0.895000
2013-11-14,0.900000
2013-11-15,0.870000
2013-11-18,0.848000
2013-11-19,0.838000
2013-11-20,0.833000
2013-11-21,0.852000
2013-11-22,0.907000
2013-11-25,0.907000
2013-11-26,0.888000
2013-11-27,0.856000
2013-11-28,0.865000
2013-11-29,0.867000
2013-12-02,0.938000
2013-12-03,0.937000
2013-12-04,0.950000
2013-12-05,0.941000
2013-12-06,0.926000
2013-12-09,0.896000
2013-12-10,0.857000
2013-12-11,0.864000
2013-12-12,0.845000
2013-12-13,0.835000
2013-12-16,0.820000
2013-12-17,0.758000
2013-12-18,0.790000
2013-12-19,0.813000
2013-12-20,0.815000
2013-12-23,0.827000
2013-12-27,0.843000
2013-12-30,0.840000
2014-01-02,1.086000
2014-01-03,1.063000
2014-01-07,1.049000
2014-01-08,1.023000
2014-01-09,1.040000
2014-01-10,1.035000
2014-01-13,1.032000
2014-01-14,1.077000
2014-01-15,1.084000
2014-01-16,1.055000
2014-01-17,1.054000
2014-01-20,1.035000
2014-01-21,1.039000
2014-01-22,1.062000
2014-01-23,1.041000
2014-01-24,1.007000
2014-01-27,1.017000
2014-01-28,1.010000
2014-01-29,0.996000
2014-01-30,0.976000
2014-01-31,0.947000
2014-02-03,0.967000
2014-02-04,0.971000
2014-02-05,0.951000
2014-02-06,0.988000
2014-02-07,0.941000
2014-02-10,0.941000
2014-02-11,0.948000
2014-02-12,0.948000
2014-02-13,0.931000
2014-02-14,0.952000
2014-02-17,0.952000
2014-02-18,0.890000
2014-02-19,0.859000
2014-02-20,0.869000
2014-02-21,0.874000
2014-02-24,0.888000
2014-02-25,0.888000
2014-02-26,0.852000
2014-02-27,0.834000
2014-02-28,0.907000
2014-03-03,0.872000
2014-03-04,0.882000
2014-03-05,0.888000
2014-03-06,0.910000
2014-03-07,0.924000
2014-03-10,0.901000
2014-03-11,0.902000
2014-03-12,0.867000
2014-03-13,0.849000
2014-03-14,0.827000
2014-03-17,0.841000
2014-03-18,0.837000
2014-03-19,0.841000
2014-03-20,0.890000
2014-03-21,0.863000
2014-03-24,0.842000
2014-03-25,0.817000
2014-03-26,0.778000
2014-03-27,0.757000
2014-03-28,0.778000
2014-03-31,0.787000
2014-04-01,0.798000
2014-04-02,0.799000
2014-04-03,0.788000
2014-04-04,0.763000
2014-04-07,0.753000
2014-04-08,0.755000
2014-04-09,0.751000
2014-04-10,0.681000
2014-04-11,0.656000
2014-04-14,0.650000
2014-04-15,0.634000
2014-04-16,0.652000
2014-04-17,0.666000
2014-04-22,0.687000
2014-04-23,0.686000
2014-04-24,0.674000
2014-04-25,0.655000
2014-04-28,0.675000
2014-04-29,0.656000
2014-04-30,0.654000
2014-05-02,0.643000
2014-05-05,0.628000
2014-05-06,0.654000
2014-05-07,0.659000
2014-05-08,0.634000
2014-05-09,0.624000
2014-05-12,0.640000
2014-05-13,0.620000
2014-05-14,0.592000
2014-05-15,0.571000
2014-05-16,0.584000
2014-05-19,0.567000
2014-05-20,0.572000
2014-05-21,0.582000
2014-05-22,0.572000
2014-05-23,0.544000
2014-05-26,0.555000
2014-05-27,0.551000
2014-05-28,0.541000
2014-05-30,0.535000
2014-06-02,0.534000
2014-06-03,0.540000
2014-06-04,0.549000
2014-06-05,0.541000
2014-06-09,0.518000
2014-06-10,0.515000
2014-06-11,0.500000
2014-06-12,0.484000
2014-06-13,0.516000
2014-06-16,0.500000
2014-06-17,0.518000
2014-06-18,0.529000
2014-06-19,0.501000
2014-06-23,0.478000
2014-06-24,0.475000
2014-06-25,0.435000
2014-06-26,0.440000
2014-06-27,0.450000
2014-06-30,0.449000
2014-07-01,0.453000
2014-07-02,0.466000
2014-07-03,0.328000
2014-07-04,0.302000
2014-07-07,0.290000
2014-07-08,0.281000
2014-07-09,0.299000
2014-07-10,0.315000
2014-07-11,0.317000
2014-07-14,0.314000
2014-07-15,0.308000
2014-07-16,0.299000
2014-07-17,0.296000
2014-07-18,0.293000
2014-07-21,0.284000
2014-07-22,0.292000
2014-07-23,0.296000
2014-07-24,0.300000
2014-07-25,0.290000
2014-07-28,0.296000
2014-07-29,0.290000
2014-07-30,0.287000
2014-07-31,0.295000
2014-08-01,0.285000
2014-08-04,0.280000
2014-08-05,0.287000
2014-08-06,0.275000
2014-08-07,0.253000
2014-08-08,0.235000
2014-08-11,0.247000
2014-08-12,0.240000
2014-08-13,0.240000
2014-08-14,0.234000
2014-08-15,0.235000
2014-08-18,0.253000
2014-08-19,0.230000
2014-08-20,0.223000
2014-08-21,0.235000
2014-08-22,0.245000
2014-08-25,0.209000
2014-08-26,0.205000
2014-08-27,0.182000
2014-08-28,0.172000
2014-08-29,0.180000
2014-09-01,0.175000
2014-09-02,0.197000
2014-09-03,0.199000
2014-09-04,0.171000
2014-09-05,0.150000
2014-09-08,0.150000
2014-09-09,0.170000
2014-09-10,0.185000
2014-09-11,0.184000
2014-09-12,0.204000
2014-09-15,0.203000
2014-09-16,0.197000
2014-09-17,0.177000
2014-09-18,0.202000
2014-09-19,0.190000
2014-09-22,0.181000
2014-09-23,0.183000
2014-09-24,0.172000
2014-09-25,0.163000
2014-09-26,0.164000
2014-09-29,0.161000
2014-09-30,0.155000
2014-10-01,0.148000
2014-10-02,0.145000
2014-10-03,0.153000
2014-10-06,0.149000
2014-10-07,0.128000
2014-10-08,0.120000
2014-10-09,0.110000
2014-10-10,0.103000
2014-10-13,0.110000
2014-10-14,0.042000
2014-10-15,0.010000
2014-10-16,0.039000
2014-10-17,0.051000
2014-10-20,0.025000
2014-10-21,0.029000
2014-10-22,0.021000
2014-10-23,0.037000
2014-10-24,0.027000
2014-10-27,0.015000
2014-10-28,-0.045000
2014-10-29,-0.046000
2014-10-30,-0.032000
2014-10-31,-0.012000
2014-11-03,0.021000
2014-11-04,0.004000
2014-11-05,0.002000
2014-11-06,-0.001000
2014-11-07,-0.005000
2014-11-10,-0.005000
2014-11-11,-0.029000
2014-11-12,-0.033000
2014-11-13,-0.021000
2014-11-14,-0.017000
2014-11-17,-0.010000
2014-11-18,-0.017000
2014-11-19,-0.006000
2014-11-20,-0.011000
2014-11-21,0.005000
2014-11-24,-0.001000
2014-11-25,0.001000
2014-11-26,-0.010000
2014-11-27,-0.020000
2014-11-28,-0.017000
2014-12-01,-0.007000
2014-12-02,0.010000
2014-12-03,0.002000
2014-12-04,-0.001000
2014-12-05,0.001000
2014-12-08,0.001000
2014-12-09,-0.001000
2014-12-10,0.008000
2014-12-11,0.001000
2014-12-12,0.003000
2014-12-15,0.009000
2014-12-16,0.013000
2014-12-17,0.004000
2014-12-18,0.017000
2014-12-19,0.025000
2014-12-22,0.033000
2014-12-23,0.032000
2014-12-29,0.031000
2014-12-30,0.033000
2015-01-02,-0.003000
2015-01-05,0.002000
2015-01-07,-0.003000
2015-01-08,-0.018000
2015-01-09,-0.021000
2015-01-12,-0.020000
2015-01-13,0.002000
2015-01-14,-0.005000
2015-01-15,-0.035000
2015-01-16,-0.070000
2015-01-19,-0.079000
2015-01-20,-0.079000
2015-01-21,-0.061000
2015-01-22,-0.062000
2015-01-23,-0.081000
2015-01-26,-0.056000
2015-01-27,-0.054000
2015-01-28,-0.053000
2015-01-29,-0.072000
2015-01-30,-0.118000
2015-02-02,-0.156000
2015-02-03,-0.142000
2015-02-04,-0.145000
2015-02-05,-0.153000
2015-02-06,-0.158000
2015-02-09,-0.159000
2015-02-10,-0.147000
2015-02-11,-0.165000
2015-02-12,-0.296000
2015-02-13,-0.356000
2015-02-16,-0.344000
2015-02-17,-0.322000
2015-02-18,-0.303000
2015-02-19,-0.316000
2015-02-20,-0.307000
2015-02-23,-0.282000
2015-02-24,-0.245000
2015-02-25,-0.220000
2015-02-26,-0.212000
2015-02-27,-0.145000
2015-03-02,-0.128000
2015-03-03,-0.126000
2015-03-04,-0.122000
2015-03-05,-0.101000
2015-03-06,-0.126000
2015-03-09,-0.161000
2015-03-10,-0.170000
2015-03-11,-0.160000
2015-03-12,-0.199000
2015-03-13,-0.190000
2015-03-16,-0.202000
2015-03-17,-0.212000
2015-03-18,-0.307000
2015-03-19,-0.307000
2015-03-20,-0.314000
2015-03-23,-0.309000
2015-03-24,-0.314000
2015-03-25,-0.320000
2015-03-26,-0.318000
2015-03-27,-0.314000
2015-03-30,-0.300000
2015-03-31,-0.311000
2015-04-01,-0.319000
2015-04-02,-0.315000
2015-04-07,-0.327000
2015-04-08,-0.325000
2015-04-09,-0.322000
2015-04-10,-0.326000
2015-04-13,-0.323000
2015-04-14,-0.341000
2015-04-15,-0.340000
2015-04-16,-0.338000
2015-04-17,-0.339000
2015-04-20,-0.335000
2015-04-21,-0.317000
2015-04-22,-0.320000
2015-04-23,-0.317000
2015-04-24,-0.330000
2015-04-27,-0.332000
2015-04-28,-0.339000
2015-04-29,-0.284000
2015-04-30,-0.271000
2015-05-04,-0.245000
2015-05-05,-0.220000
2015-05-06,-0.200000
2015-05-07,-0.201000
2015-05-08,-0.217000
2015-05-11,-0.223000
2015-05-12,-0.273000
2015-05-13,-0.323000
2015-05-15,-0.329000
2015-05-18,-0.327000
2015-05-19,-0.312000
2015-05-20,-0.293000
2015-05-21,-0.268000
2015-05-22,-0.265000
2015-05-25,-0.266000
2015-05-26,-0.268000
2015-05-27,-0.272000
2015-05-28,-0.269000
2015-05-29,-0.265000
2015-06-01,-0.260000
2015-06-02,-0.235000
2015-06-03,-0.195000
2015-06-04,-0.204000
2015-06-05,-0.200000
2015-06-08,-0.197000
2015-06-09,-0.190000
2015-06-10,-0.201000
2015-06-11,-0.153000
2015-06-12,-0.146000
2015-06-15,-0.155000
2015-06-16,-0.173000
2015-06-17,-0.187000
2015-06-18,-0.253000
2015-06-22,-0.277000
2015-06-23,-0.290000
2015-06-24,-0.269000
2015-06-25,-0.249000
2015-06-26,-0.234000
2015-06-29,-0.261000
2015-06-30,-0.265000
2015-07-01,-0.282000
2015-07-02,-0.396000
2015-07-03,-0.446000
2015-07-06,-0.454000
2015-07-07,-0.468000
2015-07-08,-0.435000
2015-07-09,-0.426000
2015-07-10,-0.387000
2015-07-13,-0.371000
2015-07-14,-0.401000
2015-07-15,-0.402000
2015-07-16,-0.383000
2015-07-17,-0.381000
2015-07-20,-0.387000
2015-07-21,-0.381000
2015-07-22,-0.386000
2015-07-23,-0.390000
2015-07-24,-0.394000
2015-07-27,-0.396000
2015-07-28,-0.388000
2015-07-29,-0.391000
2015-07-30,-0.394000
2015-07-31,-0.389000
2015-08-03,-0.395000
2015-08-04,-0.396000
2015-08-05,-0.396000
2015-08-06,-0.454000
2015-08-07,-0.480000
2015-08-10,-0.503000
2015-08-11,-0.528000
2015-08-12,-0.534000
2015-08-13,-0.457000
2015-08-14,-0.454000
2015-08-17,-0.465000
2015-08-18,-0.474000
2015-08-19,-0.485000
2015-08-20,-0.528000
2015-08-21,-0.518000
2015-08-24,-0.560000
2015-08-25,-0.525000
2015-08-26,-0.527000
2015-08-27,-0.516000
2015-08-28,-0.526000
2015-08-31,-0.521000
2015-09-01,-0.511000
2015-09-02,-0.504000
2015-09-03,-0.479000
2015-09-04,-0.476000
2015-09-07,-0.477000
2015-09-08,-0.475000
2015-09-09,-0.461000
2015-09-10,-0.466000
2015-09-11,-0.460000
2015-09-14,-0.464000
2015-09-15,-0.450000
2015-09-16,-0.435000
2015-09-17,-0.429000
2015-09-18,-0.482000
2015-09-21,-0.478000
2015-09-22,-0.488000
2015-09-23,-0.484000
2015-09-24,-0.491000
2015-09-25,-0.484000
2015-09-28,-0.497000
2015-09-29,-0.489000
2015-09-30,-0.488000
2015-10-01,-0.493000
2015-10-02,-0.503000
2015-10-05,-0.482000
2015-10-06,-0.471000
2015-10-07,-0.455000
2015-10-08,-0.460000
2015-10-09,-0.453000
2015-10-12,-0.460000
2015-10-13,-0.442000
2015-10-14,-0.451000
2015-10-15,-0.456000
2015-10-16,-0.453000
2015-10-19,-0.458000
2015-10-20,-0.442000
2015-10-21,-0.437000
2015-10-22,-0.462000
2015-10-23,-0.456000
2015-10-26,-0.468000
2015-10-27,-0.479000
2015-10-28,-0.491000
2015-10-29,-0.452000
2015-10-30,-0.455000
2015-11-02,-0.452000
2015-11-03,-0.455000
2015-11-04,-0.457000
2015-11-05,-0.454000
2015-11-06,-0.425000
2015-11-09,-0.423000
2015-11-10,-0.435000
2015-11-11,-0.430000
2015-11-12,-0.405000
2015-11-13,-0.421000
2015-11-16,-0.425000
2015-11-17,-0.433000
2015-11-18,-0.442000
2015-11-19,-0.438000
2015-11-20,-0.457000
2015-11-23,-0.444000
2015-11-24,-0.464000
2015-11-25,-0.482000
2015-11-26,-0.495000
2015-11-27,-0.492000
2015-11-30,-0.471000
2015-12-01,-0.486000
2015-12-02,-0.511000
2015-12-03,-0.418000
2015-12-04,-0.394000
2015-12-07,-0.414000
2015-12-08,-0.432000
2015-12-09,-0.435000
2015-12-10,-0.464000
2015-12-11,-0.492000
2015-12-14,-0.500000
2015-12-15,-0.474000
2015-12-16,-0.465000
2015-12-17,-0.442000
2015-12-18,-0.447000
2015-12-21,-0.446000
2015-12-22,-0.444000
2015-12-23,-0.433000
2015-12-28,-0.427000
2015-12-29,-0.424000
2015-12-30,-0.435000
2016-01-04,-0.481000
2016-01-05,-0.498000
2016-01-07,-0.500000
2016-01-08,-0.506000
2016-01-11,-0.506000
2016-01-12,-0.505000
2016-01-13,-0.501000
2016-01-14,-0.523000
2016-01-15,-0.524000
2016-01-18,-0.518000
2016-01-19,-0.498000
2016-01-20,-0.517000
2016-01-21,-0.535000
2016-01-22,-0.517000
2016-01-25,-0.517000
2016-01-26,-0.520000
2016-01-27,-0.511000
2016-01-28,-0.526000
2016-01-29,-0.551000
2016-02-01,-0.544000
2016-02-02,-0.552000
2016-02-03,-0.551000
2016-02-04,-0.546000
2016-02-05,-0.558000
2016-02-08,-0.575000
2016-02-09,-0.575000
2016-02-10,-0.584000
2016-02-11,-0.625000
2016-02-12,-0.624000
2016-02-15,-0.613000
2016-02-16,-0.608000
2016-02-17,-0.608000
2016-02-18,-0.591000
2016-02-19,-0.599000
2016-02-22,-0.605000
2016-02-23,-0.589000
2016-02-24,-0.613000
2016-02-25,-0.623000
2016-02-26,-0.622000
2016-02-29,-0.600000
2016-03-01,-0.599000
2016-03-02,-0.600000
2016-03-03,-0.608000
2016-03-04,-0.610000
2016-03-07,-0.608000
2016-03-08,-0.621000
2016-03-09,-0.624000
2016-03-10,-0.606000
2016-03-11,-0.609000
2016-03-14,-0.616000
2016-03-15,-0.608000
2016-03-16,-0.361000
2016-03-17,-0.407000
2016-03-18,-0.429000
2016-03-21,-0.425000
2016-03-22,-0.440000
2016-03-23,-0.440000
2016-03-24,-0.440000
2016-03-29,-0.456000
2016-03-30,-0.454000
2016-03-31,-0.449000
2016-04-01,-0.453000
2016-04-04,-0.457000
2016-04-05,-0.465000
2016-04-06,-0.470000
2016-04-07,-0.462000
2016-04-08,-0.459000
2016-04-11,-0.465000
2016-04-12,-0.433000
2016-04-13,-0.425000
2016-04-14,-0.413000
2016-04-15,-0.420000
2016-04-18,-0.422000
2016-04-19,-0.408000
2016-04-20,-0.407000
2016-04-21,-0.402000
2016-04-22,-0.384000
2016-04-25,-0.381000
2016-04-26,-0.382000
2016-04-27,-0.395000
2016-04-28,-0.398000
2016-04-29,-0.394000
2016-05-02,-0.407000
2016-05-03,-0.422000
2016-05-04,-0.425000
2016-05-06,-0.432000
2016-05-09,-0.430000
2016-05-10,-0.435000
2016-05-11,-0.440000
2016-05-12,-0.443000
2016-05-13,-0.445000
2016-05-16,-0.440000
2016-05-17,-0.441000
2016-05-18,-0.435000
2016-05-19,-0.442000
2016-05-20,-0.427000
2016-05-23,-0.435000
2016-05-24,-0.427000
2016-05-25,-0.418000
2016-05-26,-0.416000
2016-05-27,-0.425000
2016-05-30,-0.412000
2016-05-31,-0.424000
2016-06-01,-0.435000
2016-06-02,-0.453000
2016-06-03,-0.480000
2016-06-07,-0.491000
2016-06-08,-0.506000
2016-06-09,-0.528000
2016-06-10,-0.540000
2016-06-13,-0.545000
2016-06-14,-0.544000
2016-06-15,-0.549000
2016-06-16,-0.608000
2016-06-17,-0.604000
2016-06-20,-0.585000
2016-06-21,-0.574000
2016-06-22,-0.565000
2016-06-23,-0.555000
2016-06-27,-0.660000
2016-06-28,-0.644000
2016-06-29,-0.644000
2016-06-30,-0.625000
2016-07-01,-0.619000
2016-07-04,-0.626000
2016-07-05,-0.645000
2016-07-06,-0.643000
2016-07-07,-0.649000
2016-07-08,-0.641000
2016-07-11,-0.650000
2016-07-12,-0.633000
2016-07-13,-0.634000
2016-07-14,-0.626000
2016-07-15,-0.624000
2016-07-18,-0.634000
2016-07-19,-0.636000
2016-07-20,-0.635000
2016-07-21,-0.634000
2016-07-22,-0.635000
2016-07-25,-0.651000
2016-07-26,-0.647000
2016-07-27,-0.651000
2016-07-28,-0.654000
2016-07-29,-0.655000
2016-08-01,-0.660000
2016-08-02,-0.649000
2016-08-03,-0.644000
2016-08-04,-0.650000
2016-08-05,-0.654000
2016-08-08,-0.655000
2016-08-09,-0.648000
2016-08-10,-0.652000
2016-08-11,-0.642000
2016-08-12,-0.639000
2016-08-15,-0.630000
2016-08-16,-0.631000
2016-08-17,-0.640000
2016-08-18,-0.641000
2016-08-19,-0.629000
2016-08-22,-0.630000
2016-08-23,-0.634000
2016-08-24,-0.630000
2016-08-25,-0.633000
2016-08-26,-0.635000
2016-08-29,-0.631000
2016-08-30,-0.630000
2016-08-31,-0.646000
2016-09-01,-0.631000
2016-09-02,-0.624000
2016-09-05,-0.629000
2016-09-06,-0.623000
2016-09-07,-0.613000
2016-09-08,-0.604000
2016-09-09,-0.598000
2016-09-12,-0.591000
2016-09-13,-0.607000
2016-09-14,-0.625000
2016-09-15,-0.632000
2016-09-16,-0.639000
2016-09-19,-0.639000
2016-09-20,-0.642000
2016-09-21,-0.645000
2016-09-22,-0.656000
2016-09-23,-0.658000
2016-09-26,-0.661000
2016-09-27,-0.676000
2016-09-28,-0.671000
2016-09-29,-0.663000
2016-09-30,-0.676000
2016-10-03,-0.670000
2016-10-04,-0.671000
2016-10-05,-0.659000
2016-10-06,-0.655000
2016-10-07,-0.650000
2016-10-10,-0.649000
2016-10-11,-0.679000
2016-10-12,-0.676000
2016-10-13,-0.674000
2016-10-14,-0.671000
2016-10-17,-0.672000
2016-10-18,-0.673000
2016-10-19,-0.680000
2016-10-20,-0.685000
2016-10-21,-0.703000
2016-10-24,-0.716000
2016-10-25,-0.705000
2016-10-26,-0.704000
2016-10-27,-0.722000
2016-10-28,-0.735000
2016-10-31,-0.740000
2016-11-01,-0.730000
2016-11-02,-0.735000
2016-11-03,-0.730000
2016-11-04,-0.730000
2016-11-07,-0.724000
2016-11-08,-0.733000
2016-11-09,-0.738000
2016-11-10,-0.675000
2016-11-11,-0.670000
2016-11-14,-0.653000
2016-11-15,-0.678000
2016-11-16,-0.670000
2016-11-17,-0.680000
2016-11-18,-0.675000
2016-11-21,-0.676000
2016-11-22,-0.691000
2016-11-23,-0.684000
2016-11-24,-0.678000
2016-11-25,-0.686000
2016-11-28,-0.690000
2016-11-29,-0.710000
2016-11-30,-0.715000
2016-12-01,-0.692000
2016-12-02,-0.680000
2016-12-05,-0.670000
2016-12-06,-0.669000
2016-12-07,-0.674000
2016-12-08,-0.686000
2016-12-09,-0.701000
2016-12-12,-0.698000
2016-12-13,-0.691000
2016-12-14,-0.709000
2016-12-15,-0.701000
2016-12-16,-0.691000
2016-12-19,-0.684000
2016-12-20,-0.646000
2016-12-21,-0.624000
2016-12-22,-0.609000
2016-12-23,-0.625000
2016-12-27,-0.634000
2016-12-28,-0.634000
2016-12-29,-0.636000
2016-12-30,-0.630000
2017-01-02,-0.643000
2017-01-03,-0.624000
2017-01-04,-0.629000
2017-01-05,-0.626000
2017-01-09,-0.626000
2017-01-10,-0.625000
2017-01-11,-0.621000
2017-01-12,-0.591000
2017-01-13,-0.557000
2017-01-16,-0.560000
2017-01-17,-0.576000
2017-01-18,-0.568000
2017-01-19,-0.566000
2017-01-20,-0.566000
2017-01-23,-0.567000
2017-01-24,-0.570000
2017-01-25,-0.544000
2017-01-26,-0.551000
2017-01-27,-0.544000
2017-01-30,-0.543000
2017-01-31,-0.532000
2017-02-01,-0.522000
2017-02-02,-0.540000
2017-02-03,-0.545000
2017-02-06,-0.544000
2017-02-07,-0.565000
2017-02-08,-0.562000
2017-02-09,-0.557000
2017-02-10,-0.555000
2017-02-13,-0.544000
2017-02-14,-0.523000
2017-02-15,-0.550000
2017-02-16,-0.553000
2017-02-17,-0.599000
2017-02-20,-0.606000
2017-02-21,-0.619000
2017-02-22,-0.640000
2017-02-23,-0.648000
2017-02-24,-0.664000
2017-02-27,-0.671000
2017-02-28,-0.660000
2017-03-01,-0.619000
2017-03-02,-0.602000
2017-03-03,-0.596000
2017-03-06,-0.606000
2017-03-07,-0.622000
2017-03-08,-0.606000
2017-03-09,-0.600000
2017-03-10,-0.578000
2017-03-13,-0.564000
2017-03-14,-0.551000
2017-03-15,-0.564000
2017-03-16,-0.554000
2017-03-17,-0.548000
2017-03-20,-0.544000
2017-03-21,-0.532000
2017-03-22,-0.556000
2017-03-23,-0.556000
2017-03-24,-0.559000
2017-03-27,-0.572000
2017-03-28,-0.577000
2017-03-29,-0.598000
2017-03-30,-0.590000
2017-03-31,-0.596000
2017-04-03,-0.596000
2017-04-04,-0.613000
2017-04-05,-0.594000
2017-04-06,-0.610000
2017-04-07,-0.629000
2017-04-10,-0.634000
2017-04-11,-0.653000
2017-04-12,-0.656000
2017-04-13,-0.678000
2017-04-18,-0.672000
2017-04-19,-0.680000
2017-04-20,-0.671000
2017-04-21,-0.672000
2017-04-24,-0.650000
2017-04-25,-0.633000
2017-04-26,-0.618000
2017-04-27,-0.644000
2017-04-28,-0.650000
2017-05-02,-0.649000
2017-05-03,-0.648000
2017-05-04,-0.636000
2017-05-05,-0.620000
2017-05-08,-0.607000
2017-05-09,-0.603000
2017-05-10,-0.616000
2017-05-11,-0.633000
2017-05-12,-0.663000
2017-05-15,-0.658000
2017-05-16,-0.669000
2017-05-17,-0.684000
2017-05-18,-0.692000
2017-05-19,-0.696000
2017-05-22,-0.696000
2017-05-23,-0.701000
2017-05-24,-0.705000
2017-05-26,-0.705000
2017-05-29,-0.713000
2017-05-30,-0.711000
2017-05-31,-0.700000
2017-06-01,-0.707000
2017-06-02,-0.700000
2017-06-05,-0.698000
2017-06-07,-0.704000
2017-06-08,-0.704000
2017-06-09,-0.726000
2017-06-12,-0.739000
2017-06-13,-0.721000
2017-06-14,-0.727000
2017-06-15,-0.699000
2017-06-16,-0.707000
2017-06-19,-0.705000
2017-06-20,-0.710000
2017-06-21,-0.701000
2017-06-22,-0.704000
2017-06-26,-0.699000
2017-06-27,-0.666000
2017-06-28,-0.644000
2017-06-29,-0.650000
2017-06-30,-0.624000
2017-07-03,-0.643000
2017-07-04,-0.683000
2017-07-05,-0.681000
2017-07-06,-0.665000
2017-07-07,-0.679000
2017-07-10,-0.689000
2017-07-11,-0.703000
2017-07-12,-0.706000
2017-07-13,-0.661000
2017-07-14,-0.649000
2017-07-17,-0.640000
2017-07-18,-0.682000
2017-07-19,-0.699000
2017-07-20,-0.698000
2017-07-21,-0.711000
2017-07-24,-0.710000
2017-07-25,-0.713000
2017-07-26,-0.720000
2017-07-27,-0.718000
2017-07-28,-0.696000
2017-07-31,-0.675000
2017-08-01,-0.679000
2017-08-02,-0.688000
2017-08-03,-0.685000
2017-08-04,-0.678000
2017-08-07,-0.689000
2017-08-08,-0.690000
2017-08-09,-0.709000
2017-08-10,-0.687000
2017-08-11,-0.689000
2017-08-14,-0.675000
2017-08-15,-0.625000
2017-08-16,-0.642000
2017-08-17,-0.644000
2017-08-18,-0.651000
2017-08-21,-0.661000
2017-08-22,-0.660000
2017-08-23,-0.659000
2017-08-24,-0.662000
2017-08-25,-0.659000
2017-08-28,-0.665000
2017-08-29,-0.681000
2017-08-30,-0.674000
2017-08-31,-0.675000
2017-09-01,-0.666000
2017-09-04,-0.661000
2017-09-05,-0.656000
2017-09-06,-0.654000
2017-09-07,-0.680000
2017-09-08,-0.716000
2017-09-11,-0.720000
2017-09-12,-0.700000
2017-09-13,-0.698000
2017-09-14,-0.680000
2017-09-15,-0.675000
2017-09-18,-0.690000
2017-09-19,-0.695000
2017-09-20,-0.694000
2017-09-21,-0.690000
2017-09-22,-0.684000
2017-09-25,-0.685000
2017-09-26,-0.682000
2017-09-27,-0.658000
2017-09-28,-0.658000
2017-09-29,-0.685000
2017-10-02,-0.677000
2017-10-03,-0.673000
2017-10-04,-0.683000
2017-10-05,-0.678000
2017-10-06,-0.667000
2017-10-09,-0.666000
2017-10-10,-0.657000
2017-10-11,-0.640000
2017-10-12,-0.680000
2017-10-13,-0.703000
2017-10-16,-0.710000
2017-10-17,-0.709000
2017-10-18,-0.701000
2017-10-19,-0.706000
2017-10-20,-0.696000
2017-10-23,-0.698000
2017-10-24,-0.699000
2017-10-25,-0.711000
2017-10-26,-0.737000
2017-10-27,-0.746000
2017-10-30,-0.754000
2017-10-31,-0.775000
2017-11-01,-0.779000
2017-11-02,-0.827000
2017-11-03,-0.836000
2017-11-06,-0.848000
2017-11-07,-0.839000
2017-11-08,-0.830000
2017-11-09,-0.824000
2017-11-10,-0.824000
2017-11-13,-0.824000
2017-11-14,-0.854000
2017-11-15,-0.864000
2017-11-16,-0.862000
2017-11-17,-0.867000
2017-11-20,-0.874000
2017-11-21,-0.882000
2017-11-22,-0.876000
2017-11-23,-0.886000
2017-11-24,-0.879000
2017-11-27,-0.884000
2017-11-28,-0.887000
2017-11-29,-0.875000
2017-11-30,-0.844000
2017-12-01,-0.835000
2017-12-04,-0.829000
2017-12-05,-0.852000
2017-12-06,-0.855000
2017-12-07,-0.850000
2017-12-08,-0.855000
2017-12-11,-0.862000
2017-12-12,-0.847000
2017-12-13,-0.854000
2017-12-14,-0.845000
2017-12-15,-0.458000
2017-12-18,-0.446000
2017-12-19,-0.420000
2017-12-20,-0.408000
2017-12-21,-0.404000
2017-12-22,-0.420000
2017-12-27,-0.425000
2017-12-28,-0.418000
2017-12-29,-0.395000
2018-01-02,-0.384000
2018-01-03,-0.399000
2018-01-04,-0.386000
2018-01-05,-0.395000
2018-01-08,-0.398000
2018-01-09,-0.394000
2018-01-10,-0.378000
2018-01-11,-0.336000
2018-01-12,-0.330000
2018-01-15,-0.342000
2018-01-16,-0.349000
2018-01-17,-0.341000
2018-01-18,-0.340000
2018-01-19,-0.337000
2018-01-22,-0.325000
2018-01-23,-0.340000
2018-01-24,-0.334000
2018-01-25,-0.316000
2018-01-26,-0.308000
2018-01-29,-0.279000
2018-01-30,-0.299000
2018-01-31,-0.304000
2018-02-01,-0.315000
2018-02-02,-0.307000
2018-02-05,-0.316000
2018-02-06,-0.324000
2018-02-07,-0.326000
2018-02-08,-0.312000
2018-02-09,-0.330000
2018-02-12,-0.337000
2018-02-13,-0.344000
2018-02-14,-0.328000
2018-02-15,-0.318000
2018-02-16,-0.329000
2018-02-19,-0.336000
2018-02-20,-0.406000
2018-02-21,-0.410000
2018-02-22,-0.406000
2018-02-23,-0.450000
2018-02-26,-0.443000
2018-02-27,-0.441000
2018-02-28,-0.449000
2018-03-01,-0.452000
2018-03-02,-0.452000
2018-03-05,-0.454000
2018-03-06,-0.434000
2018-03-07,-0.438000
2018-03-08,-0.430000
2018-03-09,-0.430000
2018-03-12,-0.427000
2018-03-13,-0.426000
2018-03-14,-0.459000
2018-03-15,-0.457000
2018-03-16,-0.463000
2018-03-19,-0.454000
2018-03-20,-0.446000
2018-03-21,-0.442000
2018-03-22,-0.461000
2018-03-23,-0.456000
2018-03-26,-0.450000
2018-03-27,-0.455000
2018-03-28,-0.460000
2018-03-29,-0.468000
2018-04-03,-0.479000
2018-04-04,-0.485000
2018-04-05,-0.479000
2018-04-06,-0.480000
2018-04-09,-0.479000
2018-04-10,-0.475000
2018-04-11,-0.477000
2018-04-12,-0.520000
2018-04-13,-0.521000
2018-04-16,-0.519000
2018-04-17,-0.532000
2018-04-18,-0.530000
2018-04-19,-0.495000
2018-04-20,-0.492000
2018-04-23,-0.489000
2018-04-24,-0.486000
2018-04-25,-0.481000
2018-04-26,-0.518000
2018-04-27,-0.543000
2018-04-30,-0.540000
2018-05-02,-0.536000
2018-05-03,-0.537000
2018-05-04,-0.510000
2018-05-07,-0.510000
2018-05-08,-0.491000
2018-05-09,-0.472000
2018-05-11,-0.469000
2018-05-14,-0.475000
2018-05-15,-0.475000
2018-05-16,-0.486000
2018-05-17,-0.496000
2018-05-18,-0.495000
2018-05-21,-0.504000
2018-05-22,-0.498000
2018-05-23,-0.506000
2018-05-24,-0.518000
2018-05-25,-0.552000
2018-05-28,-0.571000
2018-05-29,-0.592000
2018-05-30,-0.570000
2018-05-31,-0.567000
2018-06-01,-0.563000
2018-06-04,-0.553000
2018-06-05,-0.560000
2018-06-07,-0.531000
2018-06-08,-0.553000
2018-06-11,-0.552000
2018-06-12,-0.559000
2018-06-13,-0.552000
2018-06-14,-0.575000
2018-06-15,-0.590000
2018-06-18,-0.600000
2018-06-19,-0.609000
2018-06-20,-0.595000
2018-06-21,-0.602000
2018-06-25,-0.599000
2018-06-26,-0.582000
2018-06-27,-0.571000
2018-06-28,-0.547000
2018-06-29,-0.546000
2018-07-02,-0.554000
2018-07-03,-0.525000
2018-07-04,-0.501000
2018-07-05,-0.500000
2018-07-06,-0.510000
2018-07-09,-0.535000
2018-07-10,-0.535000
2018-07-11,-0.536000
2018-07-12,-0.556000
2018-07-13,-0.570000
2018-07-16,-0.569000
2018-07-17,-0.570000
2018-07-18,-0.572000
2018-07-19,-0.573000
2018-07-20,-0.573000
2018-07-23,-0.563000
2018-07-24,-0.559000
2018-07-25,-0.545000
2018-07-26,-0.531000
2018-07-27,-0.526000
2018-07-30,-0.481000
2018-07-31,-0.492000
2018-08-01,-0.475000
2018-08-02,-0.478000
2018-08-03,-0.499000
2018-08-06,-0.509000
2018-08-07,-0.508000
2018-08-08,-0.511000
2018-08-09,-0.524000
2018-08-10,-0.550000
2018-08-13,-0.551000
2018-08-14,-0.553000
2018-08-15,-0.548000
2018-08-16,-0.541000
2018-08-17,-0.538000
2018-08-20,-0.539000
2018-08-21,-0.523000
2018-08-22,-0.529000
2018-08-23,-0.524000
2018-08-24,-0.530000
2018-08-27,-0.530000
2018-08-28,-0.529000
2018-08-29,-0.527000
2018-08-30,-0.518000
2018-08-31,-0.520000
2018-09-03,-0.525000
2018-09-04,-0.495000
2018-09-05,-0.480000
2018-09-06,-0.450000
2018-09-07,-0.436000
2018-09-10,-0.435000
2018-09-11,-0.449000
2018-09-12,-0.453000
2018-09-13,-0.455000
2018-09-14,-0.468000
2018-09-17,-0.455000
2018-09-18,-0.464000
2018-09-19,-0.451000
2018-09-20,-0.457000
2018-09-21,-0.467000
2018-09-24,-0.451000
2018-09-25,-0.447000
2018-09-26,-0.440000
2018-09-27,-0.440000
2018-09-28,-0.445000
2018-10-01,-0.435000
2018-10-02,-0.454000
2018-10-03,-0.450000
2018-10-04,-0.437000
2018-10-05,-0.426000
2018-10-08,-0.430000
2018-10-09,-0.434000
2018-10-10,-0.430000
2018-10-11,-0.398000
2018-10-12,-0.408000
2018-10-15,-0.409000
2018-10-16,-0.401000
2018-10-17,-0.400000
2018-10-18,-0.410000
2018-10-19,-0.412000
2018-10-22,-0.390000
2018-10-23,-0.396000
2018-10-24,-0.415000
2018-10-25,-0.423000
2018-10-26,-0.431000
2018-10-29,-0.427000
2018-10-30,-0.431000
2018-10-31,-0.425000
2018-11-01,-0.421000
2018-11-02,-0.409000
2018-11-05,-0.414000
2018-11-06,-0.415000
2018-11-07,-0.415000
2018-11-08,-0.391000
2018-11-09,-0.397000
2018-11-12,-0.398000
2018-11-13,-0.397000
2018-11-14,-0.409000
2018-11-15,-0.423000
2018-11-16,-0.420000
2018-11-19,-0.417000
2018-11-20,-0.432000
2018-11-21,-0.431000
2018-11-22,-0.430000
2018-11-23,-0.422000
2018-11-26,-0.415000
2018-11-27,-0.429000
2018-11-28,-0.427000
2018-11-29,-0.445000
2018-11-30,-0.446000
2018-12-03,-0.440000
2018-12-04,-0.447000
2018-12-05,-0.437000
2018-12-06,-0.442000
2018-12-07,-0.432000
2018-12-10,-0.419000
2018-12-11,-0.421000
2018-12-12,-0.471000
2018-12-13,-0.463000
2018-12-14,-0.456000
2018-12-17,-0.455000
2018-12-18,-0.435000
2018-12-19,-0.418000
2018-12-20,-0.378000
2018-12-21,-0.391000
2018-12-27,-0.392000
2018-12-28,-0.387000
2019-01-02,-0.405000
2019-01-03,-0.400000
2019-01-04,-0.404000
2019-01-07,-0.400000
2019-01-08,-0.387000
2019-01-09,-0.362000
2019-01-10,-0.369000
2019-01-11,-0.388000
2019-01-14,-0.387000
2019-01-15,-0.385000
2019-01-16,-0.378000
2019-01-17,-0.381000
2019-01-18,-0.381000
2019-01-21,-0.381000
2019-01-22,-0.389000
2019-01-23,-0.394000
2019-01-24,-0.410000
2019-01-25,-0.406000
2019-01-28,-0.400000
2019-01-29,-0.401000
2019-01-30,-0.410000
2019-01-31,-0.421000
2019-02-01,-0.422000
2019-02-04,-0.417000
2019-02-05,-0.419000
2019-02-06,-0.424000
2019-02-07,-0.437000
2019-02-08,-0.458000
2019-02-11,-0.452000
2019-02-12,-0.440000
2019-02-13,-0.415000
2019-02-14,-0.405000
2019-02-15,-0.396000
2019-02-18,-0.390000
2019-02-19,-0.429000
2019-02-20,-0.424000
2019-02-21,-0.408000
2019-02-22,-0.414000
2019-02-25,-0.406000
2019-02-26,-0.412000
2019-02-27,-0.406000
2019-02-28,-0.374000
2019-03-01,-0.364000
2019-03-04,-0.365000
2019-03-05,-0.365000
2019-03-06,-0.377000
2019-03-07,-0.400000
2019-03-08,-0.404000
2019-03-11,-0.405000
2019-03-12,-0.417000
2019-03-13,-0.416000
2019-03-14,-0.416000
2019-03-15,-0.412000
2019-03-18,-0.411000
2019-03-19,-0.410000
2019-03-20,-0.405000
2019-03-21,-0.417000
2019-03-22,-0.442000
2019-03-25,-0.441000
2019-03-26,-0.451000
2019-03-27,-0.477000
2019-03-28,-0.503000
2019-03-29,-0.502000
2019-04-01,-0.506000
2019-04-02,-0.477000
2019-04-03,-0.471000
2019-04-04,-0.478000
2019-04-05,-0.477000
2019-04-08,-0.479000
2019-04-09,-0.486000
2019-04-10,-0.494000
2019-04-11,-0.486000
2019-04-12,-0.476000
2019-04-15,-0.473000
2019-04-16,-0.474000
2019-04-17,-0.474000
2019-04-18,-0.478000
2019-04-23,-0.476000
2019-04-24,-0.481000
2019-04-25,-0.549000
2019-04-26,-0.573000
2019-04-29,-0.565000
2019-04-30,-0.561000
2019-05-02,-0.567000
2019-05-03,-0.568000
2019-05-06,-0.575000
2019-05-07,-0.599000
2019-05-08,-0.603000
2019-05-09,-0.609000
2019-05-10,-0.608000
2019-05-13,-0.610000
2019-05-14,-0.610000
2019-05-15,-0.616000
2019-05-16,-0.609000
2019-05-17,-0.609000
2019-05-20,-0.595000
2019-05-21,-0.587000
2019-05-22,-0.577000
2019-05-23,-0.574000
2019-05-24,-0.556000
2019-05-27,-0.560000
2019-05-28,-0.560000
2019-05-29,-0.558000
2019-05-31,-0.571000
2019-06-03,-0.576000
2019-06-04,-0.580000
2019-06-05,-0.584000
2019-06-07,-0.605000
2019-06-10,-0.604000
2019-06-11,-0.620000
2019-06-12,-0.618000
2019-06-13,-0.624000
2019-06-14,-0.590000
2019-06-17,-0.580000
2019-06-18,-0.623000
2019-06-19,-0.620000
2019-06-20,-0.633000
2019-06-24,-0.635000
2019-06-25,-0.625000
2019-06-26,-0.628000
2019-06-27,-0.614000
2019-06-28,-0.613000
2019-07-01,-0.610000
2019-07-02,-0.609000
2019-07-03,-0.590000
2019-07-04,-0.602000
2019-07-05,-0.575000
2019-07-08,-0.585000
2019-07-09,-0.580000
2019-07-10,-0.570000
2019-07-11,-0.560000
2019-07-12,-0.545000
2019-07-15,-0.530000
2019-07-16,-0.550000
2019-07-17,-0.555000
2019-07-18,-0.560000
2019-07-19,-0.572000
2019-07-22,-0.574000
2019-07-23,-0.585000
2019-07-24,-0.575000
2019-07-25,-0.585000
2019-07-26,-0.592000
2019-07-29,-0.595000
2019-07-30,-0.620000
2019-07-31,-0.625000
2019-08-01,-0.620000
2019-08-02,-0.620000
2019-08-05,-0.625000
2019-08-06,-0.625000
2019-08-07,-0.630000
2019-08-08,-0.626000
2019-08-09,-0.627000
2019-08-12,-0.632000
2019-08-13,-0.625000
2019-08-14,-0.630000
2019-08-15,-0.650000
2019-08-16,-0.660000
2019-08-19,-0.655000
2019-08-20,-0.659000
2019-08-21,-0.653000
2019-08-22,-0.645000
2019-08-23,-0.640000
2019-08-26,-0.645000
2019-08-27,-0.648000
2019-08-28,-0.649000
2019-08-29,-0.645000
2019-08-30,-0.653000
2019-09-02,-0.652000
2019-09-03,-0.657000
2019-09-04,-0.656000
2019-09-05,-0.588000
2019-09-06,-0.580000
2019-09-09,-0.570000
2019-09-10,-0.609000
2019-09-11,-0.614000
2019-09-12,-0.594000
2019-09-13,-0.580000
2019-09-16,-0.590000
2019-09-17,-0.595000
2019-09-18,-0.624000
2019-09-19,-0.590000
2019-09-20,-0.570000
2019-09-23,-0.580000
2019-09-24,-0.580000
2019-09-25,-0.588000
2019-09-26,-0.590000
2019-09-27,-0.587000
2019-09-30,-0.588000
2019-10-01,-0.620000
2019-10-02,-0.618000
2019-10-03,-0.647000
2019-10-04,-0.643000
2019-10-07,-0.632000
2019-10-08,-0.634000
2019-10-09,-0.629000
2019-10-10,-0.580000
2019-10-11,-0.563000
2019-10-14,-0.556000
2019-10-15,-0.555000
2019-10-16,-0.534000
2019-10-17,-0.533000
2019-10-18,-0.533000
2019-10-21,-0.528000
2019-10-22,-0.524000
2019-10-23,-0.506000
2019-10-24,-0.425000
2019-10-25,-0.417000
2019-10-28,-0.395000
2019-10-29,-0.390000
2019-10-30,-0.385000
2019-10-31,-0.397000
2019-11-01,-0.385000
2019-11-04,-0.385000
2019-11-05,-0.379000
2019-11-06,-0.365000
2019-11-07,-0.345000
2019-11-08,-0.343000
2019-11-11,-0.348000
2019-11-12,-0.335000
2019-11-13,-0.345000
2019-11-14,-0.342000
2019-11-15,-0.341000
2019-11-18,-0.339000
2019-11-19,-0.343000
2019-11-20,-0.342000
2019-11-21,-0.335000
2019-11-22,-0.335000
2019-11-25,-0.331000
2019-11-26,-0.328000
2019-11-27,-0.310000
2019-11-28,-0.315000
2019-11-29,-0.290000
2019-12-02,-0.285000
2019-12-03,-0.309000
2019-12-04,-0.311000
2019-12-05,-0.315000
2019-12-06,-0.315000
2019-12-09,-0.320000
2019-12-10,-0.317000
2019-12-11,-0.301000
2019-12-12,-0.305000
2019-12-13,-0.310000
2019-12-16,-0.300000
2019-12-17,-0.325000
2019-12-18,-0.320000
2019-12-19,-0.317000
2019-12-20,-0.318000
2019-12-23,-0.325000
2019-12-27,-0.321000
2019-12-30,-0.313000
2020-01-02,-0.311000
2020-01-03,-0.298000
2020-01-07,-0.295000
2020-01-08,-0.290000
2020-01-09,-0.299000
2020-01-10,-0.290000
2020-01-13,-0.290000
2020-01-14,-0.290000
2020-01-15,-0.290000
2020-01-16,-0.290000
2020-01-17,-0.298000
2020-01-20,-0.297000
2020-01-21,-0.295000
2020-01-22,-0.297000
2020-01-23,-0.298000
2020-01-24,-0.290000
2020-01-27,-0.302000
2020-01-28,-0.304000
2020-01-29,-0.290000
2020-01-30,-0.305000
2020-01-31,-0.309000
2020-02-03,-0.308000
2020-02-04,-0.304000
2020-02-05,-0.304000
2020-02-06,-0.305000
2020-02-07,-0.305000
2020-02-10,-0.305000
2020-02-11,-0.305000
2020-02-12,-0.290000
2020-02-13,-0.295000
2020-02-14,-0.308000
2020-02-17,-0.304000
2020-02-18,-0.307000
2020-02-19,-0.320000
2020-02-20,-0.398000
2020-02-21,-0.400000
2020-02-24,-0.410000
2020-02-25,-0.418000
2020-02-26,-0.426000
2020-02-27,-0.457000
2020-02-28,-0.501000
2020-03-02,-0.561000
2020-03-03,-0.536000
2020-03-04,-0.545000
2020-03-05,-0.560000
2020-03-06,-0.583000
2020-03-09,-0.684000
2020-03-10,-0.591000
2020-03-11,-0.583000
2020-03-12,-0.570000
2020-03-13,-0.500000
2020-03-16,-0.471000
2020-03-17,-0.480000
2020-03-18,-0.445000
2020-03-19,-0.389000
2020-03-20,-0.398000
2020-03-23,-0.395000
2020-03-24,-0.388000
2020-03-25,-0.370000
2020-03-26,-0.388000
2020-03-27,-0.400000
2020-03-30,-0.435000
2020-03-31,-0.425000
2020-04-01,-0.424000
2020-04-02,-0.440000
2020-04-03,-0.446000
2020-04-06,-0.440000
2020-04-07,-0.412000
2020-04-08,-0.375000
2020-04-09,-0.345000
2020-04-14,-0.365000
2020-04-15,-0.380000
2020-04-16,-0.360000
2020-04-17,-0.366000
2020-04-20,-0.357000
2020-04-21,-0.345000
2020-04-22,-0.340000
2020-04-23,-0.340000
2020-04-24,-0.350000
2020-04-27,-0.365000
2020-04-28,-0.345000
2020-04-29,-0.360000
2020-04-30,-0.356000
2020-05-04,-0.365000
2020-05-05,-0.364000
2020-05-06,-0.349000
2020-05-07,-0.360000
2020-05-08,-0.352000
2020-05-11,-0.330000
2020-05-12,-0.315000
2020-05-13,-0.358000
2020-05-14,-0.372000
2020-05-15,-0.365000
2020-05-18,-0.357000
2020-05-19,-0.315000
2020-05-20,-0.309000
2020-05-22,-0.308000
2020-05-25,-0.305000
2020-05-26,-0.290000
2020-05-27,-0.285000
2020-05-28,-0.287000
2020-05-29,-0.282000
2020-06-01,-0.269000
2020-06-02,-0.270000
2020-06-03,-0.250000
2020-06-04,-0.245000
2020-06-05,-0.259000
2020-06-08,-0.255000
2020-06-09,-0.272000
2020-06-10,-0.275000
2020-06-11,-0.285000
2020-06-12,-0.301000
2020-06-15,-0.312000
2020-06-16,-0.319000
2020-06-17,-0.324000
2020-06-18,-0.328000
2020-06-22,-0.349000
2020-06-23,-0.339000
2020-06-24,-0.336000
2020-06-25,-0.353000
2020-06-26,-0.350000
2020-06-29,-0.349000
2020-06-30,-0.349000
2020-07-01,-0.357000
2020-07-02,-0.367000
2020-07-03,-0.367000
2020-07-06,-0.359000
2020-07-07,-0.339000
2020-07-08,-0.335000
2020-07-09,-0.334000
2020-07-10,-0.348000
2020-07-13,-0.339000
2020-07-14,-0.338000
2020-07-15,-0.330000
2020-07-16,-0.334000
2020-07-17,-0.334000
2020-07-20,-0.326000
2020-07-21,-0.333000
2020-07-22,-0.340000
2020-07-23,-0.338000
2020-07-24,-0.319000
2020-07-27,-0.303000
2020-07-28,-0.303000
2020-07-29,-0.296000
2020-07-30,-0.305000
2020-07-31,-0.305000
2020-08-03,-0.307000
2020-08-04,-0.312000
2020-08-05,-0.314000
2020-08-06,-0.324000
2020-08-07,-0.327000
2020-08-10,-0.329000
2020-08-11,-0.327000
2020-08-12,-0.316000
2020-08-13,-0.307000
2020-08-14,-0.316000
2020-08-17,-0.316000
2020-08-18,-0.320000
2020-08-19,-0.329000
2020-08-20,-0.341000
2020-08-21,-0.357000
2020-08-24,-0.360000
2020-08-25,-0.343000
2020-08-26,-0.347000
2020-08-27,-0.340000
2020-08-28,-0.342000
2020-08-31,-0.345000
2020-09-01,-0.348000
2020-09-02,-0.356000
2020-09-03,-0.358000
2020-09-04,-0.348000
2020-09-07,-0.344000
2020-09-08,-0.350000
2020-09-09,-0.349000
2020-09-10,-0.349000
2020-09-11,-0.353000
2020-09-14,-0.359000
2020-09-15,-0.359000
2020-09-16,-0.358000
2020-09-17,-0.364000
2020-09-18,-0.369000
2020-09-21,-0.374000
2020-09-22,-0.375000
2020-09-23,-0.367000
2020-09-24,-0.363000
2020-09-25,-0.363000
2020-09-28,-0.364000
2020-09-29,-0.365000
2020-09-30,-0.355000
2020-10-01,-0.355000
2020-10-02,-0.350000
2020-10-05,-0.344570
2020-10-06,-0.343280
2020-10-07,-0.338540
2020-10-08,-0.339240
2020-10-09,-0.345450
2020-10-12,-0.344150
2020-10-13,-0.366070
2020-10-14,-0.377010
2020-10-15,-0.386090
2020-10-16,-0.388360
2020-10-19,-0.385950
2020-10-20,-0.375310
2020-10-21,-0.389930
2020-10-22,-0.380860
2020-10-23,-0.370110
2020-10-26,-0.372980
2020-10-27,-0.377640
2020-10-28,-0.388280
2020-10-29,-0.394720
2020-10-30,-0.404840
2020-11-02,-0.407800
2020-11-03,-0.415570
2020-11-04,-0.410740
2020-11-05,-0.405210
2020-11-06,-0.398500
2020-11-09,-0.389940
2020-11-10,-0.383790
2020-11-11,-0.389200
2020-11-12,-0.383470
2020-11-13,-0.399980
2020-11-16,-0.400550
2020-11-17,-0.414680
2020-11-18,-0.415890
2020-11-19,-0.415830
2020-11-20,-0.408970
2020-11-23,-0.415790
2020-11-24,-0.407030
2020-11-25,-0.395100
2020-11-26,-0.388630
2020-11-27,-0.381620
2020-11-30,-0.381530
2020-12-01,-0.366250
2020-12-02,-0.363590
2020-12-03,-0.354930
2020-12-04,-0.379100
2020-12-07,-0.382210
2020-12-08,-0.387900
2020-12-09,-0.400680
2020-12-10,-0.398590
2020-12-11,-0.406960
2020-12-14,-0.420550
2020-12-15,-0.415990
2020-12-16,-0.423790
2020-12-17,-0.373290
2020-12-18,-0.375150
2020-12-21,-0.349360
2020-12-22,-0.381190
2020-12-23,-0.360430
2020-12-28,-0.354950
2020-12-29,-0.361110
2020-12-30,-0.393360
2021-01-04,-0.371330
2021-01-05,-0.372430
2021-01-07,-0.337910
2021-01-08,-0.335600
2021-01-11,-0.331930
2021-01-12,-0.324180
2021-01-13,-0.337790
2021-01-14,-0.350540
2021-01-15,-0.359450
2021-01-18,-0.350330
2021-01-19,-0.348350
2021-01-20,-0.351830
2021-01-21,-0.346900
2021-01-22,-0.346620
2021-01-25,-0.369670
2021-01-26,-0.357050
2021-01-27,-0.364690
2021-01-28,-0.377590
2021-01-29,-0.360790
2021-02-01,-0.352590
2021-02-02,-0.350930
2021-02-03,-0.342690
2021-02-04,-0.351550
2021-02-05,-0.341890
2021-02-08,-0.331510
2021-02-09,-0.340260
2021-02-10,-0.336490
2021-02-11,-0.317400
2021-02-12,-0.320940
2021-02-15,-0.299920
2021-02-16,-0.287990
2021-02-17,-0.275670
2021-02-18,-0.277410
2021-02-19,-0.273520
2021-02-22,-0.277040
2021-02-23,-0.284470
2021-02-24,-0.286600
2021-02-25,-0.248450
2021-02-26,-0.254840
2021-03-01,-0.262320
2021-03-02,-0.261220
2021-03-03,-0.238260
2021-03-04,-0.241350
2021-03-05,-0.211050
2021-03-08,-0.213140
2021-03-09,-0.245550
2021-03-10,-0.244780
2021-03-11,-0.273980
2021-03-12,-0.251860
2021-03-15,-0.267430
2021-03-16,-0.270320
2021-03-17,-0.267760
2021-03-18,-0.252020
2021-03-19,-0.262570
2021-03-22,-0.268030
2021-03-23,-0.276430
2021-03-24,-0.280450
2021-03-25,-0.291820
2021-03-26,-0.274180
2021-03-29,-0.276750
2021-03-30,-0.249490
2021-03-31,-0.265590
2021-04-01,-0.264830
2021-04-06,-0.282250
2021-04-07,-0.270360
2021-04-08,-0.288190
2021-04-09,-0.280000
2021-04-12,-0.296410
2021-04-13,-0.292320
2021-04-14,-0.296810
2021-04-15,-0.294980
2021-04-16,-0.287850
2021-04-19,-0.293870
2021-04-20,-0.295770
2021-04-21,-0.287110
2021-04-22,-0.287870
2021-04-23,-0.295070
2021-04-26,-0.287880
2021-04-27,-0.284470
2021-04-28,-0.291310
2021-04-29,-0.277220
2021-04-30,-0.289810
2021-05-03,-0.273000
2021-05-04,-0.279490
2021-05-05,-0.277190
2021-05-06,-0.274470
2021-05-07,-0.279850
2021-05-10,-0.274450
2021-05-11,-0.264770
2021-05-12,-0.276710
2021-05-14,-0.259240
2021-05-17,-0.251830
2021-05-18,-0.265020
2021-05-19,-0.261490
2021-05-20,-0.252810
2021-05-21,-0.260600
2021-05-24,-0.260580
2021-05-25,-0.264860
2021-05-26,-0.280540
2021-05-27,-0.278960
2021-05-28,-0.276190
2021-05-31,-0.265530
2021-06-01,-0.276960
2021-06-02,-0.265880
2021-06-03,-0.267800
2021-06-04,-0.270160
2021-06-07,-0.269750
2021-06-08,-0.277300
2021-06-09,-0.291630
2021-06-10,-0.294850
2021-06-11,-0.300060
2021-06-14,-0.293670
2021-06-15,-0.285660
2021-06-16,-0.286860
2021-06-17,-0.278410
2021-06-18,-0.246500
2021-06-21,-0.242810
2021-06-22,-0.240330
2021-06-23,-0.238490
2021-06-24,-0.226200
2021-06-28,-0.239190
2021-06-29,-0.234640
2021-06-30,-0.239900
2021-07-01,-0.252870
2021-07-02,-0.275420
2021-07-05,-0.261840
2021-07-06,-0.268810
2021-07-07,-0.276210
2021-07-08,-0.286510
2021-07-09,-0.301000
2021-07-12,-0.289420
2021-07-13,-0.281950
2021-07-14,-0.292340
2021-07-15,-0.292780
2021-07-16,-0.296960
2021-07-19,-0.294890
2021-07-20,-0.317900
2021-07-21,-0.315010
2021-07-22,-0.315550
2021-07-23,-0.308010
2021-07-26,-0.320670
2021-07-27,-0.311440
2021-07-28,-0.311050
2021-07-29,-0.318740
2021-07-30,-0.316660
2021-08-02,-0.320520
2021-08-03,-0.320990
2021-08-04,-0.303590
2021-08-05,-0.309640
2021-08-06,-0.304970
2021-08-09,-0.295570
2021-08-10,-0.300300
2021-08-11,-0.307190
2021-08-12,-0.302970
2021-08-13,-0.289610
2021-08-16,-0.286590
2021-08-17,-0.294810
2021-08-18,-0.297430
2021-08-19,-0.309650
2021-08-20,-0.307510
2021-08-23,-0.305360
2021-08-24,-0.303200
2021-08-25,-0.294040
2021-08-26,-0.286620
2021-08-27,-0.292320
2021-08-30,-0.291010
2021-08-31,-0.280460
2021-09-01,-0.280890
2021-09-02,-0.287070
2021-09-03,-0.288850
2021-09-06,-0.287960
2021-09-07,-0.281750
2021-09-08,-0.286640
2021-09-09,-0.292900
2021-09-10,-0.287990
2021-09-13,-0.288890
2021-09-14,-0.273200
2021-09-15,-0.275880
2021-09-16,-0.268170
2021-09-17,-0.262730
2021-09-20,-0.269940
2021-09-21,-0.288020
2021-09-22,-0.276700
2021-09-23,-0.252990
2021-09-24,-0.279840
2021-09-27,-0.285770
2021-09-28,-0.283030
2021-09-29,-0.288060
2021-09-30,-0.285770
2021-10-01,-0.290830
2021-10-04,-0.291760
2021-10-05,-0.290850
2021-10-06,-0.285320
2021-10-07,-0.302930
2021-10-08,-0.301560
2021-10-11,-0.285780
2021-10-12,-0.285320
2021-10-13,-0.268530
2021-10-14,-0.293740
2021-10-15,-0.270320
2021-10-18,-0.234580
2021-10-19,-0.224150
2021-10-20,-0.250940
2021-10-21,-0.229970
2021-10-22,-0.218040
2021-10-25,-0.216520
2021-10-26,-0.222130
2021-10-27,-0.190120
2021-10-28,-0.139140
2021-10-29,-0.085670
2021-11-01,-0.087320
2021-11-02,-0.137080
2021-11-03,-0.133020
2021-11-04,-0.175870
2021-11-05,-0.190240
2021-11-08,-0.188160
2021-11-09,-0.194320
2021-11-10,-0.180110
2021-11-11,-0.135720
2021-11-12,-0.156040
2021-11-15,-0.131370
2021-11-16,-0.119370
2021-11-17,-0.118150
2021-11-18,-0.155880
2021-11-19,-0.219810
2021-11-22,-0.210830
2021-11-23,-0.205770
2021-11-24,-0.207140
2021-11-25,-0.238090
2021-11-26,-0.272810
2021-11-29,-0.267820
2021-11-30,-0.293190
2021-12-01,-0.255770
2021-12-02,-0.284200
2021-12-03,-0.261100
2021-12-06,-0.254520
2021-12-07,-0.246910
2021-12-08,-0.236760
2021-12-09,-0.252240
2021-12-10,-0.241020
2021-12-13,-0.238920
2021-12-14,-0.228150
2021-12-15,-0.222960
2021-12-16,-0.204720
2021-12-17,-0.223080
2021-12-20,-0.229660
2021-12-21,-0.216700
2021-12-22,-0.215750
2021-12-23,-0.213570
2021-12-27,-0.205000
2021-12-28,-0.195000
2021-12-29,-0.185000
2021-12-30,-0.190890
2022-01-03,-0.179200
2022-01-04,-0.182020
2022-01-05,-0.177830
2022-01-07,-0.160180
2022-01-10,-0.149900
2022-01-11,-0.130540
2022-01-12,-0.132960
2022-01-13,-0.135980
2022-01-14,-0.136280
2022-01-17,-0.127450
2022-01-18,-0.127740
2022-01-19,-0.121030
2022-01-20,-0.118070
2022-01-21,-0.130270
2022-01-24,-0.145210
2022-01-25,-0.145530
2022-01-26,-0.139860
2022-01-27,-0.118640
2022-01-28,-0.100310
2022-01-31,-0.061610
2022-02-01,-0.057950
2022-02-02,-0.048770
2022-02-03,0.014960
2022-02-04,0.097720
2022-02-07,0.108370
2022-02-08,0.105660
2022-02-09,0.083370
2022-02-10,0.020080
2022-02-11,0.020580
2022-02-14,0.000280
2022-02-15,0.007510
2022-02-16,-0.020200
2022-02-17,-0.040970
2022-02-18,0.014480
2022-02-21,0.020660
2022-02-22,0.064500
2022-02-23,0.076510
2022-02-24,0.001430
2022-02-25,0.006340
2022-02-28,-0.047380
2022-03-01,-0.159360
2022-03-02,-0.168370
2022-03-03,-0.092390
2022-03-04,-0.134470
2022-03-07,-0.088230
2022-03-08,-0.034770
2022-03-09,0.017180
2022-03-10,0.137900
2022-03-11,0.171780
2022-03-14,0.289040
2022-03-15,0.264990
2022-03-16,0.296990
2022-03-17,0.351080
2022-03-18,0.334720
2022-03-21,0.362340
2022-03-22,0.436070
2022-03-23,0.427620
2022-03-24,0.510090
2022-03-25,0.551290
2022-03-28,0.646160
2022-03-29,0.696020
2022-03-30,0.787950
2022-03-31,0.702340
2022-04-01,0.713410
2022-04-04,0.665400
2022-04-05,0.685780
2022-04-06,0.750000
2022-04-07,0.754300
2022-04-08,0.804070
2022-04-11,0.876850
2022-04-12,0.837750
2022-04-13,0.782160
2022-04-14,0.844880
2022-04-19,0.875810
2022-04-20,0.863140
2022-04-21,0.906330
2022-04-22,0.931860
2022-04-25,0.895780
2022-04-26,0.907720
2022-04-27,0.900800
2022-04-28,1.018290
2022-04-29,1.163150
2022-05-02,1.210890
2022-05-03,1.268150
2022-05-04,1.397800
2022-05-05,1.354270
2022-05-06,1.397050
2022-05-09,1.349700
2022-05-10,1.271930
2022-05-11,1.343070
2022-05-12,1.216700
2022-05-13,1.240620
2022-05-16,1.242860
2022-05-17,1.322210
2022-05-18,1.334880
2022-05-19,1.281690
2022-05-20,1.286790
2022-05-23,1.276740
2022-05-24,1.271750
2022-05-25,1.231490
2022-05-27,1.187690
2022-05-30,1.173880
2022-05-31,1.168380
2022-06-01,1.206890
2022-06-02,1.234960
2022-06-03,1.278980
2022-06-07,1.357980
2022-06-08,1.375500
2022-06-09,1.422760
2022-06-10,1.432660
2022-06-13,1.511020
2022-06-14,1.673120
2022-06-15,1.700350
2022-06-16,1.899400
2022-06-17,1.870030
2022-06-20,1.868560
2022-06-21,1.900320
2022-06-22,1.852930
2022-06-23,1.733790
2022-06-27,1.732780
2022-06-28,1.822160
2022-06-29,1.759160
2022-06-30,1.638980
2022-07-01,1.442630
2022-07-04,1.595860
2022-07-05,1.486800
2022-07-06,1.384330
2022-07-07,1.443480
2022-07-08,1.460090
2022-07-11,1.430330
2022-07-12,1.401230
2022-07-13,1.468280
2022-07-14,1.684890
2022-07-15,1.726380
2022-07-18,1.817910
2022-07-19,1.903760
2022-07-20,1.888160
2022-07-21,1.971950
2022-07-22,1.833070
2022-07-25,1.855150
2022-07-26,1.815500
2022-07-27,1.823330
2022-07-28,1.708470
2022-07-29,1.727270
2022-08-01,1.684640
2022-08-02,1.717060
2022-08-03,1.766520
2022-08-04,1.730320
2022-08-05,1.825660
2022-08-08,1.832080
2022-08-09,1.854010
2022-08-10,1.813970
2022-08-11,1.835830
2022-08-12,1.712320
2022-08-15,1.675760
2022-08-16,1.696790
2022-08-17,1.770080
2022-08-18,1.789470
2022-08-19,1.863790
2022-08-22,1.900740
2022-08-23,1.953060
2022-08-24,2.033600
2022-08-25,2.050960
2022-08-26,2.115510
2022-08-29,2.284370
2022-08-30,2.250070
2022-08-31,2.176880
2022-09-01,2.225890
2022-09-02,2.190230
2022-09-05,2.211900
2022-09-06,2.188270
2022-09-07,2.128700
2022-09-08,2.163160
2022-09-09,2.236300
2022-09-12,2.213270
2022-09-13,2.244300
2022-09-14,2.271040
2022-09-15,2.248880
2022-09-16,2.274090
2022-09-19,2.311170
2022-09-20,2.380150
2022-09-21,2.364160
2022-09-22,2.355050
2022-09-23,2.433300
2022-09-26,2.486270
2022-09-27,2.500740
2022-09-28,2.386720
2022-09-29,2.338560
2022-09-30,2.180650
2022-10-03,2.173080
2022-10-04,2.108570
2022-10-05,2.161550
2022-10-06,2.164790
2022-10-07,2.228930
2022-10-10,2.436000
2022-10-11,2.476000
2022-10-12,2.460000
2022-10-13,2.447000
2022-10-14,2.415000
2022-10-17,2.387000
2022-10-18,2.384000
2022-10-19,2.444000
2022-10-20,2.507000
2022-10-21,2.515000
2022-10-24,2.471000
2022-10-25,2.412000
2022-10-26,2.421000
2022-10-27,2.318000
2022-10-28,2.401000
2022-10-31,2.440000
2022-11-01,2.399000
2022-11-02,2.397000
2022-11-03,2.404000
2022-11-04,2.450000
2022-11-07,2.429000
2022-11-08,2.434000
2022-11-09,2.436000
2022-11-10,2.309000
2022-11-11,2.420000
2022-11-14,2.376000
2022-11-15,2.414000
2022-11-16,2.386000
2022-11-17,2.382000
2022-11-18,2.388000
2022-11-21,2.375000
2022-11-22,2.375000
2022-11-23,2.406000
2022-11-24,2.373000
2022-11-25,2.485000
2022-11-28,2.497000
2022-11-29,2.429000
2022-11-30,2.471000
2022-12-01,2.383000
2022-12-02,2.425000
2022-12-05,2.487000
2022-12-06,2.397000
2022-12-07,2.377000
2022-12-08,2.369000
2022-12-09,2.350000
2022-12-12,2.329000
2022-12-13,2.306000
2022-12-14,2.294000
2022-12-15,2.441000
2022-12-16,2.605000
2022-12-19,2.619000
2022-12-20,2.642000
2022-12-21,2.684000
2022-12-22,2.727000
2022-12-23,2.770000
2022-12-27,2.845000
2022-12-28,2.815000
2022-12-29,2.809000
2022-12-30,2.830000
2023-01-02,2.766000
2023-01-03,2.740000
2023-01-04,2.665000
2023-01-05,2.666000
2023-01-09,2.631000
2023-01-10,2.602000
2023-01-11,2.473000
2023-01-12,2.419000
2023-01-13,2.493000
2023-01-16,2.559000
2023-01-17,2.511000
2023-01-18,2.456000
2023-01-19,2.527000
2023-01-20,2.592000
2023-01-23,2.581000
2023-01-24,2.583000
2023-01-25,2.533000
2023-01-26,2.534000
2023-01-27,2.565000
2023-01-30,2.561000
2023-01-31,2.538000
2023-02-01,2.514000
2023-02-02,2.340000
2023-02-03,2.395000
2023-02-06,2.466000
2023-02-07,2.494000
2023-02-08,2.564000
2023-02-09,2.683000
2023-02-10,2.823000
2023-02-13,2.844000
2023-02-14,2.842000
2023-02-15,2.859000
2023-02-16,2.843000
2023-02-17,2.874000
2023-02-20,3.033000
2023-02-21,3.162000
2023-02-22,3.128000
2023-02-23,3.102000
2023-02-24,3.207000
2023-02-27,3.236000
2023-02-28,3.242000
2023-03-01,3.263000
2023-03-02,3.233000
2023-03-03,3.193000
2023-03-06,3.223000
2023-03-07,3.266000
2023-03-08,3.282000
2023-03-09,3.319000
2023-03-10,3.134000
2023-03-13,2.749000
2023-03-14,2.904000
2023-03-15,2.838000
2023-03-16,2.856000
2023-03-17,2.842000
2023-03-20,2.704000
2023-03-21,2.798000
2023-03-22,2.929000
2023-03-23,2.817000
2023-03-24,2.677000
2023-03-27,2.780000
2023-03-28,2.814000
2023-03-29,2.810000
2023-03-30,2.875000
2023-03-31,2.880000
2023-04-03,2.868000
2023-04-04,2.908000
2023-04-05,2.799000
2023-04-06,2.788000
2023-04-11,2.920000
2023-04-12,2.937000
2023-04-13,2.938000
2023-04-14,2.978000
2023-04-17,3.013000
2023-04-18,3.057000
2023-04-19,3.110000
2023-04-20,3.102000
2023-04-21,3.124000
2023-04-24,3.172000
2023-04-25,3.080000
2023-04-26,2.920000
2023-04-27,2.988000
2023-04-28,2.915000
2023-05-02,2.956000
2023-05-03,2.903000
2023-05-04,2.849000
2023-05-05,2.844000
2023-05-08,2.919000
2023-05-09,2.937000
2023-05-10,2.895000
2023-05-11,2.816000
2023-05-12,2.888000
2023-05-15,2.873000
2023-05-16,2.882000
2023-05-17,2.888000
2023-05-19,3.011000
2023-05-22,2.960000
2023-05-23,2.985000
2023-05-24,2.986000
2023-05-25,3.032000
2023-05-26,3.087000
2023-05-29,3.100000
2023-05-30,3.049000
2023-05-31,3.003000
2023-06-01,2.993000
2023-06-02,3.049000
2023-06-05,3.108000
2023-06-07,3.117000
2023-06-08,3.093000
2023-06-09,3.080000
2023-06-12,3.040000
2023-06-13,3.109000
2023-06-14,3.174000
2023-06-15,3.245000
2023-06-16,3.300000
2023-06-19,3.317000
2023-06-20,3.279000
2023-06-21,3.340000
2023-06-22,3.474000
2023-06-26,3.415000
2023-06-27,3.444000
2023-06-28,3.420000
2023-06-29,3.477000
2023-06-30,3.469000
2023-07-03,3.499000
2023-07-04,3.486000
2023-07-05,3.455000
2023-07-06,3.551000
2023-07-07,3.509000
2023-07-10,3.518000
2023-07-11,3.585000
2023-07-12,3.543000
2023-07-13,3.423000
2023-07-14,3.482000
2023-07-17,3.467000
2023-07-18,3.357000
2023-07-19,3.321000
2023-07-20,3.385000
2023-07-21,3.389000
2023-07-24,3.327000
2023-07-25,3.353000
2023-07-26,3.398000
2023-07-27,3.336000
2023-07-28,3.330000
2023-07-31,3.351000
2023-08-01,3.351000
2023-08-02,3.353000
2023-08-03,3.356000
2023-08-04,3.412000
2023-08-07,3.466000
2023-08-08,3.388000
2023-08-09,3.425000
2023-08-10,3.422000
2023-08-11,3.454000
2023-08-14,3.507000
2023-08-15,3.540000
2023-08-16,3.508000
2023-08-17,3.522000
2023-08-18,3.528000
2023-08-21,3.580000
2023-08-22,3.576000
2023-08-23,3.479000
2023-08-24,3.471000
2023-08-25,3.518000
2023-08-28,3.546000
2023-08-29,3.511000
2023-08-30,3.525000
2023-08-31,3.473000
2023-09-01,3.442000
2023-09-04,3.466000
2023-09-05,3.457000
2023-09-06,3.500000
2023-09-07,3.492000
2023-09-08,3.500000
2023-09-11,3.485000
2023-09-12,3.487000
2023-09-13,3.539000
2023-09-14,3.471000
2023-09-15,3.522000
2023-09-18,3.567000
2023-09-19,3.585000
2023-09-20,3.562000
2023-09-21,3.595000
2023-09-22,3.596000
2023-09-25,3.607000
2023-09-26,3.567000
2023-09-27,3.565000
2023-09-28,3.636000
2023-09-29,3.530000
2023-10-02,3.542000
2023-10-03,3.545000
2023-10-04,3.533000
2023-10-05,3.497000
2023-10-06,3.497000
2023-10-09,3.450000
2023-10-10,3.434000
2023-10-11,3.415000
2023-10-12,3.436000
2023-10-13,3.486000
2023-10-16,3.538000
2023-10-17,3.561000
2023-10-18,3.550000
2023-10-19,3.568000
2023-10-20,3.547000
2023-10-23,3.545000
2023-10-24,3.542000
2023-10-25,3.550000
2023-10-26,3.519000
2023-10-27,3.498000
2023-10-30,3.484000
2023-10-31,3.464000
2023-11-01,3.465000
2023-11-02,3.430000
2023-11-03,3.440000
2023-11-06,3.447000
2023-11-07,3.436000
2023-11-08,3.455000
2023-11-09,3.503000
2023-11-10,3.518000
2023-11-13,3.547000
2023-11-14,3.433000
2023-11-15,3.409000
2023-11-16,3.394000
2023-11-17,3.371000
2023-11-20,3.401000
2023-11-21,3.410000
2023-11-22,3.422000
2023-11-23,3.419000
2023-11-24,3.415000
2023-11-27,3.386000
2023-11-28,3.386000
2023-11-29,3.291000
2023-11-30,3.296000
2023-12-01,3.214000
2023-12-04,3.163000
2023-12-05,3.077000
2023-12-06,3.093000
2023-12-07,3.104000
2023-12-08,3.149000
2023-12-11,3.148000
2023-12-12,3.141000
2023-12-13,3.121000
2023-12-14,2.989000
2023-12-15,2.980000
2023-12-18,2.976000
2023-12-19,2.937000
2023-12-20,2.871000
2023-12-21,2.315000
2023-12-22,2.297000
2023-12-27,2.284000
2023-12-28,2.283000
2023-12-29,2.285000
2024-01-02,2.290000
2024-01-03,2.291000
2024-01-04,2.382000
2024-01-05,2.425000
2024-01-08,2.449000
2024-01-09,2.440000
2024-01-10,2.498000
2024-01-11,2.475000
2024-01-12,2.322000
2024-01-15,2.373000
2024-01-16,2.371000
2024-01-17,2.456000
2024-01-18,2.474000
2024-01-19,2.492000
2024-01-22,2.462000
2024-01-23,2.498000
2024-01-24,2.529000
2024-01-25,2.473000
2024-01-26,2.503000
2024-01-29,2.452000
2024-01-30,2.486000
2024-01-31,2.415000
2024-02-01,2.377000
2024-02-02,2.424000
2024-02-05,2.509000
2024-02-06,2.525000
2024-02-07,2.559000
2024-02-08,2.588000
2024-02-09,2.654000
2024-02-12,2.650000
2024-02-13,2.700000
2024-02-14,2.693000
2024-02-15,2.701000
2024-02-16,2.721000
2024-02-19,2.761000
2024-02-20,2.691000
2024-02-21,2.737000
2024-02-22,2.781000
2024-02-23,2.751000
2024-02-26,2.812000
2024-02-27,2.826000
2024-02-28,2.810000
2024-02-29,2.800000
2024-03-01,2.775000
2024-03-04,2.737000
2024-03-05,2.666000
2024-03-06,2.697000
2024-03-07,2.636000
2024-03-08,2.552000
2024-03-11,2.589000
2024-03-12,2.610000
2024-03-13,2.623000
2024-03-14,2.689000
2024-03-15,2.717000
2024-03-18,2.756000
2024-03-19,2.716000
2024-03-20,2.720000
2024-03-21,2.673000
2024-03-22,2.644000
2024-03-25,2.663000
2024-03-26,2.703000
2024-03-27,2.674000
2024-03-28,2.700000
2024-04-02,2.765000
2024-04-03,2.783000
2024-04-04,2.780000
2024-04-05,2.805000
2024-04-08,2.852000
2024-04-09,2.843000
2024-04-10,2.866000
2024-04-11,2.885000
2024-04-12,2.720000
2024-04-15,2.840000
2024-04-16,2.856000
2024-04-17,2.844000
2024-04-18,2.824000
2024-04-19,2.835000
2024-04-22,2.815000
2024-04-23,2.816000
2024-04-24,2.891000
2024-04-25,2.915000
2024-04-26,2.888000
2024-04-29,2.863000
2024-04-30,2.936000
2024-05-02,2.876000
2024-05-03,2.810000
2024-05-06,2.746000
2024-05-07,2.727000
2024-05-08,2.764000
2024-05-10,2.752000
2024-05-13,2.738000
2024-05-14,2.736000
2024-05-15,2.707000
2024-05-16,2.673000
2024-05-17,2.711000
2024-05-20,2.735000
2024-05-21,2.705000
2024-05-22,2.725000
2024-05-23,2.822000
2024-05-24,2.824000
2024-05-27,2.758000
2024-05-28,2.743000
2024-05-29,2.787000
2024-05-30,2.833000
2024-05-31,2.780000
2024-06-03,2.717000
2024-06-04,2.667000
2024-06-05,2.671000
2024-06-07,2.754000
2024-06-10,2.751000
2024-06-11,2.686000
2024-06-12,2.584000
2024-06-13,2.569000
2024-06-14,2.458000
2024-06-17,2.480000
2024-06-18,2.451000
2024-06-19,2.512000
2024-06-20,2.537000
2024-06-24,2.493000
2024-06-25,2.489000
2024-06-26,2.482000
2024-06-27,2.439000
2024-06-28,2.467000
2024-07-01,2.518000
2024-07-02,2.525000
2024-07-03,2.535000
2024-07-04,2.526000
2024-07-05,2.529000
2024-07-08,2.485000
2024-07-09,2.514000
2024-07-10,2.465000
2024-07-11,2.413000
2024-07-12,2.326000
2024-07-15,2.271000
2024-07-16,2.251000
2024-07-17,2.253000
2024-07-18,2.227000
2024-07-19,2.266000
2024-07-22,2.255000
2024-07-23,2.248000
2024-07-24,2.237000
2024-07-25,2.200000
2024-07-26,2.191000
2024-07-29,2.145000
2024-07-30,2.159000
2024-07-31,2.164000
2024-08-01,2.097000
2024-08-02,1.940000
2024-08-05,1.931000
2024-08-06,1.965000
2024-08-07,2.024000
2024-08-08,2.036000
2024-08-09,1.941000
2024-08-12,1.956000
2024-08-13,1.896000
2024-08-14,1.923000
2024-08-15,1.984000
2024-08-16,1.947000
2024-08-19,1.940000
2024-08-20,1.963000
2024-08-21,1.917000
2024-08-22,1.937000
2024-08-23,1.902000
2024-08-26,1.891000
2024-08-27,1.922000
2024-08-28,1.898000
2024-08-29,1.863000
2024-08-30,1.889000
2024-09-02,1.912000
2024-09-03,1.873000
2024-09-04,1.850000
2024-09-05,1.824000
2024-09-06,1.785000
2024-09-09,1.794000
2024-09-10,1.751000
2024-09-11,1.678000
2024-09-12,1.706000
2024-09-13,1.736000
2024-09-16,1.729000
2024-09-17,1.731000
2024-09-18,1.788000
2024-09-19,1.763000
2024-09-20,1.755000
2024-09-23,1.707000
2024-09-24,1.661000
2024-09-25,1.714000
2024-09-26,1.684000
2024-09-27,1.697000
2024-09-30,1.711000
2024-10-01,1.646000
2024-10-02,1.679000
2024-10-03,1.696000
2024-10-04,1.764000
2024-10-07,1.860000
2024-10-08,1.898000
2024-10-09,1.920000
2024-10-10,1.891000
2024-10-11,1.876000
2024-10-14,1.883000
2024-10-15,1.814000
2024-10-16,1.784000
2024-10-17,1.765000
2024-10-18,1.734000
2024-10-21,1.817000
2024-10-22,1.833000
2024-10-23,1.807000
2024-10-24,1.760000
2024-10-25,1.770000
2024-10-28,1.744000
2024-10-29,1.752000
2024-10-30,1.787000
2024-10-31,1.843000
2024-11-01,1.811000
2024-11-04,1.858000
2024-11-05,1.898000
2024-11-06,1.870000
2024-11-07,1.888000
2024-11-08,1.855000
2024-11-11,1.852000
2024-11-12,1.855000
2024-11-13,1.841000
2024-11-14,1.800000
2024-11-15,1.816000
2024-11-18,1.835000
2024-11-19,1.816000
2024-11-20,1.852000
2024-11-21,1.807000
2024-11-22,1.738000
2024-11-25,1.716000
2024-11-26,1.703000
2024-11-27,1.679000
2024-11-28,1.708000
2024-11-29,1.685000
2024-12-02,1.649000
2024-12-03,1.660000
2024-12-04,1.747000
2024-12-05,1.827000
2024-12-06,1.796000
2024-12-09,1.850000
2024-12-10,1.822000
2024-12-11,1.813000
2024-12-12,1.874000
2024-12-13,1.904000
2024-12-16,1.944000
2024-12-17,1.926000
2024-12-18,1.910000
2024-12-19,2.045000
2024-12-20,2.004000
2024-12-23,2.038000
2024-12-27,2.087000
2024-12-30,2.070000
2025-01-02,1.970000
2025-01-03,2.031000
2025-01-07,2.080000
2025-01-08,2.039000
2025-01-09,2.002000
2025-01-10,2.009000
2025-01-13,2.046000
2025-01-14,2.059000
2025-01-15,1.925000
2025-01-16,1.968000
2025-01-17,1.960000
2025-01-20,1.954000
2025-01-21,1.970000
2025-01-22,1.952000
2025-01-23,1.986000
2025-01-24,2.048000
2025-01-27,2.016000
2025-01-28,2.002000
2025-01-29,1.980000
2025-01-30,1.903000
2025-01-31,1.879000
2025-02-03,1.811000
2025-02-04,1.879000
2025-02-05,1.868000
2025-02-06,1.928000
2025-02-07,1.968000
2025-02-10,1.941000
2025-02-11,2.024000
2025-02-12,1.992000
2025-02-13,1.975000
2025-02-14,1.999000
2025-02-17,2.000000
2025-02-18,2.004000
2025-02-19,2.030000
2025-02-20,2.034000
2025-02-21,2.012000
2025-02-24,2.020000
2025-02-25,1.997000
2025-02-26,1.981000
2025-02-27,1.963000
2025-02-28,1.989000
2025-03-03,2.017000
2025-03-04,1.965000
2025-03-05,2.100000
2025-03-06,2.193000
2025-03-07,2.167000
2025-03-10,2.164000
2025-03-11,2.185000
2025-03-12,2.177000
2025-03-13,2.189000
2025-03-14,2.201000
2025-03-17,2.184000
2025-03-18,2.216000
2025-03-19,2.256000
2025-03-20,2.235000
2025-03-21,2.270000
2025-03-24,2.287000
2025-03-25,2.295000
2025-03-26,2.280000
2025-03-27,2.245000
2025-03-28,2.218000
2025-03-31,2.197000
2025-04-01,2.196000
2025-04-02,2.206000
2025-04-03,2.151000
2025-04-04,1.999000
2025-04-07,1.947000
2025-04-08,1.930000
2025-04-09,1.813000
2025-04-10,1.860000
2025-04-11,1.770000
2025-04-14,1.814000
2025-04-15,1.818000
2025-04-16,1.829000
2025-04-17,1.826000
2025-04-22,1.781000
2025-04-23,1.833000
2025-04-24,1.812000
2025-04-25,1.839000
2025-04-28,1.871000
2025-04-29,1.861000
2025-04-30,1.846000
2025-05-02,1.900000
2025-05-05,1.912000
2025-05-06,1.908000
2025-05-07,1.870000
2025-05-08,1.846000
2025-05-09,1.863000
2025-05-12,1.987000
2025-05-13,1.990000
2025-05-14,1.977000
2025-05-15,1.947000
2025-05-16,1.940000
2025-05-19,1.931000
2025-05-20,1.937000
2025-05-21,1.956000
2025-05-22,1.972000
2025-05-23,1.903000
2025-05-26,1.944000
2025-05-27,1.908000
2025-05-28,1.920000
2025-05-30,1.876000
2025-06-02,1.851000
2025-06-03,1.818000
2025-06-04,1.833000
2025-06-05,1.830000
2025-06-09,1.866000
2025-06-10,1.856000
2025-06-11,1.849000
2025-06-12,1.841000
2025-06-13,1.854000
2025-06-16,1.864000
2025-06-17,1.879000
2025-06-18,1.803000
2025-06-19,1.808000
2025-06-23,1.800000
2025-06-24,1.774000
2025-06-25,1.785000
2025-06-26,1.758000
2025-06-27,1.702000
2025-06-30,1.704000
2025-07-01,1.673000
2025-07-02,1.683000
2025-07-03,1.698000
2025-07-04,1.693000
2025-07-07,1.768000
2025-07-08,1.796000
2025-07-09,1.789000
2025-07-10,1.800000
2025-07-11,1.796000
2025-07-14,1.776000
2025-07-15,1.756000
2025-07-16,1.754000
2025-07-17,1.790000
2025-07-18,1.858000
2025-07-21,1.841000
2025-07-22,1.847000
2025-07-23,1.794000
2025-07-24,1.862000
2025-07-25,1.904000
2025-07-28,1.882000
2025-07-29,1.917000
2025-07-30,1.935000
2025-07-31,1.956000
2025-08-01,1.881000
2025-08-04,1.869000
2025-08-05,1.850000
2025-08-06,1.854000
2025-08-07,1.838000
2025-08-08,1.887000
2025-08-11,1.854000
2025-08-12,1.862000
2025-08-13,1.809000
2025-08-14,1.809000
2025-08-15,1.824000
2025-08-18,1.827000
2025-08-19,1.816000
2025-08-20,1.837000
2025-08-21,1.882000
2025-08-22,1.860000
2025-08-25,1.874000
2025-08-26,1.860000
2025-08-27,1.869000
2025-08-28,1.880000
2025-08-29,1.872000
2025-09-01,1.869000
2025-09-02,1.879000
2025-09-03,1.888000
2025-09-04,1.873000
2025-09-05,1.839000
2025-09-08,1.788000
2025-09-09,1.818000
2025-09-10,1.823000
2025-09-11,1.872000
2025-09-12,1.904000
2025-09-15,1.907000
2025-09-16,1.890000
2025-09-17,1.893000
2025-09-18,1.908000
2025-09-19,1.902000
2025-09-22,1.923000
2025-09-23,1.914000
2025-09-24,1.920000
2025-09-25,1.957000
2025-09-26,1.948000
2025-09-29,1.930000
2025-09-30,1.922000
2025-10-01,1.908000
2025-10-02,1.922000
2025-10-03,1.928000
2025-10-06,1.926000
2025-10-07,1.924000
2025-10-08,1.900000
2025-10-09,1.918000
2025-10-10,1.906000
2025-10-13,1.861000
2025-10-14,1.824000
2025-10-15,1.821000
2025-10-16,1.821000
2025-10-17,1.805000
2025-10-20,1.842000
2025-10-21,1.815000
2025-10-22,1.823000
2025-10-23,1.833000
2025-10-24,1.884000
2025-10-27,1.889000
2025-10-28,1.875000
2025-10-29,1.887000
2025-10-30,1.913000
2025-10-31,1.957000
2025-11-03,1.940000
2025-11-04,1.963000
2025-11-05,1.945000
2025-11-06,2.005000
2025-11-07,2.005000
2025-11-10,2.009000
2025-11-11,2.017000
2025-11-12,2.019000
2025-11-13,2.013000
2025-11-14,2.030000
2025-11-17,2.027000
2025-11-18,2.000000
2025-11-19,1.990000
2025-11-20,2.007000
2025-11-21,1.991000
2025-11-24,2.003000
2025-11-25,2.001000
2025-11-26,2.004000
2025-11-27,2.040000
2025-11-28,2.060000
2025-12-01,2.098000
2025-12-02,2.133000
2025-12-03,2.137000
2025-12-04,2.106000
2025-12-05,2.135000
2025-12-08,2.184000
2025-12-09,2.177000
2025-12-10,2.231000
2025-12-11,2.195000
2025-12-12,2.200000
2025-12-15,2.184000
2025-12-16,2.173000
2025-12-17,2.149000
2025-12-18,2.118000
2025-12-19,2.141000
2025-12-22,2.142000
2025-12-23,2.125000
2025-12-29,2.122000
2025-12-30,2.106000
2026-01-02,2.101000
2026-01-05,2.160000
2026-01-07,2.075000
2026-01-08,2.080000
2026-01-09,2.113000
2026-01-12,2.103000
2026-01-13,2.099000
2026-01-14,2.078000
2026-01-15,2.086000
2026-01-16,2.095000
2026-01-19,2.053000
2026-01-20,2.040000
2026-01-21,2.079000
2026-01-22,2.105000
2026-01-23,2.098000
2026-01-26,2.093000
2026-01-27,2.069000
2026-01-28,2.048000
2026-01-29,2.008000
2026-01-30,2.005000
2026-02-02,2.020000
2026-02-03,2.033000
2026-02-04,1.981000
2026-02-05,1.951000
2026-02-06,1.939000
2026-02-09,1.923000
2026-02-10,1.928000
2026-02-11,1.948000
2026-02-12,1.926000
2026-02-13,1.818000
2026-02-16,1.827000
2026-02-17,1.836000
2026-02-18,1.878000
2026-02-19,1.901000
2026-02-20,1.944000
2026-02-23,1.907000
2026-02-24,1.916000
2026-02-25,1.907000
2026-02-26,1.919000
2026-02-27,1.871000
2026-03-02,1.943000
2026-03-03,2.034000
2026-03-04,1.988000
2026-03-05,2.027000
2026-03-06,2.096000
2026-03-09,2.132000
2026-03-10,2.096000
2026-03-11,2.117000
2026-03-12,2.170000
2026-03-13,2.150000
2026-03-16,2.138000
2026-03-17,2.138000
2026-03-18,2.199000
2026-03-19,2.307000
2026-03-20,2.476000
2026-03-23,2.329000
2026-03-24,2.453000
2026-03-25,2.446000
2026-03-26,2.511000
2026-03-27,2.534000
2026-03-30,2.465000
2026-03-31,2.401000
2026-04-01,2.399000
2026-04-02,2.474000
2026-04-07,2.476000
2026-04-08,2.307000
2026-04-09,2.338000
2026-04-10,2.316000
2026-04-13,2.362000
2026-04-14,2.289000
2026-04-15,2.257000
2026-04-16,2.245000
2026-04-17,2.174000
2026-04-20,2.206000
2026-04-21,2.246000
2026-04-22,2.244000
2026-04-23,2.299000
2026-04-24,2.309000
2026-04-27,2.315000
2026-04-28,2.388000
2026-04-29,2.437000
2026-04-30,2.409000
2026-05-04,2.414000
2026-05-05,2.439000
2026-05-06,2.214000
2026-05-07,2.208000
2026-05-08,2.212000
2026-05-11,2.306000
2026-05-12,2.363000
2026-05-13,2.349000
2026-05-15,2.386000
2026-05-18,2.371000
2026-05-19,2.380000
2026-05-20,2.349000
2026-05-21,2.305000
2026-05-22,2.265000
2026-05-25,2.146000
2026-05-26,2.185000
2026-05-27,2.193000
2026-05-28,2.195000
2026-05-29,2.253000
2026-06-01,2.307000
2026-06-02,2.274000
2026-06-03,2.301000
2026-06-04,2.331000
2026-06-05,2.343000
2026-06-08,2.375000
2026-06-09,2.349000
2026-06-10,2.350000
2026-06-11,2.340000
2026-06-12,2.309000
2026-06-15,2.223000
2026-06-16,2.260000
2026-06-17,2.192000
2026-06-18,2.217000
2026-06-22,2.208000
2026-06-23,2.148000
2026-06-24,2.130000
2026-06-25,2.109000
2026-06-26,2.131000
2026-06-29,2.136000
2026-06-30,2.130000
2026-07-01,2.142000
2026-07-02,2.160000
2026-07-03,2.162000
2026-07-06,2.141000
2026-07-07,2.188000
2026-07-08,2.293000
2026-07-09,2.299000
2026-07-10,2.270000
2026-07-13,2.326000
2026-07-14,2.366000
2026-07-15,2.384000
2026-07-16,2.360000
2026-07-17,2.350000
2026-07-20,2.364000
2026-07-21,2.398000
2026-07-22,2.458000
2026-07-23,2.494000
2026-07-24,2.478000
2026-07-27,2.392000
2026-07-28,2.377000
2026-07-29,2.419000
2026-07-30,2.407000
2026-07-31,2.445000
2026-08-03,2.406000
2026-08-04,2.379000
2026-08-05,2.370000
2026-08-06,2.438000
2026-08-07,2.454000
2026-08-10,2.479000
2026-08-11,2.444000
2026-08-12,2.441000
2026-08-13,2.416000
2026-08-14,2.441000
2026-08-17,2.439000
2026-08-18,2.473000
2026-08-19,2.455000
2026-08-20,2.421000
2026-08-21,2.397000
2026-08-24,2.402000
2026-08-25,2.418000
2026-08-26,2.407000
2026-08-27,2.434000
2026-08-28,2.492000
2026-08-31,2.524000
2026-09-01,2.546000
2026-09-02,2.594000
2026-09-03,2.545000
2026-09-04,2.517000
2026-09-07,2.496000
2026-09-08,2.503000
2026-09-09,2.560000
2026-09-10,2.679000
2026-09-11,2.706000
2026-09-14,2.778000
2026-09-15,2.767000
2026-09-16,2.767000
2026-09-17,2.731000
2026-09-18,2.787000
2026-09-21,2.720000
2026-09-22,2.689000
2026-09-23,2.771000
2026-09-24,2.790000
2026-09-25,2.790000
2026-09-28,2.793000
2026-09-29,2.778000
2026-09-30,2.747000
2026-10-01,2.735000
2026-10-02,2.658000
