date,taux
1990-01-02,12.870000
1990-01-03,12.750000
1990-01-04,12.830000
1990-01-05,12.840000
1990-01-08,12.810000
1990-01-09,12.750000
1990-01-10,12.810000
1990-01-11,12.910000
1990-01-12,12.930000
1990-01-15,12.930000
1990-01-16,12.910000
1990-01-17,12.950000
1990-01-18,13.000000
1990-01-19,13.090000
1990-01-22,13.100000
1990-02-19,13.850000
1990-02-20,13.740000
1990-02-21,13.750000
1990-02-22,13.700000
1990-02-23,13.730000
1990-02-26,13.800000
1990-02-27,13.720000
1990-02-28,13.620000
1990-03-01,13.630000
1990-03-02,13.620000
1990-03-05,13.620000
1990-03-06,13.650000
1990-03-07,13.780000
1990-03-08,13.810000
1990-03-09,13.770000
1990-03-12,13.780000
1990-03-13,13.780000
1990-03-14,13.830000
1990-03-15,13.780000
1990-03-16,13.810000
1990-03-19,13.840000
1990-03-20,13.850000
1990-03-21,13.870000
1990-03-22,13.870000
1990-03-23,13.870000
1990-03-26,13.870000
1990-03-27,13.740000
1990-03-28,13.770000
1990-03-29,13.760000
1990-03-30,13.780000
1990-04-02,13.780000
1990-04-03,13.740000
1990-04-04,13.670000
1990-04-05,13.640000
1990-04-06,13.440000
1990-04-09,13.500000
1990-04-10,13.690000
1990-04-11,13.760000
1990-04-12,13.690000
1990-04-17,13.660000
1990-04-18,13.710000
1990-04-19,13.720000
1990-04-20,13.590000
1990-04-23,13.600000
1990-04-24,13.660000
1990-04-25,13.690000
1990-04-26,13.710000
1990-04-27,13.700000
1990-04-30,13.710000
1990-05-02,13.740000
1990-05-03,13.620000
1990-05-04,13.540000
1990-05-07,13.530000
1990-05-08,13.540000
1990-05-09,13.470000
1990-05-10,13.440000
1990-05-11,13.440000
1990-05-14,13.360000
1990-05-15,13.350000
1990-05-16,13.160000
1990-05-17,13.070000
1990-05-18,13.060000
1990-05-21,13.100000
1990-05-22,13.120000
1990-05-23,13.100000
1990-05-25,13.070000
1990-05-28,13.070000
1990-05-29,13.160000
1990-05-30,13.240000
1990-05-31,13.240000
1990-06-01,13.220000
1990-06-05,13.130000
1990-06-06,13.130000
1990-06-07,13.100000
1990-06-08,13.070000
1990-06-11,13.080000
1990-06-12,13.120000
1990-06-13,13.080000
1990-06-14,13.010000
1990-06-15,12.910000
1990-06-18,12.990000
1990-06-19,12.860000
1990-06-20,12.800000
1990-06-21,12.760000
1990-06-25,12.610000
1990-06-26,12.630000
1990-06-27,12.610000
1990-06-28,12.630000
1990-06-29,12.670000
1990-07-02,12.760000
1990-07-03,12.820000
1990-07-04,12.810000
1990-07-05,12.800000
1990-07-06,12.810000
1990-07-09,12.900000
1990-07-10,12.940000
1990-07-11,12.930000
1990-07-12,12.950000
1990-07-13,12.960000
1990-07-16,12.900000
1990-07-17,12.750000
1990-07-18,12.710000
1990-07-19,12.720000
1990-07-20,12.750000
1990-07-23,12.870000
1990-07-24,12.870000
1990-07-25,12.910000
1990-07-26,12.880000
1990-07-27,12.890000
1990-07-30,12.830000
1990-07-31,12.830000
1990-08-01,12.810000
1990-08-02,12.820000
1990-08-03,12.830000
1990-08-06,13.040000
1990-08-07,13.180000
1990-08-08,13.320000
1990-08-09,13.260000
1990-08-10,13.140000
1990-08-13,13.240000
1990-08-14,13.240000
1990-08-15,13.190000
1990-08-16,13.280000
1990-08-17,13.420000
1990-08-20,13.470000
1990-08-21,13.570000
1990-08-22,13.470000
1990-08-23,13.650000
1990-08-24,13.630000
1990-08-27,13.480000
1990-08-28,13.390000
1990-08-29,13.460000
1990-08-30,13.430000
1990-08-31,13.420000
1990-09-03,13.410000
1990-09-04,13.430000
1990-09-05,13.440000
1990-09-06,13.500000
1990-09-07,13.500000
1990-09-10,13.410000
1990-09-11,13.420000
1990-09-12,13.350000
1990-09-13,13.230000
1990-09-14,13.260000
1990-09-17,13.300000
1990-09-18,13.320000
1990-09-19,13.300000
1990-09-20,13.310000
1990-09-21,13.360000
1990-09-24,13.430000
1990-09-25,13.450000
1990-09-26,13.410000
1990-09-27,13.390000
1990-09-28,13.450000
1990-10-01,13.380000
1990-10-02,13.280000
1990-10-03,13.290000
1990-10-04,13.270000
1990-10-05,13.230000
1990-10-08,13.070000
1990-10-09,13.180000
1990-10-10,13.220000
1990-10-11,13.260000
1990-10-12,13.350000
1990-10-15,13.360000
1990-10-16,13.380000
1990-10-17,13.500000
1990-10-18,13.350000
1990-10-19,13.290000
1990-10-22,13.250000
1990-10-23,13.180000
1990-10-24,13.230000
1990-10-25,13.250000
1990-10-26,13.250000
1990-10-29,13.290000
1990-10-30,13.310000
1990-10-31,13.280000
1990-11-01,13.150000
1990-11-02,13.110000
1990-11-05,12.930000
1990-11-06,12.970000
1990-11-07,12.900000
1990-11-08,12.910000
1990-11-09,12.910000
1990-11-12,12.870000
1990-11-13,12.870000
1990-11-14,12.920000
1990-11-15,12.920000
1990-11-16,12.860000
1990-11-19,12.750000
1990-11-20,12.680000
1990-11-21,12.720000
1990-11-22,12.740000
1990-11-23,12.630000
1990-11-26,12.700000
1990-11-27,12.640000
1990-11-28,12.700000
1990-11-29,12.700000
1990-11-30,12.610000
1990-12-03,12.550000
1990-12-04,12.570000
1990-12-05,12.500000
1990-12-06,12.340000
1990-12-07,12.390000
1990-12-10,12.360000
1990-12-11,12.270000
1990-12-12,12.270000
1990-12-13,12.300000
1990-12-14,12.330000
1990-12-17,12.290000
1990-12-18,12.240000
1990-12-19,12.160000
1990-12-20,12.280000
1990-12-21,12.280000
1990-12-27,12.280000
1990-12-28,12.200000
1991-01-02,12.250000
1991-01-03,12.250000
1991-01-04,12.220000
1991-01-07,12.220000
1991-01-08,12.320000
1991-01-09,12.190000
1991-01-10,12.180000
1991-01-11,12.020000
1991-01-14,12.120000
1991-01-15,12.160000
1991-01-16,12.140000
1991-01-17,11.650000
1991-01-18,11.750000
1991-01-21,11.820000
1991-01-22,11.570000
1991-01-23,11.610000
1991-01-24,11.570000
1991-01-25,11.530000
1991-01-28,11.490000
1991-01-29,11.480000
1991-01-30,11.500000
1991-01-31,11.420000
1991-02-01,11.240000
1991-02-04,11.270000
1991-02-05,11.310000
1991-02-06,11.330000
1991-02-07,11.420000
1991-02-08,11.430000
1991-02-11,11.300000
1991-02-12,11.350000
1991-02-13,11.360000
1991-02-14,11.240000
1991-02-15,11.150000
1991-02-18,10.950000
1991-02-19,10.930000
1991-02-20,10.880000
1991-02-21,11.070000
1991-02-22,10.930000
1991-02-25,11.000000
1991-02-26,11.080000
1991-02-27,11.150000
1991-02-28,11.190000
1991-03-01,11.260000
1991-03-04,11.150000
1991-03-05,11.260000
1991-03-06,11.260000
1991-03-07,11.240000
1991-03-08,11.240000
1991-03-11,11.180000
1991-03-12,11.270000
1991-03-13,11.320000
1991-03-14,11.350000
1991-03-15,11.380000
1991-03-18,11.430000
1991-03-19,11.540000
1991-03-20,11.550000
1991-03-21,11.450000
1991-03-22,11.390000
1991-03-25,11.480000
1991-03-26,11.510000
1991-03-27,11.470000
1991-03-28,11.500000
1991-04-02,11.470000
1991-04-03,11.390000
1991-04-04,11.480000
1991-04-05,11.510000
1991-04-08,11.370000
1991-04-09,11.420000
1991-04-10,11.350000
1991-04-11,11.340000
1991-04-12,11.310000
1991-04-15,11.320000
1991-04-16,11.390000
1991-04-17,11.400000
1991-04-18,11.470000
1991-04-19,11.470000
1991-04-22,11.370000
1991-04-23,11.340000
1991-04-24,11.270000
1991-04-25,11.280000
1991-04-26,11.280000
1991-04-29,11.290000
1991-04-30,11.310000
1991-05-02,11.170000
1991-05-03,11.180000
1991-05-06,11.170000
1991-05-07,11.100000
1991-05-08,11.190000
1991-05-10,11.100000
1991-05-13,11.060000
1991-05-14,11.100000
1991-05-15,11.080000
1991-05-16,10.970000
1991-05-17,10.950000
1991-05-21,10.500000
1991-05-22,10.520000
1991-05-23,10.520000
1991-05-24,10.500000
1991-05-27,10.490000
1991-05-28,10.500000
1991-05-29,10.480000
1991-05-30,10.440000
1991-05-31,10.430000
1991-06-03,10.330000
1991-06-04,10.460000
1991-06-05,10.560000
1991-06-06,10.550000
1991-06-07,10.620000
1991-06-10,10.660000
1991-06-11,10.650000
1991-06-12,10.610000
1991-06-13,10.600000
1991-06-14,10.650000
1991-06-17,10.750000
1991-06-18,10.680000
1991-06-19,10.670000
1991-06-20,10.690000
1991-06-24,10.690000
1991-06-25,10.680000
1991-06-26,10.700000
1991-06-27,10.710000
1991-06-28,10.700000
1991-07-01,10.620000
1991-07-02,10.660000
1991-07-03,10.680000
1991-07-04,10.680000
1991-07-05,10.690000
1991-07-08,10.740000
1991-07-09,10.700000
1991-07-10,10.670000
1991-07-11,10.580000
1991-07-12,10.570000
1991-07-15,10.570000
1991-07-16,10.550000
1991-07-17,10.530000
1991-07-18,10.550000
1991-07-19,10.550000
1991-07-22,10.600000
1991-07-23,10.630000
1991-07-24,10.620000
1991-07-25,10.630000
1991-07-26,10.640000
1991-07-29,10.690000
1991-07-30,10.720000
1991-07-31,10.780000
1991-08-01,10.790000
1991-08-02,10.740000
1991-08-05,10.730000
1991-08-06,10.840000
1991-08-07,10.690000
1991-08-08,10.720000
1991-08-09,10.670000
1991-08-12,10.720000
1991-08-13,10.700000
1991-08-14,10.600000
1991-08-15,10.640000
1991-08-16,10.610000
1991-08-19,10.730000
1991-08-20,10.680000
1991-08-21,10.630000
1991-08-22,10.580000
1991-08-23,10.610000
1991-08-26,10.570000
1991-08-27,10.500000
1991-08-28,10.510000
1991-08-29,10.460000
1991-08-30,10.480000
1991-09-02,10.520000
1991-09-03,10.540000
1991-09-04,10.580000
1991-09-05,10.520000
1991-09-06,10.450000
1991-09-09,10.320000
1991-09-10,10.310000
1991-09-11,10.330000
1991-09-12,10.180000
1991-09-13,10.210000
1991-09-16,10.270000
1991-09-17,10.240000
1991-09-18,10.080000
1991-09-19,10.010000
1991-09-20,9.950000
1991-09-23,10.050000
1991-09-24,10.030000
1991-09-25,9.930000
1991-09-26,10.010000
1991-09-27,10.000000
1991-09-30,9.960000
1991-10-01,10.010000
1991-10-02,10.040000
1991-10-03,10.010000
1991-10-04,9.950000
1991-10-07,9.930000
1991-10-08,9.950000
1991-10-09,10.020000
1991-10-10,10.050000
1991-10-11,9.970000
1991-10-14,9.980000
1991-10-15,9.980000
1991-10-16,10.060000
1991-10-17,10.030000
1991-10-18,10.040000
1991-10-21,10.100000
1991-10-22,10.080000
1991-10-23,10.060000
1991-10-24,10.050000
1991-10-25,10.090000
1991-10-28,10.100000
1991-10-29,10.070000
1991-10-30,10.070000
1991-10-31,10.040000
1991-11-01,10.020000
1991-11-04,10.020000
1991-11-05,10.020000
1991-11-06,10.010000
1991-11-07,9.960000
1991-11-08,9.860000
1991-11-11,9.880000
1991-11-12,9.810000
1991-11-13,9.730000
1991-11-14,9.740000
1991-11-15,9.770000
1991-11-18,9.720000
1991-11-19,9.700000
1991-11-20,9.770000
1991-11-21,9.830000
1991-11-22,9.860000
1991-11-25,9.800000
1991-11-26,9.910000
1991-11-27,10.000000
1991-11-28,9.980000
1991-11-29,9.960000
1991-12-02,9.940000
1991-12-03,10.050000
1991-12-04,10.090000
1991-12-05,10.330000
1991-12-06,10.120000
1991-12-09,10.250000
1991-12-10,10.000000
1991-12-11,9.960000
1991-12-12,9.990000
1991-12-13,10.010000
1991-12-16,10.060000
1991-12-17,9.980000
1991-12-18,9.980000
1991-12-19,9.930000
1991-12-20,9.960000
1991-12-23,10.010000
1991-12-27,9.970000
1991-12-30,9.910000
1992-01-02,9.840000
1992-01-03,9.830000
1992-01-07,9.780000
1992-01-08,9.740000
1992-01-09,9.720000
1992-01-10,9.580000
1992-01-13,9.600000
1992-01-14,9.560000
1992-01-15,9.510000
1992-01-16,9.520000
1992-01-17,9.540000
1992-01-20,9.560000
1992-01-21,9.520000
1992-01-22,9.470000
1992-01-23,9.490000
1992-01-24,9.390000
1992-01-27,9.320000
1992-01-28,9.350000
1992-01-29,9.290000
1992-01-30,9.370000
1992-01-31,9.430000
1992-02-03,9.410000
1992-02-04,9.470000
1992-02-05,9.540000
1992-02-06,9.450000
1992-02-07,9.400000
1992-02-10,9.410000
1992-02-11,9.470000
1992-02-12,9.530000
1992-02-13,9.460000
1992-02-14,9.410000
1992-02-17,9.430000
1992-02-18,9.410000
1992-02-19,9.430000
1992-02-20,9.500000
1992-02-21,9.520000
1992-02-24,9.520000
1992-02-25,9.540000
1992-02-26,9.410000
1992-02-27,9.390000
1992-02-28,9.390000
1992-03-02,9.390000
1992-03-03,9.380000
1992-03-04,9.400000
1992-03-05,9.440000
1992-03-06,9.410000
1992-03-09,9.370000
1992-03-10,9.310000
1992-03-11,9.310000
1992-03-12,9.360000
1992-03-13,9.360000
1992-03-16,9.410000
1992-03-17,9.420000
1992-03-18,9.380000
1992-03-19,9.410000
1992-03-20,9.460000
1992-03-23,9.520000
1992-03-24,9.460000
1992-03-25,9.430000
1992-03-26,9.460000
1992-03-27,9.490000
1992-03-30,9.490000
1992-03-31,9.480000
1992-04-01,9.490000
1992-04-02,9.600000
1992-04-03,9.640000
1992-04-06,9.530000
1992-04-07,9.510000
1992-04-08,9.560000
1992-04-09,9.550000
1992-04-10,9.480000
1992-04-13,9.450000
1992-04-14,9.460000
1992-04-15,9.390000
1992-04-16,9.430000
1992-04-21,9.520000
1992-04-22,9.490000
1992-04-23,9.600000
1992-04-24,9.610000
1992-04-27,9.660000
1992-04-28,9.690000
1992-04-29,9.730000
1992-04-30,9.640000
1992-05-04,9.680000
1992-05-05,9.660000
1992-05-06,9.630000
1992-05-07,9.570000
1992-05-08,9.600000
1992-05-11,9.490000
1992-05-12,9.510000
1992-05-13,9.550000
1992-05-14,9.530000
1992-05-15,9.530000
1992-05-18,9.500000
1992-05-19,9.520000
1992-05-20,9.520000
1992-05-21,9.560000
1992-05-22,9.480000
1992-05-25,9.540000
1992-05-26,9.520000
1992-05-27,9.530000
1992-05-29,9.430000
1992-06-01,9.440000
1992-06-02,9.440000
1992-06-03,9.640000
1992-06-04,9.660000
1992-06-05,9.610000
1992-06-09,9.610000
1992-06-10,9.640000
1992-06-11,9.660000
1992-06-12,9.660000
1992-06-15,9.700000
1992-06-16,9.700000
1992-06-17,9.660000
1992-06-18,9.630000
1992-06-22,9.660000
1992-06-23,9.680000
1992-06-24,9.670000
1992-06-25,9.680000
1992-06-26,9.680000
1992-06-29,9.760000
1992-06-30,9.740000
1992-07-01,9.770000
1992-07-02,9.670000
1992-07-03,9.700000
1992-07-06,9.710000
1992-07-07,9.700000
1992-07-08,9.700000
1992-07-09,9.740000
1992-07-10,9.730000
1992-07-13,9.800000
1992-07-14,9.770000
1992-07-15,9.760000
1992-07-16,9.740000
1992-07-17,9.800000
1992-07-20,9.910000
1992-07-21,9.940000
1992-07-22,9.950000
1992-07-23,9.960000
1992-07-24,10.000000
1992-07-27,10.000000
1992-07-28,10.030000
1992-07-29,10.080000
1992-07-30,10.130000
1992-07-31,10.170000
1992-08-03,10.270000
1992-08-04,10.220000
1992-08-05,10.200000
1992-08-06,10.200000
1992-08-07,10.190000
1992-08-10,10.180000
1992-08-11,10.220000
1992-08-12,10.280000
1992-08-13,10.480000
1992-08-14,10.360000
1992-08-17,10.490000
1992-08-18,10.610000
1992-08-19,10.820000
1992-08-20,10.780000
1992-08-21,10.960000
1992-08-24,11.310000
1992-08-25,11.390000
1992-08-26,11.210000
1992-08-27,10.690000
1992-08-28,10.740000
1992-08-31,10.950000
1992-09-01,10.940000
1992-09-02,10.790000
1992-09-03,10.690000
1992-09-04,10.680000
1992-09-07,10.610000
1992-09-08,11.000000
1992-09-09,11.170000
1992-09-10,11.260000
1992-09-11,11.230000
1992-09-14,10.830000
1992-09-15,11.380000
1992-09-16,11.700000
1992-09-17,11.500000
1992-09-18,10.920000
1992-09-21,11.750000
1992-09-22,11.550000
1992-09-23,11.580000
1992-09-24,11.520000
1992-09-25,11.440000
1992-09-28,11.520000
1992-09-29,11.610000
1992-09-30,11.070000
1992-10-01,10.900000
1992-10-02,10.980000
1992-10-05,11.130000
1992-10-06,11.090000
1992-10-07,11.060000
1992-10-08,11.000000
1992-10-09,10.950000
1992-10-12,11.030000
1992-10-13,11.070000
1992-10-14,11.070000
1992-10-15,11.180000
1992-10-16,11.200000
1992-10-19,11.140000
1992-10-20,10.950000
1992-10-21,10.940000
1992-10-22,10.880000
1992-10-23,10.780000
1992-10-26,10.840000
1992-10-27,10.920000
1992-10-28,10.860000
1992-10-29,10.810000
1992-10-30,10.870000
1992-11-02,10.900000
1992-11-03,10.870000
1992-11-04,10.810000
1992-11-05,10.780000
1992-11-06,10.760000
1992-11-09,10.700000
1992-11-10,10.770000
1992-11-11,10.770000
1992-11-12,11.120000
1992-11-13,11.160000
1992-11-16,11.180000
1992-11-17,11.190000
1992-11-18,11.310000
1992-11-19,10.300000
1992-11-20,10.250000
1992-11-23,10.350000
1992-11-24,10.220000
1992-11-25,9.940000
1992-11-26,9.920000
1992-11-27,9.940000
1992-11-30,9.980000
1992-12-01,9.990000
1992-12-02,10.030000
1992-12-03,9.820000
1992-12-04,9.870000
1992-12-07,9.880000
1992-12-08,9.800000
1992-12-09,9.800000
1992-12-10,9.760000
1992-12-11,9.690000
1992-12-14,9.780000
1992-12-15,9.750000
1992-12-16,9.750000
1992-12-17,9.810000
1992-12-18,9.710000
1992-12-21,9.680000
1992-12-22,9.620000
1992-12-23,9.710000
1992-12-28,9.750000
1992-12-29,9.810000
1992-12-30,9.820000
1993-01-04,9.980000
1993-01-05,10.030000
1993-01-07,10.090000
1993-01-08,10.130000
1993-01-11,10.270000
1993-01-12,10.370000
1993-01-13,10.370000
1993-01-14,10.220000
1993-01-15,10.140000
1993-01-18,10.150000
1993-01-19,10.170000
1993-01-20,10.250000
1993-01-21,10.240000
1993-01-22,10.160000
1993-01-25,10.110000
1993-01-26,10.050000
1993-01-27,10.120000
1993-01-28,10.260000
1993-01-29,10.200000
1993-02-01,10.180000
1993-02-02,10.170000
1993-02-03,10.130000
1993-02-04,10.050000
1993-02-05,9.960000
1993-02-08,9.880000
1993-02-09,9.840000
1993-02-10,9.780000
1993-02-11,9.830000
1993-02-12,9.810000
1993-02-15,9.780000
1993-02-16,9.760000
1993-02-17,9.770000
1993-02-18,9.710000
1993-02-19,9.570000
1993-02-22,9.650000
1993-02-23,9.680000
1993-02-24,9.760000
1993-02-25,9.720000
1993-02-26,9.620000
1993-03-01,9.490000
1993-03-02,9.520000
1993-03-03,9.520000
1993-03-04,9.440000
1993-03-05,9.260000
1993-03-08,8.960000
1993-03-09,9.000000
1993-03-10,9.050000
1993-03-11,9.240000
1993-03-12,9.330000
1993-03-15,9.300000
1993-03-16,9.280000
1993-03-17,9.310000
1993-03-18,9.360000
1993-03-19,9.360000
1993-03-22,9.520000
1993-03-23,9.540000
1993-03-24,9.640000
1993-03-25,9.590000
1993-03-26,9.520000
1993-03-29,9.570000
1993-03-30,9.600000
1993-03-31,9.720000
1993-04-01,9.680000
1993-04-02,9.630000
1993-04-05,9.760000
1993-04-06,9.740000
1993-04-07,9.600000
1993-04-08,9.530000
1993-04-13,9.430000
1993-04-14,9.490000
1993-04-15,9.460000
1993-04-16,9.500000
1993-04-19,9.440000
1993-04-20,9.370000
1993-04-21,9.400000
1993-04-22,9.250000
1993-04-23,9.190000
1993-04-26,9.270000
1993-04-27,9.220000
1993-04-28,9.200000
1993-04-29,9.270000
1993-04-30,9.340000
1993-05-03,9.330000
1993-05-04,9.320000
1993-05-05,9.260000
1993-05-06,9.280000
1993-05-07,9.320000
1993-05-10,9.280000
1993-05-11,9.270000
1993-05-12,9.190000
1993-05-13,9.160000
1993-05-14,9.150000
1993-05-17,9.060000
1993-05-18,9.080000
1993-05-19,8.980000
1993-05-21,8.930000
1993-05-24,8.880000
1993-05-25,8.890000
1993-05-26,8.950000
1993-05-27,8.970000
1993-05-28,8.990000
1993-06-01,9.050000
1993-06-02,9.050000
1993-06-03,8.920000
1993-06-04,8.870000
1993-06-07,8.840000
1993-06-08,8.810000
1993-06-09,8.760000
1993-06-10,8.640000
1993-06-11,8.580000
1993-06-14,8.580000
1993-06-15,8.660000
1993-06-16,8.630000
1993-06-17,8.700000
1993-06-18,8.630000
1993-06-21,8.590000
1993-06-22,8.620000
1993-06-23,8.660000
1993-06-24,8.640000
1993-06-28,8.690000
1993-06-29,8.550000
1993-06-30,8.400000
1993-07-01,8.330000
1993-07-02,8.340000
1993-07-05,8.330000
1993-07-06,8.260000
1993-07-07,8.250000
1993-07-08,8.300000
1993-07-09,8.320000
1993-07-12,8.380000
1993-07-13,8.300000
1993-07-14,8.270000
1993-07-15,8.260000
1993-07-16,8.230000
1993-07-19,8.280000
1993-07-20,8.200000
1993-07-21,8.370000
1993-07-22,8.310000
1993-07-23,8.300000
1993-07-26,8.230000
1993-07-27,8.240000
1993-07-28,8.180000
1993-07-29,8.200000
1993-07-30,8.090000
1993-08-02,8.000000
1993-08-03,7.860000
1993-08-04,7.850000
1993-08-05,7.850000
1993-08-06,7.840000
1993-08-09,7.780000
1993-08-10,7.700000
1993-08-11,7.620000
1993-08-12,7.580000
1993-08-13,7.530000
1993-08-16,7.450000
1993-08-17,7.520000
1993-08-18,7.540000
1993-08-19,7.560000
1993-08-20,7.630000
1993-08-23,7.670000
1993-08-24,7.650000
1993-08-25,7.480000
1993-08-26,7.570000
1993-08-27,7.550000
1993-08-30,7.580000
1993-08-31,7.610000
1993-09-01,7.670000
1993-09-02,7.740000
1993-09-03,7.680000
1993-09-06,7.660000
1993-09-07,7.620000
1993-09-08,7.640000
1993-09-09,7.680000
1993-09-10,7.710000
1993-09-13,7.610000
1993-09-14,7.680000
1993-09-15,7.920000
1993-09-16,7.930000
1993-09-17,7.850000
1993-09-20,7.990000
1993-09-21,8.090000
1993-09-22,7.970000
1993-09-23,7.940000
1993-09-24,7.900000
1993-09-27,7.860000
1993-09-28,7.980000
1993-09-29,7.980000
1993-09-30,7.990000
1993-10-01,7.970000
1993-10-04,7.940000
1993-10-05,7.790000
1993-10-06,7.760000
1993-10-07,7.750000
1993-10-08,7.640000
1993-10-11,7.640000
1993-10-12,7.550000
1993-10-13,7.560000
1993-10-14,7.640000
1993-10-15,7.580000
1993-10-18,7.500000
1993-10-19,7.520000
1993-10-20,7.470000
1993-10-21,7.410000
1993-10-22,7.360000
1993-10-25,7.430000
1993-10-26,7.440000
1993-10-27,7.480000
1993-10-28,7.500000
1993-10-29,7.480000
1993-11-01,7.520000
1993-11-02,7.470000
1993-11-03,7.340000
1993-11-04,7.400000
1993-11-05,7.520000
1993-11-08,7.560000
1993-11-09,7.490000
1993-11-10,7.560000
1993-11-11,7.580000
1993-11-12,7.510000
1993-11-15,7.470000
1993-11-16,7.480000
1993-11-17,7.430000
1993-11-18,7.430000
1993-11-19,7.490000
1993-11-22,7.520000
1993-11-23,7.650000
1993-11-24,7.610000
1993-11-25,7.590000
1993-11-26,7.550000
1993-11-29,7.560000
1993-11-30,7.640000
1993-12-01,7.600000
1993-12-02,7.580000
1993-12-03,7.560000
1993-12-06,7.470000
1993-12-07,7.380000
1993-12-08,7.370000
1993-12-09,7.320000
1993-12-10,7.320000
1993-12-13,7.360000
1993-12-14,7.400000
1993-12-15,7.380000
1993-12-16,7.350000
1993-12-17,7.320000
1993-12-20,7.230000
1993-12-21,7.180000
1993-12-22,7.190000
1993-12-23,7.070000
1993-12-27,7.090000
1993-12-28,7.060000
1993-12-29,7.030000
1993-12-30,7.010000
1994-01-03,7.270000
1994-01-04,7.270000
1994-01-05,7.270000
1994-01-07,7.110000
1994-01-10,7.110000
1994-01-11,7.180000
1994-01-12,7.120000
1994-01-13,7.150000
1994-01-14,7.120000
1994-01-17,7.040000
1994-01-18,7.010000
1994-01-19,6.920000
1994-01-20,6.980000
1994-01-21,6.950000
1994-01-24,6.880000
1994-01-25,6.920000
1994-01-26,6.940000
1994-01-27,6.950000
1994-01-28,6.900000
1994-01-31,6.850000
1994-02-01,6.860000
1994-02-02,6.880000
1994-02-03,6.940000
1994-02-04,6.970000
1994-02-07,7.030000
1994-02-08,6.990000
1994-02-09,7.020000
1994-02-10,7.110000
1994-02-11,7.100000
1994-02-14,7.150000
1994-02-15,7.240000
1994-02-16,7.240000
1994-02-17,7.060000
1994-02-18,7.160000
1994-02-21,7.270000
1994-02-22,7.280000
1994-02-23,7.200000
1994-02-24,7.360000
1994-02-25,7.550000
1994-02-28,7.530000
1994-03-01,7.600000
1994-03-02,7.850000
1994-03-03,7.650000
1994-03-04,7.580000
1994-03-07,7.450000
1994-03-08,7.550000
1994-03-09,7.600000
1994-03-10,7.660000
1994-03-11,7.800000
1994-03-14,7.710000
1994-03-15,7.610000
1994-03-16,7.620000
1994-03-17,7.640000
1994-03-18,7.860000
1994-03-21,7.960000
1994-03-22,7.930000
1994-03-23,7.920000
1994-03-24,8.100000
1994-03-25,8.460000
1994-03-28,8.390000
1994-03-29,8.450000
1994-03-30,8.410000
1994-03-31,8.200000
1994-04-05,8.250000
1994-04-06,8.100000
1994-04-07,8.240000
1994-04-08,8.300000
1994-04-11,8.280000
1994-04-12,8.250000
1994-04-13,8.330000
1994-04-14,8.460000
1994-04-15,8.560000
1994-04-18,8.600000
1994-04-19,8.910000
1994-04-20,9.010000
1994-04-21,9.160000
1994-04-22,9.010000
1994-04-25,9.170000
1994-04-26,9.080000
1994-04-27,8.880000
1994-04-28,8.810000
1994-04-29,8.770000
1994-05-02,8.730000
1994-05-03,8.740000
1994-05-04,8.890000
1994-05-05,8.880000
1994-05-06,8.910000
1994-05-09,9.000000
1994-05-10,8.880000
1994-05-11,8.800000
1994-05-13,8.730000
1994-05-16,8.660000
1994-05-17,8.650000
1994-05-18,8.580000
1994-05-19,8.550000
1994-05-20,8.710000
1994-05-24,9.040000
1994-05-25,9.270000
1994-05-26,9.200000
1994-05-27,9.150000
1994-05-30,9.260000
1994-05-31,9.600000
1994-06-01,9.800000
1994-06-02,9.820000
1994-06-03,9.690000
1994-06-06,9.710000
1994-06-07,9.990000
1994-06-08,9.700000
1994-06-09,9.690000
1994-06-10,9.570000
1994-06-13,9.850000
1994-06-14,9.890000
1994-06-15,9.970000
1994-06-16,10.250000
1994-06-17,10.310000
1994-06-20,10.520000
1994-06-21,10.600000
1994-06-22,10.450000
1994-06-23,9.970000
1994-06-27,10.140000
1994-06-28,10.030000
1994-06-29,10.040000
1994-06-30,10.210000
1994-07-01,10.640000
1994-07-04,10.510000
1994-07-05,10.770000
1994-07-06,10.960000
1994-07-07,10.900000
1994-07-08,10.980000
1994-07-11,11.050000
1994-07-12,11.040000
1994-07-13,11.090000
1994-07-14,11.270000
1994-07-15,10.960000
1994-07-18,11.020000
1994-07-19,10.940000
1994-07-20,10.930000
1994-07-21,10.890000
1994-07-22,10.810000
1994-07-25,10.810000
1994-07-26,10.760000
1994-07-27,10.800000
1994-07-28,10.890000
1994-07-29,10.960000
1994-08-01,10.960000
1994-08-02,10.790000
1994-08-03,10.710000
1994-08-04,10.810000
1994-08-05,10.900000
1994-08-08,10.950000
1994-08-09,11.090000
1994-08-10,11.070000
1994-08-11,11.490000
1994-08-12,11.800000
1994-08-15,11.850000
1994-08-16,11.880000
1994-08-17,12.250000
1994-08-18,11.950000
1994-08-19,11.760000
1994-08-22,11.340000
1994-08-23,11.880000
1994-08-24,11.920000
1994-08-25,11.770000
1994-08-26,11.640000
1994-08-29,11.410000
1994-08-30,11.410000
1994-08-31,11.460000
1994-09-01,11.340000
1994-09-02,11.320000
1994-09-05,11.740000
1994-09-06,11.730000
1994-09-07,11.580000
1994-09-08,11.700000
1994-09-09,11.730000
1994-09-12,11.350000
1994-09-13,11.410000
1994-09-14,11.540000
1994-09-15,11.400000
1994-09-16,11.320000
1994-09-19,11.520000
1994-09-20,11.570000
1994-09-21,11.540000
1994-09-22,11.400000
1994-09-23,11.240000
1994-09-26,11.140000
1994-09-27,11.150000
1994-09-28,11.110000
1994-09-29,11.310000
1994-09-30,11.340000
1994-10-03,11.320000
1994-10-04,11.140000
1994-10-05,11.380000
1994-10-06,11.210000
1994-10-07,11.240000
1994-10-10,11.250000
1994-10-11,11.320000
1994-10-12,11.340000
1994-10-13,11.190000
1994-10-14,11.170000
1994-10-17,11.110000
1994-10-18,11.100000
1994-10-19,11.190000
1994-10-20,11.200000
1994-10-21,11.040000
1994-10-24,10.880000
1994-10-25,10.950000
1994-10-26,10.990000
1994-10-27,10.910000
1994-10-28,10.910000
1994-10-31,10.970000
1994-11-01,11.080000
1994-11-02,11.200000
1994-11-03,11.440000
1994-11-04,11.430000
1994-11-07,11.670000
1994-11-08,11.570000
1994-11-09,11.420000
1994-11-10,11.190000
1994-11-11,11.120000
1994-11-14,10.880000
1994-11-15,10.840000
1994-11-16,11.020000
1994-11-17,11.080000
1994-11-18,11.020000
1994-11-21,10.960000
1994-11-22,11.010000
1994-11-23,10.960000
1994-11-24,10.900000
1994-11-25,10.890000
1994-11-28,10.900000
1994-11-29,10.970000
1994-11-30,11.020000
1994-12-01,10.960000
1994-12-02,10.900000
1994-12-05,10.880000
1994-12-06,10.940000
1994-12-07,10.890000
1994-12-08,10.870000
1994-12-09,10.760000
1994-12-12,10.850000
1994-12-13,10.890000
1994-12-14,10.930000
1994-12-15,10.910000
1994-12-16,10.880000
1994-12-19,10.880000
1994-12-20,10.840000
1994-12-21,10.830000
1994-12-22,10.800000
1994-12-23,10.830000
1994-12-27,10.780000
1994-12-28,10.800000
1995-01-02,10.900000
1995-01-03,10.950000
1995-01-04,10.870000
1995-01-05,10.820000
1995-01-09,11.080000
1995-01-10,11.210000
1995-01-11,11.150000
1995-01-12,11.240000
1995-01-13,11.150000
1995-01-16,11.050000
1995-01-17,10.980000
1995-01-18,10.930000
1995-01-19,10.990000
1995-01-20,10.990000
1995-01-23,11.100000
1995-01-24,11.090000
1995-01-25,11.160000
1995-01-26,11.070000
1995-01-27,11.000000
1995-01-30,10.960000
1995-01-31,10.990000
1995-02-01,10.880000
1995-02-02,10.880000
1995-02-03,10.840000
1995-02-06,10.700000
1995-02-07,10.700000
1995-02-08,10.740000
1995-02-09,10.680000
1995-02-10,10.660000
1995-02-13,10.740000
1995-02-14,10.730000
1995-02-15,10.670000
1995-02-16,10.720000
1995-02-17,10.770000
1995-02-20,10.800000
1995-02-21,10.770000
1995-02-22,10.760000
1995-02-23,10.660000
1995-02-24,10.620000
1995-02-27,10.710000
1995-02-28,10.710000
1995-03-01,10.650000
1995-03-02,10.660000
1995-03-03,10.840000
1995-03-06,11.090000
1995-03-07,11.260000
1995-03-08,11.070000
1995-03-09,11.290000
1995-03-10,11.150000
1995-03-13,11.190000
1995-03-14,11.110000
1995-03-15,11.260000
1995-03-16,11.250000
1995-03-17,11.360000
1995-03-20,11.300000
1995-03-21,11.220000
1995-03-22,11.340000
1995-03-23,11.370000
1995-03-24,11.280000
1995-03-27,11.220000
1995-03-28,11.340000
1995-03-29,11.550000
1995-03-30,11.330000
1995-03-31,11.540000
1995-04-03,11.630000
1995-04-04,11.490000
1995-04-05,11.570000
1995-04-06,11.580000
1995-04-07,11.390000
1995-04-10,11.250000
1995-04-11,11.380000
1995-04-12,11.310000
1995-04-13,11.300000
1995-04-18,11.430000
1995-04-19,11.510000
1995-04-20,11.620000
1995-04-21,11.570000
1995-04-24,11.560000
1995-04-25,11.470000
1995-04-26,11.350000
1995-04-27,11.280000
1995-04-28,11.230000
1995-05-02,11.270000
1995-05-03,11.140000
1995-05-04,11.080000
1995-05-05,10.970000
1995-05-08,10.850000
1995-05-09,10.790000
1995-05-10,10.510000
1995-05-11,10.670000
1995-05-12,10.640000
1995-05-15,10.560000
1995-05-16,10.590000
1995-05-17,10.650000
1995-05-18,10.620000
1995-05-19,10.720000
1995-05-22,10.720000
1995-05-23,10.740000
1995-05-24,10.690000
1995-05-26,10.780000
1995-05-29,10.800000
1995-05-30,10.740000
1995-05-31,10.540000
1995-06-01,10.510000
1995-06-02,10.330000
1995-06-06,10.210000
1995-06-07,10.250000
1995-06-08,10.410000
1995-06-09,10.490000
1995-06-12,10.640000
1995-06-13,10.450000
1995-06-14,10.570000
1995-06-15,10.570000
1995-06-16,10.670000
1995-06-19,10.710000
1995-06-20,10.680000
1995-06-21,10.750000
1995-06-22,10.670000
1995-06-26,10.770000
1995-06-27,10.820000
1995-06-28,10.900000
1995-06-29,10.830000
1995-06-30,11.010000
1995-07-03,10.970000
1995-07-04,10.880000
1995-07-05,10.770000
1995-07-06,10.830000
1995-07-07,10.650000
1995-07-10,10.550000
1995-07-11,10.630000
1995-07-12,10.460000
1995-07-13,10.540000
1995-07-14,10.490000
1995-07-17,10.460000
1995-07-18,10.520000
1995-07-19,10.560000
1995-07-20,10.640000
1995-07-21,10.570000
1995-07-24,10.510000
1995-07-25,10.510000
1995-07-26,10.440000
1995-07-27,10.370000
1995-07-28,10.400000
1995-07-31,10.410000
1995-08-01,10.460000
1995-08-02,10.360000
1995-08-03,10.320000
1995-08-04,10.290000
1995-08-07,10.300000
1995-08-08,10.300000
1995-08-09,10.320000
1995-08-10,10.180000
1995-08-11,10.210000
1995-08-14,10.310000
1995-08-15,10.270000
1995-08-16,10.190000
1995-08-17,10.200000
1995-08-18,10.330000
1995-08-21,10.260000
1995-08-22,10.190000
1995-08-23,10.200000
1995-08-24,10.130000
1995-08-25,10.110000
1995-08-28,10.160000
1995-08-29,10.180000
1995-08-30,10.170000
1995-08-31,10.240000
1995-09-01,10.280000
1995-09-04,10.160000
1995-09-05,10.120000
1995-09-06,10.050000
1995-09-07,9.990000
1995-09-08,9.710000
1995-09-11,9.620000
1995-09-12,9.630000
1995-09-13,9.420000
1995-09-14,9.260000
1995-09-15,9.200000
1995-09-18,9.440000
1995-09-19,9.300000
1995-09-20,9.350000
1995-09-21,9.550000
1995-09-22,9.830000
1995-09-25,9.720000
1995-09-26,9.600000
1995-09-27,9.690000
1995-09-28,9.620000
1995-09-29,9.350000
1995-10-02,9.410000
1995-10-03,9.290000
1995-10-04,9.340000
1995-10-05,9.400000
1995-10-06,9.480000
1995-10-09,9.530000
1995-10-10,9.470000
1995-10-11,9.430000
1995-10-12,9.410000
1995-10-13,9.360000
1995-10-16,9.430000
1995-10-17,9.420000
1995-10-18,9.230000
1995-10-19,9.220000
1995-10-20,9.270000
1995-10-23,9.340000
1995-10-24,9.230000
1995-10-25,9.170000
1995-10-26,9.210000
1995-10-27,9.210000
1995-10-30,9.190000
1995-10-31,9.210000
1995-11-01,9.100000
1995-11-02,9.090000
1995-11-03,9.110000
1995-11-06,9.230000
1995-11-07,9.200000
1995-11-08,9.110000
1995-11-09,9.160000
1995-11-10,9.210000
1995-11-13,9.210000
1995-11-14,9.180000
1995-11-15,9.180000
1995-11-16,9.160000
1995-11-17,9.060000
1995-11-20,8.980000
1995-11-21,8.930000
1995-11-22,8.840000
1995-11-23,8.880000
1995-11-24,8.810000
1995-11-27,8.690000
1995-11-28,8.730000
1995-11-29,8.730000
1995-11-30,8.760000
1995-12-01,8.710000
1995-12-04,8.660000
1995-12-05,8.580000
1995-12-06,8.520000
1995-12-07,8.650000
1995-12-08,8.640000
1995-12-11,8.820000
1995-12-12,8.710000
1995-12-13,8.700000
1995-12-14,8.660000
1995-12-15,8.600000
1995-12-18,8.600000
1995-12-19,8.730000
1995-12-20,8.670000
1995-12-21,8.680000
1995-12-22,8.580000
1995-12-27,8.530000
1995-12-28,8.500000
1995-12-29,8.440000
1996-01-02,8.390000
1996-01-03,8.310000
1996-01-04,8.240000
1996-01-05,8.290000
1996-01-08,8.340000
1996-01-09,8.230000
1996-01-10,8.300000
1996-01-11,8.260000
1996-01-12,8.200000
1996-01-15,8.160000
1996-01-16,8.090000
1996-01-17,8.110000
1996-01-18,7.920000
1996-01-19,7.960000
1996-01-22,8.230000
1996-01-23,8.210000
1996-01-24,8.240000
1996-01-25,8.460000
1996-01-26,8.510000
1996-01-29,8.440000
1996-01-30,8.360000
1996-01-31,8.330000
1996-02-01,8.370000
1996-02-02,8.410000
1996-02-05,8.690000
1996-02-06,8.850000
1996-02-07,8.770000
1996-02-08,8.850000
1996-02-09,8.760000
1996-02-12,8.780000
1996-02-13,8.680000
1996-02-14,8.770000
1996-02-15,8.860000
1996-02-16,8.940000
1996-02-19,9.110000
1996-02-20,8.990000
1996-02-21,9.000000
1996-02-22,8.790000
1996-02-23,8.670000
1996-02-26,8.810000
1996-02-27,8.740000
1996-02-28,8.720000
1996-02-29,8.830000
1996-03-01,8.730000
1996-03-04,8.840000
1996-03-05,8.890000
1996-03-06,8.860000
1996-03-07,8.820000
1996-03-08,9.030000
1996-03-11,9.170000
1996-03-12,9.070000
1996-03-13,9.040000
1996-03-14,9.050000
1996-03-15,9.070000
1996-03-18,8.880000
1996-03-19,8.820000
1996-03-20,8.660000
1996-03-21,8.700000
1996-03-22,8.590000
1996-03-25,8.480000
1996-03-26,8.500000
1996-03-27,8.440000
1996-03-28,8.470000
1996-03-29,8.570000
1996-04-01,8.470000
1996-04-02,8.460000
1996-04-03,8.500000
1996-04-04,8.450000
1996-04-09,8.540000
1996-04-10,8.460000
1996-04-11,8.450000
1996-04-12,8.410000
1996-04-15,8.380000
1996-04-16,8.390000
1996-04-17,8.450000
1996-04-18,8.370000
1996-04-19,8.320000
1996-04-22,8.220000
1996-04-23,8.280000
1996-04-24,8.250000
1996-04-25,8.240000
1996-04-26,8.150000
1996-04-29,8.220000
1996-04-30,8.210000
1996-05-02,8.370000
1996-05-03,8.520000
1996-05-06,8.570000
1996-05-07,8.600000
1996-05-08,8.640000
1996-05-09,8.560000
1996-05-10,8.500000
1996-05-13,8.470000
1996-05-14,8.430000
1996-05-15,8.410000
1996-05-17,8.380000
1996-05-20,8.310000
1996-05-21,8.340000
1996-05-22,8.480000
1996-05-23,8.520000
1996-05-24,8.450000
1996-05-28,8.400000
1996-05-29,8.390000
1996-05-30,8.480000
1996-05-31,8.450000
1996-06-03,8.500000
1996-06-04,8.400000
1996-06-05,8.400000
1996-06-06,8.360000
1996-06-07,8.470000
1996-06-10,8.450000
1996-06-11,8.400000
1996-06-12,8.410000
1996-06-13,8.420000
1996-06-14,8.440000
1996-06-17,8.450000
1996-06-18,8.430000
1996-06-19,8.410000
1996-06-20,8.370000
1996-06-24,8.310000
1996-06-25,8.230000
1996-06-26,8.190000
1996-06-27,8.250000
1996-06-28,8.140000
1996-07-01,8.190000
1996-07-02,8.240000
1996-07-03,8.230000
1996-07-04,8.210000
1996-07-05,8.330000
1996-07-08,8.360000
1996-07-09,8.340000
1996-07-10,8.320000
1996-07-11,8.300000
1996-07-12,8.320000
1996-07-15,8.360000
1996-07-16,8.440000
1996-07-17,8.330000
1996-07-18,8.310000
1996-07-19,8.270000
1996-07-22,8.220000
1996-07-23,8.230000
1996-07-24,8.210000
1996-07-25,8.260000
1996-07-26,8.250000
1996-07-29,8.270000
1996-07-30,8.310000
1996-07-31,8.330000
1996-08-01,8.300000
1996-08-02,8.180000
1996-08-05,8.180000
1996-08-06,8.180000
1996-08-07,8.230000
1996-08-08,8.220000
1996-08-09,8.250000
1996-08-12,8.250000
1996-08-13,8.220000
1996-08-14,8.180000
1996-08-15,8.100000
1996-08-16,8.010000
1996-08-19,8.050000
1996-08-20,8.020000
1996-08-21,8.110000
1996-08-22,7.980000
1996-08-23,8.010000
1996-08-26,8.070000
1996-08-27,8.040000
1996-08-28,8.140000
1996-08-29,8.140000
1996-08-30,8.090000
1996-09-02,8.130000
1996-09-03,8.180000
1996-09-04,8.160000
1996-09-05,8.170000
1996-09-06,8.140000
1996-09-09,8.090000
1996-09-10,8.050000
1996-09-11,8.000000
1996-09-12,7.910000
1996-09-13,7.850000
1996-09-16,7.800000
1996-09-17,7.730000
1996-09-18,7.790000
1996-09-19,7.690000
1996-09-20,7.620000
1996-09-23,7.640000
1996-09-24,7.650000
1996-09-25,7.490000
1996-09-26,7.460000
1996-09-27,7.380000
1996-09-30,7.360000
1996-10-01,7.350000
1996-10-02,7.200000
1996-10-03,7.210000
1996-10-04,7.230000
1996-10-07,7.220000
1996-10-08,7.230000
1996-10-09,7.030000
1996-10-10,7.140000
1996-10-11,7.140000
1996-10-14,7.170000
1996-10-15,7.140000
1996-10-16,7.250000
1996-10-17,7.310000
1996-10-18,7.230000
1996-10-21,7.240000
1996-10-22,7.190000
1996-10-23,7.230000
1996-10-24,7.190000
1996-10-25,7.180000
1996-10-28,7.190000
1996-10-29,7.220000
1996-10-30,7.290000
1996-10-31,7.480000
1996-11-01,7.430000
1996-11-04,7.450000
1996-11-05,7.440000
1996-11-06,7.430000
1996-11-07,7.480000
1996-11-08,7.470000
1996-11-11,7.520000
1996-11-12,7.460000
1996-11-13,7.420000
1996-11-14,7.310000
1996-11-15,7.250000
1996-11-18,7.180000
1996-11-19,7.140000
1996-11-20,7.230000
1996-11-21,7.210000
1996-11-22,7.240000
1996-11-25,7.190000
1996-11-26,7.080000
1996-11-27,7.110000
1996-11-28,7.090000
1996-11-29,6.980000
1996-12-02,7.020000
1996-12-03,6.890000
1996-12-04,6.860000
1996-12-05,6.930000
1996-12-06,7.030000
1996-12-09,6.960000
1996-12-10,6.970000
1996-12-11,7.010000
1996-12-12,6.950000
1996-12-13,6.950000
1996-12-16,6.890000
1996-12-17,6.860000
1996-12-18,6.790000
1996-12-19,6.830000
1996-12-20,6.750000
1996-12-23,6.740000
1996-12-27,6.710000
1996-12-30,6.710000
1997-01-02,6.880000
1997-01-03,6.900000
1997-01-07,6.910000
1997-01-08,6.880000
1997-01-09,6.770000
1997-01-10,6.810000
1997-01-13,6.730000
1997-01-14,6.680000
1997-01-15,6.640000
1997-01-16,6.620000
1997-01-17,6.640000
1997-01-20,6.600000
1997-01-21,6.620000
1997-01-22,6.650000
1997-01-23,6.770000
1997-01-24,6.810000
1997-01-27,6.830000
1997-01-28,6.780000
1997-01-29,6.870000
1997-01-30,6.880000
1997-01-31,6.870000
1997-02-03,6.920000
1997-02-04,6.930000
1997-02-05,6.820000
1997-02-06,6.790000
1997-02-07,6.750000
1997-02-10,6.750000
1997-02-11,6.690000
1997-02-12,6.670000
1997-02-13,6.650000
1997-02-14,6.570000
1997-02-17,6.570000
1997-02-18,6.650000
1997-02-19,6.670000
1997-02-20,6.630000
1997-02-21,6.600000
1997-02-24,6.650000
1997-02-25,6.660000
1997-02-26,6.740000
1997-02-27,6.750000
1997-02-28,6.780000
1997-03-03,6.870000
1997-03-04,6.820000
1997-03-05,6.860000
1997-03-06,6.880000
1997-03-07,6.920000
1997-03-10,6.900000
1997-03-11,6.860000
1997-03-12,6.880000
1997-03-13,6.910000
1997-03-14,7.080000
1997-03-17,7.270000
1997-03-18,7.470000
1997-03-19,7.480000
1997-03-20,7.400000
1997-03-21,7.360000
1997-03-24,7.410000
1997-03-25,7.390000
1997-03-26,7.370000
1997-03-27,7.270000
1997-04-01,7.460000
1997-04-02,7.450000
1997-04-03,7.470000
1997-04-04,7.380000
1997-04-07,7.260000
1997-04-08,7.180000
1997-04-09,7.130000
1997-04-10,7.210000
1997-04-11,7.210000
1997-04-14,7.160000
1997-04-15,7.120000
1997-04-16,7.170000
1997-04-17,7.170000
1997-04-18,7.170000
1997-04-21,7.250000
1997-04-22,7.330000
1997-04-23,7.260000
1997-04-24,7.240000
1997-04-25,7.350000
1997-04-28,7.370000
1997-04-29,7.310000
1997-04-30,7.250000
1997-05-02,7.200000
1997-05-05,7.200000
1997-05-06,7.140000
1997-05-07,7.120000
1997-05-09,7.030000
1997-05-12,7.000000
1997-05-13,6.990000
1997-05-14,6.930000
1997-05-15,6.900000
1997-05-16,6.930000
1997-05-20,6.950000
1997-05-21,6.950000
1997-05-22,7.020000
1997-05-23,7.030000
1997-05-26,7.110000
1997-05-27,7.040000
1997-05-28,7.110000
1997-05-29,7.110000
1997-05-30,7.060000
1997-06-02,7.000000
1997-06-03,6.950000
1997-06-04,6.970000
1997-06-05,6.950000
1997-06-06,6.960000
1997-06-09,7.000000
1997-06-10,6.960000
1997-06-11,6.930000
1997-06-12,6.830000
1997-06-13,6.770000
1997-06-16,6.770000
1997-06-17,6.840000
1997-06-18,6.810000
1997-06-19,6.730000
1997-06-23,6.760000
1997-06-24,6.690000
1997-06-25,6.660000
1997-06-26,6.670000
1997-06-27,6.620000
1997-06-30,6.640000
1997-07-01,6.610000
1997-07-02,6.560000
1997-07-03,6.510000
1997-07-04,6.470000
1997-07-07,6.480000
1997-07-08,6.480000
1997-07-09,6.420000
1997-07-10,6.480000
1997-07-11,6.440000
1997-07-14,6.440000
1997-07-15,6.520000
1997-07-16,6.540000
1997-07-17,6.490000
1997-07-18,6.510000
1997-07-21,6.530000
1997-07-22,6.500000
1997-07-23,6.410000
1997-07-24,6.390000
1997-07-25,6.440000
1997-07-28,6.440000
1997-07-29,6.440000
1997-07-30,6.440000
1997-07-31,6.380000
1997-08-01,6.470000
1997-08-04,6.520000
1997-08-05,6.570000
1997-08-06,6.550000
1997-08-07,6.520000
1997-08-08,6.560000
1997-08-11,6.570000
1997-08-12,6.530000
1997-08-13,6.600000
1997-08-14,6.590000
1997-08-15,6.640000
1997-08-18,6.630000
1997-08-19,6.530000
1997-08-20,6.470000
1997-08-21,6.500000
1997-08-22,6.580000
1997-08-25,6.610000
1997-08-26,6.600000
1997-08-27,6.600000
1997-08-28,6.590000
1997-08-29,6.610000
1997-09-01,6.600000
1997-09-02,6.590000
1997-09-03,6.570000
1997-09-04,6.560000
1997-09-05,6.540000
1997-09-08,6.530000
1997-09-09,6.540000
1997-09-10,6.570000
1997-09-11,6.590000
1997-09-12,6.530000
1997-09-15,6.510000
1997-09-16,6.440000
1997-09-17,6.380000
1997-09-18,6.330000
1997-09-19,6.340000
1997-09-22,6.260000
1997-09-23,6.260000
1997-09-24,6.240000
1997-09-25,6.140000
1997-09-26,6.130000
1997-09-29,6.170000
1997-09-30,6.150000
1997-10-01,6.090000
1997-10-02,6.040000
1997-10-03,5.950000
1997-10-06,5.980000
1997-10-07,5.970000
1997-10-08,6.000000
1997-10-09,6.200000
1997-10-10,6.290000
1997-10-13,6.240000
1997-10-14,6.180000
1997-10-15,6.220000
1997-10-16,6.330000
1997-10-17,6.370000
1997-10-20,6.400000
1997-10-21,6.360000
1997-10-22,6.500000
1997-10-23,6.440000
1997-10-24,6.400000
1997-10-27,6.380000
1997-10-28,6.360000
1997-10-29,6.360000
1997-10-30,6.380000
1997-10-31,6.370000
1997-11-03,6.400000
1997-11-04,6.400000
1997-11-05,6.430000
1997-11-06,6.450000
1997-11-07,6.380000
1997-11-10,6.410000
1997-11-11,6.390000
1997-11-12,6.380000
1997-11-13,6.370000
1997-11-14,6.330000
1997-11-17,6.380000
1997-11-18,6.350000
1997-11-19,6.270000
1997-11-20,6.230000
1997-11-21,6.250000
1997-11-24,6.230000
1997-11-25,6.220000
1997-11-26,6.240000
1997-11-27,6.270000
1997-11-28,6.230000
1997-12-01,6.210000
1997-12-02,6.170000
1997-12-03,6.180000
1997-12-04,6.150000
1997-12-05,6.200000
1997-12-08,6.190000
1997-12-09,6.160000
1997-12-10,6.160000
1997-12-11,6.050000
1997-12-12,5.960000
1997-12-15,5.960000
1997-12-16,5.980000
1997-12-17,6.030000
1997-12-18,5.980000
1997-12-19,5.950000
1997-12-22,5.960000
1997-12-23,5.940000
1997-12-29,5.960000
1997-12-30,5.980000
1998-01-02,6.030000
1998-01-05,5.870000
1998-01-07,5.760000
1998-01-08,5.700000
1998-01-09,5.610000
1998-01-12,5.630000
1998-01-13,5.620000
1998-01-14,5.610000
1998-01-15,5.640000
1998-01-16,5.670000
1998-01-19,5.630000
1998-01-20,5.600000
1998-01-21,5.650000
1998-01-22,5.670000
1998-01-23,5.700000
1998-01-26,5.690000
1998-01-27,5.670000
1998-01-28,5.660000
1998-01-29,5.680000
1998-01-30,5.650000
1998-02-02,5.640000
1998-02-03,5.660000
1998-02-04,5.690000
1998-02-05,5.720000
1998-02-06,5.710000
1998-02-09,5.730000
1998-02-10,5.710000
1998-02-11,5.600000
1998-02-12,5.540000
1998-02-13,5.530000
1998-02-16,5.510000
1998-02-17,5.480000
1998-02-18,5.500000
1998-02-19,5.490000
1998-02-20,5.500000
1998-02-23,5.450000
1998-02-24,5.440000
1998-02-25,5.450000
1998-02-26,5.430000
1998-02-27,5.490000
1998-03-02,5.470000
1998-03-03,5.480000
1998-03-04,5.580000
1998-03-05,5.580000
1998-03-06,5.540000
1998-03-09,5.470000
1998-03-10,5.440000
1998-03-11,5.410000
1998-03-12,5.320000
1998-03-13,5.350000
1998-03-16,5.330000
1998-03-17,5.290000
1998-03-18,5.300000
1998-03-19,5.340000
1998-03-20,5.310000
1998-03-23,5.340000
1998-03-24,5.300000
1998-03-25,5.240000
1998-03-26,5.270000
1998-03-27,5.280000
1998-03-30,5.320000
1998-03-31,5.320000
1998-04-01,5.330000
1998-04-02,5.280000
1998-04-03,5.180000
1998-04-06,5.170000
1998-04-07,5.180000
1998-04-08,5.200000
1998-04-09,5.200000
1998-04-14,5.180000
1998-04-15,5.190000
1998-04-16,5.160000
1998-04-17,5.150000
1998-04-20,5.170000
1998-04-21,5.210000
1998-04-22,5.240000
1998-04-23,5.220000
1998-04-24,5.230000
1998-04-27,5.330000
1998-04-28,5.360000
1998-04-29,5.390000
1998-04-30,5.380000
1998-05-04,5.270000
1998-05-05,5.310000
1998-05-06,5.320000
1998-05-07,5.320000
1998-05-08,5.290000
1998-05-11,5.280000
1998-05-12,5.320000
1998-05-13,5.280000
1998-05-14,5.290000
1998-05-15,5.300000
1998-05-18,5.270000
1998-05-19,5.240000
1998-05-20,5.190000
1998-05-22,5.180000
1998-05-25,5.140000
1998-05-26,5.110000
1998-05-27,5.090000
1998-05-28,5.120000
1998-05-29,5.090000
1998-06-02,5.070000
1998-06-03,5.080000
1998-06-04,5.040000
1998-06-05,5.040000
1998-06-08,5.040000
1998-06-09,5.060000
1998-06-10,4.990000
1998-06-11,4.940000
1998-06-12,4.970000
1998-06-15,4.940000
1998-06-16,4.980000
1998-06-17,5.030000
1998-06-18,5.030000
1998-06-22,5.000000
1998-06-23,5.000000
1998-06-24,4.980000
1998-06-25,4.980000
1998-06-26,4.970000
1998-06-29,4.960000
1998-06-30,4.980000
1998-07-01,4.980000
1998-07-02,4.935000
1998-07-03,4.920000
1998-07-06,4.890000
1998-07-07,4.915000
1998-07-08,4.905000
1998-07-09,4.910000
1998-07-10,4.890000
1998-07-13,4.910000
1998-07-14,4.915000
1998-07-15,4.925000
1998-07-16,4.935000
1998-07-17,4.930000
1998-07-20,4.930000
1998-07-21,4.900000
1998-07-22,4.905000
1998-07-23,4.895000
1998-07-24,4.905000
1998-07-27,4.895000
1998-07-28,4.905000
1998-07-29,4.890000
1998-07-30,4.900000
1998-07-31,4.905000
1998-08-03,4.890000
1998-08-04,4.905000
1998-08-05,4.875000
1998-08-06,4.880000
1998-08-07,4.870000
1998-08-10,4.875000
1998-08-11,4.825000
1998-08-12,4.805000
1998-08-13,4.805000
1998-08-14,4.790000
1998-08-17,4.765000
1998-08-18,4.770000
1998-08-19,4.780000
1998-08-20,4.725000
1998-08-21,4.665000
1998-08-24,4.715000
1998-08-25,4.960000
1998-08-26,4.875000
1998-08-27,4.940000
1998-08-28,4.895000
1998-08-31,4.820000
1998-09-01,4.795000
1998-09-02,4.885000
1998-09-03,4.925000
1998-09-04,4.935000
1998-09-07,4.915000
1998-09-08,4.905000
1998-09-09,4.810000
1998-09-10,4.760000
1998-09-11,4.710000
1998-09-14,4.730000
1998-09-15,4.705000
1998-09-16,4.740000
1998-09-17,4.755000
1998-09-18,4.735000
1998-09-21,4.890000
1998-09-22,4.835000
1998-09-23,4.860000
1998-09-24,4.875000
1998-09-25,4.880000
1998-09-28,4.850000
1998-09-29,4.825000
1998-09-30,4.755000
1998-10-01,4.655000
1998-10-02,4.585000
1998-10-05,4.575000
1998-10-06,4.615000
1998-10-07,4.615000
1998-10-08,4.785000
1998-10-09,4.985000
1998-10-12,4.965000
1998-10-13,4.860000
1998-10-14,4.865000
1998-10-15,4.795000
1998-10-16,4.760000
1998-10-19,4.770000
1998-10-20,4.790000
1998-10-21,4.725000
1998-10-22,4.745000
1998-10-23,4.755000
1998-10-26,4.785000
1998-10-27,4.744000
1998-10-28,4.736000
1998-10-29,4.735000
1998-10-30,4.675000
1998-11-02,4.660000
1998-11-03,4.655000
1998-11-04,4.645000
1998-11-05,4.640000
1998-11-06,4.703000
1998-11-09,4.725000
1998-11-10,4.695000
1998-11-11,4.700000
1998-11-12,4.650000
1998-11-13,4.660000
1998-11-16,4.655000
1998-11-17,4.615000
1998-11-18,4.580000
1998-11-19,4.535000
1998-11-20,4.494000
1998-11-23,4.450000
1998-11-24,4.475000
1998-11-25,4.500000
1998-11-26,4.460000
1998-11-27,4.425000
1998-11-30,4.365000
1998-12-01,4.310000
1998-12-02,4.290000
1998-12-03,4.315000
1998-12-04,4.350000
1998-12-07,4.350000
1998-12-08,4.355000
1998-12-09,4.280000
1998-12-10,4.210000
1998-12-11,4.220000
1998-12-14,4.190000
1998-12-15,4.205000
1998-12-16,4.195000
1998-12-17,4.205000
1998-12-18,4.205000
1998-12-21,4.205000
1998-12-22,4.260000
1998-12-23,4.245000
1998-12-28,4.270000
1998-12-29,4.245000
1998-12-30,4.185000
1999-01-04,4.090000
1999-01-05,4.035000
1999-01-07,4.020000
1999-01-08,4.050000
1999-01-11,4.130000
1999-01-12,4.111000
1999-01-13,4.045000
1999-01-14,4.045000
1999-01-15,4.005000
1999-01-18,3.990000
1999-01-19,4.030000
1999-01-20,4.025000
1999-01-21,3.980000
1999-01-22,3.950000
1999-01-25,3.935000
1999-01-26,3.950000
1999-01-27,3.965000
1999-01-28,3.990000
1999-01-29,3.985000
1999-02-01,3.993000
1999-02-02,4.035000
1999-02-03,4.080000
1999-02-04,4.145000
1999-02-05,4.140000
1999-02-08,4.175000
1999-02-09,4.140000
1999-02-10,4.130000
1999-02-11,4.110000
1999-02-12,4.180000
1999-02-15,4.255000
1999-02-16,4.210000
1999-02-17,4.235000
1999-02-18,4.240000
1999-02-19,4.230000
1999-02-22,4.220000
1999-02-23,4.200000
1999-02-24,4.215000
1999-02-25,4.305000
1999-02-26,4.410000
1999-03-01,4.555000
1999-03-02,4.500000
1999-03-03,4.515000
1999-03-04,4.560000
1999-03-05,4.410000
1999-03-08,4.450000
1999-03-09,4.484000
1999-03-10,4.535000
1999-03-11,4.510000
1999-03-12,4.420000
1999-03-15,4.445000
1999-03-16,4.430000
1999-03-17,4.325000
1999-03-18,4.340000
1999-03-19,4.310000
1999-03-22,4.365000
1999-03-23,4.450000
1999-03-24,4.390000
1999-03-25,4.354000
1999-03-26,4.465000
1999-03-29,4.485000
1999-03-30,4.420000
1999-03-31,4.375000
1999-04-01,4.365000
1999-04-06,4.315000
1999-04-07,4.260000
1999-04-08,4.255000
1999-04-09,4.170000
1999-04-12,4.250000
1999-04-13,4.205000
1999-04-14,4.185000
1999-04-15,4.205000
1999-04-16,4.215000
1999-04-19,4.250000
1999-04-20,4.210000
1999-04-21,4.185000
1999-04-22,4.215000
1999-04-23,4.290000
1999-04-26,4.275000
1999-04-27,4.255000
1999-04-28,4.300000
1999-04-29,4.250000
1999-04-30,4.165000
1999-05-03,4.235000
1999-05-04,4.270000
1999-05-05,4.370000
1999-05-06,4.490000
1999-05-07,4.425000
1999-05-10,4.505000
1999-05-11,4.455000
1999-05-12,4.555000
1999-05-14,4.605000
1999-05-17,4.605000
1999-05-18,4.550000
1999-05-19,4.575000
1999-05-20,4.550000
1999-05-21,4.540000
1999-05-25,4.555000
1999-05-26,4.515000
1999-05-27,4.550000
1999-05-28,4.585000
1999-05-31,4.615000
1999-06-01,4.705000
1999-06-02,4.815000
1999-06-03,4.725000
1999-06-04,4.805000
1999-06-07,4.780000
1999-06-08,4.730000
1999-06-09,4.790000
1999-06-10,4.905000
1999-06-11,4.900000
1999-06-14,4.880000
1999-06-15,4.855000
1999-06-16,4.810000
1999-06-17,4.805000
1999-06-18,4.745000
1999-06-21,4.800000
1999-06-22,4.930000
1999-06-23,5.030000
1999-06-24,5.080000
1999-06-28,5.090000
1999-06-29,5.050000
1999-06-30,5.055000
1999-07-01,5.125000
1999-07-02,5.210000
1999-07-05,5.230000
1999-07-06,5.335000
1999-07-07,5.370000
1999-07-08,5.490000
1999-07-09,5.360000
1999-07-12,5.315000
1999-07-13,5.195000
1999-07-14,5.235000
1999-07-15,5.240000
1999-07-16,5.295000
1999-07-19,5.300000
1999-07-20,5.235000
1999-07-21,5.120000
1999-07-22,5.105000
1999-07-23,5.175000
1999-07-26,5.215000
1999-07-27,5.215000
1999-07-28,5.225000
1999-07-29,5.300000
1999-07-30,5.340000
1999-08-02,5.430000
1999-08-03,5.425000
1999-08-04,5.495000
1999-08-05,5.605000
1999-08-06,5.705000
1999-08-09,5.835000
1999-08-10,5.700000
1999-08-11,5.610000
1999-08-12,5.510000
1999-08-13,5.475000
1999-08-16,5.510000
1999-08-17,5.455000
1999-08-18,5.465000
1999-08-19,5.415000
1999-08-20,5.372000
1999-08-23,5.330000
1999-08-24,5.375000
1999-08-25,5.320000
1999-08-26,5.350000
1999-08-27,5.400000
1999-08-30,5.475000
1999-08-31,5.520000
1999-09-01,5.610000
1999-09-02,5.650000
1999-09-03,5.555000
1999-09-06,5.545000
1999-09-07,5.580000
1999-09-08,5.670000
1999-09-09,5.730000
1999-09-10,5.710000
1999-09-13,5.760000
1999-09-14,5.765000
1999-09-15,5.750000
1999-09-16,5.740000
1999-09-17,5.675000
1999-09-20,5.690000
1999-09-21,5.735000
1999-09-22,5.720000
1999-09-23,5.720000
1999-09-24,5.660000
1999-09-27,5.660000
1999-09-28,5.685000
1999-09-29,5.750000
1999-09-30,5.765000
1999-10-01,5.815000
1999-10-04,5.830000
1999-10-05,5.795000
1999-10-06,5.785000
1999-10-07,5.780000
1999-10-08,5.805000
1999-10-11,5.825000
1999-10-12,5.920000
1999-10-13,5.915000
1999-10-14,6.040000
1999-10-15,5.980000
1999-10-18,5.990000
1999-10-19,6.025000
1999-10-20,6.070000
1999-10-21,6.015000
1999-10-22,5.985000
1999-10-25,6.040000
1999-10-26,6.070000
1999-10-27,5.965000
1999-10-28,5.835000
1999-10-29,5.755000
1999-11-01,5.725000
1999-11-02,5.735000
1999-11-03,5.670000
1999-11-04,5.535000
1999-11-05,5.465000
1999-11-08,5.450000
1999-11-09,5.475000
1999-11-10,5.515000
1999-11-11,5.435000
1999-11-12,5.340000
1999-11-15,5.350000
1999-11-16,5.380000
1999-11-17,5.510000
1999-11-18,5.560000
1999-11-19,5.600000
1999-11-22,5.630000
1999-11-23,5.615000
1999-11-24,5.665000
1999-11-25,5.650000
1999-11-26,5.670000
1999-11-29,5.680000
1999-11-30,5.640000
1999-12-01,5.590000
1999-12-02,5.595000
1999-12-03,5.625000
1999-12-06,5.540000
1999-12-07,5.540000
1999-12-08,5.515000
1999-12-09,5.490000
1999-12-10,5.425000
1999-12-13,5.435000
1999-12-14,5.505000
1999-12-15,5.505000
1999-12-16,5.610000
1999-12-17,5.680000
1999-12-20,5.685000
1999-12-21,5.640000
1999-12-22,5.660000
1999-12-23,5.645000
1999-12-27,5.645000
1999-12-28,5.660000
1999-12-29,5.660000
1999-12-30,5.730000
2000-01-03,5.855000
2000-01-04,5.890000
2000-01-05,5.890000
2000-01-07,5.880000
2000-01-10,5.815000
2000-01-11,5.930000
2000-01-12,5.955000
2000-01-13,5.915000
2000-01-14,5.860000
2000-01-17,5.955000
2000-01-18,6.025000
2000-01-19,6.005000
2000-01-20,6.015000
2000-01-21,6.035000
2000-01-24,6.020000
2000-01-25,5.960000
2000-01-26,5.945000
2000-01-27,5.980000
2000-01-28,6.030000
2000-01-31,5.970000
2000-02-01,5.910000
2000-02-02,5.870000
2000-02-03,5.870000
2000-02-04,5.895000
2000-02-07,5.935000
2000-02-08,5.900000
2000-02-09,5.915000
2000-02-10,5.995000
2000-02-11,5.995000
2000-02-14,5.960000
2000-02-15,5.985000
2000-02-16,5.990000
2000-02-17,5.965000
2000-02-18,5.950000
2000-02-21,5.905000
2000-02-22,5.810000
2000-02-23,5.830000
2000-02-24,5.810000
2000-02-25,5.795000
2000-02-28,5.820000
2000-02-29,5.835000
2000-03-01,5.810000
2000-03-02,5.820000
2000-03-03,5.750000
2000-03-06,5.720000
2000-03-07,5.645000
2000-03-08,5.680000
2000-03-09,5.505000
2000-03-10,5.490000
2000-03-13,5.455000
2000-03-14,5.480000
2000-03-15,5.460000
2000-03-16,5.420000
2000-03-17,5.315000
2000-03-20,5.360000
2000-03-21,5.315000
2000-03-22,5.365000
2000-03-23,5.375000
2000-03-24,5.455000
2000-03-27,5.540000
2000-03-28,5.435000
2000-03-29,5.435000
2000-03-30,5.425000
2000-03-31,5.375000
2000-04-03,5.370000
2000-04-04,5.420000
2000-04-05,5.365000
2000-04-06,5.390000
2000-04-07,5.400000
2000-04-10,5.375000
2000-04-11,5.335000
2000-04-12,5.380000
2000-04-13,5.410000
2000-04-14,5.425000
2000-04-17,5.440000
2000-04-18,5.480000
2000-04-19,5.475000
2000-04-20,5.475000
2000-04-25,5.515000
2000-04-26,5.485000
2000-04-27,5.445000
2000-04-28,5.455000
2000-05-02,5.480000
2000-05-03,5.510000
2000-05-04,5.570000
2000-05-05,5.545000
2000-05-08,5.470000
2000-05-09,5.455000
2000-05-10,5.410000
2000-05-11,5.450000
2000-05-12,5.465000
2000-05-15,5.275000
2000-05-16,5.085000
2000-05-17,5.200000
2000-05-18,5.315000
2000-05-19,5.260000
2000-05-22,5.290000
2000-05-23,5.315000
2000-05-24,5.245000
2000-05-25,5.245000
2000-05-26,5.220000
2000-05-29,5.240000
2000-05-30,5.190000
2000-05-31,5.175000
2000-06-02,4.995000
2000-06-05,4.970000
2000-06-06,4.965000
2000-06-07,5.065000
2000-06-08,5.065000
2000-06-09,5.150000
2000-06-13,5.020000
2000-06-14,5.080000
2000-06-15,5.105000
2000-06-16,5.075000
2000-06-19,5.150000
2000-06-20,5.130000
2000-06-21,5.205000
2000-06-22,5.185000
2000-06-26,5.225000
2000-06-27,5.225000
2000-06-28,5.265000
2000-06-29,5.230000
2000-06-30,5.280000
2000-07-03,5.310000
2000-07-04,5.305000
2000-07-05,5.280000
2000-07-06,5.335000
2000-07-07,5.300000
2000-07-10,5.340000
2000-07-11,5.290000
2000-07-12,5.295000
2000-07-13,5.300000
2000-07-14,5.310000
2000-07-17,5.320000
2000-07-18,5.345000
2000-07-19,5.375000
2000-07-20,5.340000
2000-07-21,5.310000
2000-07-24,5.315000
2000-07-25,5.275000
2000-07-26,5.285000
2000-07-27,5.275000
2000-07-28,5.310000
2000-07-31,5.305000
2000-08-01,5.285000
2000-08-02,5.290000
2000-08-03,5.310000
2000-08-04,5.290000
2000-08-07,5.275000
2000-08-08,5.290000
2000-08-09,5.300000
2000-08-10,5.285000
2000-08-11,5.275000
2000-08-14,5.300000
2000-08-15,5.320000
2000-08-16,5.355000
2000-08-17,5.330000
2000-08-18,5.320000
2000-08-21,5.340000
2000-08-22,5.330000
2000-08-23,5.305000
2000-08-24,5.290000
2000-08-25,5.295000
2000-08-28,5.305000
2000-08-29,5.350000
2000-08-30,5.340000
2000-08-31,5.340000
2000-09-01,5.245000
2000-09-04,5.195000
2000-09-05,5.225000
2000-09-06,5.275000
2000-09-07,5.275000
2000-09-08,5.285000
2000-09-11,5.290000
2000-09-12,5.295000
2000-09-13,5.280000
2000-09-14,5.270000
2000-09-15,5.265000
2000-09-18,5.310000
2000-09-19,5.260000
2000-09-20,5.260000
2000-09-21,5.250000
2000-09-22,5.230000
2000-09-25,5.255000
2000-09-26,5.235000
2000-09-27,5.285000
2000-09-28,5.285000
2000-09-29,5.255000
2000-10-02,5.225000
2000-10-03,5.245000
2000-10-04,5.285000
2000-10-05,5.300000
2000-10-06,5.325000
2000-10-09,5.290000
2000-10-10,5.285000
2000-10-11,5.235000
2000-10-12,5.220000
2000-10-13,5.235000
2000-10-16,5.250000
2000-10-17,5.260000
2000-10-18,5.210000
2000-10-19,5.230000
2000-10-20,5.200000
2000-10-23,5.180000
2000-10-24,5.155000
2000-10-25,5.170000
2000-10-26,5.165000
2000-10-27,5.160000
2000-10-30,5.165000
2000-10-31,5.185000
2000-11-01,5.160000
2000-11-02,5.170000
2000-11-03,5.160000
2000-11-06,5.185000
2000-11-07,5.145000
2000-11-08,5.190000
2000-11-09,5.205000
2000-11-10,5.145000
2000-11-13,5.130000
2000-11-14,5.150000
2000-11-15,5.125000
2000-11-16,5.085000
2000-11-17,5.100000
2000-11-20,5.110000
2000-11-21,5.110000
2000-11-22,5.060000
2000-11-23,5.065000
2000-11-24,5.050000
2000-11-27,5.150000
2000-11-28,5.135000
2000-11-29,5.115000
2000-11-30,5.080000
2000-12-01,5.060000
2000-12-04,4.985000
2000-12-05,5.015000
2000-12-06,4.930000
2000-12-07,4.945000
2000-12-08,4.960000
2000-12-11,4.970000
2000-12-12,4.995000
2000-12-13,4.905000
2000-12-14,4.895000
2000-12-15,4.820000
2000-12-18,4.825000
2000-12-19,4.880000
2000-12-20,4.855000
2000-12-21,4.860000
2000-12-22,4.900000
2000-12-27,4.905000
2000-12-28,4.935000
2000-12-29,4.860000
2001-01-02,4.780000
2001-01-03,4.730000
2001-01-04,4.785000
2001-01-05,4.770000
2001-01-08,4.773000
2001-01-09,4.833000
2001-01-10,4.868000
2001-01-11,4.838000
2001-01-12,4.883000
2001-01-15,4.898000
2001-01-16,4.908000
2001-01-17,4.933000
2001-01-18,4.963000
2001-01-19,4.948000
2001-01-22,5.013000
2001-01-23,4.978000
2001-01-24,5.018000
2001-01-25,4.988000
2001-01-26,4.955000
2001-01-29,4.935000
2001-01-30,4.900000
2001-01-31,4.850000
2001-02-01,4.809000
2001-02-02,4.819000
2001-02-05,4.804000
2001-02-06,4.799000
2001-02-07,4.784000
2001-02-08,4.839000
2001-02-09,4.834000
2001-02-12,4.824000
2001-02-13,4.829000
2001-02-14,4.824000
2001-02-15,4.909000
2001-02-16,4.914000
2001-02-19,4.889000
2001-02-20,4.884000
2001-02-21,4.900000
2001-02-22,4.939000
2001-02-23,4.924000
2001-02-26,4.920000
2001-02-27,4.860000
2001-02-28,4.860000
2001-03-01,4.830000
2001-03-02,4.810000
2001-03-05,4.830000
2001-03-06,4.825000
2001-03-07,4.805000
2001-03-08,4.765000
2001-03-09,4.740000
2001-03-12,4.725000
2001-03-13,4.770000
2001-03-14,4.745000
2001-03-15,4.775000
2001-03-16,4.725000
2001-03-19,4.745000
2001-03-20,4.750000
2001-03-21,4.695000
2001-03-22,4.655000
2001-03-23,4.675000
2001-03-26,4.685000
2001-03-27,4.665000
2001-03-28,4.706000
2001-03-29,4.731000
2001-03-30,4.751000
2001-04-02,4.711000
2001-04-03,4.741000
2001-04-04,4.751000
2001-04-05,4.796000
2001-04-06,4.766000
2001-04-09,4.786000
2001-04-10,4.801000
2001-04-11,4.911000
2001-04-12,4.901000
2001-04-17,4.906000
2001-04-18,5.011000
2001-04-19,5.046000
2001-04-20,5.056000
2001-04-23,5.066000
2001-04-24,5.086000
2001-04-25,5.066000
2001-04-26,5.025000
2001-04-27,5.085000
2001-04-30,5.135000
2001-05-02,5.155000
2001-05-03,5.085000
2001-05-04,5.045000
2001-05-07,5.075000
2001-05-08,5.095000
2001-05-09,5.060000
2001-05-10,5.080000
2001-05-11,5.165000
2001-05-14,5.260000
2001-05-15,5.315000
2001-05-16,5.305000
2001-05-17,5.365000
2001-05-18,5.340000
2001-05-21,5.320000
2001-05-22,5.405000
2001-05-23,5.435000
2001-05-25,5.475000
2001-05-28,5.445000
2001-05-29,5.425000
2001-05-30,5.375000
2001-05-31,5.425000
2001-06-01,5.335000
2001-06-05,5.245000
2001-06-06,5.300000
2001-06-07,5.310000
2001-06-08,5.415000
2001-06-11,5.425000
2001-06-12,5.475000
2001-06-13,5.445000
2001-06-14,5.430000
2001-06-15,5.400000
2001-06-18,5.430000
2001-06-19,5.460000
2001-06-20,5.420000
2001-06-21,5.375000
2001-06-25,5.305000
2001-06-26,5.335000
2001-06-27,5.370000
2001-06-28,5.360000
2001-06-29,5.475000
2001-07-02,5.485000
2001-07-03,5.500000
2001-07-04,5.535000
2001-07-05,5.515000
2001-07-06,5.460000
2001-07-09,5.510000
2001-07-10,5.495000
2001-07-11,5.465000
2001-07-12,5.465000
2001-07-13,5.495000
2001-07-16,5.475000
2001-07-17,5.455000
2001-07-18,5.445000
2001-07-19,5.390000
2001-07-20,5.340000
2001-07-23,5.370000
2001-07-24,5.350000
2001-07-25,5.385000
2001-07-26,5.345000
2001-07-27,5.270000
2001-07-30,5.265000
2001-07-31,5.250000
2001-08-01,5.265000
2001-08-02,5.265000
2001-08-03,5.245000
2001-08-06,5.230000
2001-08-07,5.225000
2001-08-08,5.245000
2001-08-09,5.145000
2001-08-10,5.110000
2001-08-13,5.090000
2001-08-14,5.125000
2001-08-15,5.100000
2001-08-16,5.085000
2001-08-17,5.020000
2001-08-20,5.040000
2001-08-21,5.115000
2001-08-22,5.170000
2001-08-23,5.165000
2001-08-24,5.200000
2001-08-27,5.200000
2001-08-28,5.145000
2001-08-29,5.135000
2001-08-30,5.110000
2001-08-31,5.135000
2001-09-03,5.120000
2001-09-04,5.245000
2001-09-05,5.305000
2001-09-06,5.275000
2001-09-07,5.200000
2001-09-10,5.215000
2001-09-11,5.230000
2001-09-12,5.195000
2001-09-13,5.235000
2001-09-14,5.170000
2001-09-17,5.175000
2001-09-18,5.175000
2001-09-19,5.235000
2001-09-20,5.260000
2001-09-21,5.385000
2001-09-24,5.435000
2001-09-25,5.370000
2001-09-26,5.360000
2001-09-27,5.305000
2001-09-28,5.320000
2001-10-01,5.305000
2001-10-02,5.245000
2001-10-03,5.180000
2001-10-04,5.195000
2001-10-05,5.195000
2001-10-08,5.200000
2001-10-09,5.255000
2001-10-10,5.275000
2001-10-11,5.285000
2001-10-12,5.230000
2001-10-15,5.210000
2001-10-16,5.205000
2001-10-17,5.240000
2001-10-18,5.230000
2001-10-19,5.185000
2001-10-22,5.185000
2001-10-23,5.165000
2001-10-24,5.130000
2001-10-25,5.045000
2001-10-26,5.035000
2001-10-29,4.970000
2001-10-30,4.940000
2001-10-31,4.930000
2001-11-01,4.800000
2001-11-02,4.855000
2001-11-05,4.860000
2001-11-06,4.845000
2001-11-07,4.765000
2001-11-08,4.780000
2001-11-09,4.810000
2001-11-12,4.825000
2001-11-13,4.880000
2001-11-14,4.960000
2001-11-15,4.995000
2001-11-16,5.035000
2001-11-19,5.020000
2001-11-20,4.975000
2001-11-21,5.085000
2001-11-22,5.080000
2001-11-23,5.050000
2001-11-26,5.040000
2001-11-27,5.135000
2001-11-28,5.120000
2001-11-29,5.080000
2001-11-30,5.020000
2001-12-03,5.025000
2001-12-04,4.985000
2001-12-05,5.185000
2001-12-06,5.260000
2001-12-07,5.320000
2001-12-10,5.320000
2001-12-11,5.260000
2001-12-12,5.190000
2001-12-13,5.205000
2001-12-14,5.225000
2001-12-17,5.305000
2001-12-18,5.275000
2001-12-19,5.235000
2001-12-20,5.255000
2001-12-21,5.295000
2001-12-27,5.360000
2001-12-28,5.350000
2002-01-02,5.315000
2002-01-03,5.355000
2002-01-04,5.315000
2002-01-07,5.235000
2002-01-08,5.210000
2002-01-09,5.265000
2002-01-10,5.225000
2002-01-11,5.215000
2002-01-14,5.150000
2002-01-15,5.150000
2002-01-16,5.140000
2002-01-17,5.180000
2002-01-18,5.240000
2002-01-21,5.220000
2002-01-22,5.310000
2002-01-23,5.270000
2002-01-24,5.315000
2002-01-25,5.370000
2002-01-28,5.410000
2002-01-29,5.370000
2002-01-30,5.345000
2002-01-31,5.360000
2002-02-01,5.365000
2002-02-04,5.285000
2002-02-05,5.240000
2002-02-06,5.265000
2002-02-07,5.355000
2002-02-08,5.360000
2002-02-11,5.355000
2002-02-12,5.375000
2002-02-13,5.435000
2002-02-14,5.395000
2002-02-15,5.350000
2002-02-18,5.365000
2002-02-19,5.360000
2002-02-20,5.395000
2002-02-21,5.415000
2002-02-22,5.350000
2002-02-25,5.400000
2002-02-26,5.400000
2002-02-27,5.410000
2002-02-28,5.420000
2002-03-01,5.455000
2002-03-04,5.530000
2002-03-05,5.610000
2002-03-06,5.590000
2002-03-07,5.615000
2002-03-08,5.620000
2002-03-11,5.590000
2002-03-12,5.590000
2002-03-13,5.645000
2002-03-14,5.640000
2002-03-15,5.665000
2002-03-18,5.635000
2002-03-19,5.645000
2002-03-20,5.625000
2002-03-21,5.695000
2002-03-22,5.700000
2002-03-25,5.720000
2002-03-26,5.695000
2002-03-27,5.655000
2002-03-28,5.630000
2002-04-02,5.740000
2002-04-03,5.720000
2002-04-04,5.655000
2002-04-05,5.605000
2002-04-08,5.645000
2002-04-09,5.680000
2002-04-10,5.675000
2002-04-11,5.715000
2002-04-12,5.710000
2002-04-15,5.650000
2002-04-16,5.730000
2002-04-17,5.730000
2002-04-18,5.750000
2002-04-19,5.755000
2002-04-22,5.715000
2002-04-23,5.700000
2002-04-24,5.670000
2002-04-25,5.615000
2002-04-26,5.640000
2002-04-29,5.655000
2002-04-30,5.650000
2002-05-02,5.695000
2002-05-03,5.655000
2002-05-06,5.655000
2002-05-07,5.635000
2002-05-08,5.680000
2002-05-10,5.740000
2002-05-13,5.715000
2002-05-14,5.760000
2002-05-15,5.740000
2002-05-16,5.720000
2002-05-17,5.745000
2002-05-21,5.705000
2002-05-22,5.680000
2002-05-23,5.685000
2002-05-24,5.670000
2002-05-27,5.715000
2002-05-28,5.700000
2002-05-29,5.670000
2002-05-30,5.620000
2002-05-31,5.650000
2002-06-03,5.680000
2002-06-04,5.635000
2002-06-05,5.640000
2002-06-06,5.670000
2002-06-07,5.625000
2002-06-10,5.620000
2002-06-11,5.620000
2002-06-12,5.565000
2002-06-13,5.500000
2002-06-14,5.435000
2002-06-17,5.480000
2002-06-18,5.450000
2002-06-19,5.435000
2002-06-20,5.430000
2002-06-24,5.410000
2002-06-25,5.455000
2002-06-26,5.385000
2002-06-27,5.450000
2002-06-28,5.455000
2002-07-01,5.475000
2002-07-02,5.430000
2002-07-03,5.450000
2002-07-04,5.470000
2002-07-05,5.515000
2002-07-08,5.520000
2002-07-09,5.515000
2002-07-10,5.470000
2002-07-11,5.385000
2002-07-12,5.355000
2002-07-15,5.305000
2002-07-16,5.305000
2002-07-17,5.385000
2002-07-18,5.365000
2002-07-19,5.325000
2002-07-22,5.300000
2002-07-23,5.300000
2002-07-24,5.245000
2002-07-25,5.255000
2002-07-26,5.230000
2002-07-29,5.280000
2002-07-30,5.295000
2002-07-31,5.265000
2002-08-01,5.225000
2002-08-02,5.160000
2002-08-05,5.070000
2002-08-06,5.130000
2002-08-07,5.065000
2002-08-08,5.110000
2002-08-09,5.090000
2002-08-12,5.075000
2002-08-13,5.020000
2002-08-14,4.970000
2002-08-15,5.125000
2002-08-16,5.110000
2002-08-19,5.180000
2002-08-20,5.135000
2002-08-21,5.230000
2002-08-22,5.240000
2002-08-23,5.200000
2002-08-26,5.220000
2002-08-27,5.205000
2002-08-28,5.150000
2002-08-29,5.105000
2002-08-30,5.135000
2002-09-02,5.100000
2002-09-03,5.075000
2002-09-04,5.030000
2002-09-05,4.965000
2002-09-06,5.005000
2002-09-09,5.035000
2002-09-10,5.065000
2002-09-11,5.105000
2002-09-12,5.050000
2002-09-13,5.010000
2002-09-16,4.930000
2002-09-17,4.925000
2002-09-18,4.880000
2002-09-19,4.860000
2002-09-20,4.920000
2002-09-23,4.880000
2002-09-24,4.840000
2002-09-25,4.930000
2002-09-26,4.950000
2002-09-27,4.930000
2002-09-30,4.915000
2002-10-01,4.920000
2002-10-02,4.930000
2002-10-03,5.010000
2002-10-04,4.980000
2002-10-07,4.935000
2002-10-08,4.965000
2002-10-09,4.890000
2002-10-10,4.885000
2002-10-11,4.970000
2002-10-14,5.005000
2002-10-15,5.120000
2002-10-16,5.165000
2002-10-17,5.150000
2002-10-18,5.165000
2002-10-21,5.130000
2002-10-22,5.220000
2002-10-23,5.200000
2002-10-24,5.245000
2002-10-25,5.205000
2002-10-28,5.150000
2002-10-29,5.070000
2002-10-30,5.135000
2002-10-31,5.105000
2002-11-01,5.050000
2002-11-04,5.160000
2002-11-05,5.205000
2002-11-06,5.210000
2002-11-07,5.115000
2002-11-08,5.045000
2002-11-11,4.980000
2002-11-12,4.935000
2002-11-13,4.935000
2002-11-14,5.015000
2002-11-15,5.015000
2002-11-18,5.020000
2002-11-19,4.980000
2002-11-20,4.950000
2002-11-21,5.010000
2002-11-22,5.050000
2002-11-25,5.085000
2002-11-26,5.045000
2002-11-27,5.055000
2002-11-28,5.080000
2002-11-29,5.045000
2002-12-02,5.065000
2002-12-03,5.025000
2002-12-04,5.050000
2002-12-05,5.015000
2002-12-06,4.970000
2002-12-09,4.955000
2002-12-10,4.945000
2002-12-11,4.930000
2002-12-12,4.880000
2002-12-13,4.865000
2002-12-16,4.870000
2002-12-17,4.860000
2002-12-18,4.805000
2002-12-19,4.800000
2002-12-20,4.770000
2002-12-23,4.770000
2002-12-27,4.685000
2002-12-30,4.710000
2003-01-02,4.795000
2003-01-03,4.860000
2003-01-07,4.840000
2003-01-08,4.775000
2003-01-09,4.785000
2003-01-10,4.780000
2003-01-13,4.825000
2003-01-14,4.795000
2003-01-15,4.800000
2003-01-16,4.785000
2003-01-17,4.705000
2003-01-20,4.665000
2003-01-21,4.665000
2003-01-22,4.645000
2003-01-23,4.660000
2003-01-24,4.570000
2003-01-27,4.550000
2003-01-28,4.585000
2003-01-29,4.545000
2003-01-30,4.570000
2003-01-31,4.560000
2003-02-03,4.585000
2003-02-04,4.510000
2003-02-05,4.515000
2003-02-06,4.525000
2003-02-07,4.490000
2003-02-10,4.495000
2003-02-11,4.530000
2003-02-12,4.485000
2003-02-13,4.435000
2003-02-14,4.470000
2003-02-17,4.485000
2003-02-18,4.500000
2003-02-19,4.465000
2003-02-20,4.430000
2003-02-21,4.440000
2003-02-24,4.410000
2003-02-25,4.365000
2003-02-26,4.425000
2003-02-27,4.440000
2003-02-28,4.480000
2003-03-03,4.460000
2003-03-04,4.425000
2003-03-05,4.415000
2003-03-06,4.375000
2003-03-07,4.345000
2003-03-10,4.315000
2003-03-11,4.355000
2003-03-12,4.355000
2003-03-13,4.500000
2003-03-14,4.555000
2003-03-17,4.580000
2003-03-18,4.655000
2003-03-19,4.765000
2003-03-20,4.730000
2003-03-21,4.830000
2003-03-24,4.780000
2003-03-25,4.735000
2003-03-26,4.780000
2003-03-27,4.700000
2003-03-28,4.675000
2003-03-31,4.635000
2003-04-01,4.585000
2003-04-02,4.655000
2003-04-03,4.750000
2003-04-04,4.770000
2003-04-07,4.845000
2003-04-08,4.805000
2003-04-09,4.805000
2003-04-10,4.710000
2003-04-11,4.770000
2003-04-14,4.800000
2003-04-15,4.770000
2003-04-16,4.735000
2003-04-17,4.695000
2003-04-22,4.665000
2003-04-23,4.715000
2003-04-24,4.675000
2003-04-25,4.670000
2003-04-28,4.655000
2003-04-29,4.725000
2003-04-30,4.695000
2003-05-02,4.610000
2003-05-05,4.650000
2003-05-06,4.645000
2003-05-07,4.535000
2003-05-08,4.505000
2003-05-09,4.490000
2003-05-12,4.440000
2003-05-13,4.460000
2003-05-14,4.415000
2003-05-15,4.390000
2003-05-16,4.325000
2003-05-19,4.255000
2003-05-20,4.255000
2003-05-21,4.225000
2003-05-22,4.200000
2003-05-23,4.160000
2003-05-26,4.160000
2003-05-27,4.130000
2003-05-28,4.285000
2003-05-30,4.205000
2003-06-02,4.255000
2003-06-03,4.160000
2003-06-04,4.165000
2003-06-05,4.090000
2003-06-06,4.175000
2003-06-10,4.065000
2003-06-11,3.985000
2003-06-12,3.975000
2003-06-13,4.015000
2003-06-16,4.015000
2003-06-17,4.165000
2003-06-18,4.295000
2003-06-19,4.315000
2003-06-23,4.330000
2003-06-24,4.325000
2003-06-25,4.225000
2003-06-26,4.380000
2003-06-27,4.400000
2003-06-30,4.415000
2003-07-01,4.355000
2003-07-02,4.450000
2003-07-03,4.525000
2003-07-04,4.445000
2003-07-07,4.480000
2003-07-08,4.480000
2003-07-09,4.445000
2003-07-10,4.395000
2003-07-11,4.420000
2003-07-14,4.355000
2003-07-15,4.455000
2003-07-16,4.515000
2003-07-17,4.570000
2003-07-18,4.535000
2003-07-21,4.565000
2003-07-22,4.580000
2003-07-23,4.550000
2003-07-24,4.590000
2003-07-25,4.515000
2003-07-28,4.585000
2003-07-29,4.545000
2003-07-30,4.625000
2003-07-31,4.640000
2003-08-01,4.690000
2003-08-04,4.680000
2003-08-05,4.650000
2003-08-06,4.660000
2003-08-07,4.630000
2003-08-08,4.575000
2003-08-11,4.620000
2003-08-12,4.635000
2003-08-13,4.685000
2003-08-14,4.740000
2003-08-15,4.735000
2003-08-18,4.780000
2003-08-19,4.790000
2003-08-20,4.750000
2003-08-21,4.745000
2003-08-22,4.760000
2003-08-25,4.705000
2003-08-26,4.725000
2003-08-27,4.710000
2003-08-28,4.710000
2003-08-29,4.720000
2003-09-01,4.715000
2003-09-02,4.795000
2003-09-03,4.845000
2003-09-04,4.870000
2003-09-05,4.775000
2003-09-08,4.775000
2003-09-09,4.815000
2003-09-10,4.795000
2003-09-11,4.745000
2003-09-12,4.680000
2003-09-15,4.760000
2003-09-16,4.780000
2003-09-17,4.785000
2003-09-18,4.750000
2003-09-19,4.720000
2003-09-22,4.675000
2003-09-23,4.665000
2003-09-24,4.650000
2003-09-25,4.645000
2003-09-26,4.600000
2003-09-29,4.645000
2003-09-30,4.520000
2003-10-01,4.545000
2003-10-02,4.655000
2003-10-03,4.725000
2003-10-06,4.745000
2003-10-07,4.755000
2003-10-08,4.800000
2003-10-09,4.825000
2003-10-10,4.785000
2003-10-13,4.835000
2003-10-14,4.890000
2003-10-15,4.915000
2003-10-16,4.885000
2003-10-17,4.935000
2003-10-20,4.920000
2003-10-21,4.880000
2003-10-22,4.855000
2003-10-23,4.880000
2003-10-24,4.900000
2003-10-27,4.975000
2003-10-28,4.940000
2003-10-29,4.940000
2003-10-30,4.980000
2003-10-31,4.950000
2003-11-03,4.980000
2003-11-04,4.960000
2003-11-05,4.975000
2003-11-06,5.050000
2003-11-07,5.100000
2003-11-10,5.065000
2003-11-11,5.055000
2003-11-12,5.035000
2003-11-13,4.990000
2003-11-14,4.925000
2003-11-17,4.895000
2003-11-18,4.915000
2003-11-19,4.905000
2003-11-20,4.920000
2003-11-21,4.885000
2003-11-24,4.955000
2003-11-25,4.960000
2003-11-26,4.975000
2003-11-27,5.000000
2003-11-28,4.990000
2003-12-01,5.050000
2003-12-02,5.040000
2003-12-03,5.015000
2003-12-04,5.000000
2003-12-05,4.945000
2003-12-08,4.880000
2003-12-09,4.920000
2003-12-10,4.885000
2003-12-11,4.920000
2003-12-12,4.820000
2003-12-15,4.835000
2003-12-16,4.820000
2003-12-17,4.760000
2003-12-18,4.740000
2003-12-19,4.755000
2003-12-22,4.740000
2003-12-23,4.740000
2003-12-29,4.745000
2003-12-30,4.780000
2004-01-02,4.800000
2004-01-05,4.825000
2004-01-07,4.730000
2004-01-08,4.715000
2004-01-09,4.595000
2004-01-12,4.580000
2004-01-13,4.575000
2004-01-14,4.645000
2004-01-15,4.620000
2004-01-16,4.585000
2004-01-19,4.630000
2004-01-20,4.610000
2004-01-21,4.620000
2004-01-22,4.635000
2004-01-23,4.575000
2004-01-26,4.615000
2004-01-27,4.635000
2004-01-28,4.630000
2004-01-29,4.715000
2004-01-30,4.710000
2004-02-02,4.710000
2004-02-03,4.670000
2004-02-04,4.650000
2004-02-05,4.625000
2004-02-06,4.580000
2004-02-09,4.565000
2004-02-10,4.575000
2004-02-11,4.585000
2004-02-12,4.535000
2004-02-13,4.490000
2004-02-16,4.505000
2004-02-17,4.480000
2004-02-18,4.445000
2004-02-19,4.515000
2004-02-20,4.520000
2004-02-23,4.525000
2004-02-24,4.500000
2004-02-25,4.495000
2004-02-26,4.500000
2004-02-27,4.480000
2004-03-01,4.480000
2004-03-02,4.475000
2004-03-03,4.560000
2004-03-04,4.550000
2004-03-05,4.410000
2004-03-08,4.340000
2004-03-09,4.335000
2004-03-10,4.335000
2004-03-11,4.275000
2004-03-12,4.290000
2004-03-15,4.265000
2004-03-16,4.280000
2004-03-17,4.245000
2004-03-18,4.260000
2004-03-19,4.250000
2004-03-22,4.230000
2004-03-23,4.255000
2004-03-24,4.180000
2004-03-25,4.155000
2004-03-26,4.195000
2004-03-29,4.280000
2004-03-30,4.260000
2004-03-31,4.265000
2004-04-01,4.265000
2004-04-02,4.415000
2004-04-05,4.475000
2004-04-06,4.445000
2004-04-07,4.450000
2004-04-08,4.465000
2004-04-13,4.570000
2004-04-14,4.605000
2004-04-15,4.580000
2004-04-16,4.535000
2004-04-19,4.515000
2004-04-20,4.595000
2004-04-21,4.635000
2004-04-22,4.605000
2004-04-23,4.650000
2004-04-26,4.655000
2004-04-27,4.655000
2004-04-28,4.625000
2004-04-29,4.605000
2004-04-30,4.620000
2004-05-03,4.560000
2004-05-04,4.570000
2004-05-05,4.555000
2004-05-06,4.635000
2004-05-07,4.720000
2004-05-10,4.695000
2004-05-11,4.690000
2004-05-12,4.740000
2004-05-13,4.785000
2004-05-14,4.740000
2004-05-17,4.685000
2004-05-18,4.710000
2004-05-19,4.745000
2004-05-21,4.695000
2004-05-24,4.745000
2004-05-25,4.710000
2004-05-26,4.665000
2004-05-27,4.625000
2004-05-28,4.655000
2004-06-01,4.740000
2004-06-02,4.740000
2004-06-03,4.745000
2004-06-04,4.760000
2004-06-07,4.745000
2004-06-08,4.730000
2004-06-09,4.720000
2004-06-10,4.715000
2004-06-11,4.745000
2004-06-14,4.760000
2004-06-15,4.710000
2004-06-16,4.705000
2004-06-17,4.730000
2004-06-18,4.685000
2004-06-21,4.690000
2004-06-22,4.685000
2004-06-23,4.690000
2004-06-24,4.660000
2004-06-28,4.705000
2004-06-29,4.725000
2004-06-30,4.665000
2004-07-01,4.665000
2004-07-02,4.590000
2004-07-05,4.585000
2004-07-06,4.580000
2004-07-07,4.575000
2004-07-08,4.540000
2004-07-09,4.550000
2004-07-12,4.520000
2004-07-13,4.570000
2004-07-14,4.560000
2004-07-15,4.565000
2004-07-16,4.505000
2004-07-19,4.510000
2004-07-20,4.525000
2004-07-21,4.580000
2004-07-22,4.565000
2004-07-23,4.555000
2004-07-26,4.570000
2004-07-27,4.595000
2004-07-28,4.635000
2004-07-29,4.610000
2004-07-30,4.550000
2004-08-02,4.530000
2004-08-03,4.520000
2004-08-04,4.505000
2004-08-05,4.465000
2004-08-06,4.390000
2004-08-09,4.390000
2004-08-10,4.380000
2004-08-11,4.390000
2004-08-12,4.380000
2004-08-13,4.345000
2004-08-16,4.370000
2004-08-17,4.370000
2004-08-18,4.355000
2004-08-19,4.425000
2004-08-20,4.405000
2004-08-23,4.455000
2004-08-24,4.470000
2004-08-25,4.420000
2004-08-26,4.420000
2004-08-27,4.420000
2004-08-30,4.400000
2004-08-31,4.385000
2004-09-01,4.380000
2004-09-02,4.395000
2004-09-03,4.465000
2004-09-06,4.465000
2004-09-07,4.470000
2004-09-08,4.490000
2004-09-09,4.430000
2004-09-10,4.390000
2004-09-13,4.400000
2004-09-14,4.375000
2004-09-15,4.385000
2004-09-16,4.385000
2004-09-17,4.355000
2004-09-20,4.365000
2004-09-21,4.375000
2004-09-22,4.350000
2004-09-23,4.270000
2004-09-24,4.315000
2004-09-27,4.280000
2004-09-28,4.260000
2004-09-29,4.305000
2004-09-30,4.310000
2004-10-01,4.345000
2004-10-04,4.350000
2004-10-05,4.300000
2004-10-06,4.305000
2004-10-07,4.330000
2004-10-08,4.285000
2004-10-11,4.280000
2004-10-12,4.240000
2004-10-13,4.255000
2004-10-14,4.220000
2004-10-15,4.215000
2004-10-18,4.225000
2004-10-19,4.270000
2004-10-20,4.210000
2004-10-21,4.200000
2004-10-22,4.200000
2004-10-25,4.160000
2004-10-26,4.150000
2004-10-27,4.140000
2004-10-28,4.235000
2004-10-29,4.230000
2004-11-01,4.200000
2004-11-02,4.245000
2004-11-03,4.235000
2004-11-04,4.185000
2004-11-05,4.175000
2004-11-08,4.230000
2004-11-09,4.210000
2004-11-10,4.200000
2004-11-11,4.155000
2004-11-12,4.140000
2004-11-15,4.115000
2004-11-16,4.090000
2004-11-17,4.095000
2004-11-18,4.115000
2004-11-19,4.110000
2004-11-22,4.080000
2004-11-23,4.065000
2004-11-24,4.065000
2004-11-25,4.055000
2004-11-26,4.045000
2004-11-29,4.080000
2004-11-30,4.045000
2004-12-01,4.040000
2004-12-02,4.090000
2004-12-03,4.040000
2004-12-06,4.000000
2004-12-07,3.955000
2004-12-08,3.960000
2004-12-09,3.880000
2004-12-10,3.870000
2004-12-13,3.865000
2004-12-14,3.815000
2004-12-15,3.785000
2004-12-16,3.840000
2004-12-17,3.875000
2004-12-20,3.815000
2004-12-21,3.825000
2004-12-22,3.825000
2004-12-23,3.815000
2004-12-27,3.820000
2004-12-28,3.830000
2004-12-29,3.910000
2004-12-30,4.025000
2005-01-03,3.950000
2005-01-04,3.935000
2005-01-05,3.980000
2005-01-07,3.895000
2005-01-10,3.870000
2005-01-11,3.865000
2005-01-12,3.865000
2005-01-13,3.830000
2005-01-14,3.815000
2005-01-17,3.795000
2005-01-18,3.810000
2005-01-19,3.770000
2005-01-20,3.815000
2005-01-21,3.810000
2005-01-24,3.775000
2005-01-25,3.780000
2005-01-26,3.805000
2005-01-27,3.825000
2005-01-28,3.775000
2005-01-31,3.770000
2005-02-01,3.735000
2005-02-02,3.740000
2005-02-03,3.755000
2005-02-04,3.710000
2005-02-07,3.690000
2005-02-08,3.695000
2005-02-09,3.660000
2005-02-10,3.630000
2005-02-11,3.650000
2005-02-14,3.690000
2005-02-15,3.690000
2005-02-16,3.685000
2005-02-17,3.715000
2005-02-18,3.815000
2005-02-21,3.860000
2005-02-22,3.900000
2005-02-23,3.845000
2005-02-24,3.890000
2005-02-25,3.905000
2005-02-28,3.870000
2005-03-01,3.890000
2005-03-02,3.940000
2005-03-03,3.925000
2005-03-04,3.870000
2005-03-07,3.830000
2005-03-08,3.825000
2005-03-09,3.890000
2005-03-10,3.890000
2005-03-11,3.925000
2005-03-14,3.930000
2005-03-15,3.870000
2005-03-16,3.870000
2005-03-17,3.845000
2005-03-18,3.855000
2005-03-21,3.870000
2005-03-22,3.825000
2005-03-23,3.840000
2005-03-24,3.825000
2005-03-29,3.820000
2005-03-30,3.805000
2005-03-31,3.745000
2005-04-01,3.710000
2005-04-04,3.690000
2005-04-05,3.685000
2005-04-06,3.680000
2005-04-07,3.665000
2005-04-08,3.705000
2005-04-11,3.680000
2005-04-12,3.675000
2005-04-13,3.630000
2005-04-14,3.630000
2005-04-15,3.580000
2005-04-18,3.570000
2005-04-19,3.555000
2005-04-20,3.555000
2005-04-21,3.540000
2005-04-22,3.495000
2005-04-25,3.475000
2005-04-26,3.445000
2005-04-27,3.420000
2005-04-28,3.400000
2005-04-29,3.390000
2005-05-02,3.380000
2005-05-03,3.385000
2005-05-04,3.450000
2005-05-06,3.505000
2005-05-09,3.480000
2005-05-10,3.395000
2005-05-11,3.355000
2005-05-12,3.375000
2005-05-13,3.325000
2005-05-16,3.315000
2005-05-17,3.315000
2005-05-18,3.260000
2005-05-19,3.285000
2005-05-20,3.325000
2005-05-23,3.315000
2005-05-24,3.285000
2005-05-25,3.255000
2005-05-26,3.305000
2005-05-27,3.295000
2005-05-30,3.320000
2005-05-31,3.255000
2005-06-01,3.210000
2005-06-02,3.195000
2005-06-03,3.115000
2005-06-07,3.125000
2005-06-08,3.070000
2005-06-09,3.075000
2005-06-10,3.080000
2005-06-13,3.095000
2005-06-14,3.135000
2005-06-15,3.205000
2005-06-16,3.255000
2005-06-17,3.210000
2005-06-20,3.225000
2005-06-21,3.105000
2005-06-22,3.020000
2005-06-23,3.025000
2005-06-27,2.990000
2005-06-28,3.035000
2005-06-29,3.000000
2005-06-30,3.000000
2005-07-01,2.970000
2005-07-04,3.015000
2005-07-05,3.060000
2005-07-06,3.045000
2005-07-07,3.010000
2005-07-08,3.000000
2005-07-11,3.050000
2005-07-12,3.070000
2005-07-13,3.090000
2005-07-14,3.125000
2005-07-15,3.130000
2005-07-18,3.115000
2005-07-19,3.130000
2005-07-20,3.125000
2005-07-21,3.115000
2005-07-22,3.060000
2005-07-25,3.040000
2005-07-26,3.060000
2005-07-27,3.020000
2005-07-28,3.040000
2005-07-29,3.060000
2005-08-01,3.145000
2005-08-02,3.190000
2005-08-03,3.215000
2005-08-04,3.180000
2005-08-05,3.230000
2005-08-08,3.235000
2005-08-09,3.235000
2005-08-10,3.200000
2005-08-11,3.200000
2005-08-12,3.175000
2005-08-15,3.170000
2005-08-16,3.150000
2005-08-17,3.150000
2005-08-18,3.150000
2005-08-19,3.160000
2005-08-22,3.125000
2005-08-23,3.075000
2005-08-24,3.080000
2005-08-25,3.050000
2005-08-26,3.040000
2005-08-29,3.045000
2005-08-30,3.050000
2005-08-31,2.995000
2005-09-01,2.960000
2005-09-02,2.955000
2005-09-05,2.940000
2005-09-06,2.975000
2005-09-07,2.970000
2005-09-08,2.945000
2005-09-09,2.900000
2005-09-12,2.965000
2005-09-13,2.960000
2005-09-14,2.975000
2005-09-15,2.990000
2005-09-16,3.015000
2005-09-19,3.020000
2005-09-20,2.995000
2005-09-21,2.930000
2005-09-22,2.945000
2005-09-23,2.975000
2005-09-26,3.010000
2005-09-27,3.010000
2005-09-28,3.025000
2005-09-29,3.050000
2005-09-30,3.045000
2005-10-03,3.115000
2005-10-04,3.105000
2005-10-05,3.095000
2005-10-06,3.120000
2005-10-07,3.115000
2005-10-10,3.115000
2005-10-11,3.130000
2005-10-12,3.165000
2005-10-13,3.205000
2005-10-14,3.200000
2005-10-17,3.205000
2005-10-18,3.205000
2005-10-19,3.165000
2005-10-20,3.195000
2005-10-21,3.150000
2005-10-24,3.140000
2005-10-25,3.185000
2005-10-26,3.255000
2005-10-27,3.250000
2005-10-28,3.265000
2005-10-31,3.290000
2005-11-01,3.295000
2005-11-02,3.330000
2005-11-03,3.370000
2005-11-04,3.420000
2005-11-07,3.435000
2005-11-08,3.415000
2005-11-09,3.445000
2005-11-10,3.445000
2005-11-11,3.420000
2005-11-14,3.405000
2005-11-15,3.425000
2005-11-16,3.360000
2005-11-17,3.370000
2005-11-18,3.435000
2005-11-21,3.390000
2005-11-22,3.390000
2005-11-23,3.375000
2005-11-24,3.320000
2005-11-25,3.345000
2005-11-28,3.340000
2005-11-29,3.355000
2005-11-30,3.385000
2005-12-01,3.350000
2005-12-02,3.385000
2005-12-05,3.430000
2005-12-06,3.420000
2005-12-07,3.415000
2005-12-08,3.400000
2005-12-09,3.455000
2005-12-12,3.445000
2005-12-13,3.425000
2005-12-14,3.375000
2005-12-15,3.340000
2005-12-16,3.335000
2005-12-19,3.310000
2005-12-20,3.320000
2005-12-21,3.365000
2005-12-22,3.380000
2005-12-23,3.355000
2005-12-27,3.320000
2005-12-28,3.345000
2005-12-29,3.350000
2005-12-30,3.335000
2006-01-02,3.370000
2006-01-03,3.360000
2006-01-04,3.325000
2006-01-05,3.315000
2006-01-09,3.275000
2006-01-10,3.275000
2006-01-11,3.295000
2006-01-12,3.255000
2006-01-13,3.240000
2006-01-16,3.250000
2006-01-17,3.230000
2006-01-18,3.225000
2006-01-19,3.285000
2006-01-20,3.300000
2006-01-23,3.320000
2006-01-24,3.315000
2006-01-25,3.345000
2006-01-26,3.410000
2006-01-27,3.470000
2006-01-30,3.485000
2006-01-31,3.480000
2006-02-01,3.485000
2006-02-02,3.510000
2006-02-03,3.485000
2006-02-06,3.460000
2006-02-07,3.460000
2006-02-08,3.470000
2006-02-09,3.425000
2006-02-10,3.380000
2006-02-13,3.425000
2006-02-14,3.450000
2006-02-15,3.425000
2006-02-16,3.395000
2006-02-17,3.355000
2006-02-20,3.330000
2006-02-21,3.355000
2006-02-22,3.360000
2006-02-23,3.360000
2006-02-24,3.365000
2006-02-27,3.415000
2006-02-28,3.400000
2006-03-01,3.425000
2006-03-02,3.460000
2006-03-03,3.490000
2006-03-06,3.485000
2006-03-07,3.470000
2006-03-08,3.490000
2006-03-09,3.495000
2006-03-10,3.540000
2006-03-13,3.565000
2006-03-14,3.540000
2006-03-15,3.555000
2006-03-16,3.565000
2006-03-17,3.575000
2006-03-20,3.550000
2006-03-21,3.580000
2006-03-22,3.550000
2006-03-23,3.540000
2006-03-24,3.545000
2006-03-27,3.515000
2006-03-28,3.590000
2006-03-29,3.635000
2006-03-30,3.695000
2006-03-31,3.685000
2006-04-03,3.770000
2006-04-04,3.745000
2006-04-05,3.755000
2006-04-06,3.775000
2006-04-07,3.810000
2006-04-10,3.800000
2006-04-11,3.795000
2006-04-12,3.800000
2006-04-13,3.860000
2006-04-18,3.870000
2006-04-19,3.860000
2006-04-20,3.855000
2006-04-21,3.835000
2006-04-24,3.850000
2006-04-25,3.935000
2006-04-26,3.925000
2006-04-27,3.915000
2006-04-28,3.915000
2006-05-02,3.920000
2006-05-03,3.935000
2006-05-04,3.960000
2006-05-05,3.925000
2006-05-08,3.925000
2006-05-09,3.930000
2006-05-10,3.905000
2006-05-11,3.970000
2006-05-12,3.970000
2006-05-15,3.950000
2006-05-16,3.900000
2006-05-17,3.945000
2006-05-18,3.895000
2006-05-19,3.880000
2006-05-22,3.795000
2006-05-23,3.795000
2006-05-24,3.760000
2006-05-26,3.760000
2006-05-29,3.790000
2006-05-30,3.840000
2006-05-31,3.900000
2006-06-01,3.935000
2006-06-02,3.885000
2006-06-05,3.895000
2006-06-07,3.975000
2006-06-08,3.920000
2006-06-09,3.880000
2006-06-12,3.855000
2006-06-13,3.820000
2006-06-14,3.845000
2006-06-15,3.880000
2006-06-16,3.870000
2006-06-19,3.900000
2006-06-20,3.935000
2006-06-21,3.960000
2006-06-22,3.965000
2006-06-26,4.030000
2006-06-27,4.020000
2006-06-28,4.040000
2006-06-29,4.010000
2006-06-30,4.045000
2006-07-03,4.040000
2006-07-04,4.035000
2006-07-05,4.090000
2006-07-06,4.065000
2006-07-07,4.040000
2006-07-10,4.045000
2006-07-11,4.020000
2006-07-12,4.045000
2006-07-13,4.000000
2006-07-14,3.935000
2006-07-17,3.935000
2006-07-18,3.955000
2006-07-19,3.960000
2006-07-20,3.925000
2006-07-21,3.880000
2006-07-24,3.870000
2006-07-25,3.865000
2006-07-26,3.895000
2006-07-27,3.850000
2006-07-28,3.825000
2006-07-31,3.840000
2006-08-01,3.865000
2006-08-02,3.870000
2006-08-03,3.895000
2006-08-04,3.840000
2006-08-07,3.860000
2006-08-08,3.855000
2006-08-09,3.895000
2006-08-10,3.885000
2006-08-11,3.920000
2006-08-14,3.950000
2006-08-15,3.920000
2006-08-16,3.890000
2006-08-17,3.865000
2006-08-18,3.845000
2006-08-21,3.800000
2006-08-22,3.745000
2006-08-23,3.780000
2006-08-24,3.750000
2006-08-25,3.765000
2006-08-28,3.775000
2006-08-29,3.785000
2006-08-30,3.750000
2006-08-31,3.710000
2006-09-01,3.695000
2006-09-04,3.685000
2006-09-05,3.725000
2006-09-06,3.790000
2006-09-07,3.795000
2006-09-08,3.725000
2006-09-11,3.735000
2006-09-12,3.765000
2006-09-13,3.725000
2006-09-14,3.720000
2006-09-15,3.690000
2006-09-18,3.745000
2006-09-19,3.705000
2006-09-20,3.695000
2006-09-21,3.680000
2006-09-22,3.625000
2006-09-25,3.605000
2006-09-26,3.615000
2006-09-27,3.625000
2006-09-28,3.650000
2006-09-29,3.645000
2006-10-02,3.675000
2006-10-03,3.685000
2006-10-04,3.650000
2006-10-05,3.660000
2006-10-06,3.685000
2006-10-09,3.700000
2006-10-10,3.745000
2006-10-11,3.750000
2006-10-12,3.740000
2006-10-13,3.755000
2006-10-16,3.760000
2006-10-17,3.725000
2006-10-18,3.720000
2006-10-19,3.765000
2006-10-20,3.770000
2006-10-23,3.805000
2006-10-24,3.810000
2006-10-25,3.825000
2006-10-26,3.790000
2006-10-27,3.720000
2006-10-30,3.695000
2006-10-31,3.665000
2006-11-01,3.625000
2006-11-02,3.660000
2006-11-03,3.655000
2006-11-06,3.720000
2006-11-07,3.670000
2006-11-08,3.670000
2006-11-09,3.660000
2006-11-10,3.640000
2006-11-13,3.645000
2006-11-14,3.615000
2006-11-15,3.610000
2006-11-16,3.580000
2006-11-17,3.580000
2006-11-20,3.580000
2006-11-21,3.555000
2006-11-22,3.575000
2006-11-23,3.595000
2006-11-24,3.555000
2006-11-27,3.600000
2006-11-28,3.580000
2006-11-29,3.590000
2006-11-30,3.575000
2006-12-01,3.555000
2006-12-04,3.555000
2006-12-05,3.530000
2006-12-06,3.525000
2006-12-07,3.540000
2006-12-08,3.550000
2006-12-11,3.610000
2006-12-12,3.610000
2006-12-13,3.610000
2006-12-14,3.655000
2006-12-15,3.660000
2006-12-18,3.705000
2006-12-19,3.725000
2006-12-20,3.715000
2006-12-21,3.720000
2006-12-22,3.720000
2006-12-27,3.750000
2006-12-28,3.795000
2006-12-29,3.805000
2007-01-02,3.780000
2007-01-03,3.775000
2007-01-04,3.775000
2007-01-05,3.760000
2007-01-08,3.810000
2007-01-09,3.830000
2007-01-10,3.865000
2007-01-11,3.860000
2007-01-12,3.905000
2007-01-15,3.915000
2007-01-16,3.920000
2007-01-17,3.915000
2007-01-18,3.960000
2007-01-19,3.930000
2007-01-22,3.920000
2007-01-23,3.910000
2007-01-24,3.930000
2007-01-25,3.975000
2007-01-26,4.000000
2007-01-29,4.030000
2007-01-30,4.050000
2007-01-31,4.035000
2007-02-01,4.025000
2007-02-02,4.025000
2007-02-05,3.940000
2007-02-06,3.945000
2007-02-07,3.945000
2007-02-08,3.965000
2007-02-09,3.980000
2007-02-12,3.985000
2007-02-13,3.995000
2007-02-14,3.965000
2007-02-15,3.880000
2007-02-16,3.875000
2007-02-19,3.900000
2007-02-20,3.920000
2007-02-21,3.895000
2007-02-22,3.920000
2007-02-23,3.905000
2007-02-26,3.850000
2007-02-27,3.825000
2007-02-28,3.790000
2007-03-01,3.775000
2007-03-02,3.775000
2007-03-05,3.750000
2007-03-06,3.760000
2007-03-07,3.780000
2007-03-08,3.765000
2007-03-09,3.785000
2007-03-12,3.765000
2007-03-13,3.755000
2007-03-14,3.725000
2007-03-15,3.735000
2007-03-16,3.745000
2007-03-19,3.770000
2007-03-20,3.755000
2007-03-21,3.775000
2007-03-22,3.765000
2007-03-23,3.835000
2007-03-26,3.845000
2007-03-27,3.885000
2007-03-28,3.885000
2007-03-29,3.905000
2007-03-30,3.930000
2007-04-02,3.915000
2007-04-03,3.940000
2007-04-04,3.950000
2007-04-05,3.965000
2007-04-10,4.015000
2007-04-11,4.020000
2007-04-12,4.040000
2007-04-13,4.055000
2007-04-16,4.095000
2007-04-17,4.095000
2007-04-18,4.055000
2007-04-19,4.075000
2007-04-20,4.100000
2007-04-23,4.095000
2007-04-24,4.060000
2007-04-25,4.055000
2007-04-26,4.090000
2007-04-27,4.115000
2007-04-30,4.090000
2007-05-02,4.075000
2007-05-03,4.080000
2007-05-04,4.055000
2007-05-07,4.065000
2007-05-08,4.035000
2007-05-09,4.065000
2007-05-10,4.075000
2007-05-11,4.050000
2007-05-14,4.120000
2007-05-15,4.160000
2007-05-16,4.150000
2007-05-18,4.180000
2007-05-21,4.210000
2007-05-22,4.200000
2007-05-23,4.220000
2007-05-24,4.240000
2007-05-25,4.255000
2007-05-28,4.250000
2007-05-29,4.220000
2007-05-30,4.235000
2007-05-31,4.270000
2007-06-01,4.295000
2007-06-04,4.295000
2007-06-05,4.300000
2007-06-07,4.375000
2007-06-08,4.420000
2007-06-11,4.415000
2007-06-12,4.445000
2007-06-13,4.470000
2007-06-14,4.445000
2007-06-15,4.470000
2007-06-18,4.480000
2007-06-19,4.445000
2007-06-20,4.530000
2007-06-21,4.550000
2007-06-25,4.505000
2007-06-26,4.490000
2007-06-27,4.455000
2007-06-28,4.485000
2007-06-29,4.480000
2007-07-02,4.450000
2007-07-03,4.465000
2007-07-04,4.515000
2007-07-05,4.550000
2007-07-06,4.580000
2007-07-09,4.585000
2007-07-10,4.535000
2007-07-11,4.500000
2007-07-12,4.540000
2007-07-13,4.510000
2007-07-16,4.515000
2007-07-17,4.515000
2007-07-18,4.485000
2007-07-19,4.495000
2007-07-20,4.400000
2007-07-23,4.380000
2007-07-24,4.370000
2007-07-25,4.355000
2007-07-26,4.305000
2007-07-27,4.280000
2007-07-30,4.250000
2007-07-31,4.310000
2007-08-01,4.285000
2007-08-02,4.305000
2007-08-03,4.260000
2007-08-06,4.265000
2007-08-07,4.295000
2007-08-08,4.355000
2007-08-09,4.310000
2007-08-10,4.290000
2007-08-13,4.305000
2007-08-14,4.330000
2007-08-15,4.280000
2007-08-16,4.195000
2007-08-17,4.225000
2007-08-20,4.220000
2007-08-21,4.160000
2007-08-22,4.250000
2007-08-23,4.225000
2007-08-24,4.210000
2007-08-27,4.215000
2007-08-28,4.185000
2007-08-29,4.150000
2007-08-30,4.175000
2007-08-31,4.215000
2007-09-03,4.210000
2007-09-04,4.210000
2007-09-05,4.185000
2007-09-06,4.175000
2007-09-07,4.110000
2007-09-10,4.070000
2007-09-11,4.055000
2007-09-12,4.105000
2007-09-13,4.140000
2007-09-14,4.135000
2007-09-17,4.160000
2007-09-18,4.210000
2007-09-19,4.255000
2007-09-20,4.320000
2007-09-21,4.345000
2007-09-24,4.330000
2007-09-25,4.310000
2007-09-26,4.350000
2007-09-27,4.330000
2007-09-28,4.315000
2007-10-01,4.315000
2007-10-02,4.315000
2007-10-03,4.300000
2007-10-04,4.295000
2007-10-05,4.340000
2007-10-08,4.355000
2007-10-09,4.340000
2007-10-10,4.365000
2007-10-11,4.400000
2007-10-12,4.410000
2007-10-15,4.445000
2007-10-16,4.425000
2007-10-17,4.400000
2007-10-18,4.335000
2007-10-19,4.290000
2007-10-22,4.235000
2007-10-23,4.255000
2007-10-24,4.225000
2007-10-25,4.225000
2007-10-26,4.235000
2007-10-29,4.230000
2007-10-30,4.230000
2007-10-31,4.265000
2007-11-01,4.255000
2007-11-02,4.240000
2007-11-05,4.213000
2007-11-06,4.259000
2007-11-07,4.220000
2007-11-08,4.202000
2007-11-09,4.186000
2007-11-12,4.207000
2007-11-13,4.235000
2007-11-14,4.260000
2007-11-15,4.250000
2007-11-16,4.243000
2007-11-19,4.220000
2007-11-20,4.214000
2007-11-21,4.205000
2007-11-22,4.195000
2007-11-23,4.228000
2007-11-26,4.213000
2007-11-27,4.148000
2007-11-28,4.205000
2007-11-29,4.147000
2007-11-30,4.193000
2007-12-03,4.165000
2007-12-04,4.145000
2007-12-05,4.161000
2007-12-06,4.207000
2007-12-07,4.275000
2007-12-10,4.337000
2007-12-11,4.335000
2007-12-12,4.414000
2007-12-13,4.400000
2007-12-14,4.387000
2007-12-17,4.375000
2007-12-18,4.380000
2007-12-19,4.328000
2007-12-20,4.287000
2007-12-21,4.330000
2007-12-27,4.369000
2007-12-28,4.345000
2008-01-02,4.278000
2008-01-03,4.249000
2008-01-04,4.179000
2008-01-07,4.151000
2008-01-08,4.198000
2008-01-09,4.143000
2008-01-10,4.162000
2008-01-11,4.170000
2008-01-14,4.113000
2008-01-15,4.089000
2008-01-16,4.059000
2008-01-17,4.060000
2008-01-18,4.050000
2008-01-21,3.977000
2008-01-22,3.993000
2008-01-23,3.925000
2008-01-24,4.020000
2008-01-25,4.039000
2008-01-28,3.970000
2008-01-29,4.000000
2008-01-30,4.040000
2008-01-31,3.945000
2008-02-01,3.965000
2008-02-04,3.962000
2008-02-05,3.891000
2008-02-06,3.922000
2008-02-07,3.914000
2008-02-08,3.896000
2008-02-11,3.861000
2008-02-12,3.939000
2008-02-13,4.022000
2008-02-14,4.116000
2008-02-15,4.039000
2008-02-18,4.065000
2008-02-19,4.054000
2008-02-20,4.086000
2008-02-21,4.116000
2008-02-22,4.062000
2008-02-25,4.078000
2008-02-26,4.101000
2008-02-27,4.132000
2008-02-28,4.108000
2008-02-29,3.998000
2008-03-03,4.020000
2008-03-04,3.956000
2008-03-05,4.002000
2008-03-06,3.966000
2008-03-07,3.950000
2008-03-10,3.918000
2008-03-11,3.943000
2008-03-12,3.935000
2008-03-13,3.863000
2008-03-14,3.825000
2008-03-17,3.769000
2008-03-18,3.821000
2008-03-19,3.840000
2008-03-20,3.806000
2008-03-25,3.936000
2008-03-26,3.931000
2008-03-27,3.963000
2008-03-28,3.998000
2008-03-31,3.957000
2008-04-01,4.012000
2008-04-02,4.009000
2008-04-03,3.995000
2008-04-04,3.961000
2008-04-07,4.000000
2008-04-08,4.013000
2008-04-09,4.028000
2008-04-10,3.969000
2008-04-11,3.948000
2008-04-14,3.974000
2008-04-15,3.992000
2008-04-16,4.050000
2008-04-17,4.101000
2008-04-18,4.170000
2008-04-21,4.139000
2008-04-22,4.180000
2008-04-23,4.150000
2008-04-24,4.156000
2008-04-25,4.182000
2008-04-28,4.183000
2008-04-29,4.111000
2008-04-30,4.075000
2008-05-02,4.145000
2008-05-05,4.100000
2008-05-06,4.043000
2008-05-07,4.100000
2008-05-08,4.028000
2008-05-09,3.986000
2008-05-12,4.008000
2008-05-13,4.079000
2008-05-14,4.109000
2008-05-15,4.167000
2008-05-16,4.154000
2008-05-19,4.158000
2008-05-20,4.146000
2008-05-21,4.199000
2008-05-22,4.310000
2008-05-23,4.258000
2008-05-26,4.282000
2008-05-27,4.333000
2008-05-28,4.369000
2008-05-29,4.446000
2008-05-30,4.380000
2008-06-02,4.351000
2008-06-03,4.383000
2008-06-04,4.338000
2008-06-05,4.336000
2008-06-09,4.330000
2008-06-10,4.348000
2008-06-11,4.380000
2008-06-12,4.439000
2008-06-13,4.488000
2008-06-16,4.536000
2008-06-17,4.505000
2008-06-18,4.464000
2008-06-19,4.476000
2008-06-23,4.439000
2008-06-24,4.446000
2008-06-25,4.482000
2008-06-26,4.450000
2008-06-27,4.421000
2008-06-30,4.515000
2008-07-01,4.490000
2008-07-02,4.560000
2008-07-03,4.540000
2008-07-04,4.495000
2008-07-07,4.415000
2008-07-08,4.415000
2008-07-09,4.375000
2008-07-10,4.350000
2008-07-11,4.305000
2008-07-14,4.234000
2008-07-15,4.165000
2008-07-16,4.222000
2008-07-17,4.279000
2008-07-18,4.366000
2008-07-21,4.412000
2008-07-22,4.434000
2008-07-23,4.470000
2008-07-24,4.406000
2008-07-25,4.401000
2008-07-28,4.378000
2008-07-29,4.386000
2008-07-30,4.300000
2008-07-31,4.217000
2008-08-01,4.185000
2008-08-04,4.170000
2008-08-05,4.173000
2008-08-06,4.185000
2008-08-07,4.140000
2008-08-08,4.134000
2008-08-11,4.149000
2008-08-12,4.090000
2008-08-13,4.101000
2008-08-14,4.109000
2008-08-15,4.098000
2008-08-18,4.075000
2008-08-19,4.050000
2008-08-20,4.050000
2008-08-21,4.090000
2008-08-22,4.154000
2008-08-25,4.080000
2008-08-26,4.058000
2008-08-27,4.120000
2008-08-28,4.107000
2008-08-29,4.070000
2008-09-01,4.030000
2008-09-02,4.076000
2008-09-03,3.965000
2008-09-04,3.965000
2008-09-05,3.870000
2008-09-08,3.896000
2008-09-09,3.865000
2008-09-10,3.888000
2008-09-11,3.866000
2008-09-12,3.930000
2008-09-15,3.815000
2008-09-16,3.730000
2008-09-17,3.770000
2008-09-18,3.770000
2008-09-19,3.930000
2008-09-22,4.002000
2008-09-23,3.956000
2008-09-24,3.902000
2008-09-25,3.992000
2008-09-26,3.940000
2008-09-29,3.840000
2008-09-30,3.830000
2008-10-01,3.780000
2008-10-02,3.767000
2008-10-03,3.635000
2008-10-06,3.427000
2008-10-07,3.445000
2008-10-08,3.255000
2008-10-09,3.495000
2008-10-10,3.597000
2008-10-13,3.708000
2008-10-14,3.698000
2008-10-15,3.732000
2008-10-16,3.698000
2008-10-17,3.605000
2008-10-20,3.678000
2008-10-21,3.650000
2008-10-22,3.600000
2008-10-23,3.497000
2008-10-24,3.418000
2008-10-27,3.384000
2008-10-28,3.417000
2008-10-29,3.510000
2008-10-30,3.533000
2008-10-31,3.514000
2008-11-03,3.546000
2008-11-04,3.644000
2008-11-05,3.693000
2008-11-06,3.685000
2008-11-07,3.622000
2008-11-10,3.590000
2008-11-11,3.533000
2008-11-12,3.464000
2008-11-13,3.434000
2008-11-14,3.398000
2008-11-17,3.374000
2008-11-18,3.371000
2008-11-19,3.333000
2008-11-20,3.100000
2008-11-21,3.075000
2008-11-24,3.116000
2008-11-25,3.067000
2008-11-26,2.945000
2008-11-27,2.952000
2008-11-28,2.918000
2008-12-01,2.825000
2008-12-02,2.717000
2008-12-03,2.689000
2008-12-04,2.591000
2008-12-05,2.634000
2008-12-08,2.745000
2008-12-09,2.898000
2008-12-10,2.856000
2008-12-11,2.867000
2008-12-12,2.888000
2008-12-15,2.830000
2008-12-16,2.757000
2008-12-17,2.509000
2008-12-18,2.513000
2008-12-19,2.532000
2008-12-22,2.502000
2008-12-23,2.455000
2008-12-29,2.420000
2008-12-30,2.430000
2009-01-02,2.440000
2009-01-05,2.551000
2009-01-07,2.658000
2009-01-08,2.656000
2009-01-09,2.625000
2009-01-12,2.625000
2009-01-13,2.606000
2009-01-14,2.689000
2009-01-15,2.648000
2009-01-16,2.735000
2009-01-19,2.773000
2009-01-20,2.801000
2009-01-21,2.816000
2009-01-22,2.885000
2009-01-23,2.995000
2009-01-26,3.140000
2009-01-27,3.068000
2009-01-28,3.050000
2009-01-29,3.075000
2009-01-30,3.115000
2009-02-02,3.080000
2009-02-03,3.040000
2009-02-04,3.116000
2009-02-05,3.035000
2009-02-06,3.104000
2009-02-09,3.100000
2009-02-10,3.012000
2009-02-11,2.922000
2009-02-12,2.898000
2009-02-13,3.004000
2009-02-16,2.991000
2009-02-17,2.880000
2009-02-18,2.818000
2009-02-19,2.866000
2009-02-20,2.797000
2009-02-23,2.767000
2009-02-24,2.705000
2009-02-25,2.748000
2009-02-26,2.860000
2009-02-27,2.831000
2009-03-02,2.801000
2009-03-03,2.829000
2009-03-04,2.842000
2009-03-05,2.815000
2009-03-06,2.733000
2009-03-09,2.734000
2009-03-10,2.788000
2009-03-11,2.885000
2009-03-12,2.874000
2009-03-13,2.903000
2009-03-16,2.919000
2009-03-17,2.932000
2009-03-18,2.960000
2009-03-19,2.851000
2009-03-20,2.893000
2009-03-23,3.059000
2009-03-24,3.152000
2009-03-25,3.146000
2009-03-26,3.223000
2009-03-27,3.170000
2009-03-30,3.116000
2009-03-31,3.005000
2009-04-01,3.048000
2009-04-02,3.126000
2009-04-03,3.183000
2009-04-06,3.253000
2009-04-07,3.262000
2009-04-08,3.253000
2009-04-09,3.271000
2009-04-14,3.184000
2009-04-15,3.136000
2009-04-16,3.138000
2009-04-17,3.182000
2009-04-20,3.094000
2009-04-21,3.052000
2009-04-22,3.141000
2009-04-23,3.180000
2009-04-24,3.255000
2009-04-27,3.193000
2009-04-28,3.180000
2009-04-29,3.199000
2009-04-30,3.256000
2009-05-04,3.345000
2009-05-05,3.354000
2009-05-06,3.410000
2009-05-07,3.564000
2009-05-08,3.536000
2009-05-11,3.470000
2009-05-12,3.540000
2009-05-13,3.555000
2009-05-14,3.492000
2009-05-15,3.528000
2009-05-18,3.531000
2009-05-19,3.597000
2009-05-20,3.620000
2009-05-22,3.691000
2009-05-25,3.698000
2009-05-26,3.655000
2009-05-27,3.691000
2009-05-28,3.741000
2009-05-29,3.770000
2009-06-01,3.818000
2009-06-02,3.796000
2009-06-03,3.703000
2009-06-04,3.730000
2009-06-05,3.730000
2009-06-08,3.755000
2009-06-09,3.730000
2009-06-10,3.756000
2009-06-11,3.781000
2009-06-12,3.626000
2009-06-15,3.513000
2009-06-16,3.526000
2009-06-17,3.513000
2009-06-18,3.565000
2009-06-22,3.550000
2009-06-23,3.553000
2009-06-24,3.527000
2009-06-25,3.487000
2009-06-26,3.464000
2009-06-29,3.450000
2009-06-30,3.480000
2009-07-01,3.509000
2009-07-02,3.364000
2009-07-03,3.365000
2009-07-06,3.349000
2009-07-07,3.340000
2009-07-08,3.302000
2009-07-09,3.323000
2009-07-10,3.290000
2009-07-13,3.244000
2009-07-14,3.305000
2009-07-15,3.352000
2009-07-16,3.331000
2009-07-17,3.364000
2009-07-20,3.390000
2009-07-21,3.368000
2009-07-22,3.365000
2009-07-23,3.409000
2009-07-24,3.454000
2009-07-27,3.485000
2009-07-28,3.412000
2009-07-29,3.391000
2009-07-30,3.443000
2009-07-31,3.348000
2009-08-03,3.410000
2009-08-04,3.443000
2009-08-05,3.450000
2009-08-06,3.456000
2009-08-07,3.541000
2009-08-10,3.545000
2009-08-11,3.476000
2009-08-12,3.511000
2009-08-13,3.547000
2009-08-14,3.468000
2009-08-17,3.441000
2009-08-18,3.463000
2009-08-19,3.387000
2009-08-20,3.388000
2009-08-21,3.438000
2009-08-24,3.479000
2009-08-25,3.447000
2009-08-26,3.418000
2009-08-27,3.353000
2009-08-28,3.370000
2009-08-31,3.325000
2009-09-01,3.346000
2009-09-02,3.323000
2009-09-03,3.327000
2009-09-04,3.311000
2009-09-07,3.294000
2009-09-08,3.357000
2009-09-09,3.412000
2009-09-10,3.387000
2009-09-11,3.338000
2009-09-14,3.342000
2009-09-15,3.371000
2009-09-16,3.411000
2009-09-17,3.417000
2009-09-18,3.415000
2009-09-21,3.442000
2009-09-22,3.465000
2009-09-23,3.454000
2009-09-24,3.408000
2009-09-25,3.400000
2009-09-28,3.379000
2009-09-29,3.367000
2009-09-30,3.333000
2009-10-01,3.314000
2009-10-02,3.237000
2009-10-05,3.194000
2009-10-06,3.192000
2009-10-07,3.180000
2009-10-08,3.142000
2009-10-09,3.208000
2009-10-12,3.204000
2009-10-13,3.199000
2009-10-14,3.251000
2009-10-15,3.289000
2009-10-16,3.280000
2009-10-19,3.275000
2009-10-20,3.238000
2009-10-21,3.308000
2009-10-22,3.293000
2009-10-23,3.358000
2009-10-26,3.368000
2009-10-27,3.274000
2009-10-28,3.252000
2009-10-29,3.285000
2009-10-30,3.259000
2009-11-02,3.233000
2009-11-03,3.219000
2009-11-04,3.277000
2009-11-05,3.299000
2009-11-06,3.315000
2009-11-09,3.284000
2009-11-10,3.282000
2009-11-11,3.326000
2009-11-12,3.345000
2009-11-13,3.356000
2009-11-16,3.302000
2009-11-17,3.261000
2009-11-18,3.267000
2009-11-19,3.270000
2009-11-20,3.290000
2009-11-23,3.285000
2009-11-24,3.265000
2009-11-25,3.275000
2009-11-26,3.207000
2009-11-27,3.202000
2009-11-30,3.199000
2009-12-01,3.217000
2009-12-02,3.225000
2009-12-03,3.243000
2009-12-04,3.299000
2009-12-07,3.231000
2009-12-08,3.190000
2009-12-09,3.205000
2009-12-10,3.225000
2009-12-11,3.287000
2009-12-14,3.271000
2009-12-15,3.278000
2009-12-16,3.232000
2009-12-17,3.177000
2009-12-18,3.135000
2009-12-21,3.179000
2009-12-22,3.239000
2009-12-23,3.240000
2009-12-28,3.292000
2009-12-29,3.307000
2009-12-30,3.300000
2010-01-04,3.443000
2010-01-05,3.473000
2010-01-07,3.448000
2010-01-08,3.440000
2010-01-11,3.418000
2010-01-12,3.384000
2010-01-13,3.397000
2010-01-14,3.420000
2010-01-15,3.374000
2010-01-18,3.355000
2010-01-19,3.390000
2010-01-20,3.339000
2010-01-21,3.351000
2010-01-22,3.293000
2010-01-25,3.320000
2010-01-26,3.304000
2010-01-27,3.275000
2010-01-28,3.305000
2010-01-29,3.298000
2010-02-01,3.295000
2010-02-02,3.286000
2010-02-03,3.301000
2010-02-04,3.255000
2010-02-05,3.198000
2010-02-08,3.225000
2010-02-09,3.244000
2010-02-10,3.275000
2010-02-11,3.357000
2010-02-12,3.357000
2010-02-15,3.345000
2010-02-16,3.337000
2010-02-17,3.321000
2010-02-18,3.342000
2010-02-19,3.341000
2010-02-22,3.343000
2010-02-23,3.232000
2010-02-24,3.201000
2010-02-25,3.208000
2010-02-26,3.178000
2010-03-01,3.140000
2010-03-02,3.145000
2010-03-03,3.151000
2010-03-04,3.142000
2010-03-05,3.191000
2010-03-08,3.219000
2010-03-09,3.179000
2010-03-10,3.248000
2010-03-11,3.259000
2010-03-12,3.285000
2010-03-15,3.250000
2010-03-16,3.233000
2010-03-17,3.195000
2010-03-18,3.225000
2010-03-19,3.210000
2010-03-22,3.173000
2010-03-23,3.145000
2010-03-24,3.158000
2010-03-25,3.194000
2010-03-26,3.220000
2010-03-29,3.204000
2010-03-30,3.189000
2010-03-31,3.177000
2010-04-01,3.205000
2010-04-06,3.229000
2010-04-07,3.215000
2010-04-08,3.183000
2010-04-09,3.237000
2010-04-12,3.240000
2010-04-13,3.210000
2010-04-14,3.210000
2010-04-15,3.218000
2010-04-16,3.196000
2010-04-19,3.171000
2010-04-20,3.167000
2010-04-21,3.154000
2010-04-22,3.097000
2010-04-23,3.107000
2010-04-26,3.066000
2010-04-27,2.992000
2010-04-28,2.944000
2010-04-29,2.979000
2010-04-30,2.976000
2010-05-03,3.039000
2010-05-04,2.959000
2010-05-05,2.854000
2010-05-06,2.792000
2010-05-07,2.683000
2010-05-10,2.888000
2010-05-11,2.840000
2010-05-12,2.842000
2010-05-14,2.735000
2010-05-17,2.731000
2010-05-18,2.685000
2010-05-19,2.615000
2010-05-20,2.527000
2010-05-21,2.591000
2010-05-24,2.615000
2010-05-25,2.547000
2010-05-26,2.610000
2010-05-27,2.640000
2010-05-28,2.687000
2010-05-31,2.640000
2010-06-01,2.642000
2010-06-02,2.636000
2010-06-03,2.670000
2010-06-04,2.607000
2010-06-07,2.501000
2010-06-08,2.451000
2010-06-09,2.483000
2010-06-10,2.530000
2010-06-11,2.519000
2010-06-14,2.516000
2010-06-15,2.545000
2010-06-16,2.573000
2010-06-17,2.594000
2010-06-18,2.705000
2010-06-21,2.754000
2010-06-22,2.726000
2010-06-23,2.691000
2010-06-24,2.652000
2010-06-28,2.633000
2010-06-29,2.640000
2010-06-30,2.679000
2010-07-01,2.628000
2010-07-02,2.635000
2010-07-05,2.606000
2010-07-06,2.650000
2010-07-07,2.640000
2010-07-08,2.670000
2010-07-09,2.680000
2010-07-12,2.668000
2010-07-13,2.693000
2010-07-14,2.704000
2010-07-15,2.717000
2010-07-16,2.710000
2010-07-19,2.703000
2010-07-20,2.690000
2010-07-21,2.702000
2010-07-22,2.695000
2010-07-23,2.726000
2010-07-26,2.770000
2010-07-27,2.805000
2010-07-28,2.811000
2010-07-29,2.798000
2010-07-30,2.758000
2010-08-02,2.785000
2010-08-03,2.718000
2010-08-04,2.700000
2010-08-05,2.640000
2010-08-06,2.590000
2010-08-09,2.585000
2010-08-10,2.588000
2010-08-11,2.495000
2010-08-12,2.467000
2010-08-13,2.451000
2010-08-16,2.387000
2010-08-17,2.405000
2010-08-18,2.379000
2010-08-19,2.397000
2010-08-20,2.370000
2010-08-23,2.395000
2010-08-24,2.295000
2010-08-25,2.244000
2010-08-26,2.246000
2010-08-27,2.238000
2010-08-30,2.240000
2010-08-31,2.240000
2010-09-01,2.361000
2010-09-02,2.424000
2010-09-03,2.497000
2010-09-06,2.485000
2010-09-07,2.420000
2010-09-08,2.467000
2010-09-09,2.505000
2010-09-10,2.577000
2010-09-13,2.635000
2010-09-14,2.580000
2010-09-15,2.626000
2010-09-16,2.645000
2010-09-17,2.612000
2010-09-20,2.656000
2010-09-21,2.644000
2010-09-22,2.564000
2010-09-23,2.495000
2010-09-24,2.525000
2010-09-27,2.450000
2010-09-28,2.427000
2010-09-29,2.470000
2010-09-30,2.524000
2010-10-01,2.570000
2010-10-04,2.515000
2010-10-05,2.497000
2010-10-06,2.446000
2010-10-07,2.487000
2010-10-08,2.492000
2010-10-11,2.485000
2010-10-12,2.470000
2010-10-13,2.508000
2010-10-14,2.559000
2010-10-15,2.655000
2010-10-18,2.655000
2010-10-19,2.671000
2010-10-20,2.695000
2010-10-21,2.719000
2010-10-22,2.777000
2010-10-25,2.795000
2010-10-26,2.805000
2010-10-27,2.880000
2010-10-28,2.873000
2010-10-29,2.860000
2010-11-01,2.811000
2010-11-02,2.780000
2010-11-03,2.758000
2010-11-04,2.745000
2010-11-05,2.715000
2010-11-08,2.745000
2010-11-09,2.756000
2010-11-10,2.783000
2010-11-11,2.780000
2010-11-12,2.849000
2010-11-15,2.905000
2010-11-16,2.900000
2010-11-17,2.890000
2010-11-18,2.960000
2010-11-19,2.955000
2010-11-22,2.920000
2010-11-23,2.824000
2010-11-24,2.905000
2010-11-25,2.936000
2010-11-26,2.985000
2010-11-29,2.997000
2010-11-30,2.949000
2010-12-01,3.023000
2010-12-02,3.077000
2010-12-03,3.125000
2010-12-06,3.086000
2010-12-07,3.156000
2010-12-08,3.212000
2010-12-09,3.175000
2010-12-10,3.156000
2010-12-13,3.207000
2010-12-14,3.245000
2010-12-15,3.277000
2010-12-16,3.305000
2010-12-17,3.274000
2010-12-20,3.192000
2010-12-21,3.224000
2010-12-22,3.230000
2010-12-23,3.215000
2010-12-27,3.297000
2010-12-28,3.260000
2010-12-29,3.305000
2010-12-30,3.275000
2011-01-03,3.275000
2011-01-04,3.225000
2011-01-05,3.225000
2011-01-07,3.215000
2011-01-10,3.166000
2011-01-11,3.170000
2011-01-12,3.245000
2011-01-13,3.260000
2011-01-14,3.213000
2011-01-17,3.233000
2011-01-18,3.254000
2011-01-19,3.250000
2011-01-20,3.290000
2011-01-21,3.349000
2011-01-24,3.355000
2011-01-25,3.351000
2011-01-26,3.396000
2011-01-27,3.409000
2011-01-28,3.392000
2011-01-31,3.346000
2011-02-01,3.427000
2011-02-02,3.420000
2011-02-03,3.436000
2011-02-04,3.441000
2011-02-07,3.451000
2011-02-08,3.460000
2011-02-09,3.470000
2011-02-10,3.465000
2011-02-11,3.445000
2011-02-14,3.490000
2011-02-15,3.507000
2011-02-16,3.449000
2011-02-17,3.375000
2011-02-18,3.395000
2011-02-21,3.345000
2011-02-22,3.340000
2011-02-23,3.305000
2011-02-24,3.285000
2011-02-25,3.320000
2011-02-28,3.325000
2011-03-01,3.360000
2011-03-02,3.350000
2011-03-03,3.435000
2011-03-04,3.415000
2011-03-07,3.445000
2011-03-08,3.425000
2011-03-09,3.435000
2011-03-10,3.409000
2011-03-11,3.372000
2011-03-14,3.355000
2011-03-15,3.250000
2011-03-16,3.195000
2011-03-17,3.265000
2011-03-18,3.275000
2011-03-21,3.326000
2011-03-22,3.340000
2011-03-23,3.331000
2011-03-24,3.335000
2011-03-25,3.350000
2011-03-28,3.375000
2011-03-29,3.362000
2011-03-30,3.355000
2011-03-31,3.332000
2011-04-01,3.375000
2011-04-04,3.339000
2011-04-05,3.277000
2011-04-06,3.305000
2011-04-07,3.334000
2011-04-08,3.411000
2011-04-11,3.425000
2011-04-12,3.360000
2011-04-13,3.369000
2011-04-14,3.335000
2011-04-15,3.345000
2011-04-18,3.275000
2011-04-19,3.255000
2011-04-20,3.247000
2011-04-21,3.250000
2011-04-26,3.204000
2011-04-27,3.235000
2011-04-28,3.215000
2011-04-29,3.210000
2011-05-02,3.220000
2011-05-03,3.181000
2011-05-04,3.185000
2011-05-05,3.170000
2011-05-06,3.130000
2011-05-09,3.050000
2011-05-10,3.063000
2011-05-11,3.085000
2011-05-12,3.059000
2011-05-13,3.041000
2011-05-16,3.075000
2011-05-17,3.035000
2011-05-18,2.954000
2011-05-19,2.970000
2011-05-20,2.915000
2011-05-23,2.868000
2011-05-24,2.922000
2011-05-25,2.900000
2011-05-26,2.872000
2011-05-27,2.865000
2011-05-30,2.855000
2011-05-31,2.907000
2011-06-01,2.938000
2011-06-03,2.900000
2011-06-07,2.970000
2011-06-08,2.950000
2011-06-09,2.913000
2011-06-10,2.863000
2011-06-13,2.861000
2011-06-14,2.923000
2011-06-15,2.904000
2011-06-16,2.865000
2011-06-17,2.868000
2011-06-20,2.860000
2011-06-21,2.865000
2011-06-22,2.858000
2011-06-23,2.843000
2011-06-27,2.792000
2011-06-28,2.830000
2011-06-29,2.889000
2011-06-30,2.910000
2011-07-01,2.925000
2011-07-04,2.924000
2011-07-05,2.927000
2011-07-06,2.859000
2011-07-07,2.921000
2011-07-08,2.810000
2011-07-11,2.658000
2011-07-12,2.690000
2011-07-13,2.686000
2011-07-14,2.717000
2011-07-15,2.690000
2011-07-18,2.675000
2011-07-19,2.735000
2011-07-20,2.790000
2011-07-21,2.890000
2011-07-22,2.810000
2011-07-25,2.751000
2011-07-26,2.706000
2011-07-27,2.630000
2011-07-28,2.546000
2011-07-29,2.506000
2011-08-01,2.470000
2011-08-02,2.446000
2011-08-03,2.414000
2011-08-04,2.370000
2011-08-05,2.355000
2011-08-08,2.254000
2011-08-09,2.214000
2011-08-10,2.060000
2011-08-11,2.075000
2011-08-12,2.175000
2011-08-15,2.195000
2011-08-16,2.190000
2011-08-17,2.141000
2011-08-18,1.930000
2011-08-19,1.997000
2011-08-22,2.027000
2011-08-23,2.025000
2011-08-24,2.097000
2011-08-25,2.088000
2011-08-26,2.025000
2011-08-29,2.110000
2011-08-30,2.055000
2011-08-31,2.100000
2011-09-01,2.110000
2011-09-02,2.015000
2011-09-05,1.892000
2011-09-06,1.856000
2011-09-07,1.915000
2011-09-08,1.894000
2011-09-09,1.790000
2011-09-12,1.705000
2011-09-13,1.752000
2011-09-14,1.834000
2011-09-15,1.945000
2011-09-16,1.883000
2011-09-19,1.787000
2011-09-20,1.760000
2011-09-21,1.757000
2011-09-22,1.680000
2011-09-23,1.640000
2011-09-26,1.705000
2011-09-27,1.867000
2011-09-28,1.869000
2011-09-29,1.835000
2011-09-30,1.747000
2011-10-03,1.685000
2011-10-04,1.621000
2011-10-05,1.722000
2011-10-06,1.769000
2011-10-07,1.844000
2011-10-10,1.921000
2011-10-11,1.945000
2011-10-12,2.026000
2011-10-13,1.943000
2011-10-14,1.996000
2011-10-17,1.932000
2011-10-18,1.859000
2011-10-19,1.940000
2011-10-20,1.933000
2011-10-21,1.957000
2011-10-24,1.937000
2011-10-25,1.946000
2011-10-26,1.921000
2011-10-27,2.057000
2011-10-28,2.072000
2011-10-31,1.932000
2011-11-01,1.690000
2011-11-02,1.772000
2011-11-03,1.787000
2011-11-04,1.795000
2011-11-07,1.724000
2011-11-08,1.734000
2011-11-09,1.612000
2011-11-10,1.630000
2011-11-11,1.695000
2011-11-14,1.652000
2011-11-15,1.595000
2011-11-16,1.650000
2011-11-17,1.691000
2011-11-18,1.751000
2011-11-21,1.668000
2011-11-22,1.673000
2011-11-23,1.644000
2011-11-24,1.589000
2011-11-25,1.618000
2011-11-28,1.712000
2011-11-29,1.771000
2011-11-30,1.775000
2011-12-01,1.800000
2011-12-02,1.790000
2011-12-05,1.807000
2011-12-06,1.785000
2011-12-07,1.708000
2011-12-08,1.682000
2011-12-09,1.658000
2011-12-12,1.610000
2011-12-13,1.615000
2011-12-14,1.561000
2011-12-15,1.625000
2011-12-16,1.593000
2011-12-19,1.605000
2011-12-20,1.686000
2011-12-21,1.684000
2011-12-22,1.715000
2011-12-23,1.714000
2011-12-27,1.670000
2011-12-28,1.658000
2011-12-29,1.632000
2011-12-30,1.616000
2012-01-02,1.685000
2012-01-03,1.700000
2012-01-04,1.703000
2012-01-05,1.684000
2012-01-09,1.668000
2012-01-10,1.694000
2012-01-11,1.670000
2012-01-12,1.618000
2012-01-13,1.589000
2012-01-16,1.601000
2012-01-17,1.618000
2012-01-18,1.616000
2012-01-19,1.687000
2012-01-20,1.760000
2012-01-23,1.832000
2012-01-24,1.864000
2012-01-25,1.845000
2012-01-26,1.787000
2012-01-27,1.756000
2012-01-30,1.707000
2012-01-31,1.713000
2012-02-01,1.732000
2012-02-02,1.818000
2012-02-03,1.892000
2012-02-06,1.881000
2012-02-07,1.890000
2012-02-08,1.936000
2012-02-09,1.967000
2012-02-10,1.866000
2012-02-13,1.885000
2012-02-14,1.855000
2012-02-15,1.826000
2012-02-16,1.846000
2012-02-17,1.896000
2012-02-20,1.954000
2012-02-21,1.947000
2012-02-22,1.912000
2012-02-23,1.911000
2012-02-24,1.915000
2012-02-27,1.888000
2012-02-28,1.891000
2012-02-29,1.902000
2012-03-01,1.927000
2012-03-02,1.838000
2012-03-05,1.837000
2012-03-06,1.803000
2012-03-07,1.784000
2012-03-08,1.796000
2012-03-09,1.815000
2012-03-12,1.764000
2012-03-13,1.868000
2012-03-14,1.947000
2012-03-15,1.985000
2012-03-16,2.115000
2012-03-19,2.091000
2012-03-20,2.111000
2012-03-21,2.072000
2012-03-22,2.004000
2012-03-23,1.972000
2012-03-26,2.045000
2012-03-27,2.045000
2012-03-28,2.029000
2012-03-29,1.993000
2012-03-30,1.980000
2012-04-02,1.995000
2012-04-03,1.978000
2012-04-04,1.938000
2012-04-05,1.855000
2012-04-10,1.744000
2012-04-11,1.807000
2012-04-12,1.805000
2012-04-13,1.763000
2012-04-16,1.753000
2012-04-17,1.817000
2012-04-18,1.829000
2012-04-19,1.800000
2012-04-20,1.800000
2012-04-23,1.728000
2012-04-24,1.790000
2012-04-25,1.835000
2012-04-26,1.822000
2012-04-27,1.800000
2012-04-30,1.792000
2012-05-02,1.704000
2012-05-03,1.709000
2012-05-04,1.699000
2012-05-07,1.658000
2012-05-08,1.658000
2012-05-09,1.581000
2012-05-10,1.548000
2012-05-11,1.511000
2012-05-14,1.437000
2012-05-15,1.466000
2012-05-16,1.459000
2012-05-18,1.427000
2012-05-21,1.485000
2012-05-22,1.540000
2012-05-23,1.496000
2012-05-24,1.467000
2012-05-25,1.443000
2012-05-28,1.409000
2012-05-29,1.413000
2012-05-30,1.342000
2012-05-31,1.282000
2012-06-01,1.176000
2012-06-04,1.145000
2012-06-05,1.125000
2012-06-07,1.465000
2012-06-08,1.413000
2012-06-11,1.443000
2012-06-12,1.499000
2012-06-13,1.573000
2012-06-14,1.534000
2012-06-15,1.508000
2012-06-18,1.471000
2012-06-19,1.515000
2012-06-20,1.554000
2012-06-21,1.512000
2012-06-25,1.422000
2012-06-26,1.503000
2012-06-27,1.560000
2012-06-28,1.535000
2012-06-29,1.601000
2012-07-02,1.531000
2012-07-03,1.522000
2012-07-04,1.483000
2012-07-05,1.406000
2012-07-06,1.325000
2012-07-09,1.317000
2012-07-10,1.323000
2012-07-11,1.312000
2012-07-12,1.294000
2012-07-13,1.274000
2012-07-16,1.261000
2012-07-17,1.288000
2012-07-18,1.237000
2012-07-19,1.254000
2012-07-20,1.202000
2012-07-23,1.190000
2012-07-24,1.238000
2012-07-25,1.257000
2012-07-26,1.350000
2012-07-27,1.417000
2012-07-30,1.465000
2012-07-31,1.385000
2012-08-01,1.410000
2012-08-02,1.315000
2012-08-03,1.390000
2012-08-06,1.410000
2012-08-07,1.459000
2012-08-08,1.418000
2012-08-09,1.476000
2012-08-10,1.425000
2012-08-13,1.421000
2012-08-14,1.462000
2012-08-15,1.515000
2012-08-16,1.507000
2012-08-17,1.513000
2012-08-20,1.520000
2012-08-21,1.550000
2012-08-22,1.476000
2012-08-23,1.405000
2012-08-24,1.391000
2012-08-27,1.411000
2012-08-28,1.371000
2012-08-29,1.399000
2012-08-30,1.367000
2012-08-31,1.409000
2012-09-03,1.389000
2012-09-04,1.390000
2012-09-05,1.423000
2012-09-06,1.493000
2012-09-07,1.462000
2012-09-10,1.480000
2012-09-11,1.453000
2012-09-12,1.532000
2012-09-13,1.500000
2012-09-14,1.624000
2012-09-17,1.634000
2012-09-18,1.593000
2012-09-19,1.575000
2012-09-20,1.533000
2012-09-21,1.559000
2012-09-24,1.549000
2012-09-25,1.543000
2012-09-26,1.483000
2012-09-27,1.476000
2012-09-28,1.472000
2012-10-01,1.496000
2012-10-02,1.496000
2012-10-03,1.461000
2012-10-04,1.473000
2012-10-05,1.523000
2012-10-08,1.489000
2012-10-09,1.486000
2012-10-10,1.491000
2012-10-11,1.486000
2012-10-12,1.471000
2012-10-15,1.484000
2012-10-16,1.563000
2012-10-17,1.642000
2012-10-18,1.653000
2012-10-19,1.651000
2012-10-22,1.650000
2012-10-23,1.622000
2012-10-24,1.567000
2012-10-25,1.601000
2012-10-26,1.565000
2012-10-29,1.520000
2012-10-30,1.523000
2012-10-31,1.531000
2012-11-01,1.491000
2012-11-02,1.464000
2012-11-05,1.424000
2012-11-06,1.441000
2012-11-07,1.394000
2012-11-08,1.399000
2012-11-09,1.382000
2012-11-12,1.399000
2012-11-13,1.403000
2012-11-14,1.430000
2012-11-15,1.447000
2012-11-16,1.442000
2012-11-19,1.466000
2012-11-20,1.508000
2012-11-21,1.529000
2012-11-22,1.527000
2012-11-23,1.542000
2012-11-26,1.496000
2012-11-27,1.514000
2012-11-28,1.455000
2012-11-29,1.477000
2012-11-30,1.473000
2012-12-03,1.520000
2012-12-04,1.500000
2012-12-05,1.467000
2012-12-06,1.442000
2012-12-07,1.432000
2012-12-10,1.430000
2012-12-11,1.450000
2012-12-12,1.452000
2012-12-13,1.465000
2012-12-14,1.491000
2012-12-17,1.505000
2012-12-18,1.554000
2012-12-19,1.599000
2012-12-20,1.604000
2012-12-21,1.603000
2012-12-27,1.565000
2012-12-28,1.534000
2013-01-02,1.634000
2013-01-03,1.671000
2013-01-04,1.719000
2013-01-07,1.743000
2013-01-08,1.702000
2013-01-09,1.707000
2013-01-10,1.793000
2013-01-11,1.829000
2013-01-14,1.773000
2013-01-15,1.749000
2013-01-16,1.745000
2013-01-17,1.809000
2013-01-18,1.802000
2013-01-21,1.833000
2013-01-22,1.810000
2013-01-23,1.788000
2013-01-24,1.798000
2013-01-25,1.859000
2013-01-28,1.911000
2013-01-29,1.921000
2013-01-30,1.992000
2013-01-31,1.984000
2013-02-01,1.991000
2013-02-04,1.978000
2013-02-05,1.981000
2013-02-06,1.972000
2013-02-07,1.961000
2013-02-08,1.979000
2013-02-11,1.996000
2013-02-12,2.039000
2013-02-13,2.121000
2013-02-14,2.047000
2013-02-15,2.015000
2013-02-18,2.032000
2013-02-19,2.045000
2013-02-20,2.086000
2013-02-21,2.008000
2013-02-22,2.004000
2013-02-25,2.030000
2013-02-26,1.934000
2013-02-27,1.867000
2013-02-28,1.887000
2013-03-01,1.881000
2013-03-04,1.908000
2013-03-05,1.987000
2013-03-06,2.000000
2013-03-07,1.971000
2013-03-08,2.007000
2013-03-11,1.982000
2013-03-12,1.960000
2013-03-13,1.945000
2013-03-14,1.963000
2013-03-15,1.947000
2013-03-18,1.889000
2013-03-19,1.876000
2013-03-20,1.960000
2013-03-21,1.907000
2013-03-22,1.881000
2013-03-25,1.873000
2013-03-26,1.872000
2013-03-27,1.830000
2013-03-28,1.809000
2013-04-02,1.864000
2013-04-03,1.839000
2013-04-04,1.734000
2013-04-05,1.656000
2013-04-08,1.663000
2013-04-09,1.675000
2013-04-10,1.728000
2013-04-11,1.741000
2013-04-12,1.684000
2013-04-15,1.675000
2013-04-16,1.690000
2013-04-17,1.607000
2013-04-18,1.578000
2013-04-19,1.614000
2013-04-22,1.580000
2013-04-23,1.571000
2013-04-24,1.556000
2013-04-25,1.574000
2013-04-26,1.568000
2013-04-29,1.588000
2013-04-30,1.607000
2013-05-02,1.594000
2013-05-03,1.676000
2013-05-06,1.720000
2013-05-07,1.760000
2013-05-08,1.762000
2013-05-10,1.789000
2013-05-13,1.785000
2013-05-14,1.756000
2013-05-15,1.776000
2013-05-16,1.747000
2013-05-17,1.735000
2013-05-20,1.802000
2013-05-21,1.845000
2013-05-22,1.778000
2013-05-23,1.838000
2013-05-24,1.813000
2013-05-27,1.827000
2013-05-28,1.860000
2013-05-29,1.923000
2013-05-30,1.899000
2013-05-31,1.925000
2013-06-03,1.955000
2013-06-04,1.973000
2013-06-05,1.954000
2013-06-07,1.936000
2013-06-10,1.942000
2013-06-11,1.978000
2013-06-12,1.981000
2013-06-13,1.946000
2013-06-14,1.923000
2013-06-17,1.929000
2013-06-18,1.975000
2013-06-19,2.000000
2013-06-20,2.150000
2013-06-24,2.287000
2013-06-25,2.291000
2013-06-26,2.226000
2013-06-27,2.178000
2013-06-28,2.202000
2013-07-01,2.229000
2013-07-02,2.192000
2013-07-03,2.153000
2013-07-04,2.150000
2013-07-05,2.250000
2013-07-08,2.245000
2013-07-09,2.196000
2013-07-10,2.188000
2013-07-11,2.147000
2013-07-12,2.086000
2013-07-15,2.122000
2013-07-16,2.093000
2013-07-17,2.080000
2013-07-18,2.065000
2013-07-19,2.090000
2013-07-22,2.101000
2013-07-23,2.144000
2013-07-24,2.182000
2013-07-25,2.212000
2013-07-26,2.190000
2013-07-29,2.205000
2013-07-30,2.181000
2013-07-31,2.190000
2013-08-01,2.183000
2013-08-02,2.168000
2013-08-05,2.190000
2013-08-06,2.195000
2013-08-07,2.190000
2013-08-08,2.195000
2013-08-09,2.202000
2013-08-12,2.195000
2013-08-13,2.287000
2013-08-14,2.324000
2013-08-15,2.398000
2013-08-16,2.394000
2013-08-19,2.436000
2013-08-20,2.377000
2013-08-21,2.405000
2013-08-22,2.492000
2013-08-23,2.513000
2013-08-26,2.488000
2013-08-27,2.449000
2013-08-28,2.495000
2013-08-29,2.470000
2013-08-30,2.447000
2013-09-02,2.517000
2013-09-03,2.573000
2013-09-04,2.592000
2013-09-05,2.744000
2013-09-06,2.660000
2013-09-09,2.664000
2013-09-10,2.743000
2013-09-11,2.728000
2013-09-12,2.696000
2013-09-13,2.646000
2013-09-16,2.592000
2013-09-17,2.655000
2013-09-18,2.674000
2013-09-19,2.584000
2013-09-20,2.605000
2013-09-23,2.582000
2013-09-24,2.539000
2013-09-25,2.465000
2013-09-26,2.481000
2013-09-27,2.451000
2013-09-30,2.446000
2013-10-01,2.490000
2013-10-02,2.500000
2013-10-03,2.520000
2013-10-04,2.521000
2013-10-07,2.495000
2013-10-08,2.503000
2013-10-09,2.477000
2013-10-10,2.490000
2013-10-11,2.484000
2013-10-14,2.484000
2013-10-15,2.509000
2013-10-16,2.555000
2013-10-17,2.491000
2013-10-18,2.451000
2013-10-21,2.432000
2013-10-22,2.378000
2013-10-23,2.367000
2013-10-24,2.343000
2013-10-25,2.353000
2013-10-28,2.309000
2013-10-29,2.306000
2013-10-30,2.260000
2013-10-31,2.292000
2013-11-01,2.287000
2013-11-04,2.294000
2013-11-05,2.372000
2013-11-06,2.404000
2013-11-07,2.354000
2013-11-08,2.410000
2013-11-11,2.409000
2013-11-12,2.376000
2013-11-13,2.316000
2013-11-14,2.285000
2013-11-15,2.268000
2013-11-18,2.217000
2013-11-19,2.210000
2013-11-20,2.211000
2013-11-21,2.266000
2013-11-22,2.306000
2013-11-25,2.279000
2013-11-26,2.265000
2013-11-27,2.252000
2013-11-28,2.230000
2013-11-29,2.241000
2013-12-02,2.312000
2013-12-03,2.327000
2013-12-04,2.356000
2013-12-05,2.377000
2013-12-06,2.377000
2013-12-09,2.354000
2013-12-10,2.339000
2013-12-11,2.345000
2013-12-12,2.357000
2013-12-13,2.345000
2013-12-16,2.325000
2013-12-17,2.361000
2013-12-18,2.394000
2013-12-19,2.446000
2013-12-20,2.444000
2013-12-23,2.456000
2013-12-27,2.516000
2013-12-30,2.525000
2014-01-02,2.512000
2014-01-03,2.504000
2014-01-07,2.450000
2014-01-08,2.441000
2014-01-09,2.466000
2014-01-10,2.416000
2014-01-13,2.382000
2014-01-14,2.407000
2014-01-15,2.437000
2014-01-16,2.387000
2014-01-17,2.374000
2014-01-20,2.329000
2014-01-21,2.345000
2014-01-22,2.376000
2014-01-23,2.326000
2014-01-24,2.276000
2014-01-27,2.291000
2014-01-28,2.312000
2014-01-29,2.275000
2014-01-30,2.258000
2014-01-31,2.220000
2014-02-03,2.221000
2014-02-04,2.223000
2014-02-05,2.228000
2014-02-06,2.276000
2014-02-07,2.235000
2014-02-10,2.242000
2014-02-11,2.262000
2014-02-12,2.270000
2014-02-13,2.251000
2014-02-14,2.270000
2014-02-17,2.272000
2014-02-18,2.221000
2014-02-19,2.175000
2014-02-20,2.193000
2014-02-21,2.209000
2014-02-24,2.225000
2014-02-25,2.217000
2014-02-26,2.189000
2014-02-27,2.148000
2014-02-28,2.229000
2014-03-03,2.157000
2014-03-04,2.185000
2014-03-05,2.205000
2014-03-06,2.225000
2014-03-07,2.240000
2014-03-10,2.197000
2014-03-11,2.194000
2014-03-12,2.127000
2014-03-13,2.117000
2014-03-14,2.075000
2014-03-17,2.112000
2014-03-18,2.115000
2014-03-19,2.136000
2014-03-20,2.219000
2014-03-21,2.215000
2014-03-24,2.199000
2014-03-25,2.160000
2014-03-26,2.128000
2014-03-27,2.113000
2014-03-28,2.136000
2014-03-31,2.133000
2014-04-01,2.140000
2014-04-02,2.160000
2014-04-03,2.145000
2014-04-04,2.128000
2014-04-07,2.096000
2014-04-08,2.112000
2014-04-09,2.135000
2014-04-10,2.085000
2014-04-11,2.024000
2014-04-14,2.026000
2014-04-15,1.985000
2014-04-16,2.004000
2014-04-17,2.015000
2014-04-22,2.067000
2014-04-23,2.046000
2014-04-24,2.031000
2014-04-25,1.988000
2014-04-28,2.013000
2014-04-29,1.997000
2014-04-30,1.993000
2014-05-02,1.967000
2014-05-05,1.932000
2014-05-06,1.946000
2014-05-07,1.950000
2014-05-08,1.934000
2014-05-09,1.919000
2014-05-12,1.933000
2014-05-13,1.901000
2014-05-14,1.850000
2014-05-15,1.804000
2014-05-16,1.840000
2014-05-19,1.834000
2014-05-20,1.850000
2014-05-21,1.875000
2014-05-22,1.866000
2014-05-23,1.841000
2014-05-26,1.855000
2014-05-27,1.840000
2014-05-28,1.820000
2014-05-30,1.805000
2014-06-02,1.818000
2014-06-03,1.863000
2014-06-04,1.882000
2014-06-05,1.874000
2014-06-09,1.827000
2014-06-10,1.829000
2014-06-11,1.820000
2014-06-12,1.804000
2014-06-13,1.816000
2014-06-16,1.785000
2014-06-17,1.825000
2014-06-18,1.845000
2014-06-19,1.803000
2014-06-23,1.795000
2014-06-24,1.790000
2014-06-25,1.736000
2014-06-26,1.709000
2014-06-27,1.720000
2014-06-30,1.719000
2014-07-01,1.710000
2014-07-02,1.736000
2014-07-03,1.721000
2014-07-04,1.674000
2014-07-07,1.645000
2014-07-08,1.631000
2014-07-09,1.642000
2014-07-10,1.631000
2014-07-11,1.607000
2014-07-14,1.612000
2014-07-15,1.597000
2014-07-16,1.587000
2014-07-17,1.549000
2014-07-18,1.530000
2014-07-21,1.524000
2014-07-22,1.541000
2014-07-23,1.522000
2014-07-24,1.550000
2014-07-25,1.531000
2014-07-28,1.530000
2014-07-29,1.514000
2014-07-30,1.535000
2014-07-31,1.582000
2014-08-01,1.715000
2014-08-04,1.690000
2014-08-05,1.729000
2014-08-06,1.669000
2014-08-07,1.618000
2014-08-08,1.589000
2014-08-11,1.622000
2014-08-12,1.622000
2014-08-13,1.616000
2014-08-14,1.606000
2014-08-15,1.595000
2014-08-18,1.608000
2014-08-19,1.574000
2014-08-20,1.554000
2014-08-21,1.570000
2014-08-22,1.577000
2014-08-25,1.518000
2014-08-26,1.486000
2014-08-27,1.425000
2014-08-28,1.396000
2014-08-29,1.398000
2014-09-01,1.405000
2014-09-02,1.465000
2014-09-03,1.470000
2014-09-04,1.471000
2014-09-05,1.420000
2014-09-08,1.420000
2014-09-09,1.481000
2014-09-10,1.518000
2014-09-11,1.510000
2014-09-12,1.578000
2014-09-15,1.596000
2014-09-16,1.580000
2014-09-17,1.560000
2014-09-18,1.610000
2014-09-19,1.586000
2014-09-22,1.562000
2014-09-23,1.546000
2014-09-24,1.525000
2014-09-25,1.505000
2014-09-26,1.493000
2014-09-29,1.493000
2014-09-30,1.496000
2014-10-01,1.446000
2014-10-02,1.463000
2014-10-03,1.481000
2014-10-06,1.454000
2014-10-07,1.424000
2014-10-08,1.405000
2014-10-09,1.388000
2014-10-10,1.372000
2014-10-13,1.381000
2014-10-14,1.281000
2014-10-15,1.140000
2014-10-16,1.163000
2014-10-17,1.236000
2014-10-20,1.215000
2014-10-21,1.233000
2014-10-22,1.240000
2014-10-23,1.280000
2014-10-24,1.263000
2014-10-27,1.256000
2014-10-28,1.206000
2014-10-29,1.180000
2014-10-30,1.165000
2014-10-31,1.198000
2014-11-03,1.236000
2014-11-04,1.198000
2014-11-05,1.215000
2014-11-06,1.204000
2014-11-07,1.205000
2014-11-10,1.199000
2014-11-11,1.163000
2014-11-12,1.142000
2014-11-13,1.144000
2014-11-14,1.138000
2014-11-17,1.144000
2014-11-18,1.113000
2014-11-19,1.149000
2014-11-20,1.116000
2014-11-21,1.098000
2014-11-24,1.096000
2014-11-25,1.074000
2014-11-26,1.046000
2014-11-27,1.018000
2014-11-28,1.022000
2014-12-01,1.038000
2014-12-02,1.080000
2014-12-03,1.088000
2014-12-04,1.097000
2014-12-05,1.099000
2014-12-08,1.070000
2014-12-09,1.040000
2014-12-10,1.018000
2014-12-11,0.994000
2014-12-12,0.973000
2014-12-15,0.968000
2014-12-16,0.913000
2014-12-17,0.913000
2014-12-18,0.990000
2014-12-19,1.001000
2014-12-22,1.001000
2014-12-23,0.987000
2014-12-29,0.950000
2014-12-30,0.937000
2015-01-02,0.897000
2015-01-05,0.921000
2015-01-07,0.865000
2015-01-08,0.863000
2015-01-09,0.848000
2015-01-12,0.819000
2015-01-13,0.830000
2015-01-14,0.795000
2015-01-15,0.793000
2015-01-16,0.762000
2015-01-19,0.756000
2015-01-20,0.751000
2015-01-21,0.781000
2015-01-22,0.765000
2015-01-23,0.673000
2015-01-26,0.715000
2015-01-27,0.723000
2015-01-28,0.729000
2015-01-29,0.700000
2015-01-30,0.638000
2015-02-02,0.572000
2015-02-03,0.631000
2015-02-04,0.666000
2015-02-05,0.649000
2015-02-06,0.653000
2015-02-09,0.647000
2015-02-10,0.678000
2015-02-11,0.638000
2015-02-12,0.535000
2015-02-13,0.495000
2015-02-16,0.496000
2015-02-17,0.504000
2015-02-18,0.564000
2015-02-19,0.601000
2015-02-20,0.628000
2015-02-23,0.675000
2015-02-24,0.672000
2015-02-25,0.656000
2015-02-26,0.633000
2015-02-27,0.712000
2015-03-02,0.715000
2015-03-03,0.759000
2015-03-04,0.776000
2015-03-05,0.801000
2015-03-06,0.840000
2015-03-09,0.788000
2015-03-10,0.735000
2015-03-11,0.735000
2015-03-12,0.656000
2015-03-13,0.621000
2015-03-16,0.600000
2015-03-17,0.615000
2015-03-18,0.459000
2015-03-19,0.471000
2015-03-20,0.415000
2015-03-23,0.406000
2015-03-24,0.387000
2015-03-25,0.385000
2015-03-26,0.403000
2015-03-27,0.399000
2015-03-30,0.433000
2015-03-31,0.420000
2015-04-01,0.405000
2015-04-02,0.409000
2015-04-07,0.408000
2015-04-08,0.384000
2015-04-09,0.380000
2015-04-10,0.355000
2015-04-13,0.327000
2015-04-14,0.296000
2015-04-15,0.279000
2015-04-16,0.259000
2015-04-17,0.230000
2015-04-20,0.254000
2015-04-21,0.309000
2015-04-22,0.330000
2015-04-23,0.354000
2015-04-24,0.357000
2015-04-27,0.342000
2015-04-28,0.330000
2015-04-29,0.396000
2015-04-30,0.459000
2015-05-04,0.555000
2015-05-05,0.665000
2015-05-06,0.749000
2015-05-07,0.775000
2015-05-08,0.724000
2015-05-11,0.757000
2015-05-12,0.826000
2015-05-13,0.748000
2015-05-15,0.754000
2015-05-18,0.750000
2015-05-19,0.761000
2015-05-20,0.804000
2015-05-21,0.813000
2015-05-22,0.794000
2015-05-25,0.795000
2015-05-26,0.760000
2015-05-27,0.748000
2015-05-28,0.720000
2015-05-29,0.665000
2015-06-01,0.667000
2015-06-02,0.807000
2015-06-03,0.986000
2015-06-04,0.971000
2015-06-05,0.965000
2015-06-08,0.981000
2015-06-09,1.044000
2015-06-10,1.040000
2015-06-11,1.073000
2015-06-12,1.031000
2015-06-15,0.983000
2015-06-16,1.000000
2015-06-17,1.025000
2015-06-18,0.966000
2015-06-22,1.065000
2015-06-23,1.071000
2015-06-24,1.023000
2015-06-25,1.043000
2015-06-26,1.090000
2015-06-29,1.012000
2015-06-30,0.985000
2015-07-01,1.052000
2015-07-02,0.964000
2015-07-03,0.900000
2015-07-06,0.884000
2015-07-07,0.749000
2015-07-08,0.745000
2015-07-09,0.746000
2015-07-10,0.863000
2015-07-13,0.913000
2015-07-14,0.860000
2015-07-15,0.818000
2015-07-16,0.858000
2015-07-17,0.821000
2015-07-20,0.804000
2015-07-21,0.810000
2015-07-22,0.786000
2015-07-23,0.763000
2015-07-24,0.723000
2015-07-27,0.705000
2015-07-28,0.741000
2015-07-29,0.750000
2015-07-30,0.737000
2015-07-31,0.748000
2015-08-03,0.740000
2015-08-04,0.741000
2015-08-05,0.787000
2015-08-06,0.764000
2015-08-07,0.713000
2015-08-10,0.696000
2015-08-11,0.635000
2015-08-12,0.581000
2015-08-13,0.661000
2015-08-14,0.674000
2015-08-17,0.661000
2015-08-18,0.664000
2015-08-19,0.649000
2015-08-20,0.580000
2015-08-21,0.571000
2015-08-24,0.500000
2015-08-25,0.642000
2015-08-26,0.625000
2015-08-27,0.686000
2015-08-28,0.661000
2015-08-31,0.702000
2015-09-01,0.739000
2015-09-02,0.751000
2015-09-03,0.715000
2015-09-04,0.657000
2015-09-07,0.617000
2015-09-08,0.625000
2015-09-09,0.652000
2015-09-10,0.662000
2015-09-11,0.662000
2015-09-14,0.655000
2015-09-15,0.768000
2015-09-16,0.816000
2015-09-17,0.857000
2015-09-18,0.738000
2015-09-21,0.756000
2015-09-22,0.699000
2015-09-23,0.706000
2015-09-24,0.662000
2015-09-25,0.722000
2015-09-28,0.701000
2015-09-29,0.691000
2015-09-30,0.718000
2015-10-01,0.683000
2015-10-02,0.598000
2015-10-05,0.650000
2015-10-06,0.688000
2015-10-07,0.685000
2015-10-08,0.655000
2015-10-09,0.685000
2015-10-12,0.670000
2015-10-13,0.689000
2015-10-14,0.648000
2015-10-15,0.635000
2015-10-16,0.638000
2015-10-19,0.651000
2015-10-20,0.730000
2015-10-21,0.733000
2015-10-22,0.688000
2015-10-23,0.693000
2015-10-26,0.670000
2015-10-27,0.638000
2015-10-28,0.559000
2015-10-29,0.622000
2015-10-30,0.633000
2015-11-02,0.674000
2015-11-03,0.673000
2015-11-04,0.706000
2015-11-05,0.750000
2015-11-06,0.858000
2015-11-09,0.872000
2015-11-10,0.826000
2015-11-11,0.818000
2015-11-12,0.929000
2015-11-13,0.871000
2015-11-16,0.853000
2015-11-17,0.849000
2015-11-18,0.839000
2015-11-19,0.863000
2015-11-20,0.818000
2015-11-23,0.866000
2015-11-24,0.833000
2015-11-25,0.772000
2015-11-26,0.725000
2015-11-27,0.720000
2015-11-30,0.750000
2015-12-01,0.750000
2015-12-02,0.750000
2015-12-03,0.876000
2015-12-04,0.956000
2015-12-07,0.897000
2015-12-08,0.897000
2015-12-09,0.911000
2015-12-10,0.868000
2015-12-11,0.837000
2015-12-14,0.861000
2015-12-15,0.944000
2015-12-16,0.982000
2015-12-17,0.996000
2015-12-18,0.967000
2015-12-21,0.992000
2015-12-22,1.021000
2015-12-23,1.046000
2015-12-28,1.060000
2015-12-29,1.042000
2015-12-30,0.993000
2016-01-04,1.182000
2016-01-05,1.138000
2016-01-07,1.123000
2016-01-08,1.109000
2016-01-11,1.113000
2016-01-12,1.101000
2016-01-13,1.053000
2016-01-14,1.013000
2016-01-15,1.001000
2016-01-18,1.020000
2016-01-19,1.053000
2016-01-20,0.949000
2016-01-21,0.905000
2016-01-22,0.982000
2016-01-25,0.963000
2016-01-26,0.941000
2016-01-27,0.957000
2016-01-28,0.918000
2016-01-29,0.867000
2016-02-01,0.854000
2016-02-02,0.830000
2016-02-03,0.794000
2016-02-04,0.810000
2016-02-05,0.799000
2016-02-08,0.732000
2016-02-09,0.729000
2016-02-10,0.720000
2016-02-11,0.675000
2016-02-12,0.725000
2016-02-15,0.778000
2016-02-16,0.820000
2016-02-17,0.806000
2016-02-18,0.804000
2016-02-19,0.781000
2016-02-22,0.767000
2016-02-23,0.797000
2016-02-24,0.723000
2016-02-25,0.728000
2016-02-26,0.734000
2016-02-29,0.743000
2016-03-01,0.752000
2016-03-02,0.813000
2016-03-03,0.819000
2016-03-04,0.824000
2016-03-07,0.817000
2016-03-08,0.777000
2016-03-09,0.811000
2016-03-10,0.822000
2016-03-11,0.885000
2016-03-14,0.896000
2016-03-15,0.917000
2016-03-16,0.902000
2016-03-17,0.837000
2016-03-18,0.817000
2016-03-21,0.837000
2016-03-22,0.812000
2016-03-23,0.797000
2016-03-24,0.774000
2016-03-29,0.785000
2016-03-30,0.799000
2016-03-31,0.801000
2016-04-01,0.768000
2016-04-04,0.744000
2016-04-05,0.696000
2016-04-06,0.682000
2016-04-07,0.727000
2016-04-08,0.746000
2016-04-11,0.750000
2016-04-12,0.796000
2016-04-13,0.807000
2016-04-14,0.812000
2016-04-15,0.803000
2016-04-18,0.767000
2016-04-19,0.795000
2016-04-20,0.777000
2016-04-21,0.861000
2016-04-22,0.917000
2016-04-25,0.944000
2016-04-26,0.959000
2016-04-27,0.910000
2016-04-28,0.884000
2016-04-29,0.892000
2016-05-02,0.881000
2016-05-03,0.810000
2016-05-04,0.796000
2016-05-06,0.759000
2016-05-09,0.759000
2016-05-10,0.750000
2016-05-11,0.724000
2016-05-12,0.730000
2016-05-13,0.716000
2016-05-16,0.742000
2016-05-17,0.741000
2016-05-18,0.769000
2016-05-19,0.776000
2016-05-20,0.790000
2016-05-23,0.786000
2016-05-24,0.789000
2016-05-25,0.793000
2016-05-26,0.778000
2016-05-27,0.775000
2016-05-30,0.810000
2016-05-31,0.774000
2016-06-01,0.742000
2016-06-02,0.730000
2016-06-03,0.659000
2016-06-07,0.621000
2016-06-08,0.560000
2016-06-09,0.514000
2016-06-10,0.480000
2016-06-13,0.479000
2016-06-14,0.471000
2016-06-15,0.498000
2016-06-16,0.452000
2016-06-17,0.530000
2016-06-20,0.586000
2016-06-21,0.587000
2016-06-22,0.590000
2016-06-23,0.618000
2016-06-27,0.373000
2016-06-28,0.364000
2016-06-29,0.299000
2016-06-30,0.259000
2016-07-01,0.220000
2016-07-04,0.173000
2016-07-05,0.107000
2016-07-06,0.103000
2016-07-07,0.139000
2016-07-08,0.151000
2016-07-11,0.137000
2016-07-12,0.187000
2016-07-13,0.163000
2016-07-14,0.195000
2016-07-15,0.218000
2016-07-18,0.179000
2016-07-19,0.171000
2016-07-20,0.182000
2016-07-21,0.192000
2016-07-22,0.189000
2016-07-25,0.193000
2016-07-26,0.203000
2016-07-27,0.185000
2016-07-28,0.114000
2016-07-29,0.105000
2016-08-01,0.062000
2016-08-02,0.131000
2016-08-03,0.132000
2016-08-04,0.120000
2016-08-05,0.111000
2016-08-08,0.133000
2016-08-09,0.122000
2016-08-10,0.070000
2016-08-11,0.056000
2016-08-12,0.042000
2016-08-15,0.055000
2016-08-16,0.076000
2016-08-17,0.074000
2016-08-18,0.075000
2016-08-19,0.138000
2016-08-22,0.128000
2016-08-23,0.084000
2016-08-24,0.105000
2016-08-25,0.107000
2016-08-26,0.105000
2016-08-29,0.122000
2016-08-30,0.098000
2016-08-31,0.086000
2016-09-01,0.129000
2016-09-02,0.151000
2016-09-05,0.145000
2016-09-06,0.142000
2016-09-07,0.148000
2016-09-08,0.193000
2016-09-09,0.287000
2016-09-12,0.308000
2016-09-13,0.283000
2016-09-14,0.279000
2016-09-15,0.317000
2016-09-16,0.295000
2016-09-19,0.309000
2016-09-20,0.285000
2016-09-21,0.291000
2016-09-22,0.227000
2016-09-23,0.215000
2016-09-26,0.180000
2016-09-27,0.141000
2016-09-28,0.148000
2016-09-29,0.181000
2016-09-30,0.163000
2016-10-03,0.182000
2016-10-04,0.195000
2016-10-05,0.254000
2016-10-06,0.270000
2016-10-07,0.276000
2016-10-10,0.308000
2016-10-11,0.239000
2016-10-12,0.246000
2016-10-13,0.242000
2016-10-14,0.288000
2016-10-17,0.291000
2016-10-18,0.276000
2016-10-19,0.260000
2016-10-20,0.219000
2016-10-21,0.179000
2016-10-24,0.149000
2016-10-25,0.158000
2016-10-26,0.207000
2016-10-27,0.267000
2016-10-28,0.268000
2016-10-31,0.254000
2016-11-01,0.298000
2016-11-02,0.253000
2016-11-03,0.259000
2016-11-04,0.250000
2016-11-07,0.263000
2016-11-08,0.262000
2016-11-09,0.278000
2016-11-10,0.454000
2016-11-11,0.475000
2016-11-14,0.546000
2016-11-15,0.499000
2016-11-16,0.527000
2016-11-17,0.492000
2016-11-18,0.508000
2016-11-21,0.517000
2016-11-22,0.483000
2016-11-23,0.501000
2016-11-24,0.521000
2016-11-25,0.531000
2016-11-28,0.516000
2016-11-29,0.494000
2016-11-30,0.520000
2016-12-01,0.571000
2016-12-02,0.559000
2016-12-05,0.627000
2016-12-06,0.623000
2016-12-07,0.572000
2016-12-08,0.645000
2016-12-09,0.595000
2016-12-12,0.632000
2016-12-13,0.601000
2016-12-14,0.567000
2016-12-15,0.637000
2016-12-16,0.635000
2016-12-19,0.640000
2016-12-20,0.680000
2016-12-21,0.652000
2016-12-22,0.647000
2016-12-23,0.617000
2016-12-27,0.561000
2016-12-28,0.570000
2016-12-29,0.540000
2016-12-30,0.549000
2017-01-02,0.533000
2017-01-03,0.600000
2017-01-04,0.590000
2017-01-05,0.616000
2017-01-09,0.603000
2017-01-10,0.591000
2017-01-11,0.574000
2017-01-12,0.577000
2017-01-13,0.625000
2017-01-16,0.606000
2017-01-17,0.603000
2017-01-18,0.622000
2017-01-19,0.665000
2017-01-20,0.692000
2017-01-23,0.659000
2017-01-24,0.662000
2017-01-25,0.739000
2017-01-26,0.757000
2017-01-27,0.739000
2017-01-30,0.760000
2017-01-31,0.738000
2017-02-01,0.755000
2017-02-02,0.709000
2017-02-03,0.698000
2017-02-06,0.712000
2017-02-07,0.677000
2017-02-08,0.643000
2017-02-09,0.635000
2017-02-10,0.664000
2017-02-13,0.717000
2017-02-14,0.761000
2017-02-15,0.736000
2017-02-16,0.736000
2017-02-17,0.679000
2017-02-20,0.659000
2017-02-21,0.663000
2017-02-22,0.633000
2017-02-23,0.611000
2017-02-24,0.536000
2017-02-27,0.520000
2017-02-28,0.527000
2017-03-01,0.625000
2017-03-02,0.659000
2017-03-03,0.689000
2017-03-06,0.676000
2017-03-07,0.648000
2017-03-08,0.703000
2017-03-09,0.732000
2017-03-10,0.767000
2017-03-13,0.764000
2017-03-14,0.755000
2017-03-15,0.747000
2017-03-16,0.754000
2017-03-17,0.750000
2017-03-20,0.757000
2017-03-21,0.757000
2017-03-22,0.699000
2017-03-23,0.683000
2017-03-24,0.676000
2017-03-27,0.645000
2017-03-28,0.638000
2017-03-29,0.610000
2017-03-30,0.615000
2017-03-31,0.602000
2017-04-03,0.600000
2017-04-04,0.572000
2017-04-05,0.585000
2017-04-06,0.566000
2017-04-07,0.545000
2017-04-10,0.542000
2017-04-11,0.553000
2017-04-12,0.558000
2017-04-13,0.514000
2017-04-18,0.530000
2017-04-19,0.536000
2017-04-20,0.562000
2017-04-21,0.545000
2017-04-24,0.595000
2017-04-25,0.645000
2017-04-26,0.658000
2017-04-27,0.583000
2017-04-28,0.578000
2017-05-02,0.597000
2017-05-03,0.581000
2017-05-04,0.610000
2017-05-05,0.651000
2017-05-08,0.651000
2017-05-09,0.647000
2017-05-10,0.619000
2017-05-11,0.624000
2017-05-12,0.571000
2017-05-15,0.581000
2017-05-16,0.581000
2017-05-17,0.550000
2017-05-18,0.503000
2017-05-19,0.514000
2017-05-22,0.526000
2017-05-23,0.532000
2017-05-24,0.517000
2017-05-26,0.512000
2017-05-29,0.496000
2017-05-30,0.496000
2017-05-31,0.469000
2017-06-01,0.439000
2017-06-02,0.418000
2017-06-05,0.436000
2017-06-07,0.414000
2017-06-08,0.409000
2017-06-09,0.409000
2017-06-12,0.383000
2017-06-13,0.405000
2017-06-14,0.394000
2017-06-15,0.451000
2017-06-16,0.463000
2017-06-19,0.468000
2017-06-20,0.454000
2017-06-21,0.466000
2017-06-22,0.440000
2017-06-26,0.453000
2017-06-27,0.494000
2017-06-28,0.546000
2017-06-29,0.614000
2017-06-30,0.654000
2017-07-03,0.648000
2017-07-04,0.612000
2017-07-05,0.634000
2017-07-06,0.710000
2017-07-07,0.675000
2017-07-10,0.686000
2017-07-11,0.676000
2017-07-12,0.655000
2017-07-13,0.699000
2017-07-14,0.695000
2017-07-17,0.701000
2017-07-18,0.666000
2017-07-19,0.631000
2017-07-20,0.647000
2017-07-21,0.611000
2017-07-24,0.624000
2017-07-25,0.661000
2017-07-26,0.637000
2017-07-27,0.642000
2017-07-28,0.698000
2017-07-31,0.735000
2017-08-01,0.715000
2017-08-02,0.686000
2017-08-03,0.666000
2017-08-04,0.675000
2017-08-07,0.654000
2017-08-08,0.644000
2017-08-09,0.598000
2017-08-10,0.606000
2017-08-11,0.594000
2017-08-14,0.625000
2017-08-15,0.685000
2017-08-16,0.670000
2017-08-17,0.650000
2017-08-18,0.627000
2017-08-21,0.601000
2017-08-22,0.631000
2017-08-23,0.628000
2017-08-24,0.602000
2017-08-25,0.607000
2017-08-28,0.592000
2017-08-29,0.565000
2017-08-30,0.596000
2017-08-31,0.589000
2017-09-01,0.629000
2017-09-04,0.634000
2017-09-05,0.613000
2017-09-06,0.591000
2017-09-07,0.555000
2017-09-08,0.513000
2017-09-11,0.522000
2017-09-12,0.580000
2017-09-13,0.595000
2017-09-14,0.617000
2017-09-15,0.641000
2017-09-18,0.654000
2017-09-19,0.639000
2017-09-20,0.621000
2017-09-21,0.648000
2017-09-22,0.667000
2017-09-25,0.637000
2017-09-26,0.659000
2017-09-27,0.701000
2017-09-28,0.712000
2017-09-29,0.921000
2017-10-02,0.926000
2017-10-03,0.946000
2017-10-04,0.929000
2017-10-05,0.913000
2017-10-06,0.937000
2017-10-09,0.917000
2017-10-10,0.913000
2017-10-11,0.929000
2017-10-12,0.903000
2017-10-13,0.868000
2017-10-16,0.846000
2017-10-17,0.849000
2017-10-18,0.856000
2017-10-19,0.823000
2017-10-20,0.865000
2017-10-23,0.856000
2017-10-24,0.877000
2017-10-25,0.896000
2017-10-26,0.854000
2017-10-27,0.837000
2017-10-30,0.796000
2017-10-31,0.795000
2017-11-01,0.808000
2017-11-02,0.795000
2017-11-03,0.794000
2017-11-06,0.775000
2017-11-07,0.779000
2017-11-08,0.775000
2017-11-09,0.819000
2017-11-10,0.830000
2017-11-13,0.831000
2017-11-14,0.790000
2017-11-15,0.745000
2017-11-16,0.743000
2017-11-17,0.736000
2017-11-20,0.722000
2017-11-21,0.715000
2017-11-22,0.723000
2017-11-23,0.684000
2017-11-24,0.716000
2017-11-27,0.711000
2017-11-28,0.695000
2017-11-29,0.739000
2017-11-30,0.732000
2017-12-01,0.718000
2017-12-04,0.695000
2017-12-05,0.686000
2017-12-06,0.663000
2017-12-07,0.682000
2017-12-08,0.671000
2017-12-11,0.650000
2017-12-12,0.695000
2017-12-13,0.698000
2017-12-14,0.728000
2017-12-15,0.735000
2017-12-18,0.736000
2017-12-19,0.767000
2017-12-20,0.781000
2017-12-21,0.770000
2017-12-22,0.740000
2017-12-27,0.730000
2017-12-28,0.748000
2017-12-29,0.780000
2018-01-02,0.795000
2018-01-03,0.777000
2018-01-04,0.779000
2018-01-05,0.756000
2018-01-08,0.747000
2018-01-09,0.770000
2018-01-10,0.831000
2018-01-11,0.868000
2018-01-12,0.865000
2018-01-15,0.854000
2018-01-16,0.828000
2018-01-17,0.856000
2018-01-18,0.870000
2018-01-19,0.865000
2018-01-22,0.888000
2018-01-23,0.858000
2018-01-24,0.867000
2018-01-25,0.893000
2018-01-26,0.906000
2018-01-29,0.952000
2018-01-30,0.928000
2018-01-31,0.918000
2018-02-01,0.945000
2018-02-02,0.986000
2018-02-05,0.973000
2018-02-06,0.936000
2018-02-07,0.935000
2018-02-08,0.986000
2018-02-09,0.939000
2018-02-12,0.941000
2018-02-13,0.942000
2018-02-14,0.957000
2018-02-15,0.964000
2018-02-16,0.929000
2018-02-19,0.929000
2018-02-20,0.895000
2018-02-21,0.872000
2018-02-22,0.860000
2018-02-23,0.821000
2018-02-26,0.828000
2018-02-27,0.831000
2018-02-28,0.815000
2018-03-01,0.785000
2018-03-02,0.788000
2018-03-05,0.795000
2018-03-06,0.831000
2018-03-07,0.821000
2018-03-08,0.823000
2018-03-09,0.816000
2018-03-12,0.782000
2018-03-13,0.800000
2018-03-14,0.776000
2018-03-15,0.766000
2018-03-16,0.738000
2018-03-19,0.758000
2018-03-20,0.771000
2018-03-21,0.790000
2018-03-22,0.726000
2018-03-23,0.741000
2018-03-26,0.744000
2018-03-27,0.727000
2018-03-28,0.706000
2018-03-29,0.692000
2018-04-03,0.680000
2018-04-04,0.683000
2018-04-05,0.703000
2018-04-06,0.697000
2018-04-09,0.692000
2018-04-10,0.694000
2018-04-11,0.681000
2018-04-12,0.657000
2018-04-13,0.661000
2018-04-16,0.679000
2018-04-17,0.665000
2018-04-18,0.664000
2018-04-19,0.741000
2018-04-20,0.760000
2018-04-23,0.790000
2018-04-24,0.788000
2018-04-25,0.791000
2018-04-26,0.751000
2018-04-27,0.721000
2018-04-30,0.722000
2018-05-02,0.710000
2018-05-03,0.671000
2018-05-04,0.683000
2018-05-07,0.670000
2018-05-08,0.701000
2018-05-09,0.733000
2018-05-11,0.733000
2018-05-14,0.760000
2018-05-15,0.771000
2018-05-16,0.748000
2018-05-17,0.744000
2018-05-18,0.728000
2018-05-21,0.695000
2018-05-22,0.699000
2018-05-23,0.661000
2018-05-24,0.630000
2018-05-25,0.527000
2018-05-28,0.484000
2018-05-29,0.465000
2018-05-30,0.483000
2018-05-31,0.470000
2018-06-01,0.528000
2018-06-04,0.561000
2018-06-05,0.547000
2018-06-07,0.652000
2018-06-08,0.611000
2018-06-11,0.648000
2018-06-12,0.647000
2018-06-13,0.625000
2018-06-14,0.590000
2018-06-15,0.535000
2018-06-18,0.518000
2018-06-19,0.491000
2018-06-20,0.510000
2018-06-21,0.491000
2018-06-25,0.492000
2018-06-26,0.532000
2018-06-27,0.509000
2018-06-28,0.505000
2018-06-29,0.498000
2018-07-02,0.472000
2018-07-03,0.487000
2018-07-04,0.510000
2018-07-05,0.521000
2018-07-06,0.500000
2018-07-09,0.505000
2018-07-10,0.506000
2018-07-11,0.505000
2018-07-12,0.487000
2018-07-13,0.455000
2018-07-16,0.475000
2018-07-17,0.470000
2018-07-18,0.462000
2018-07-19,0.459000
2018-07-20,0.466000
2018-07-23,0.507000
2018-07-24,0.512000
2018-07-25,0.525000
2018-07-26,0.545000
2018-07-27,0.560000
2018-07-30,0.619000
2018-07-31,0.601000
2018-08-01,0.625000
2018-08-02,0.610000
2018-08-03,0.570000
2018-08-06,0.549000
2018-08-07,0.560000
2018-08-08,0.544000
2018-08-09,0.521000
2018-08-10,0.475000
2018-08-13,0.480000
2018-08-14,0.481000
2018-08-15,0.475000
2018-08-16,0.485000
2018-08-17,0.477000
2018-08-20,0.480000
2018-08-21,0.490000
2018-08-22,0.473000
2018-08-23,0.476000
2018-08-24,0.495000
2018-08-27,0.505000
2018-08-28,0.526000
2018-08-29,0.541000
2018-08-30,0.535000
2018-08-31,0.505000
2018-09-03,0.502000
2018-09-04,0.521000
2018-09-05,0.544000
2018-09-06,0.544000
2018-09-07,0.560000
2018-09-10,0.570000
2018-09-11,0.575000
2018-09-12,0.552000
2018-09-13,0.567000
2018-09-14,0.579000
2018-09-17,0.603000
2018-09-18,0.624000
2018-09-19,0.646000
2018-09-20,0.642000
2018-09-21,0.619000
2018-09-24,0.659000
2018-09-25,0.682000
2018-09-26,0.671000
2018-09-27,0.664000
2018-09-28,0.632000
2018-10-01,0.667000
2018-10-02,0.631000
2018-10-03,0.657000
2018-10-04,0.689000
2018-10-05,0.715000
2018-10-08,0.714000
2018-10-09,0.707000
2018-10-10,0.726000
2018-10-11,0.735000
2018-10-12,0.722000
2018-10-15,0.706000
2018-10-16,0.704000
2018-10-17,0.687000
2018-10-18,0.681000
2018-10-19,0.660000
2018-10-22,0.680000
2018-10-23,0.652000
2018-10-24,0.638000
2018-10-25,0.630000
2018-10-26,0.595000
2018-10-29,0.619000
2018-10-30,0.604000
2018-10-31,0.624000
2018-11-01,0.648000
2018-11-02,0.669000
2018-11-05,0.659000
2018-11-06,0.655000
2018-11-07,0.665000
2018-11-08,0.681000
2018-11-09,0.655000
2018-11-12,0.635000
2018-11-13,0.635000
2018-11-14,0.623000
2018-11-15,0.586000
2018-11-16,0.582000
2018-11-19,0.588000
2018-11-20,0.560000
2018-11-21,0.571000
2018-11-22,0.565000
2018-11-23,0.538000
2018-11-26,0.559000
2018-11-27,0.539000
2018-11-28,0.527000
2018-11-29,0.495000
2018-11-30,0.489000
2018-12-03,0.500000
2018-12-04,0.483000
2018-12-05,0.490000
2018-12-06,0.452000
2018-12-07,0.474000
2018-12-10,0.475000
2018-12-11,0.480000
2018-12-12,0.448000
2018-12-13,0.466000
2018-12-14,0.471000
2018-12-17,0.476000
2018-12-18,0.477000
2018-12-19,0.480000
2018-12-20,0.469000
2018-12-21,0.469000
2018-12-27,0.457000
2018-12-28,0.465000
2019-01-02,0.398000
2019-01-03,0.395000
2019-01-04,0.407000
2019-01-07,0.421000
2019-01-08,0.433000
2019-01-09,0.442000
2019-01-10,0.422000
2019-01-11,0.404000
2019-01-14,0.408000
2019-01-15,0.415000
2019-01-16,0.445000
2019-01-17,0.448000
2019-01-18,0.463000
2019-01-21,0.472000
2019-01-22,0.453000
2019-01-23,0.448000
2019-01-24,0.414000
2019-01-25,0.424000
2019-01-28,0.429000
2019-01-29,0.430000
2019-01-30,0.412000
2019-01-31,0.382000
2019-02-01,0.390000
2019-02-04,0.405000
2019-02-05,0.410000
2019-02-06,0.389000
2019-02-07,0.361000
2019-02-08,0.316000
2019-02-11,0.334000
2019-02-12,0.352000
2019-02-13,0.374000
2019-02-14,0.359000
2019-02-15,0.374000
2019-02-18,0.384000
2019-02-19,0.345000
2019-02-20,0.318000
2019-02-21,0.339000
2019-02-22,0.311000
2019-02-25,0.327000
2019-02-26,0.316000
2019-02-27,0.341000
2019-02-28,0.395000
2019-03-01,0.419000
2019-03-04,0.406000
2019-03-05,0.404000
2019-03-06,0.371000
2019-03-07,0.323000
2019-03-08,0.292000
2019-03-11,0.296000
2019-03-12,0.294000
2019-03-13,0.294000
2019-03-14,0.309000
2019-03-15,0.319000
2019-03-18,0.324000
2019-03-19,0.345000
2019-03-20,0.333000
2019-03-21,0.279000
2019-03-22,0.215000
2019-03-25,0.231000
2019-03-26,0.227000
2019-03-27,0.156000
2019-03-28,0.159000
2019-03-29,0.179000
2019-04-01,0.343000
2019-04-02,0.349000
2019-04-03,0.392000
2019-04-04,0.397000
2019-04-05,0.407000
2019-04-08,0.410000
2019-04-09,0.390000
2019-04-10,0.366000
2019-04-11,0.375000
2019-04-12,0.415000
2019-04-15,0.429000
2019-04-16,0.426000
2019-04-17,0.445000
2019-04-18,0.424000
2019-04-23,0.426000
2019-04-24,0.385000
2019-04-25,0.301000
2019-04-26,0.271000
2019-04-29,0.293000
2019-04-30,0.314000
2019-05-02,0.303000
2019-05-03,0.321000
2019-05-06,0.320000
2019-05-07,0.267000
2019-05-08,0.255000
2019-05-09,0.210000
2019-05-10,0.222000
2019-05-13,0.214000
2019-05-14,0.211000
2019-05-15,0.184000
2019-05-16,0.192000
2019-05-17,0.188000
2019-05-20,0.211000
2019-05-21,0.218000
2019-05-22,0.216000
2019-05-23,0.197000
2019-05-24,0.196000
2019-05-27,0.175000
2019-05-28,0.167000
2019-05-29,0.146000
2019-05-31,0.108000
2019-06-03,0.085000
2019-06-04,0.070000
2019-06-05,0.087000
2019-06-07,0.050000
2019-06-10,0.083000
2019-06-11,0.057000
2019-06-12,0.049000
2019-06-13,0.032000
2019-06-14,0.055000
2019-06-17,0.075000
2019-06-18,-0.006000
2019-06-19,0.029000
2019-06-20,0.021000
2019-06-24,0.028000
2019-06-25,0.007000
2019-06-26,0.018000
2019-06-27,0.041000
2019-06-28,0.032000
2019-07-01,0.025000
2019-07-02,0.027000
2019-07-03,0.008000
2019-07-04,-0.027000
2019-07-05,0.004000
2019-07-08,-0.003000
2019-07-09,0.057000
2019-07-10,0.089000
2019-07-11,0.125000
2019-07-12,0.155000
2019-07-15,0.120000
2019-07-16,0.102000
2019-07-17,0.059000
2019-07-18,0.045000
2019-07-19,0.032000
2019-07-22,0.022000
2019-07-23,0.013000
2019-07-24,-0.010000
2019-07-25,-0.009000
2019-07-26,-0.044000
2019-07-29,-0.062000
2019-07-30,-0.117000
2019-07-31,-0.132000
2019-08-01,-0.134000
2019-08-02,-0.182000
2019-08-05,-0.219000
2019-08-06,-0.201000
2019-08-07,-0.280000
2019-08-08,-0.225000
2019-08-09,-0.237000
2019-08-12,-0.251000
2019-08-13,-0.266000
2019-08-14,-0.323000
2019-08-15,-0.389000
2019-08-16,-0.407000
2019-08-19,-0.320000
2019-08-20,-0.342000
2019-08-21,-0.294000
2019-08-22,-0.272000
2019-08-23,-0.285000
2019-08-26,-0.300000
2019-08-27,-0.325000
2019-08-28,-0.375000
2019-08-29,-0.357000
2019-08-30,-0.361000
2019-09-02,-0.339000
2019-09-03,-0.358000
2019-09-04,-0.308000
2019-09-05,-0.216000
2019-09-06,-0.228000
2019-09-09,-0.180000
2019-09-10,-0.202000
2019-09-11,-0.195000
2019-09-12,-0.192000
2019-09-13,-0.121000
2019-09-16,-0.122000
2019-09-17,-0.163000
2019-09-18,-0.207000
2019-09-19,-0.192000
2019-09-20,-0.198000
2019-09-23,-0.250000
2019-09-24,-0.274000
2019-09-25,-0.297000
2019-09-26,-0.279000
2019-09-27,-0.280000
2019-09-30,-0.261000
2019-10-01,-0.266000
2019-10-02,-0.274000
2019-10-03,-0.340000
2019-10-04,-0.330000
2019-10-07,-0.327000
2019-10-08,-0.339000
2019-10-09,-0.310000
2019-10-10,-0.236000
2019-10-11,-0.182000
2019-10-14,-0.190000
2019-10-15,-0.176000
2019-10-16,-0.105000
2019-10-17,-0.114000
2019-10-18,-0.079000
2019-10-21,-0.028000
2019-10-22,-0.059000
2019-10-23,-0.034000
2019-10-24,-0.040000
2019-10-25,-0.030000
2019-10-28,0.002000
2019-10-29,-0.046000
2019-10-30,-0.054000
2019-10-31,-0.118000
2019-11-01,-0.108000
2019-11-04,-0.043000
2019-11-05,0.019000
2019-11-06,0.008000
2019-11-07,0.048000
2019-11-08,0.066000
2019-11-11,0.060000
2019-11-12,0.071000
2019-11-13,0.015000
2019-11-14,-0.012000
2019-11-15,0.004000
2019-11-18,-0.007000
2019-11-19,-0.006000
2019-11-20,-0.044000
2019-11-21,-0.019000
2019-11-22,-0.025000
2019-11-25,-0.038000
2019-11-26,-0.028000
2019-11-27,-0.013000
2019-11-28,0.001000
2019-11-29,0.019000
2019-12-02,0.066000
2019-12-03,0.021000
2019-12-04,0.031000
2019-12-05,0.061000
2019-12-06,0.049000
2019-12-09,0.032000
2019-12-10,0.043000
2019-12-11,0.034000
2019-12-12,0.063000
2019-12-13,0.085000
2019-12-16,0.051000
2019-12-17,0.044000
2019-12-18,0.061000
2019-12-19,0.100000
2019-12-20,0.106000
2019-12-23,0.098000
2019-12-27,0.110000
2019-12-30,0.153000
2020-01-02,0.159000
2020-01-03,0.131000
2020-01-07,0.112000
2020-01-08,0.130000
2020-01-09,0.163000
2020-01-10,0.166000
2020-01-13,0.187000
2020-01-14,0.191000
2020-01-15,0.153000
2020-01-16,0.144000
2020-01-17,0.154000
2020-01-20,0.149000
2020-01-21,0.132000
2020-01-22,0.111000
2020-01-23,0.081000
2020-01-24,0.071000
2020-01-27,0.008000
2020-01-28,0.026000
2020-01-29,0.011000
2020-01-30,-0.016000
2020-01-31,-0.046000
2020-02-03,-0.038000
2020-02-04,0.010000
2020-02-05,0.060000
2020-02-06,0.070000
2020-02-07,0.040000
2020-02-10,0.028000
2020-02-11,0.024000
2020-02-12,0.029000
2020-02-13,0.017000
2020-02-14,0.012000
2020-02-17,0.019000
2020-02-18,0.003000
2020-02-19,-0.045000
2020-02-20,-0.087000
2020-02-21,-0.107000
2020-02-24,-0.159000
2020-02-25,-0.164000
2020-02-26,-0.149000
2020-02-27,-0.199000
2020-02-28,-0.277000
2020-03-02,-0.330000
2020-03-03,-0.270000
2020-03-04,-0.282000
2020-03-05,-0.308000
2020-03-06,-0.375000
2020-03-09,-0.514000
2020-03-10,-0.408000
2020-03-11,-0.369000
2020-03-12,-0.336000
2020-03-13,-0.166000
2020-03-16,-0.026000
2020-03-17,-0.091000
2020-03-18,0.014000
2020-03-19,0.099000
2020-03-20,0.021000
2020-03-23,-0.016000
2020-03-24,-0.002000
2020-03-25,0.034000
2020-03-26,0.008000
2020-03-27,-0.076000
2020-03-30,-0.160000
2020-03-31,-0.136000
2020-04-01,-0.143000
2020-04-02,-0.154000
2020-04-03,-0.156000
2020-04-06,-0.126000
2020-04-07,-0.058000
2020-04-08,-0.002000
2020-04-09,0.021000
2020-04-14,-0.035000
2020-04-15,-0.091000
2020-04-16,-0.081000
2020-04-17,-0.061000
2020-04-20,-0.034000
2020-04-21,-0.046000
2020-04-22,-0.023000
2020-04-23,-0.024000
2020-04-24,-0.059000
2020-04-27,-0.079000
2020-04-28,-0.099000
2020-04-29,-0.129000
2020-04-30,-0.104000
2020-05-04,-0.116000
2020-05-05,-0.120000
2020-05-06,-0.090000
2020-05-07,-0.105000
2020-05-08,-0.086000
2020-05-11,-0.052000
2020-05-12,-0.032000
2020-05-13,-0.068000
2020-05-14,-0.085000
2020-05-15,-0.074000
2020-05-18,-0.054000
2020-05-19,-0.037000
2020-05-20,-0.038000
2020-05-22,-0.048000
2020-05-25,-0.054000
2020-05-26,-0.025000
2020-05-27,-0.015000
2020-05-28,-0.028000
2020-05-29,-0.026000
2020-06-01,-0.003000
2020-06-02,-0.004000
2020-06-03,0.025000
2020-06-04,0.050000
2020-06-05,0.060000
2020-06-08,0.080000
2020-06-09,0.075000
2020-06-10,0.096000
2020-06-11,0.014000
2020-06-12,0.001000
2020-06-15,-0.009000
2020-06-16,0.022000
2020-06-17,0.019000
2020-06-18,0.018000
2020-06-22,-0.041000
2020-06-23,-0.014000
2020-06-24,-0.009000
2020-06-25,-0.066000
2020-06-26,-0.073000
2020-06-29,-0.053000
2020-06-30,-0.060000
2020-07-01,-0.028000
2020-07-02,-0.051000
2020-07-03,-0.061000
2020-07-06,-0.054000
2020-07-07,-0.053000
2020-07-08,-0.069000
2020-07-09,-0.079000
2020-07-10,-0.102000
2020-07-13,-0.057000
2020-07-14,-0.063000
2020-07-15,-0.069000
2020-07-16,-0.084000
2020-07-17,-0.077000
2020-07-20,-0.084000
2020-07-21,-0.086000
2020-07-22,-0.106000
2020-07-23,-0.095000
2020-07-24,-0.057000
2020-07-27,-0.065000
2020-07-28,-0.081000
2020-07-29,-0.082000
2020-07-30,-0.106000
2020-07-31,-0.075000
2020-08-03,-0.081000
2020-08-04,-0.102000
2020-08-05,-0.074000
2020-08-06,-0.091000
2020-08-07,-0.100000
2020-08-10,-0.092000
2020-08-11,-0.054000
2020-08-12,-0.030000
2020-08-13,0.006000
2020-08-14,-0.009000
2020-08-17,-0.021000
2020-08-18,-0.026000
2020-08-19,-0.042000
2020-08-20,-0.061000
2020-08-21,-0.066000
2020-08-24,-0.062000
2020-08-25,-0.007000
2020-08-26,0.004000
2020-08-27,0.003000
2020-08-28,0.021000
2020-08-31,0.037000
2020-09-01,0.034000
2020-09-02,-0.055000
2020-09-03,-0.057000
2020-09-04,-0.048000
2020-09-07,-0.046000
2020-09-08,-0.084000
2020-09-09,-0.070000
2020-09-10,-0.049000
2020-09-11,-0.080000
2020-09-14,-0.098000
2020-09-15,-0.090000
2020-09-16,-0.098000
2020-09-17,-0.098000
2020-09-18,-0.086000
2020-09-21,-0.117000
2020-09-22,-0.096000
2020-09-23,-0.095000
2020-09-24,-0.104000
2020-09-25,-0.115000
2020-09-28,-0.125000
2020-09-29,-0.120000
2020-09-30,-0.120000
2020-10-01,-0.021000
2020-10-02,-0.014000
2020-10-05,0.012620
2020-10-06,0.019540
2020-10-07,0.028260
2020-10-08,0.019810
2020-10-09,0.008970
2020-10-12,-0.004110
2020-10-13,-0.034310
2020-10-14,-0.068420
2020-10-15,-0.085990
2020-10-16,-0.078690
2020-10-19,-0.074080
2020-10-20,-0.047510
2020-10-21,-0.042880
2020-10-22,-0.027450
2020-10-23,-0.004640
2020-10-26,-0.008820
2020-10-27,-0.036390
2020-10-28,-0.050130
2020-10-29,-0.062210
2020-10-30,-0.057010
2020-11-02,-0.046370
2020-11-03,-0.023100
2020-11-04,-0.041200
2020-11-05,-0.022690
2020-11-06,-0.025370
2020-11-09,0.041580
2020-11-10,0.083470
2020-11-11,0.053430
2020-11-12,0.038810
2020-11-13,0.012490
2020-11-16,0.018620
2020-11-17,0.017550
2020-11-18,0.018660
2020-11-19,-0.010550
2020-11-20,-0.023560
2020-11-23,-0.033430
2020-11-24,-0.029030
2020-11-25,-0.018180
2020-11-26,-0.027960
2020-11-27,-0.004760
2020-11-30,0.016130
2020-12-01,0.065690
2020-12-02,0.068360
2020-12-03,0.046080
2020-12-04,0.056790
2020-12-07,0.008400
2020-12-08,-0.015160
2020-12-09,-0.008150
2020-12-10,-0.014830
2020-12-11,-0.054200
2020-12-14,-0.052830
2020-12-15,-0.066910
2020-12-16,0.001620
2020-12-17,-0.015850
2020-12-18,-0.001850
2020-12-21,0.001560
2020-12-22,0.008190
2020-12-23,-0.005250
2020-12-28,0.036650
2020-12-29,0.024050
2020-12-30,0.026420
2021-01-04,0.004170
2021-01-05,0.007110
2021-01-07,0.053580
2021-01-08,0.072820
2021-01-11,0.081720
2021-01-12,0.112330
2021-01-13,0.076650
2021-01-14,0.042020
2021-01-15,0.053130
2021-01-18,0.078140
2021-01-19,0.084740
2021-01-20,0.088820
2021-01-21,0.114050
2021-01-22,0.091510
2021-01-25,0.062690
2021-01-26,0.077270
2021-01-27,0.062750
2021-01-28,0.063010
2021-01-29,0.104740
2021-02-01,0.104930
2021-02-02,0.122250
2021-02-03,0.137760
2021-02-04,0.147890
2021-02-05,0.168200
2021-02-08,0.178970
2021-02-09,0.177210
2021-02-10,0.172780
2021-02-11,0.164220
2021-02-12,0.199270
2021-02-15,0.248530
2021-02-16,0.281450
2021-02-17,0.298540
2021-02-18,0.316770
2021-02-19,0.329120
2021-02-22,0.308020
2021-02-23,0.355790
2021-02-24,0.357680
2021-02-25,0.457360
2021-02-26,0.415720
2021-03-01,0.352950
2021-03-02,0.357880
2021-03-03,0.402080
2021-03-04,0.416300
2021-03-05,0.456750
2021-03-08,0.461360
2021-03-09,0.416440
2021-03-10,0.394240
2021-03-11,0.347190
2021-03-12,0.398110
2021-03-15,0.385820
2021-03-16,0.380790
2021-03-17,0.428970
2021-03-18,0.460500
2021-03-19,0.436290
2021-03-22,0.423120
2021-03-23,0.380970
2021-03-24,0.367960
2021-03-25,0.331740
2021-03-26,0.358410
2021-03-29,0.377940
2021-03-30,0.429450
2021-03-31,0.403820
2021-04-01,0.375150
2021-04-06,0.376750
2021-04-07,0.360830
2021-04-08,0.326240
2021-04-09,0.346340
2021-04-12,0.349160
2021-04-13,0.364090
2021-04-14,0.372890
2021-04-15,0.358500
2021-04-16,0.369460
2021-04-19,0.397950
2021-04-20,0.390290
2021-04-21,0.362150
2021-04-22,0.352780
2021-04-23,0.368590
2021-04-26,0.366290
2021-04-27,0.373460
2021-04-28,0.378380
2021-04-29,0.419060
2021-04-30,0.394790
2021-05-03,0.408750
2021-05-04,0.380660
2021-05-05,0.384460
2021-05-06,0.384260
2021-05-07,0.375120
2021-05-10,0.399020
2021-05-11,0.430580
2021-05-12,0.421870
2021-05-14,0.451690
2021-05-17,0.461410
2021-05-18,0.456260
2021-05-19,0.455100
2021-05-20,0.471310
2021-05-21,0.448140
2021-05-24,0.434940
2021-05-25,0.401830
2021-05-26,0.360720
2021-05-27,0.421890
2021-05-28,0.420720
2021-05-31,0.454950
2021-06-01,0.443300
2021-06-02,0.422220
2021-06-03,0.429490
2021-06-04,0.407480
2021-06-07,0.410180
2021-06-08,0.376820
2021-06-09,0.328930
2021-06-10,0.338970
2021-06-11,0.319500
2021-06-14,0.321420
2021-06-15,0.357900
2021-06-16,0.322980
2021-06-17,0.347830
2021-06-18,0.332360
2021-06-21,0.351290
2021-06-22,0.365880
2021-06-23,0.341060
2021-06-24,0.341230
2021-06-28,0.355080
2021-06-29,0.345740
2021-06-30,0.332840
2021-07-01,0.329460
2021-07-02,0.298540
2021-07-05,0.303070
2021-07-06,0.271480
2021-07-07,0.211430
2021-07-08,0.182100
2021-07-09,0.196760
2021-07-12,0.192960
2021-07-13,0.206200
2021-07-14,0.200440
2021-07-15,0.169220
2021-07-16,0.165000
2021-07-19,0.132700
2021-07-20,0.089340
2021-07-21,0.144740
2021-07-22,0.145990
2021-07-23,0.144760
2021-07-26,0.139510
2021-07-27,0.116360
2021-07-28,0.113070
2021-07-29,0.118000
2021-07-30,0.106380
2021-08-02,0.093630
2021-08-03,0.075670
2021-08-04,0.079860
2021-08-05,0.068530
2021-08-06,0.109940
2021-08-09,0.095630
2021-08-10,0.100970
2021-08-11,0.111170
2021-08-12,0.130690
2021-08-13,0.130480
2021-08-16,0.133790
2021-08-17,0.114660
2021-08-18,0.085650
2021-08-19,0.079950
2021-08-20,0.066540
2021-08-23,0.080030
2021-08-24,0.087340
2021-08-25,0.127590
2021-08-26,0.165770
2021-08-27,0.160140
2021-08-30,0.156400
2021-08-31,0.168500
2021-09-01,0.195060
2021-09-02,0.177960
2021-09-03,0.209920
2021-09-06,0.209630
2021-09-07,0.253010
2021-09-08,0.240080
2021-09-09,0.203660
2021-09-10,0.206940
2021-09-13,0.213480
2021-09-14,0.242070
2021-09-15,0.256690
2021-09-16,0.289030
2021-09-17,0.323030
2021-09-20,0.277020
2021-09-21,0.240410
2021-09-22,0.254090
2021-09-23,0.304910
2021-09-24,0.338830
2021-09-27,0.345640
2021-09-28,0.385430
2021-09-29,0.365400
2021-09-30,0.399740
2021-10-01,0.368470
2021-10-04,0.392670
2021-10-05,0.390590
2021-10-06,0.381070
2021-10-07,0.367170
2021-10-08,0.389890
2021-10-11,0.401640
2021-10-12,0.409190
2021-10-13,0.396180
2021-10-14,0.321140
2021-10-15,0.354560
2021-10-18,0.380010
2021-10-19,0.413130
2021-10-20,0.381990
2021-10-21,0.413790
2021-10-22,0.420730
2021-10-25,0.399940
2021-10-26,0.382330
2021-10-27,0.314660
2021-10-28,0.345090
2021-10-29,0.368210
2021-11-01,0.342510
2021-11-02,0.275330
2021-11-03,0.308190
2021-11-04,0.298000
2021-11-05,0.249990
2021-11-08,0.235440
2021-11-09,0.236330
2021-11-10,0.249990
2021-11-11,0.306020
2021-11-12,0.272410
2021-11-15,0.301700
2021-11-16,0.321770
2021-11-17,0.321070
2021-11-18,0.286920
2021-11-19,0.212560
2021-11-22,0.230200
2021-11-23,0.273980
2021-11-24,0.307040
2021-11-25,0.283250
2021-11-26,0.198020
2021-11-29,0.213080
2021-11-30,0.144090
2021-12-01,0.173090
2021-12-02,0.103580
2021-12-03,0.114220
2021-12-06,0.095260
2021-12-07,0.095670
2021-12-08,0.097800
2021-12-09,0.069460
2021-12-10,0.090090
2021-12-13,0.086240
2021-12-14,0.108960
2021-12-15,0.105640
2021-12-16,0.143230
2021-12-17,0.117180
2021-12-20,0.105720
2021-12-21,0.156360
2021-12-22,0.182820
2021-12-23,0.180140
2021-12-27,0.205000
2021-12-28,0.210000
2021-12-29,0.222000
2021-12-30,0.234700
2022-01-03,0.299820
2022-01-04,0.307930
2022-01-05,0.318310
2022-01-07,0.383910
2022-01-10,0.420050
2022-01-11,0.431260
2022-01-12,0.395780
2022-01-13,0.359780
2022-01-14,0.374250
2022-01-17,0.379420
2022-01-18,0.386050
2022-01-19,0.389680
2022-01-20,0.377470
2022-01-21,0.325800
2022-01-24,0.305650
2022-01-25,0.311120
2022-01-26,0.322330
2022-01-27,0.347260
2022-01-28,0.365980
2022-01-31,0.403820
2022-02-01,0.422450
2022-02-02,0.435980
2022-02-03,0.536360
2022-02-04,0.633750
2022-02-07,0.659350
2022-02-08,0.710740
2022-02-09,0.685780
2022-02-10,0.659340
2022-02-11,0.639750
2022-02-14,0.630030
2022-02-15,0.673410
2022-02-16,0.611190
2022-02-17,0.572280
2022-02-18,0.593330
2022-02-21,0.600000
2022-02-22,0.678260
2022-02-23,0.676460
2022-02-24,0.549110
2022-02-25,0.611720
2022-02-28,0.541280
2022-03-01,0.384370
2022-03-02,0.354020
2022-03-03,0.451530
2022-03-04,0.359230
2022-03-07,0.438240
2022-03-08,0.527190
2022-03-09,0.603620
2022-03-10,0.659320
2022-03-11,0.678990
2022-03-14,0.778810
2022-03-15,0.765980
2022-03-16,0.821000
2022-03-17,0.838180
2022-03-18,0.841000
2022-03-21,0.922160
2022-03-22,1.016690
2022-03-23,1.054650
2022-03-24,1.140400
2022-03-25,1.171920
2022-03-28,1.223870
2022-03-29,1.284440
2022-03-30,1.344010
2022-03-31,1.211030
2022-04-01,1.206920
2022-04-04,1.131740
2022-04-05,1.224240
2022-04-06,1.360000
2022-04-07,1.389620
2022-04-08,1.429430
2022-04-11,1.531850
2022-04-12,1.503740
2022-04-13,1.423640
2022-04-14,1.456830
2022-04-19,1.611910
2022-04-20,1.569040
2022-04-21,1.598670
2022-04-22,1.610330
2022-04-25,1.552140
2022-04-26,1.504830
2022-04-27,1.500530
2022-04-28,1.651400
2022-04-29,1.702070
2022-05-02,1.794000
2022-05-03,1.819550
2022-05-04,1.938780
2022-05-05,1.903370
2022-05-06,1.982020
2022-05-09,1.961930
2022-05-10,1.875330
2022-05-11,1.982260
2022-05-12,1.730040
2022-05-13,1.752210
2022-05-16,1.783280
2022-05-17,1.846280
2022-05-18,1.821340
2022-05-19,1.706870
2022-05-20,1.712610
2022-05-23,1.681910
2022-05-24,1.635580
2022-05-25,1.587520
2022-05-27,1.517390
2022-05-30,1.489610
2022-05-31,1.556260
2022-06-01,1.609570
2022-06-02,1.654410
2022-06-03,1.760210
2022-06-07,1.812880
2022-06-08,1.823660
2022-06-09,1.833250
2022-06-10,1.778000
2022-06-13,1.880360
2022-06-14,1.979870
2022-06-15,2.009220
2022-06-16,2.115850
2022-06-17,1.988200
2022-06-20,1.908840
2022-06-21,1.982990
2022-06-22,1.913930
2022-06-23,1.820930
2022-06-27,1.876760
2022-06-28,1.891860
2022-06-29,1.893360
2022-06-30,1.727640
2022-07-01,1.569910
2022-07-04,1.661610
2022-07-05,1.554340
2022-07-06,1.447850
2022-07-07,1.480230
2022-07-08,1.477930
2022-07-11,1.486290
2022-07-12,1.443350
2022-07-13,1.485580
2022-07-14,1.579120
2022-07-15,1.574720
2022-07-18,1.651310
2022-07-19,1.696790
2022-07-20,1.667520
2022-07-21,1.666730
2022-07-22,1.491360
2022-07-25,1.525030
2022-07-26,1.447880
2022-07-27,1.490170
2022-07-28,1.376830
2022-07-29,1.410410
2022-08-01,1.365330
2022-08-02,1.371930
2022-08-03,1.448210
2022-08-04,1.350860
2022-08-05,1.469750
2022-08-08,1.464550
2022-08-09,1.482520
2022-08-10,1.412140
2022-08-11,1.453330
2022-08-12,1.454270
2022-08-15,1.378520
2022-08-16,1.429090
2022-08-17,1.494790
2022-08-18,1.531430
2022-08-19,1.662560
2022-08-22,1.682600
2022-08-23,1.792560
2022-08-24,1.881850
2022-08-25,1.869050
2022-08-26,1.942580
2022-08-29,2.042710
2022-08-30,2.011680
2022-08-31,1.967740
2022-09-01,2.011460
2022-09-02,1.946080
2022-09-05,1.965160
2022-09-06,1.992190
2022-09-07,1.939000
2022-09-08,2.011540
2022-09-09,1.973420
2022-09-12,1.973460
2022-09-13,2.008910
2022-09-14,2.034030
2022-09-15,1.978800
2022-09-16,1.992180
2022-09-19,2.033760
2022-09-20,2.133300
2022-09-21,2.039600
2022-09-22,2.104180
2022-09-23,2.175590
2022-09-26,2.263650
2022-09-27,2.297430
2022-09-28,2.258180
2022-09-29,2.313760
2022-09-30,2.248780
2022-10-03,2.192140
2022-10-04,2.084930
2022-10-05,2.185370
2022-10-06,2.212320
2022-10-07,2.199000
2022-10-10,2.188000
2022-10-11,2.252000
2022-10-12,2.259000
2022-10-13,2.230000
2022-10-14,2.160000
2022-10-17,2.138000
2022-10-18,2.149000
2022-10-19,2.242000
2022-10-20,2.294000
2022-10-21,2.334000
2022-10-24,2.261000
2022-10-25,2.150000
2022-10-26,2.153000
2022-10-27,2.102000
2022-10-28,2.160000
2022-10-31,2.192000
2022-11-01,2.161000
2022-11-02,2.152000
2022-11-03,2.160000
2022-11-04,2.155000
2022-11-07,2.147000
2022-11-08,2.163000
2022-11-09,2.145000
2022-11-10,1.976000
2022-11-11,2.064000
2022-11-14,2.034000
2022-11-15,2.053000
2022-11-16,1.983000
2022-11-17,1.988000
2022-11-18,1.968000
2022-11-21,1.935000
2022-11-22,1.928000
2022-11-23,1.887000
2022-11-24,1.809000
2022-11-25,1.898000
2022-11-28,1.901000
2022-11-29,1.849000
2022-11-30,1.861000
2022-12-01,1.730000
2022-12-02,1.752000
2022-12-05,1.784000
2022-12-06,1.678000
2022-12-07,1.674000
2022-12-08,1.685000
2022-12-09,1.711000
2022-12-12,1.697000
2022-12-13,1.678000
2022-12-14,1.732000
2022-12-15,1.856000
2022-12-16,2.025000
2022-12-19,2.036000
2022-12-20,2.120000
2022-12-21,2.170000
2022-12-22,2.259000
2022-12-23,2.268000
2022-12-27,2.337000
2022-12-28,2.400000
2022-12-29,2.409000
2022-12-30,2.460000
2023-01-02,2.394000
2023-01-03,2.359000
2023-01-04,2.285000
2023-01-05,2.232000
2023-01-09,2.203000
2023-01-10,2.151000
2023-01-11,2.084000
2023-01-12,1.988000
2023-01-13,1.912000
2023-01-16,1.930000
2023-01-17,1.944000
2023-01-18,1.923000
2023-01-19,1.852000
2023-01-20,1.950000
2023-01-23,2.044000
2023-01-24,2.112000
2023-01-25,2.106000
2023-01-26,2.018000
2023-01-27,2.045000
2023-01-30,2.084000
2023-01-31,2.127000
2023-02-01,2.113000
2023-02-02,2.093000
2023-02-03,1.858000
2023-02-06,1.993000
2023-02-07,1.987000
2023-02-08,2.088000
2023-02-09,2.071000
2023-02-10,2.395000
2023-02-13,2.451000
2023-02-14,2.462000
2023-02-15,2.468000
2023-02-16,2.430000
2023-02-17,2.438000
2023-02-20,2.532000
2023-02-21,2.684000
2023-02-22,2.651000
2023-02-23,2.583000
2023-02-24,2.659000
2023-02-27,2.678000
2023-02-28,2.686000
2023-03-01,2.683000
2023-03-02,2.677000
2023-03-03,2.677000
2023-03-06,2.646000
2023-03-07,2.633000
2023-03-08,2.520000
2023-03-09,2.555000
2023-03-10,2.389000
2023-03-13,2.172000
2023-03-14,2.302000
2023-03-15,2.205000
2023-03-16,2.241000
2023-03-17,2.200000
2023-03-20,2.152000
2023-03-21,2.212000
2023-03-22,2.287000
2023-03-23,2.182000
2023-03-24,2.114000
2023-03-27,2.229000
2023-03-28,2.263000
2023-03-29,2.185000
2023-03-30,2.314000
2023-03-31,2.276000
2023-04-03,2.278000
2023-04-04,2.344000
2023-04-05,2.189000
2023-04-06,2.170000
2023-04-11,2.314000
2023-04-12,2.362000
2023-04-13,2.335000
2023-04-14,2.376000
2023-04-17,2.445000
2023-04-18,2.459000
2023-04-19,2.505000
2023-04-20,2.471000
2023-04-21,2.464000
2023-04-24,2.488000
2023-04-25,2.426000
2023-04-26,2.358000
2023-04-27,2.414000
2023-04-28,2.314000
2023-05-02,2.339000
2023-05-03,2.324000
2023-05-04,2.276000
2023-05-05,2.342000
2023-05-08,2.344000
2023-05-09,2.354000
2023-05-10,2.293000
2023-05-11,2.204000
2023-05-12,2.261000
2023-05-15,2.258000
2023-05-16,2.272000
2023-05-17,2.185000
2023-05-19,2.401000
2023-05-22,2.332000
2023-05-23,2.368000
2023-05-24,2.339000
2023-05-25,2.395000
2023-05-26,2.448000
2023-05-29,2.417000
2023-05-30,2.357000
2023-05-31,2.292000
2023-06-01,2.269000
2023-06-02,2.369000
2023-06-05,2.437000
2023-06-07,2.380000
2023-06-08,2.388000
2023-06-09,2.365000
2023-06-12,2.334000
2023-06-13,2.360000
2023-06-14,2.412000
2023-06-15,2.455000
2023-06-16,2.490000
2023-06-19,2.604000
2023-06-20,2.526000
2023-06-21,2.572000
2023-06-22,2.652000
2023-06-26,2.513000
2023-06-27,2.538000
2023-06-28,2.527000
2023-06-29,2.532000
2023-06-30,2.573000
2023-07-03,2.527000
2023-07-04,2.545000
2023-07-05,2.500000
2023-07-06,2.634000
2023-07-07,2.625000
2023-07-10,2.638000
2023-07-11,2.691000
2023-07-12,2.664000
2023-07-13,2.490000
2023-07-14,2.525000
2023-07-17,2.501000
2023-07-18,2.430000
2023-07-19,2.395000
2023-07-20,2.456000
2023-07-21,2.487000
2023-07-24,2.444000
2023-07-25,2.461000
2023-07-26,2.490000
2023-07-27,2.449000
2023-07-28,2.510000
2023-07-31,2.495000
2023-08-01,2.585000
2023-08-02,2.560000
2023-08-03,2.678000
2023-08-04,2.663000
2023-08-07,2.735000
2023-08-08,2.618000
2023-08-09,2.651000
2023-08-10,2.664000
2023-08-11,2.775000
2023-08-14,2.799000
2023-08-15,2.844000
2023-08-16,2.816000
2023-08-17,2.846000
2023-08-18,2.858000
2023-08-21,2.897000
2023-08-22,2.886000
2023-08-23,2.767000
2023-08-24,2.780000
2023-08-25,2.806000
2023-08-28,2.804000
2023-08-29,2.779000
2023-08-30,2.776000
2023-08-31,2.712000
2023-09-01,2.792000
2023-09-04,2.821000
2023-09-05,2.784000
2023-09-06,2.836000
2023-09-07,2.868000
2023-09-08,2.837000
2023-09-11,2.871000
2023-09-12,2.856000
2023-09-13,2.872000
2023-09-14,2.806000
2023-09-15,2.829000
2023-09-18,2.888000
2023-09-19,2.890000
2023-09-20,2.906000
2023-09-21,2.931000
2023-09-22,2.954000
2023-09-25,2.960000
2023-09-26,2.972000
2023-09-27,2.935000
2023-09-28,3.086000
2023-09-29,2.952000
2023-10-02,3.001000
2023-10-03,3.062000
2023-10-04,3.076000
2023-10-05,3.070000
2023-10-06,3.095000
2023-10-09,2.985000
2023-10-10,2.966000
2023-10-11,2.906000
2023-10-12,2.914000
2023-10-13,2.901000
2023-10-16,3.000000
2023-10-17,3.063000
2023-10-18,3.077000
2023-10-19,3.085000
2023-10-20,3.060000
2023-10-23,3.069000
2023-10-24,3.072000
2023-10-25,3.076000
2023-10-26,3.046000
2023-10-27,2.977000
2023-10-30,3.023000
2023-10-31,2.998000
2023-11-01,2.977000
2023-11-02,2.877000
2023-11-03,2.870000
2023-11-06,2.855000
2023-11-07,2.821000
2023-11-08,2.835000
2023-11-09,2.833000
2023-11-10,2.848000
2023-11-13,2.863000
2023-11-14,2.722000
2023-11-15,2.705000
2023-11-16,2.707000
2023-11-17,2.714000
2023-11-20,2.704000
2023-11-21,2.626000
2023-11-22,2.649000
2023-11-23,2.763000
2023-11-24,2.740000
2023-11-27,2.674000
2023-11-28,2.658000
2023-11-29,2.568000
2023-11-30,2.600000
2023-12-01,2.559000
2023-12-04,2.467000
2023-12-05,2.400000
2023-12-06,2.389000
2023-12-07,2.354000
2023-12-08,2.393000
2023-12-11,2.340000
2023-12-12,2.295000
2023-12-13,2.250000
2023-12-14,2.214000
2023-12-15,2.104000
2023-12-18,2.139000
2023-12-19,2.015000
2023-12-20,1.969000
2023-12-21,2.011000
2023-12-22,2.022000
2023-12-27,1.990000
2023-12-28,1.995000
2023-12-29,2.050000
2024-01-02,2.106000
2024-01-03,2.057000
2024-01-04,2.151000
2024-01-05,2.210000
2024-01-08,2.230000
2024-01-09,2.229000
2024-01-10,2.274000
2024-01-11,2.264000
2024-01-12,2.143000
2024-01-15,2.205000
2024-01-16,2.171000
2024-01-17,2.262000
2024-01-18,2.284000
2024-01-19,2.302000
2024-01-22,2.204000
2024-01-23,2.263000
2024-01-24,2.319000
2024-01-25,2.303000
2024-01-26,2.334000
2024-01-29,2.250000
2024-01-30,2.293000
2024-01-31,2.221000
2024-02-01,2.224000
2024-02-02,2.214000
2024-02-05,2.324000
2024-02-06,2.358000
2024-02-07,2.361000
2024-02-08,2.382000
2024-02-09,2.386000
2024-02-12,2.449000
2024-02-13,2.471000
2024-02-14,2.471000
2024-02-15,2.431000
2024-02-16,2.470000
2024-02-19,2.514000
2024-02-20,2.451000
2024-02-21,2.462000
2024-02-22,2.493000
2024-02-23,2.503000
2024-02-26,2.517000
2024-02-27,2.525000
2024-02-28,2.518000
2024-02-29,2.506000
2024-03-01,2.522000
2024-03-04,2.477000
2024-03-05,2.366000
2024-03-06,2.382000
2024-03-07,2.387000
2024-03-08,2.240000
2024-03-11,2.275000
2024-03-12,2.280000
2024-03-13,2.356000
2024-03-14,2.433000
2024-03-15,2.440000
2024-03-18,2.443000
2024-03-19,2.410000
2024-03-20,2.445000
2024-03-21,2.473000
2024-03-22,2.393000
2024-03-25,2.457000
2024-03-26,2.454000
2024-03-27,2.362000
2024-03-28,2.325000
2024-04-02,2.520000
2024-04-03,2.519000
2024-04-04,2.465000
2024-04-05,2.484000
2024-04-08,2.566000
2024-04-09,2.537000
2024-04-10,2.546000
2024-04-11,2.545000
2024-04-12,2.410000
2024-04-15,2.535000
2024-04-16,2.567000
2024-04-17,2.544000
2024-04-18,2.503000
2024-04-19,2.476000
2024-04-22,2.455000
2024-04-23,2.434000
2024-04-24,2.570000
2024-04-25,2.619000
2024-04-26,2.506000
2024-04-29,2.496000
2024-04-30,2.477000
2024-05-02,2.512000
2024-05-03,2.402000
2024-05-06,2.344000
2024-05-07,2.326000
2024-05-08,2.399000
2024-05-10,2.339000
2024-05-13,2.320000
2024-05-14,2.341000
2024-05-15,2.291000
2024-05-16,2.288000
2024-05-17,2.319000
2024-05-20,2.329000
2024-05-21,2.333000
2024-05-22,2.364000
2024-05-23,2.445000
2024-05-24,2.467000
2024-05-27,2.371000
2024-05-28,2.364000
2024-05-29,2.437000
2024-05-30,2.477000
2024-05-31,2.436000
2024-06-03,2.362000
2024-06-04,2.291000
2024-06-05,2.282000
2024-06-07,2.392000
2024-06-10,2.425000
2024-06-11,2.359000
2024-06-12,2.228000
2024-06-13,2.241000
2024-06-14,2.162000
2024-06-17,2.187000
2024-06-18,2.183000
2024-06-19,2.246000
2024-06-20,2.216000
2024-06-24,2.232000
2024-06-25,2.216000
2024-06-26,2.218000
2024-06-27,2.195000
2024-06-28,2.202000
2024-07-01,2.291000
2024-07-02,2.311000
2024-07-03,2.305000
2024-07-04,2.264000
2024-07-05,2.264000
2024-07-08,2.227000
2024-07-09,2.235000
2024-07-10,2.232000
2024-07-11,2.152000
2024-07-12,2.124000
2024-07-15,2.065000
2024-07-16,2.036000
2024-07-17,2.036000
2024-07-18,2.024000
2024-07-19,2.076000
2024-07-22,2.059000
2024-07-23,2.036000
2024-07-24,2.054000
2024-07-25,2.053000
2024-07-26,2.073000
2024-07-29,2.012000
2024-07-30,2.029000
2024-07-31,1.990000
2024-08-01,1.922000
2024-08-02,1.859000
2024-08-05,1.833000
2024-08-06,1.885000
2024-08-07,1.960000
2024-08-08,2.000000
2024-08-09,1.928000
2024-08-12,1.910000
2024-08-13,1.860000
2024-08-14,1.901000
2024-08-15,1.963000
2024-08-16,1.931000
2024-08-19,1.906000
2024-08-20,1.913000
2024-08-21,1.901000
2024-08-22,1.926000
2024-08-23,1.910000
2024-08-26,1.948000
2024-08-27,1.987000
2024-08-28,1.998000
2024-08-29,2.023000
2024-08-30,2.042000
2024-09-02,2.059000
2024-09-03,2.006000
2024-09-04,1.971000
2024-09-05,1.972000
2024-09-06,1.990000
2024-09-09,1.940000
2024-09-10,1.898000
2024-09-11,1.819000
2024-09-12,1.819000
2024-09-13,1.862000
2024-09-16,1.857000
2024-09-17,1.864000
2024-09-18,1.906000
2024-09-19,1.915000
2024-09-20,1.946000
2024-09-23,1.926000
2024-09-24,1.916000
2024-09-25,1.991000
2024-09-26,1.957000
2024-09-27,1.926000
2024-09-30,1.933000
2024-10-01,1.864000
2024-10-02,1.908000
2024-10-03,1.971000
2024-10-04,2.037000
2024-10-07,2.096000
2024-10-08,2.129000
2024-10-09,2.132000
2024-10-10,2.078000
2024-10-11,2.074000
2024-10-14,2.073000
2024-10-15,2.024000
2024-10-16,2.000000
2024-10-17,1.976000
2024-10-18,2.010000
2024-10-21,2.081000
2024-10-22,2.095000
2024-10-23,2.115000
2024-10-24,2.049000
2024-10-25,2.050000
2024-10-28,2.036000
2024-10-29,2.055000
2024-10-30,2.040000
2024-10-31,2.097000
2024-11-01,2.038000
2024-11-04,2.087000
2024-11-05,2.154000
2024-11-06,2.159000
2024-11-07,2.206000
2024-11-08,2.140000
2024-11-11,2.082000
2024-11-12,2.110000
2024-11-13,2.112000
2024-11-14,2.076000
2024-11-15,2.076000
2024-11-18,2.094000
2024-11-19,2.059000
2024-11-20,2.080000
2024-11-21,2.084000
2024-11-22,2.046000
2024-11-25,1.971000
2024-11-26,1.975000
2024-11-27,1.939000
2024-11-28,1.985000
2024-11-29,1.943000
2024-12-02,1.916000
2024-12-03,1.914000
2024-12-04,1.975000
2024-12-05,2.022000
2024-12-06,2.006000
2024-12-09,2.001000
2024-12-10,2.016000
2024-12-11,2.015000
2024-12-12,2.076000
2024-12-13,2.117000
2024-12-16,2.099000
2024-12-17,2.138000
2024-12-18,2.137000
2024-12-19,2.240000
2024-12-20,2.216000
2024-12-23,2.245000
2024-12-27,2.356000
2024-12-30,2.338000
2025-01-02,2.234000
2025-01-03,2.299000
2025-01-07,2.354000
2025-01-08,2.407000
2025-01-09,2.339000
2025-01-10,2.376000
2025-01-13,2.423000
2025-01-14,2.459000
2025-01-15,2.355000
2025-01-16,2.353000
2025-01-17,2.292000
2025-01-20,2.293000
2025-01-21,2.270000
2025-01-22,2.271000
2025-01-23,2.303000
2025-01-24,2.352000
2025-01-27,2.325000
2025-01-28,2.319000
2025-01-29,2.301000
2025-01-30,2.224000
2025-01-31,2.200000
2025-02-03,2.129000
2025-02-04,2.193000
2025-02-05,2.159000
2025-02-06,2.193000
2025-02-07,2.215000
2025-02-10,2.227000
2025-02-11,2.242000
2025-02-12,2.325000
2025-02-13,2.273000
2025-02-14,2.287000
2025-02-17,2.300000
2025-02-18,2.320000
2025-02-19,2.343000
2025-02-20,2.352000
2025-02-21,2.296000
2025-02-24,2.283000
2025-02-25,2.279000
2025-02-26,2.251000
2025-02-27,2.211000
2025-02-28,2.225000
2025-03-03,2.298000
2025-03-04,2.280000
2025-03-05,2.481000
2025-03-06,2.602000
2025-03-07,2.538000
2025-03-10,2.576000
2025-03-11,2.631000
2025-03-12,2.607000
2025-03-13,2.615000
2025-03-14,2.649000
2025-03-17,2.577000
2025-03-18,2.603000
2025-03-19,2.655000
2025-03-20,2.613000
2025-03-21,2.639000
2025-03-24,2.736000
2025-03-25,2.740000
2025-03-26,2.734000
2025-03-27,2.731000
2025-03-28,2.691000
2025-03-31,2.656000
2025-04-01,2.631000
2025-04-02,2.635000
2025-04-03,2.597000
2025-04-04,2.463000
2025-04-07,2.452000
2025-04-08,2.516000
2025-04-09,2.437000
2025-04-10,2.418000
2025-04-11,2.339000
2025-04-14,2.327000
2025-04-15,2.339000
2025-04-16,2.338000
2025-04-17,2.396000
2025-04-22,2.352000
2025-04-23,2.389000
2025-04-24,2.349000
2025-04-25,2.358000
2025-04-28,2.376000
2025-04-29,2.357000
2025-04-30,2.330000
2025-05-02,2.382000
2025-05-05,2.387000
2025-05-06,2.411000
2025-05-07,2.339000
2025-05-08,2.332000
2025-05-09,2.340000
2025-05-12,2.432000
2025-05-13,2.451000
2025-05-14,2.461000
2025-05-15,2.429000
2025-05-16,2.379000
2025-05-19,2.391000
2025-05-20,2.399000
2025-05-21,2.438000
2025-05-22,2.493000
2025-05-23,2.399000
2025-05-26,2.405000
2025-05-27,2.363000
2025-05-28,2.379000
2025-05-30,2.347000
2025-06-02,2.340000
2025-06-03,2.311000
2025-06-04,2.344000
2025-06-05,2.246000
2025-06-09,2.376000
2025-06-10,2.328000
2025-06-11,2.356000
2025-06-12,2.349000
2025-06-13,2.332000
2025-06-16,2.348000
2025-06-17,2.364000
2025-06-18,2.312000
2025-06-19,2.250000
2025-06-23,2.297000
2025-06-24,2.306000
2025-06-25,2.326000
2025-06-26,2.283000
2025-06-27,2.270000
2025-06-30,2.239000
2025-07-01,2.250000
2025-07-02,2.257000
2025-07-03,2.266000
2025-07-04,2.259000
2025-07-07,2.314000
2025-07-08,2.370000
2025-07-09,2.335000
2025-07-10,2.354000
2025-07-11,2.354000
2025-07-14,2.331000
2025-07-15,2.329000
2025-07-16,2.336000
2025-07-17,2.351000
2025-07-18,2.407000
2025-07-21,2.372000
2025-07-22,2.366000
2025-07-23,2.349000
2025-07-24,2.411000
2025-07-25,2.423000
2025-07-28,2.419000
2025-07-29,2.456000
2025-07-30,2.471000
2025-07-31,2.443000
2025-08-01,2.399000
2025-08-04,2.403000
2025-08-05,2.375000
2025-08-06,2.383000
2025-08-07,2.377000
2025-08-08,2.415000
2025-08-11,2.404000
2025-08-12,2.443000
2025-08-13,2.395000
2025-08-14,2.399000
2025-08-15,2.447000
2025-08-18,2.425000
2025-08-19,2.407000
2025-08-20,2.428000
2025-08-21,2.458000
2025-08-22,2.435000
2025-08-25,2.464000
2025-08-26,2.491000
2025-08-27,2.482000
2025-08-28,2.527000
2025-08-29,2.507000
2025-09-01,2.522000
2025-09-02,2.552000
2025-09-03,2.563000
2025-09-04,2.522000
2025-09-05,2.482000
2025-09-08,2.450000
2025-09-09,2.474000
2025-09-10,2.468000
2025-09-11,2.493000
2025-09-12,2.522000
2025-09-15,2.528000
2025-09-16,2.546000
2025-09-17,2.507000
2025-09-18,2.566000
2025-09-19,2.628000
2025-09-22,2.650000
2025-09-23,2.654000
2025-09-24,2.642000
2025-09-25,2.693000
2025-09-26,2.684000
2025-09-29,2.632000
2025-09-30,2.630000
2025-10-01,2.640000
2025-10-02,2.681000
2025-10-03,2.675000
2025-10-06,2.684000
2025-10-07,2.711000
2025-10-08,2.655000
2025-10-09,2.658000
2025-10-10,2.638000
2025-10-13,2.589000
2025-10-14,2.523000
2025-10-15,2.507000
2025-10-16,2.523000
2025-10-17,2.526000
2025-10-20,2.553000
2025-10-21,2.517000
2025-10-22,2.476000
2025-10-23,2.496000
2025-10-24,2.547000
2025-10-27,2.532000
2025-10-28,2.527000
2025-10-29,2.512000
2025-10-30,2.547000
2025-10-31,2.550000
2025-11-03,2.582000
2025-11-04,2.579000
2025-11-05,2.586000
2025-11-06,2.603000
2025-11-07,2.617000
2025-11-10,2.623000
2025-11-11,2.639000
2025-11-12,2.644000
2025-11-13,2.696000
2025-11-14,2.713000
2025-11-17,2.694000
2025-11-18,2.672000
2025-11-19,2.651000
2025-11-20,2.702000
2025-11-21,2.668000
2025-11-24,2.682000
2025-11-25,2.658000
2025-11-26,2.669000
2025-11-27,2.737000
2025-11-28,2.743000
2025-12-01,2.821000
2025-12-02,2.812000
2025-12-03,2.809000
2025-12-04,2.831000
2025-12-05,2.843000
2025-12-08,2.854000
2025-12-09,2.860000
2025-12-10,2.874000
2025-12-11,2.848000
2025-12-12,2.856000
2025-12-15,2.817000
2025-12-16,2.805000
2025-12-17,2.800000
2025-12-18,2.799000
2025-12-19,2.825000
2025-12-22,2.846000
2025-12-23,2.786000
2025-12-29,2.751000
2025-12-30,2.775000
2026-01-02,2.830000
2026-01-05,2.862000
2026-01-07,2.803000
2026-01-08,2.817000
2026-01-09,2.818000
2026-01-12,2.798000
2026-01-13,2.806000
2026-01-14,2.792000
2026-01-15,2.776000
2026-01-16,2.765000
2026-01-19,2.766000
2026-01-20,2.791000
2026-01-21,2.792000
2026-01-22,2.793000
2026-01-23,2.839000
2026-01-26,2.830000
2026-01-27,2.829000
2026-01-28,2.792000
2026-01-29,2.754000
2026-01-30,2.755000
2026-02-02,2.748000
2026-02-03,2.756000
2026-02-04,2.721000
2026-02-05,2.679000
2026-02-06,2.688000
2026-02-09,2.671000
2026-02-10,2.640000
2026-02-11,2.667000
2026-02-12,2.630000
2026-02-13,2.594000
2026-02-16,2.588000
2026-02-17,2.579000
2026-02-18,2.568000
2026-02-19,2.612000
2026-02-20,2.641000
2026-02-23,2.622000
2026-02-24,2.618000
2026-02-25,2.607000
2026-02-26,2.603000
2026-02-27,2.544000
2026-03-02,2.561000
2026-03-03,2.649000
2026-03-04,2.638000
2026-03-05,2.686000
2026-03-06,2.709000
2026-03-09,2.718000
2026-03-10,2.712000
2026-03-11,2.768000
2026-03-12,2.769000
2026-03-13,2.759000
2026-03-16,2.740000
2026-03-17,2.698000
2026-03-18,2.735000
2026-03-19,2.780000
2026-03-20,2.870000
2026-03-23,2.750000
2026-03-24,2.851000
2026-03-25,2.860000
2026-03-26,2.918000
2026-03-27,2.959000
2026-03-30,2.868000
2026-03-31,2.813000
2026-04-01,2.826000
2026-04-02,2.903000
2026-04-07,2.902000
2026-04-08,2.747000
2026-04-09,2.792000
2026-04-10,2.780000
2026-04-13,2.812000
2026-04-14,2.783000
2026-04-15,2.761000
2026-04-16,2.760000
2026-04-17,2.730000
2026-04-20,2.738000
2026-04-21,2.746000
2026-04-22,2.766000
2026-04-23,2.743000
2026-04-24,2.737000
2026-04-27,2.777000
2026-04-28,2.801000
2026-04-29,2.814000
2026-04-30,2.781000
2026-05-04,2.779000
2026-05-05,2.790000
2026-05-06,2.715000
2026-05-07,2.670000
2026-05-08,2.670000
2026-05-11,2.725000
2026-05-12,2.790000
2026-05-13,2.781000
2026-05-15,2.840000
2026-05-18,2.828000
2026-05-19,2.854000
2026-05-20,2.835000
2026-05-21,2.776000
2026-05-22,2.730000
2026-05-25,2.658000
2026-05-26,2.659000
2026-05-27,2.650000
2026-05-28,2.671000
2026-05-29,2.726000
2026-06-01,2.779000
2026-06-02,2.734000
2026-06-03,2.871000
2026-06-04,2.864000
2026-06-05,2.882000
2026-06-08,2.891000
2026-06-09,2.875000
2026-06-10,2.879000
2026-06-11,2.851000
2026-06-12,2.855000
2026-06-15,2.799000
2026-06-16,2.807000
2026-06-17,2.769000
2026-06-18,2.769000
2026-06-22,2.759000
2026-06-23,2.705000
2026-06-24,2.675000
2026-06-25,2.645000
2026-06-26,2.658000
2026-06-29,2.656000
2026-06-30,2.671000
2026-07-01,2.701000
2026-07-02,2.740000
2026-07-03,2.759000
2026-07-06,2.759000
2026-07-07,2.798000
2026-07-08,2.889000
2026-07-09,2.873000
2026-07-10,2.860000
2026-07-13,2.898000
2026-07-14,2.923000
2026-07-15,2.942000
2026-07-16,2.953000
2026-07-17,2.922000
2026-07-20,2.935000
2026-07-21,2.980000
2026-07-22,3.012000
2026-07-23,3.025000
2026-07-24,3.012000
2026-07-27,2.965000
2026-07-28,2.938000
2026-07-29,2.966000
2026-07-30,3.003000
2026-07-31,3.033000
2026-08-03,3.001000
2026-08-04,2.967000
2026-08-05,2.960000
2026-08-06,3.002000
2026-08-07,3.008000
2026-08-10,3.032000
2026-08-11,3.011000
2026-08-12,3.000000
2026-08-13,2.967000
2026-08-14,3.017000
2026-08-17,3.037000
2026-08-18,3.080000
2026-08-19,3.073000
2026-08-20,3.029000
2026-08-21,3.028000
2026-08-24,3.039000
2026-08-25,3.017000
2026-08-26,3.007000
2026-08-27,3.026000
2026-08-28,3.068000
2026-08-31,3.117000
2026-09-01,3.134000
2026-09-02,3.167000
2026-09-03,3.134000
2026-09-04,3.100000
2026-09-07,3.101000
2026-09-08,3.089000
2026-09-09,3.150000
2026-09-10,3.227000
2026-09-11,3.227000
