date,taux
1990-01-02,9.959700
1990-01-03,10.011800
1990-01-04,9.978300
1990-01-05,10.013600
1990-01-08,10.103300
1990-01-09,10.179800
1990-01-10,10.236500
1990-01-11,10.256800
1990-01-12,10.205400
1990-01-15,10.343000
1990-01-16,10.379000
1990-01-17,10.507100
1990-01-18,10.634000
1990-01-19,10.513800
1990-01-22,10.578500
1990-01-23,10.581200
1990-01-24,10.606300
1990-01-25,10.511700
1990-01-26,10.562500
1990-01-29,10.494700
1990-01-30,10.540100
1990-01-31,10.565300
1990-02-01,10.553200
1990-02-02,10.584900
1990-02-05,10.705100
1990-02-06,10.656700
1990-02-07,10.755800
1990-02-08,10.665100
1990-02-09,10.662000
1990-02-12,10.723400
1990-02-13,10.600200
1990-02-14,10.615500
1990-02-15,10.731600
1990-02-16,10.793600
1990-02-19,10.894800
1990-02-20,10.953800
1990-02-21,10.876000
1990-02-22,10.916200
1990-02-23,10.851300
1990-02-26,10.878100
1990-02-27,10.842800
1990-02-28,11.035300
1990-03-01,11.189400
1990-03-02,11.276800
1990-03-05,11.398600
1990-03-06,11.516100
1990-03-07,11.438400
1990-03-08,11.443600
1990-03-09,11.681300
1990-03-12,11.601800
1990-03-13,11.606500
1990-03-14,11.529500
1990-03-15,11.586300
1990-03-16,11.425900
1990-03-19,11.569600
1990-03-20,11.637200
1990-03-21,11.868200
1990-03-22,11.833600
1990-03-23,11.825400
1990-03-26,11.657000
1990-03-27,11.763700
1990-03-28,11.780000
1990-03-29,11.693000
1990-03-30,11.688900
1990-04-02,11.645000
1990-04-03,11.585600
1990-04-04,11.512100
1990-04-05,11.458000
1990-04-06,11.542800
1990-04-09,11.611700
1990-04-10,11.694600
1990-04-11,11.736900
1990-04-12,11.827000
1990-04-17,11.930300
1990-04-18,11.967800
1990-04-19,12.030200
1990-04-20,11.994700
1990-04-23,12.039100
1990-04-24,12.024700
1990-04-25,12.247100
1990-04-26,12.289100
1990-04-27,12.381300
1990-04-30,12.368100
1990-05-01,12.296800
1990-05-02,12.279900
1990-05-03,12.133700
1990-05-04,11.811700
1990-05-08,11.872300
1990-05-09,11.942600
1990-05-10,11.860400
1990-05-11,11.726700
1990-05-14,11.652500
1990-05-15,11.720400
1990-05-16,11.718900
1990-05-17,11.393300
1990-05-18,11.371300
1990-05-21,11.272600
1990-05-22,11.297700
1990-05-23,11.403500
1990-05-24,11.449800
1990-05-25,11.504800
1990-05-29,11.499400
1990-05-30,11.436000
1990-05-31,11.472200
1990-06-01,11.334600
1990-06-04,11.284600
1990-06-05,11.330000
1990-06-06,11.424100
1990-06-07,11.379400
1990-06-08,11.366900
1990-06-11,11.400200
1990-06-12,11.278300
1990-06-13,11.148900
1990-06-14,10.949600
1990-06-15,11.054300
1990-06-18,11.197800
1990-06-19,11.175400
1990-06-20,10.974100
1990-06-21,11.021000
1990-06-22,10.964800
1990-06-25,10.967700
1990-06-26,10.916900
1990-06-27,11.031400
1990-06-28,11.025100
1990-06-29,11.011100
1990-07-02,11.084900
1990-07-03,11.190300
1990-07-04,11.186200
1990-07-05,11.340500
1990-07-06,11.347600
1990-07-09,11.403900
1990-07-10,11.288400
1990-07-11,11.298000
1990-07-12,11.298000
1990-07-13,11.199400
1990-07-16,11.062200
1990-07-17,11.157900
1990-07-18,11.130700
1990-07-19,11.208000
1990-07-20,11.135500
1990-07-23,11.089700
1990-07-24,11.174400
1990-07-25,11.272000
1990-07-26,11.242300
1990-07-27,11.120600
1990-07-30,11.090500
1990-07-31,11.159800
1990-08-01,11.055000
1990-08-02,11.141200
1990-08-03,11.308100
1990-08-06,11.596800
1990-08-07,11.583200
1990-08-08,11.609700
1990-08-09,11.538500
1990-08-10,11.521000
1990-08-13,11.620400
1990-08-14,11.620300
1990-08-15,11.582100
1990-08-16,11.681400
1990-08-17,11.786600
1990-08-20,11.826800
1990-08-21,11.896500
1990-08-22,11.833600
1990-08-23,11.775200
1990-08-24,11.769300
1990-08-28,11.676700
1990-08-29,11.651900
1990-08-30,11.610700
1990-08-31,11.507900
1990-09-03,11.579100
1990-09-04,11.489400
1990-09-05,11.557800
1990-09-06,11.537300
1990-09-07,11.643800
1990-09-10,11.598500
1990-09-11,11.498500
1990-09-12,11.530300
1990-09-13,11.499900
1990-09-14,11.574800
1990-09-17,11.580000
1990-09-18,11.563800
1990-09-19,11.576200
1990-09-20,11.471800
1990-09-21,11.515500
1990-09-24,11.542200
1990-09-25,11.552300
1990-09-26,11.645200
1990-09-27,11.640500
1990-09-28,11.575900
1990-10-01,11.529100
1990-10-02,11.523600
1990-10-03,11.507700
1990-10-04,11.471900
1990-10-05,11.136300
1990-10-08,11.094200
1990-10-09,11.186500
1990-10-10,11.186300
1990-10-11,11.235000
1990-10-12,11.234600
1990-10-15,11.315200
1990-10-16,11.316300
1990-10-17,11.317400
1990-10-18,11.288800
1990-10-19,11.364600
1990-10-22,11.256100
1990-10-23,11.227900
1990-10-24,11.216100
1990-10-25,11.248500
1990-10-26,11.250300
1990-10-29,11.248400
1990-10-30,11.203000
1990-10-31,11.105200
1990-11-01,11.190200
1990-11-02,11.215700
1990-11-05,11.160600
1990-11-06,11.151500
1990-11-07,11.162700
1990-11-08,11.183600
1990-11-09,11.221800
1990-11-12,11.190100
1990-11-13,11.171200
1990-11-14,11.254900
1990-11-15,11.188200
1990-11-16,11.138900
1990-11-19,11.091600
1990-11-20,10.973900
1990-11-21,10.903100
1990-11-22,10.838100
1990-11-23,10.780400
1990-11-26,10.643500
1990-11-27,10.692600
1990-11-28,10.751300
1990-11-29,10.619100
1990-11-30,10.554400
1990-12-03,10.527000
1990-12-04,10.501900
1990-12-05,10.498900
1990-12-06,10.389500
1990-12-07,10.360600
1990-12-10,10.372400
1990-12-11,10.297100
1990-12-12,10.259400
1990-12-13,10.243100
1990-12-14,10.320800
1990-12-17,10.372200
1990-12-18,10.405600
1990-12-19,10.366200
1990-12-20,10.491200
1990-12-21,10.491700
1990-12-24,10.537200
1990-12-27,10.546000
1990-12-28,10.572900
1990-12-31,10.604900
1991-01-02,10.531000
1991-01-03,10.315800
1991-01-04,10.354400
1991-01-07,10.326300
1991-01-08,10.380500
1991-01-09,10.235200
1991-01-10,10.261300
1991-01-11,10.246600
1991-01-14,10.383000
1991-01-15,10.383200
1991-01-16,10.461400
1991-01-17,10.139300
1991-01-18,10.059400
1991-01-21,10.033000
1991-01-22,10.062100
1991-01-23,10.066000
1991-01-24,9.979800
1991-01-25,10.011500
1991-01-28,10.025200
1991-01-29,10.023900
1991-01-30,9.960100
1991-01-31,9.876300
1991-02-01,9.842700
1991-02-04,9.890400
1991-02-05,9.892300
1991-02-06,9.875200
1991-02-07,9.841200
1991-02-08,9.885700
1991-02-11,9.871500
1991-02-12,9.832700
1991-02-13,9.771500
1991-02-14,9.731300
1991-02-15,9.774300
1991-02-18,9.758000
1991-02-19,9.779800
1991-02-20,9.807100
1991-02-21,9.833600
1991-02-22,9.814100
1991-02-25,9.839800
1991-02-26,9.879800
1991-02-27,9.902900
1991-02-28,9.963000
1991-03-01,10.039200
1991-03-04,10.098800
1991-03-05,10.019700
1991-03-06,10.007700
1991-03-07,9.936900
1991-03-08,9.956600
1991-03-11,9.978800
1991-03-12,10.040000
1991-03-13,10.164000
1991-03-14,10.128100
1991-03-15,10.163500
1991-03-18,10.159000
1991-03-19,10.191100
1991-03-20,10.050700
1991-03-21,10.004300
1991-03-22,10.036900
1991-03-25,10.087500
1991-03-26,10.045700
1991-03-27,10.002300
1991-03-28,9.917500
1991-04-02,9.924100
1991-04-03,9.862200
1991-04-04,9.784200
1991-04-05,9.879600
1991-04-08,9.837100
1991-04-09,9.863900
1991-04-10,9.878200
1991-04-11,9.851500
1991-04-12,9.921000
1991-04-15,9.954900
1991-04-16,9.967000
1991-04-17,9.957100
1991-04-18,10.036200
1991-04-19,10.028700
1991-04-22,10.029800
1991-04-23,10.001300
1991-04-24,9.997300
1991-04-25,9.959100
1991-04-26,10.053500
1991-04-29,10.055400
1991-04-30,10.037000
1991-05-01,9.976100
1991-05-02,9.989400
1991-05-03,10.059100
1991-05-07,9.995300
1991-05-08,10.029600
1991-05-09,10.017400
1991-05-10,10.025500
1991-05-13,10.096100
1991-05-14,10.202800
1991-05-15,10.192100
1991-05-16,10.196100
1991-05-17,10.243300
1991-05-20,10.209900
1991-05-21,10.167900
1991-05-22,10.152000
1991-05-23,10.157900
1991-05-24,10.220400
1991-05-28,10.186400
1991-05-29,10.188800
1991-05-30,10.227400
1991-05-31,10.237100
1991-06-03,10.278600
1991-06-04,10.347700
1991-06-05,10.339400
1991-06-06,10.334300
1991-06-07,10.310700
1991-06-10,10.245800
1991-06-11,10.243200
1991-06-12,10.290000
1991-06-13,10.238300
1991-06-14,10.291100
1991-06-17,10.330000
1991-06-18,10.299500
1991-06-19,10.313300
1991-06-20,10.322100
1991-06-21,10.319800
1991-06-24,10.333500
1991-06-25,10.375700
1991-06-26,10.380900
1991-06-27,10.374700
1991-06-28,10.270500
1991-07-01,10.268600
1991-07-02,10.233100
1991-07-03,10.086600
1991-07-04,10.066900
1991-07-05,10.028300
1991-07-08,10.060300
1991-07-09,9.972000
1991-07-10,10.004900
1991-07-11,9.955800
1991-07-12,9.982600
1991-07-15,9.958900
1991-07-16,9.968100
1991-07-17,9.955300
1991-07-18,9.925700
1991-07-19,9.983800
1991-07-22,9.957800
1991-07-23,9.984200
1991-07-24,9.990400
1991-07-25,9.970500
1991-07-26,9.943200
1991-07-29,9.921500
1991-07-30,9.921700
1991-07-31,9.913200
1991-08-01,9.898500
1991-08-02,9.779300
1991-08-05,9.759600
1991-08-06,9.781300
1991-08-07,9.760100
1991-08-08,9.750500
1991-08-09,9.777100
1991-08-12,9.830500
1991-08-13,9.790200
1991-08-14,9.781800
1991-08-15,9.746900
1991-08-16,9.777700
1991-08-19,9.812000
1991-08-20,9.787000
1991-08-21,9.754500
1991-08-22,9.715400
1991-08-23,9.722000
1991-08-27,9.749400
1991-08-28,9.731900
1991-08-29,9.689900
1991-08-30,9.700000
1991-09-02,9.626800
1991-09-03,9.584100
1991-09-04,9.609700
1991-09-05,9.593300
1991-09-06,9.531400
1991-09-09,9.483400
1991-09-10,9.505800
1991-09-11,9.481800
1991-09-12,9.414800
1991-09-13,9.367300
1991-09-16,9.365200
1991-09-17,9.368200
1991-09-18,9.282400
1991-09-19,9.290500
1991-09-20,9.286000
1991-09-23,9.333800
1991-09-24,9.345100
1991-09-25,9.377300
1991-09-26,9.420600
1991-09-27,9.412100
1991-09-30,9.378800
1991-10-01,9.318300
1991-10-02,9.339400
1991-10-03,9.337800
1991-10-04,9.392800
1991-10-07,9.348200
1991-10-08,9.447300
1991-10-09,9.506700
1991-10-10,9.560900
1991-10-11,9.493700
1991-10-14,9.514900
1991-10-15,9.539100
1991-10-16,9.557000
1991-10-17,9.587100
1991-10-18,9.587500
1991-10-21,9.654300
1991-10-22,9.629000
1991-10-23,9.600600
1991-10-24,9.616500
1991-10-25,9.559000
1991-10-28,9.537800
1991-10-29,9.460000
1991-10-30,9.435200
1991-10-31,9.464600
1991-11-01,9.552300
1991-11-04,9.556600
1991-11-05,9.567300
1991-11-06,9.458300
1991-11-07,9.511300
1991-11-08,9.412400
1991-11-11,9.430900
1991-11-12,9.425000
1991-11-13,9.415600
1991-11-14,9.387600
1991-11-15,9.433400
1991-11-18,9.459200
1991-11-19,9.456400
1991-11-20,9.484200
1991-11-21,9.554300
1991-11-22,9.684900
1991-11-25,9.723000
1991-11-26,9.711400
1991-11-27,9.683600
1991-11-28,9.663400
1991-11-29,9.609400
1991-12-02,9.661500
1991-12-03,9.611300
1991-12-04,9.554500
1991-12-05,9.464200
1991-12-06,9.450800
1991-12-09,9.428500
1991-12-10,9.415500
1991-12-11,9.353300
1991-12-12,9.314800
1991-12-13,9.288200
1991-12-16,9.288300
1991-12-17,9.289100
1991-12-18,9.301800
1991-12-19,9.313400
1991-12-20,9.329100
1991-12-23,9.420700
1991-12-24,9.392800
1991-12-27,9.380500
1991-12-30,9.456800
1991-12-31,9.443600
1992-01-02,9.251900
1992-01-03,9.283600
1992-01-06,9.245400
1992-01-07,9.180300
1992-01-08,9.189100
1992-01-09,9.149200
1992-01-10,9.270900
1992-01-13,9.333000
1992-01-14,9.280800
1992-01-15,9.213900
1992-01-16,9.193500
1992-01-17,9.145900
1992-01-20,9.150900
1992-01-21,9.189300
1992-01-22,9.211100
1992-01-23,9.175400
1992-01-24,9.225600
1992-01-27,9.224100
1992-01-28,9.179500
1992-01-29,9.171300
1992-01-30,9.172300
1992-01-31,9.162300
1992-02-03,9.158400
1992-02-04,9.113600
1992-02-05,9.080800
1992-02-06,9.092400
1992-02-07,9.128600
1992-02-10,9.105500
1992-02-11,9.101000
1992-02-12,9.067700
1992-02-13,9.069000
1992-02-14,9.135800
1992-02-17,9.093200
1992-02-18,9.063300
1992-02-19,9.079000
1992-02-20,9.060900
1992-02-21,9.101300
1992-02-24,9.095300
1992-02-25,9.039400
1992-02-26,8.997400
1992-02-27,8.993400
1992-02-28,9.044400
1992-03-02,9.056900
1992-03-03,9.091700
1992-03-04,9.220100
1992-03-05,9.277300
1992-03-06,9.266200
1992-03-09,9.227900
1992-03-10,9.275500
1992-03-11,9.392300
1992-03-12,9.413300
1992-03-13,9.486500
1992-03-16,9.469200
1992-03-17,9.404900
1992-03-18,9.463300
1992-03-19,9.507700
1992-03-20,9.542200
1992-03-23,9.506300
1992-03-24,9.466700
1992-03-25,9.442400
1992-03-26,9.513500
1992-03-27,9.597700
1992-03-30,9.540600
1992-03-31,9.553500
1992-04-01,9.653100
1992-04-02,9.615800
1992-04-03,9.616200
1992-04-06,9.625500
1992-04-07,9.567400
1992-04-08,9.513600
1992-04-09,9.444300
1992-04-10,8.948900
1992-04-13,8.893000
1992-04-14,8.869600
1992-04-15,8.846800
1992-04-16,8.907200
1992-04-21,8.931900
1992-04-22,8.911500
1992-04-23,8.968900
1992-04-24,8.965000
1992-04-27,8.912700
1992-04-28,8.924400
1992-04-29,8.921700
1992-04-30,8.937700
1992-05-01,8.886600
1992-05-05,8.951300
1992-05-06,8.912000
1992-05-07,8.900100
1992-05-08,8.891900
1992-05-11,8.901800
1992-05-12,8.918600
1992-05-13,8.850000
1992-05-14,8.862200
1992-05-15,8.821000
1992-05-18,8.785200
1992-05-19,8.799400
1992-05-20,8.726800
1992-05-21,8.736100
1992-05-22,8.699800
1992-05-26,8.737000
1992-05-27,8.726400
1992-05-28,8.694500
1992-05-29,8.686400
1992-06-01,8.706100
1992-06-02,8.712200
1992-06-03,8.852500
1992-06-04,8.856100
1992-06-05,8.877100
1992-06-08,8.931800
1992-06-09,8.929800
1992-06-10,8.910800
1992-06-11,8.890200
1992-06-12,8.896100
1992-06-15,8.939700
1992-06-16,8.922800
1992-06-17,8.924200
1992-06-18,8.931000
1992-06-19,8.934600
1992-06-22,8.961600
1992-06-23,9.018500
1992-06-24,8.996200
1992-06-25,8.958300
1992-06-26,8.898800
1992-06-29,8.933000
1992-06-30,8.894600
1992-07-01,8.839700
1992-07-02,8.774600
1992-07-03,8.712200
1992-07-06,8.753100
1992-07-07,8.745900
1992-07-08,8.755100
1992-07-09,8.724700
1992-07-10,8.722700
1992-07-13,8.778700
1992-07-14,8.732200
1992-07-15,8.761000
1992-07-16,8.745200
1992-07-17,8.813300
1992-07-20,8.831800
1992-07-21,8.795900
1992-07-22,8.794800
1992-07-23,8.798600
1992-07-24,8.793800
1992-07-27,8.789700
1992-07-28,8.819500
1992-07-29,8.842500
1992-07-30,8.927000
1992-07-31,9.005800
1992-08-03,8.942700
1992-08-04,8.991200
1992-08-05,9.022100
1992-08-06,9.014900
1992-08-07,8.989100
1992-08-10,9.001300
1992-08-11,9.030500
1992-08-12,9.075200
1992-08-13,9.094200
1992-08-14,8.942900
1992-08-17,8.927700
1992-08-18,8.920100
1992-08-19,8.938200
1992-08-20,8.917400
1992-08-21,8.966800
1992-08-24,9.085000
1992-08-25,9.151600
1992-08-26,9.234700
1992-08-27,9.298800
1992-08-28,9.315000
1992-09-01,9.331400
1992-09-02,9.225200
1992-09-03,8.985300
1992-09-04,8.922500
1992-09-07,8.915700
1992-09-08,8.998800
1992-09-09,9.032200
1992-09-10,8.959500
1992-09-11,8.949900
1992-09-14,8.769000
1992-09-15,8.902600
1992-09-16,8.908200
1992-09-17,8.995500
1992-09-18,8.961600
1992-09-21,9.114500
1992-09-22,9.041000
1992-09-23,8.955400
1992-09-24,8.936900
1992-09-25,8.930100
1992-09-28,8.935800
1992-09-29,8.939900
1992-09-30,8.967900
1992-10-01,9.061800
1992-10-02,9.137100
1992-10-05,9.293100
1992-10-06,9.287900
1992-10-07,9.217000
1992-10-08,9.080200
1992-10-09,9.012200
1992-10-12,9.040300
1992-10-13,8.907700
1992-10-14,8.912000
1992-10-15,8.817400
1992-10-16,8.626500
1992-10-19,8.816700
1992-10-20,8.668300
1992-10-21,8.561700
1992-10-22,8.544600
1992-10-23,8.412200
1992-10-26,8.433700
1992-10-27,8.406400
1992-10-28,8.339900
1992-10-29,8.284000
1992-10-30,8.281600
1992-11-02,8.420900
1992-11-03,8.409600
1992-11-04,8.447300
1992-11-05,8.321700
1992-11-06,8.251400
1992-11-09,8.218400
1992-11-10,8.187200
1992-11-11,8.198000
1992-11-12,8.209500
1992-11-13,8.331600
1992-11-16,8.468400
1992-11-17,8.513800
1992-11-18,8.462800
1992-11-19,8.502200
1992-11-20,8.518400
1992-11-23,8.513800
1992-11-24,8.474600
1992-11-25,8.495300
1992-11-26,8.528400
1992-11-27,8.590600
1992-11-30,8.657300
1992-12-01,8.613600
1992-12-02,8.663500
1992-12-03,8.516900
1992-12-04,8.513000
1992-12-07,8.496600
1992-12-08,8.467700
1992-12-09,8.434600
1992-12-10,8.498000
1992-12-11,8.447500
1992-12-14,8.437900
1992-12-15,8.491400
1992-12-16,8.469100
1992-12-17,8.455300
1992-12-18,8.473800
1992-12-21,8.500100
1992-12-22,8.426700
1992-12-23,8.387000
1992-12-24,8.384200
1992-12-29,8.340200
1992-12-30,8.305500
1992-12-31,8.324800
1993-01-04,8.369000
1993-01-05,8.422100
1993-01-06,8.402200
1993-01-07,8.442600
1993-01-08,8.468200
1993-01-11,8.562200
1993-01-12,8.604000
1993-01-13,8.573500
1993-01-14,8.561500
1993-01-15,8.551000
1993-01-18,8.617200
1993-01-19,8.607100
1993-01-20,8.603000
1993-01-21,8.532100
1993-01-22,8.560700
1993-01-25,8.584600
1993-01-26,8.460900
1993-01-27,8.468700
1993-01-28,8.359700
1993-01-29,8.375200
1993-02-01,8.341800
1993-02-02,8.324800
1993-02-03,8.328200
1993-02-04,8.370600
1993-02-05,8.361900
1993-02-08,8.373100
1993-02-09,8.401200
1993-02-10,8.378500
1993-02-11,8.422700
1993-02-12,8.219700
1993-02-15,8.198200
1993-02-16,8.172300
1993-02-17,8.165800
1993-02-18,8.174400
1993-02-19,8.114600
1993-02-22,8.118300
1993-02-23,8.091900
1993-02-24,8.160400
1993-02-25,8.132500
1993-02-26,8.090600
1993-03-01,7.976700
1993-03-02,7.986800
1993-03-03,7.941800
1993-03-04,7.960500
1993-03-05,7.873400
1993-03-08,7.843500
1993-03-09,7.877900
1993-03-10,7.832900
1993-03-11,7.915400
1993-03-12,7.884900
1993-03-15,7.881400
1993-03-16,7.984400
1993-03-17,7.959800
1993-03-18,7.871900
1993-03-19,7.908300
1993-03-22,7.965800
1993-03-23,8.019000
1993-03-24,8.001100
1993-03-25,8.013400
1993-03-26,8.078800
1993-03-29,8.102000
1993-03-30,8.082300
1993-03-31,7.980200
1993-04-01,7.996000
1993-04-02,7.946600
1993-04-05,8.004500
1993-04-06,7.971400
1993-04-07,7.937600
1993-04-08,7.931800
1993-04-13,7.871900
1993-04-14,7.964800
1993-04-15,7.980200
1993-04-16,8.080800
1993-04-19,8.041000
1993-04-20,8.070300
1993-04-21,8.103800
1993-04-22,8.118100
1993-04-23,8.149600
1993-04-26,8.151400
1993-04-27,8.084800
1993-04-28,8.191900
1993-04-29,8.350800
1993-04-30,8.329300
1993-05-04,8.280700
1993-05-05,8.281000
1993-05-06,8.334300
1993-05-07,8.322200
1993-05-10,8.327700
1993-05-11,8.343700
1993-05-12,8.293700
1993-05-13,8.327400
1993-05-14,8.362200
1993-05-17,8.354900
1993-05-18,8.347000
1993-05-19,8.306000
1993-05-20,8.306500
1993-05-21,8.320000
1993-05-24,8.323000
1993-05-25,8.320000
1993-05-26,8.265600
1993-05-27,8.266800
1993-05-28,8.364600
1993-06-01,8.355200
1993-06-02,8.306300
1993-06-03,8.280000
1993-06-04,8.304500
1993-06-07,8.289800
1993-06-08,8.279900
1993-06-09,8.219500
1993-06-10,8.194800
1993-06-11,8.195600
1993-06-14,8.168000
1993-06-15,8.186400
1993-06-16,8.157500
1993-06-17,8.098500
1993-06-18,8.064800
1993-06-21,7.982300
1993-06-22,7.999100
1993-06-23,7.969800
1993-06-24,7.912300
1993-06-25,7.924300
1993-06-28,7.868300
1993-06-29,7.905300
1993-06-30,7.862900
1993-07-01,7.879400
1993-07-02,7.862400
1993-07-05,7.837000
1993-07-06,7.791300
1993-07-07,7.810500
1993-07-08,7.802000
1993-07-09,7.777400
1993-07-12,7.755200
1993-07-13,7.765300
1993-07-14,7.655800
1993-07-15,7.643300
1993-07-16,7.676500
1993-07-19,7.698100
1993-07-20,7.683300
1993-07-21,7.732200
1993-07-22,7.723400
1993-07-23,7.749500
1993-07-26,7.750000
1993-07-27,7.796300
1993-07-28,7.709800
1993-07-29,7.659300
1993-07-30,7.577800
1993-08-02,7.591200
1993-08-03,7.503900
1993-08-04,7.487500
1993-08-05,7.453700
1993-08-06,7.345700
1993-08-09,7.338100
1993-08-10,7.274800
1993-08-11,7.148800
1993-08-12,7.221800
1993-08-13,7.110600
1993-08-16,7.142500
1993-08-17,7.071900
1993-08-18,7.095500
1993-08-19,7.157300
1993-08-20,7.172500
1993-08-23,7.162000
1993-08-24,7.217600
1993-08-25,7.190200
1993-08-26,7.179000
1993-08-27,7.045300
1993-08-31,6.994300
1993-09-01,6.996000
1993-09-02,7.046300
1993-09-03,7.005900
1993-09-06,7.026400
1993-09-07,6.970300
1993-09-08,6.954500
1993-09-09,6.981200
1993-09-10,6.966500
1993-09-13,6.970200
1993-09-14,7.052900
1993-09-15,7.262800
1993-09-16,7.203700
1993-09-17,7.154700
1993-09-20,7.199900
1993-09-21,7.206100
1993-09-22,7.249200
1993-09-23,7.192000
1993-09-24,7.171000
1993-09-27,7.151800
1993-09-28,7.129700
1993-09-29,7.095800
1993-09-30,7.093000
1993-10-01,7.094700
1993-10-04,7.070500
1993-10-05,7.044000
1993-10-06,7.005100
1993-10-07,7.040700
1993-10-08,6.968200
1993-10-11,6.984300
1993-10-12,6.973200
1993-10-13,6.999400
1993-10-14,7.054400
1993-10-15,7.011300
1993-10-18,7.014700
1993-10-19,6.982700
1993-10-20,6.921200
1993-10-21,6.905300
1993-10-22,6.870700
1993-10-25,6.951000
1993-10-26,6.933900
1993-10-27,7.051900
1993-10-28,7.037600
1993-10-29,7.047800
1993-11-01,7.088300
1993-11-02,7.065000
1993-11-03,7.025000
1993-11-04,7.031700
1993-11-05,7.160300
1993-11-08,7.140000
1993-11-09,7.053900
1993-11-10,7.075400
1993-11-11,7.083200
1993-11-12,6.985500
1993-11-15,6.981100
1993-11-16,6.955500
1993-11-17,6.866700
1993-11-18,6.858700
1993-11-19,6.855700
1993-11-22,6.940400
1993-11-23,6.920500
1993-11-24,6.927500
1993-11-25,6.896700
1993-11-26,6.880400
1993-11-29,6.850100
1993-11-30,6.788100
1993-12-01,6.661200
1993-12-02,6.697300
1993-12-03,6.660500
1993-12-06,6.626400
1993-12-07,6.630000
1993-12-08,6.564200
1993-12-09,6.537200
1993-12-10,6.508500
1993-12-13,6.478600
1993-12-14,6.482500
1993-12-15,6.445200
1993-12-16,6.398100
1993-12-17,6.332000
1993-12-20,6.320000
1993-12-21,6.378500
1993-12-22,6.381300
1993-12-23,6.329500
1993-12-24,6.315100
1993-12-29,6.241000
1993-12-30,6.258400
1993-12-31,6.249300
1994-01-04,6.367900
1994-01-05,6.416500
1994-01-06,6.408800
1994-01-07,6.324100
1994-01-10,6.342700
1994-01-11,6.408600
1994-01-12,6.395800
1994-01-13,6.485200
1994-01-14,6.519900
1994-01-17,6.500600
1994-01-18,6.423500
1994-01-19,6.296900
1994-01-20,6.304400
1994-01-21,6.325500
1994-01-24,6.318600
1994-01-25,6.345500
1994-01-26,6.395600
1994-01-27,6.480700
1994-01-28,6.421900
1994-01-31,6.369400
1994-02-01,6.449700
1994-02-02,6.454500
1994-02-03,6.535300
1994-02-04,6.604100
1994-02-07,6.690600
1994-02-08,6.719700
1994-02-09,6.753000
1994-02-10,6.770200
1994-02-11,6.737500
1994-02-14,6.741600
1994-02-15,6.751800
1994-02-16,6.721400
1994-02-17,6.691200
1994-02-18,6.798300
1994-02-21,6.949500
1994-02-22,6.948000
1994-02-23,6.948400
1994-02-24,7.199300
1994-02-25,7.151500
1994-02-28,7.063600
1994-03-01,7.258700
1994-03-02,7.264500
1994-03-03,7.298300
1994-03-04,7.190400
1994-03-07,7.067200
1994-03-08,7.164200
1994-03-09,7.184600
1994-03-10,7.170200
1994-03-11,7.382900
1994-03-14,7.318400
1994-03-15,7.161300
1994-03-16,7.329200
1994-03-17,7.364500
1994-03-18,7.496100
1994-03-21,7.516600
1994-03-22,7.431900
1994-03-23,7.523400
1994-03-24,7.781100
1994-03-25,7.922200
1994-03-28,7.834200
1994-03-29,7.916900
1994-03-30,7.699800
1994-03-31,7.604700
1994-04-05,7.663200
1994-04-06,7.618800
1994-04-07,7.659700
1994-04-08,7.744400
1994-04-11,7.640000
1994-04-12,7.663300
1994-04-13,7.740200
1994-04-14,7.731000
1994-04-15,7.610400
1994-04-18,7.878000
1994-04-19,7.893800
1994-04-20,7.986600
1994-04-21,7.875300
1994-04-22,7.784700
1994-04-25,7.933900
1994-04-26,7.864300
1994-04-27,7.850400
1994-04-28,7.970400
1994-04-29,7.941900
1994-05-03,8.100100
1994-05-04,8.280900
1994-05-05,8.214500
1994-05-06,8.343300
1994-05-09,8.388000
1994-05-10,8.357800
1994-05-11,8.323600
1994-05-12,8.280100
1994-05-13,8.141800
1994-05-16,8.149100
1994-05-17,8.107900
1994-05-18,8.041200
1994-05-19,7.942100
1994-05-20,7.964400
1994-05-23,8.063700
1994-05-24,8.214000
1994-05-25,8.409900
1994-05-26,8.399800
1994-05-27,8.540000
1994-05-31,8.636400
1994-06-01,8.933300
1994-06-02,8.622400
1994-06-03,8.437900
1994-06-06,8.466500
1994-06-07,8.612000
1994-06-08,8.451900
1994-06-09,8.529000
1994-06-10,8.467500
1994-06-13,8.692500
1994-06-14,8.644600
1994-06-15,8.602900
1994-06-16,8.743600
1994-06-17,8.740400
1994-06-20,8.902600
1994-06-21,8.963100
1994-06-22,8.762500
1994-06-23,8.648200
1994-06-24,8.729700
1994-06-27,8.537700
1994-06-28,8.586700
1994-06-29,8.516300
1994-06-30,8.731200
1994-07-01,8.720500
1994-07-04,8.671500
1994-07-05,8.695800
1994-07-06,8.673800
1994-07-07,8.656300
1994-07-08,8.597200
1994-07-11,8.535200
1994-07-12,8.353300
1994-07-13,8.334800
1994-07-14,8.222800
1994-07-15,8.308700
1994-07-18,8.263300
1994-07-19,8.266600
1994-07-20,8.362400
1994-07-21,8.349000
1994-07-22,8.378100
1994-07-25,8.319800
1994-07-26,8.369800
1994-07-27,8.600200
1994-07-28,8.630400
1994-07-29,8.550900
1994-08-01,8.544600
1994-08-02,8.326500
1994-08-03,8.351700
1994-08-04,8.450400
1994-08-05,8.453000
1994-08-08,8.409400
1994-08-09,8.513600
1994-08-10,8.474700
1994-08-11,8.667700
1994-08-12,8.667000
1994-08-15,8.689400
1994-08-16,8.614600
1994-08-17,8.563500
1994-08-18,8.670200
1994-08-19,8.666700
1994-08-22,8.655300
1994-08-23,8.633900
1994-08-24,8.642100
1994-08-25,8.535300
1994-08-26,8.455700
1994-08-30,8.503100
1994-08-31,8.494800
1994-09-01,8.453500
1994-09-02,8.590700
1994-09-05,8.583000
1994-09-06,8.727200
1994-09-07,8.680200
1994-09-08,8.574200
1994-09-09,8.813800
1994-09-12,8.708300
1994-09-13,8.691200
1994-09-14,8.874800
1994-09-15,8.760700
1994-09-16,8.959800
1994-09-19,8.937200
1994-09-20,8.991500
1994-09-21,8.977000
1994-09-22,8.860500
1994-09-23,8.822900
1994-09-26,8.838800
1994-09-27,8.864700
1994-09-28,8.755900
1994-09-29,8.794200
1994-09-30,8.742000
1994-10-03,8.852300
1994-10-04,8.797900
1994-10-05,8.840200
1994-10-06,8.774700
1994-10-07,8.678000
1994-10-10,8.638700
1994-10-11,8.626300
1994-10-12,8.561700
1994-10-13,8.484000
1994-10-14,8.498500
1994-10-17,8.406500
1994-10-18,8.473500
1994-10-19,8.528500
1994-10-20,8.561700
1994-10-21,8.580700
1994-10-24,8.660900
1994-10-25,8.783100
1994-10-26,8.768000
1994-10-27,8.682000
1994-10-28,8.602300
1994-10-31,8.653800
1994-11-01,8.582100
1994-11-02,8.669500
1994-11-03,8.621500
1994-11-04,8.591200
1994-11-07,8.661200
1994-11-08,8.643900
1994-11-09,8.556600
1994-11-10,8.562200
1994-11-11,8.596400
1994-11-14,8.550100
1994-11-15,8.518800
1994-11-16,8.493600
1994-11-17,8.538200
1994-11-18,8.489900
1994-11-21,8.468200
1994-11-22,8.448600
1994-11-23,8.366500
1994-11-24,8.351600
1994-11-25,8.362100
1994-11-28,8.318600
1994-11-29,8.395600
1994-11-30,8.361300
1994-12-01,8.362500
1994-12-02,8.380900
1994-12-05,8.436100
1994-12-06,8.488100
1994-12-07,8.466000
1994-12-08,8.450300
1994-12-09,8.359200
1994-12-12,8.412200
1994-12-13,8.474700
1994-12-14,8.429100
1994-12-15,8.398000
1994-12-16,8.401100
1994-12-19,8.377500
1994-12-20,8.401100
1994-12-21,8.381800
1994-12-22,8.381000
1994-12-23,8.379700
1994-12-28,8.356800
1994-12-29,8.604700
1994-12-30,8.589100
1995-01-03,8.651700
1995-01-04,8.605700
1995-01-05,8.614900
1995-01-06,8.552200
1995-01-09,8.615000
1995-01-10,8.603900
1995-01-11,8.606400
1995-01-12,8.591400
1995-01-13,8.584100
1995-01-16,8.536900
1995-01-17,8.529600
1995-01-18,8.603400
1995-01-19,8.540500
1995-01-20,8.559300
1995-01-23,8.624400
1995-01-24,8.621600
1995-01-25,8.624200
1995-01-26,8.549800
1995-01-27,8.479500
1995-01-30,8.481300
1995-01-31,8.468600
1995-02-01,8.443000
1995-02-02,8.452000
1995-02-03,8.470200
1995-02-06,8.474200
1995-02-07,8.380700
1995-02-08,8.405600
1995-02-09,8.391800
1995-02-10,8.409100
1995-02-13,8.604000
1995-02-14,8.592000
1995-02-15,8.507500
1995-02-16,8.516700
1995-02-17,8.529700
1995-02-20,8.562400
1995-02-21,8.614000
1995-02-22,8.560500
1995-02-23,8.486700
1995-02-24,8.532800
1995-02-27,8.556000
1995-02-28,8.535800
1995-03-01,8.469600
1995-03-02,8.465000
1995-03-03,8.470400
1995-03-06,8.569100
1995-03-07,8.708300
1995-03-08,8.635700
1995-03-09,8.625600
1995-03-10,8.556100
1995-03-13,8.568800
1995-03-14,8.433100
1995-03-15,8.422500
1995-03-16,8.307800
1995-03-17,8.393900
1995-03-20,8.360700
1995-03-21,8.328200
1995-03-22,8.338900
1995-03-23,8.366900
1995-03-24,8.329800
1995-03-27,8.366100
1995-03-28,8.398700
1995-03-29,8.454300
1995-03-30,8.371400
1995-03-31,8.412500
1995-04-03,8.354700
1995-04-04,8.314700
1995-04-05,8.303900
1995-04-06,8.328400
1995-04-07,8.303400
1995-04-10,8.370300
1995-04-11,8.368900
1995-04-12,8.305600
1995-04-13,8.245200
1995-04-18,8.244100
1995-04-19,8.356800
1995-04-20,8.298300
1995-04-21,8.271100
1995-04-24,8.271500
1995-04-25,8.321600
1995-04-26,8.272600
1995-04-27,8.306700
1995-04-28,8.353900
1995-05-01,8.345300
1995-05-02,8.341400
1995-05-03,8.267100
1995-05-04,8.230300
1995-05-05,8.218600
1995-05-09,8.257100
1995-05-10,8.046900
1995-05-11,8.097500
1995-05-12,8.111500
1995-05-15,8.120600
1995-05-16,8.056900
1995-05-17,8.082900
1995-05-18,8.007900
1995-05-19,8.033900
1995-05-22,7.997500
1995-05-23,7.987300
1995-05-24,7.821800
1995-05-25,7.823500
1995-05-26,7.888700
1995-05-30,7.837300
1995-05-31,7.876600
1995-06-01,7.777900
1995-06-02,7.688900
1995-06-05,7.681000
1995-06-06,7.662000
1995-06-07,7.739800
1995-06-08,7.836200
1995-06-09,8.066000
1995-06-12,8.081300
1995-06-13,7.957800
1995-06-14,8.011300
1995-06-15,8.050800
1995-06-16,8.139400
1995-06-19,8.054700
1995-06-20,8.066500
1995-06-21,8.085000
1995-06-22,7.955300
1995-06-23,8.130800
1995-06-26,8.329400
1995-06-27,8.328100
1995-06-28,8.391700
1995-06-29,8.419900
1995-06-30,8.402300
1995-07-03,8.391900
1995-07-04,8.336300
1995-07-05,8.266900
1995-07-06,8.275500
1995-07-07,8.101300
1995-07-10,8.072400
1995-07-11,8.070300
1995-07-12,8.063600
1995-07-13,8.116900
1995-07-14,8.166900
1995-07-17,8.161400
1995-07-18,8.196600
1995-07-19,8.235600
1995-07-20,8.278300
1995-07-21,8.305900
1995-07-24,8.252400
1995-07-25,8.238700
1995-07-26,8.149500
1995-07-27,8.137300
1995-07-28,8.198600
1995-07-31,8.175000
1995-08-01,8.208300
1995-08-02,8.088600
1995-08-03,8.104400
1995-08-04,8.021400
1995-08-07,7.993600
1995-08-08,7.994800
1995-08-09,8.023700
1995-08-10,7.962500
1995-08-11,8.047400
1995-08-14,8.166600
1995-08-15,8.206000
1995-08-16,8.150100
1995-08-17,8.142100
1995-08-18,8.110000
1995-08-21,8.039700
1995-08-22,8.039300
1995-08-23,8.056300
1995-08-24,8.062600
1995-08-25,8.029500
1995-08-29,8.032800
1995-08-30,8.041900
1995-08-31,8.078600
1995-09-01,7.936200
1995-09-04,7.939200
1995-09-05,7.928300
1995-09-06,7.896000
1995-09-07,7.919100
1995-09-08,7.908100
1995-09-11,7.907900
1995-09-12,7.846200
1995-09-13,7.776500
1995-09-14,7.770800
1995-09-15,7.828500
1995-09-18,7.862500
1995-09-19,7.862600
1995-09-20,7.832800
1995-09-21,7.842000
1995-09-22,7.993700
1995-09-25,8.022900
1995-09-26,8.000000
1995-09-27,8.142000
1995-09-28,8.144700
1995-09-29,8.137900
1995-10-02,8.064700
1995-10-03,8.036300
1995-10-04,8.019800
1995-10-05,8.052600
1995-10-06,8.069700
1995-10-09,8.124900
1995-10-10,8.137300
1995-10-11,8.144800
1995-10-12,8.151600
1995-10-13,8.062800
1995-10-16,8.121900
1995-10-17,8.147500
1995-10-18,8.095700
1995-10-19,8.082200
1995-10-20,8.158800
1995-10-23,8.212400
1995-10-24,8.219800
1995-10-25,8.040100
1995-10-26,8.023100
1995-10-27,8.075900
1995-10-30,8.033100
1995-10-31,7.952300
1995-11-01,7.901300
1995-11-02,7.875000
1995-11-03,7.937800
1995-11-06,7.881500
1995-11-07,7.897300
1995-11-08,7.808100
1995-11-09,7.862900
1995-11-10,7.882000
1995-11-13,7.864400
1995-11-14,7.848200
1995-11-15,7.830600
1995-11-16,7.724500
1995-11-17,7.761900
1995-11-20,7.798300
1995-11-21,7.793100
1995-11-22,7.731800
1995-11-23,7.697600
1995-11-24,7.672900
1995-11-27,7.580000
1995-11-28,7.661300
1995-11-29,7.642200
1995-11-30,7.605400
1995-12-01,7.578300
1995-12-04,7.579200
1995-12-05,7.538500
1995-12-06,7.421500
1995-12-07,7.490000
1995-12-08,7.531300
1995-12-11,7.510100
1995-12-12,7.495800
1995-12-13,7.482300
1995-12-14,7.459300
1995-12-15,7.462300
1995-12-18,7.520200
1995-12-19,7.602000
1995-12-20,7.572700
1995-12-21,7.613600
1995-12-22,7.585200
1995-12-27,7.460900
1995-12-28,7.481000
1995-12-29,7.467200
1996-01-02,7.491000
1996-01-03,7.547000
1996-01-04,7.459300
1996-01-05,7.541500
1996-01-08,7.535600
1996-01-09,7.514100
1996-01-10,7.541900
1996-01-11,7.542500
1996-01-12,7.514100
1996-01-15,7.456700
1996-01-16,7.366500
1996-01-17,7.369500
1996-01-18,7.312400
1996-01-19,7.347000
1996-01-22,7.381400
1996-01-23,7.399900
1996-01-24,7.358100
1996-01-25,7.430600
1996-01-26,7.500800
1996-01-29,7.532900
1996-01-30,7.492600
1996-01-31,7.545600
1996-02-01,7.524100
1996-02-02,7.630400
1996-02-05,7.787200
1996-02-06,7.740000
1996-02-07,7.691800
1996-02-08,7.698100
1996-02-09,7.682600
1996-02-12,7.688600
1996-02-13,7.672600
1996-02-14,7.736400
1996-02-15,7.738600
1996-02-16,7.754300
1996-02-19,7.905400
1996-02-20,7.932300
1996-02-21,7.851100
1996-02-22,7.896700
1996-02-23,7.917100
1996-02-26,7.999100
1996-02-27,7.988900
1996-02-28,7.973100
1996-02-29,8.052800
1996-03-01,7.880700
1996-03-04,7.828600
1996-03-05,7.888600
1996-03-06,7.886900
1996-03-07,7.909900
1996-03-08,8.097400
1996-03-11,8.149000
1996-03-12,8.204200
1996-03-13,8.163800
1996-03-14,8.121200
1996-03-15,8.167200
1996-03-18,8.125800
1996-03-19,8.166800
1996-03-20,8.078900
1996-03-21,8.086600
1996-03-22,8.166200
1996-03-25,8.095800
1996-03-26,8.150700
1996-03-27,8.155300
1996-03-28,8.242900
1996-03-29,8.191800
1996-04-01,8.116800
1996-04-02,8.063400
1996-04-03,8.077800
1996-04-04,8.051600
1996-04-09,8.118100
1996-04-10,8.095300
1996-04-11,8.180200
1996-04-12,8.069900
1996-04-15,8.095400
1996-04-16,8.049800
1996-04-17,8.125200
1996-04-18,8.077500
1996-04-19,8.025600
1996-04-22,8.001000
1996-04-23,8.009600
1996-04-24,8.043300
1996-04-25,8.002900
1996-04-26,8.002300
1996-04-29,8.027800
1996-04-30,8.064900
1996-05-01,8.060300
1996-05-02,8.177500
1996-05-03,8.258800
1996-05-07,8.262700
1996-05-08,8.199400
1996-05-09,8.154900
1996-05-10,8.058500
1996-05-13,8.078700
1996-05-14,8.019300
1996-05-15,8.069300
1996-05-16,8.065400
1996-05-17,7.992100
1996-05-20,7.988800
1996-05-21,8.029200
1996-05-22,8.066400
1996-05-23,8.049500
1996-05-24,8.065900
1996-05-28,8.071300
1996-05-29,8.078000
1996-05-30,8.185500
1996-05-31,8.166600
1996-06-03,8.092700
1996-06-04,8.062300
1996-06-05,8.075600
1996-06-06,8.020600
1996-06-07,8.131600
1996-06-10,8.113400
1996-06-11,8.078300
1996-06-12,8.084900
1996-06-13,8.123000
1996-06-14,8.155800
1996-06-17,8.165800
1996-06-18,8.145000
1996-06-19,8.143200
1996-06-20,8.152700
1996-06-21,8.072200
1996-06-24,8.061300
1996-06-25,8.034900
1996-06-26,8.012700
1996-06-27,8.042900
1996-06-28,7.934900
1996-07-01,7.955500
1996-07-02,7.950800
1996-07-03,7.977400
1996-07-04,7.938600
1996-07-05,8.006400
1996-07-08,7.985000
1996-07-09,7.972400
1996-07-10,7.939200
1996-07-11,7.908700
1996-07-12,7.938600
1996-07-15,7.982400
1996-07-16,8.005900
1996-07-17,7.981200
1996-07-18,7.927000
1996-07-19,7.949800
1996-07-22,7.955000
1996-07-23,7.969400
1996-07-24,7.928600
1996-07-25,7.942900
1996-07-26,7.931200
1996-07-29,7.946800
1996-07-30,7.943000
1996-07-31,7.943000
1996-08-01,7.889300
1996-08-02,7.850600
1996-08-05,7.832200
1996-08-06,7.813800
1996-08-07,7.794700
1996-08-08,7.820100
1996-08-09,7.827000
1996-08-12,7.830100
1996-08-13,7.816600
1996-08-14,7.878000
1996-08-15,7.871100
1996-08-16,7.802700
1996-08-19,7.823000
1996-08-20,7.842100
1996-08-21,7.899700
1996-08-22,7.849000
1996-08-23,7.908400
1996-08-27,7.951600
1996-08-28,7.943700
1996-08-29,7.933400
1996-08-30,7.967400
1996-09-02,7.949000
1996-09-03,7.973400
1996-09-04,7.987700
1996-09-05,7.964500
1996-09-06,7.950100
1996-09-09,7.938900
1996-09-10,7.938500
1996-09-11,7.938900
1996-09-12,7.907300
1996-09-13,7.778600
1996-09-16,7.777400
1996-09-17,7.792400
1996-09-18,7.835700
1996-09-19,7.828200
1996-09-20,7.807700
1996-09-23,7.848500
1996-09-24,7.842200
1996-09-25,7.778500
1996-09-26,7.725200
1996-09-27,7.716000
1996-09-30,7.715200
1996-10-01,7.648000
1996-10-02,7.538300
1996-10-03,7.549200
1996-10-04,7.445700
1996-10-07,7.474200
1996-10-08,7.469900
1996-10-09,7.421900
1996-10-10,7.520500
1996-10-11,7.522300
1996-10-14,7.515900
1996-10-15,7.470500
1996-10-16,7.599500
1996-10-17,7.589800
1996-10-18,7.614500
1996-10-21,7.623900
1996-10-22,7.557300
1996-10-23,7.592300
1996-10-24,7.647600
1996-10-25,7.548300
1996-10-28,7.588700
1996-10-29,7.590300
1996-10-30,7.606800
1996-10-31,7.643000
1996-11-01,7.718900
1996-11-04,7.749200
1996-11-05,7.646000
1996-11-06,7.627900
1996-11-07,7.731100
1996-11-08,7.678400
1996-11-11,7.630000
1996-11-12,7.615900
1996-11-13,7.675900
1996-11-14,7.566100
1996-11-15,7.539200
1996-11-18,7.493900
1996-11-19,7.480900
1996-11-20,7.523400
1996-11-21,7.472500
1996-11-22,7.441300
1996-11-25,7.417600
1996-11-26,7.425700
1996-11-27,7.479400
1996-11-28,7.427100
1996-11-29,7.320200
1996-12-02,7.300200
1996-12-03,7.314600
1996-12-04,7.385900
1996-12-05,7.516800
1996-12-06,7.638100
1996-12-09,7.551200
1996-12-10,7.466900
1996-12-11,7.568900
1996-12-12,7.657800
1996-12-13,7.608800
1996-12-16,7.609400
1996-12-17,7.649900
1996-12-18,7.645400
1996-12-19,7.587000
1996-12-20,7.567700
1996-12-23,7.476900
1996-12-24,7.464800
1996-12-27,7.464000
1996-12-30,7.473000
1996-12-31,7.472800
1997-01-02,7.681700
1997-01-03,7.657800
1997-01-06,7.703800
1997-01-07,7.709700
1997-01-08,7.696300
1997-01-09,7.627600
1997-01-10,7.637700
1997-01-13,7.556800
1997-01-14,7.532100
1997-01-15,7.504700
1997-01-16,7.415200
1997-01-17,7.377900
1997-01-20,7.398900
1997-01-21,7.405100
1997-01-22,7.315000
1997-01-23,7.351400
1997-01-24,7.444000
1997-01-27,7.481000
1997-01-28,7.440800
1997-01-29,7.528200
1997-01-30,7.496500
1997-01-31,7.397300
1997-02-03,7.305200
1997-02-04,7.228300
1997-02-05,7.249500
1997-02-06,7.243200
1997-02-07,7.112700
1997-02-10,7.143600
1997-02-11,7.099100
1997-02-12,7.082200
1997-02-13,7.101800
1997-02-14,7.099400
1997-02-17,7.116400
1997-02-18,7.075600
1997-02-19,7.117600
1997-02-20,7.091300
1997-02-21,7.119700
1997-02-24,7.156900
1997-02-25,7.151800
1997-02-26,7.209900
1997-02-27,7.140600
1997-02-28,7.227500
1997-03-03,7.219500
1997-03-04,7.215300
1997-03-05,7.314200
1997-03-06,7.309300
1997-03-07,7.304800
1997-03-10,7.250900
1997-03-11,7.266900
1997-03-12,7.304400
1997-03-13,7.348000
1997-03-14,7.344600
1997-03-17,7.440600
1997-03-18,7.463400
1997-03-19,7.561600
1997-03-20,7.602700
1997-03-21,7.576100
1997-03-24,7.555900
1997-03-25,7.534300
1997-03-26,7.571900
1997-03-27,7.600700
1997-04-01,7.681500
1997-04-02,7.651300
1997-04-03,7.673600
1997-04-04,7.642400
1997-04-07,7.584200
1997-04-08,7.583800
1997-04-09,7.582100
1997-04-10,7.620600
1997-04-11,7.667500
1997-04-14,7.630400
1997-04-15,7.516400
1997-04-16,7.519100
1997-04-17,7.461000
1997-04-18,7.515400
1997-04-21,7.549300
1997-04-22,7.555500
1997-04-23,7.548400
1997-04-24,7.614400
1997-04-25,7.647500
1997-04-28,7.609000
1997-04-29,7.525900
1997-04-30,7.420200
1997-05-01,7.388700
1997-05-02,7.351100
1997-05-06,7.037700
1997-05-07,7.050100
1997-05-08,6.978400
1997-05-09,6.945500
1997-05-12,6.921100
1997-05-13,6.939100
1997-05-14,6.902600
1997-05-15,6.914300
1997-05-16,6.993900
1997-05-19,7.035600
1997-05-20,7.033300
1997-05-21,7.095200
1997-05-22,7.244000
1997-05-23,7.156100
1997-05-27,7.172100
1997-05-28,7.168100
1997-05-29,7.184100
1997-05-30,7.141400
1997-06-02,7.134400
1997-06-03,7.032700
1997-06-04,7.075900
1997-06-05,7.067500
1997-06-06,6.991700
1997-06-09,7.052700
1997-06-10,7.057100
1997-06-11,7.045000
1997-06-12,6.991300
1997-06-13,6.995100
1997-06-16,6.968400
1997-06-17,7.004200
1997-06-18,7.071700
1997-06-19,7.121500
1997-06-20,7.060800
1997-06-23,7.098000
1997-06-24,7.056400
1997-06-25,7.012400
1997-06-26,7.019900
1997-06-27,6.960200
1997-06-30,7.016800
1997-07-01,6.936500
1997-07-02,6.914500
1997-07-03,6.945100
1997-07-04,6.920300
1997-07-07,6.907400
1997-07-08,6.922600
1997-07-09,6.968700
1997-07-10,6.981500
1997-07-11,6.913700
1997-07-14,6.983400
1997-07-15,7.004800
1997-07-16,6.972900
1997-07-17,6.949100
1997-07-18,6.933800
1997-07-21,6.968000
1997-07-22,6.923800
1997-07-23,6.852900
1997-07-24,6.878200
1997-07-25,6.850200
1997-07-28,6.894200
1997-07-29,6.878800
1997-07-30,6.807500
1997-07-31,6.862800
1997-08-01,6.923500
1997-08-04,6.961200
1997-08-05,7.009300
1997-08-06,6.960800
1997-08-07,6.910000
1997-08-08,7.017000
1997-08-11,7.015700
1997-08-12,6.952700
1997-08-13,6.996500
1997-08-14,6.948900
1997-08-15,6.970600
1997-08-18,6.917000
1997-08-19,6.914400
1997-08-20,6.909500
1997-08-21,6.926700
1997-08-22,7.019000
1997-08-26,6.992800
1997-08-27,7.004500
1997-08-28,6.978500
1997-08-29,6.982500
1997-09-01,6.946200
1997-09-02,6.926900
1997-09-03,6.914600
1997-09-04,6.906300
1997-09-05,6.901300
1997-09-08,6.867300
1997-09-09,6.889000
1997-09-10,6.887900
1997-09-11,6.873500
1997-09-12,6.829900
1997-09-15,6.788300
1997-09-16,6.633800
1997-09-17,6.642500
1997-09-18,6.545100
1997-09-19,6.591400
1997-09-22,6.548000
1997-09-23,6.566200
1997-09-24,6.533500
1997-09-25,6.524600
1997-09-26,6.340100
1997-09-29,6.386400
1997-09-30,6.356200
1997-10-01,6.249400
1997-10-02,6.230200
1997-10-03,6.098500
1997-10-06,6.179900
1997-10-07,6.207800
1997-10-08,6.321400
1997-10-09,6.390600
1997-10-10,6.397300
1997-10-13,6.331000
1997-10-14,6.316800
1997-10-15,6.362800
1997-10-16,6.402800
1997-10-17,6.398100
1997-10-20,6.479400
1997-10-21,6.506900
1997-10-22,6.512600
1997-10-23,6.438700
1997-10-24,6.426800
1997-10-27,6.455500
1997-10-28,6.495800
1997-10-29,6.486100
1997-10-30,6.454500
1997-10-31,6.441600
1997-11-03,6.463500
1997-11-04,6.452600
1997-11-05,6.471300
1997-11-06,6.524400
1997-11-07,6.453100
1997-11-10,6.457000
1997-11-11,6.524100
1997-11-12,6.646600
1997-11-13,6.595800
1997-11-14,6.501000
1997-11-17,6.488600
1997-11-18,6.530700
1997-11-19,6.470000
1997-11-20,6.395400
1997-11-21,6.415100
1997-11-24,6.401800
1997-11-25,6.379000
1997-11-26,6.378200
1997-11-27,6.405400
1997-11-28,6.345200
1997-12-01,6.355500
1997-12-02,6.324900
1997-12-03,6.344000
1997-12-04,6.319000
1997-12-05,6.395600
1997-12-08,6.346600
1997-12-09,6.292000
1997-12-10,6.257600
1997-12-11,6.156600
1997-12-12,6.151900
1997-12-15,6.140700
1997-12-16,6.165900
1997-12-17,6.204100
1997-12-18,6.181700
1997-12-19,6.140300
1997-12-22,6.154100
1997-12-23,6.108500
1997-12-24,6.088200
1997-12-29,6.091400
1997-12-30,6.219000
1997-12-31,6.176600
1998-01-02,6.166000
1998-01-05,6.020500
1998-01-06,5.981500
1998-01-07,5.977900
1998-01-08,5.939900
1998-01-09,5.889500
1998-01-12,5.864500
1998-01-13,5.869800
1998-01-14,5.908700
1998-01-15,5.938300
1998-01-16,5.950200
1998-01-19,5.956300
1998-01-20,5.937400
1998-01-21,5.950900
1998-01-22,5.931100
1998-01-23,5.944700
1998-01-26,5.968100
1998-01-27,5.968400
1998-01-28,6.009900
1998-01-29,5.976100
1998-01-30,5.944300
1998-02-02,5.974800
1998-02-03,5.966500
1998-02-04,6.011900
1998-02-05,5.994900
1998-02-06,6.000900
1998-02-09,6.002000
1998-02-10,5.933800
1998-02-11,5.865700
1998-02-12,5.839200
1998-02-13,5.835800
1998-02-16,5.817100
1998-02-17,5.802300
1998-02-18,5.840500
1998-02-19,5.845200
1998-02-20,5.861800
1998-02-23,5.897800
1998-02-24,5.924700
1998-02-25,5.929900
1998-02-26,5.931100
1998-02-27,5.979100
1998-03-02,5.914200
1998-03-03,5.987100
1998-03-04,5.999200
1998-03-05,5.972000
1998-03-06,5.937400
1998-03-09,5.881900
1998-03-10,5.876000
1998-03-11,5.872300
1998-03-12,5.826600
1998-03-13,5.841600
1998-03-16,5.796900
1998-03-17,5.799100
1998-03-18,5.801600
1998-03-19,5.847600
1998-03-20,5.780800
1998-03-23,5.802500
1998-03-24,5.781200
1998-03-25,5.780000
1998-03-26,5.793400
1998-03-27,5.814900
1998-03-30,5.824600
1998-03-31,5.776600
1998-04-01,5.792900
1998-04-02,5.707000
1998-04-03,5.644900
1998-04-06,5.643400
1998-04-07,5.658100
1998-04-08,5.634600
1998-04-09,5.634400
1998-04-14,5.618800
1998-04-15,5.625800
1998-04-16,5.646300
1998-04-17,5.640700
1998-04-20,5.640400
1998-04-21,5.651500
1998-04-22,5.727700
1998-04-23,5.732600
1998-04-24,5.696800
1998-04-27,5.804800
1998-04-28,5.787800
1998-04-29,5.769000
1998-04-30,5.723000
1998-05-01,5.637500
1998-05-05,5.698300
1998-05-06,5.700800
1998-05-07,5.765700
1998-05-08,5.739900
1998-05-11,5.741900
1998-05-12,5.778500
1998-05-13,5.787100
1998-05-14,5.795900
1998-05-15,5.844900
1998-05-18,5.828100
1998-05-19,5.812000
1998-05-20,5.765900
1998-05-21,5.732500
1998-05-22,5.713100
1998-05-26,5.649600
1998-05-27,5.654700
1998-05-28,5.658700
1998-05-29,5.586800
1998-06-01,5.543900
1998-06-02,5.564200
1998-06-03,5.571500
1998-06-04,5.621200
1998-06-05,5.611400
1998-06-08,5.610700
1998-06-09,5.620000
1998-06-10,5.538000
1998-06-11,5.459700
1998-06-12,5.452200
1998-06-15,5.447900
1998-06-16,5.546500
1998-06-17,5.658600
1998-06-18,5.662600
1998-06-19,5.724500
1998-06-22,5.674400
1998-06-23,5.663000
1998-06-24,5.627500
1998-06-25,5.656200
1998-06-26,5.673000
1998-06-29,5.680500
1998-06-30,5.654800
1998-07-01,5.642700
1998-07-02,5.623100
1998-07-03,5.631700
1998-07-06,5.593000
1998-07-07,5.625500
1998-07-08,5.658700
1998-07-09,5.595100
1998-07-10,5.595900
1998-07-13,5.628400
1998-07-14,5.621200
1998-07-15,5.679600
1998-07-16,5.670600
1998-07-17,5.665800
1998-07-20,5.683100
1998-07-21,5.680100
1998-07-22,5.722800
1998-07-23,5.719000
1998-07-24,5.757100
1998-07-27,5.751900
1998-07-28,5.660700
1998-07-29,5.591600
1998-07-30,5.627400
1998-07-31,5.578400
1998-08-03,5.523700
1998-08-04,5.515700
1998-08-05,5.546600
1998-08-06,5.512100
1998-08-07,5.498100
1998-08-10,5.459500
1998-08-11,5.423500
1998-08-12,5.414000
1998-08-13,5.487900
1998-08-14,5.451900
1998-08-17,5.440700
1998-08-18,5.442600
1998-08-19,5.462200
1998-08-20,5.395600
1998-08-21,5.309400
1998-08-24,5.334900
1998-08-25,5.312100
1998-08-26,5.332000
1998-08-27,5.206900
1998-08-28,5.197600
1998-09-01,5.283400
1998-09-02,5.281400
1998-09-03,5.225100
1998-09-04,5.230100
1998-09-07,5.193300
1998-09-08,5.228900
1998-09-09,5.174300
1998-09-10,5.035300
1998-09-11,5.063000
1998-09-14,5.077900
1998-09-15,5.024900
1998-09-16,5.004100
1998-09-17,4.889100
1998-09-18,4.892400
1998-09-21,4.825700
1998-09-22,4.866800
1998-09-23,4.936300
1998-09-24,4.951500
1998-09-25,4.908600
1998-09-28,4.836900
1998-09-29,4.854600
1998-09-30,4.792000
1998-10-01,4.619800
1998-10-02,4.536200
1998-10-05,4.494300
1998-10-06,4.596300
1998-10-07,4.619400
1998-10-08,4.798300
1998-10-09,5.142700
1998-10-12,5.223200
1998-10-13,5.108800
1998-10-14,5.024900
1998-10-15,5.008900
1998-10-16,5.039600
1998-10-19,4.974000
1998-10-20,5.037300
1998-10-21,5.047200
1998-10-22,5.093800
1998-10-23,5.157500
1998-10-26,5.067600
1998-10-27,4.981400
1998-10-28,5.029300
1998-10-29,4.964600
1998-10-30,4.995100
1998-11-02,5.063300
1998-11-03,4.941700
1998-11-04,4.995200
1998-11-05,4.988000
1998-11-06,5.061500
1998-11-09,5.002100
1998-11-10,4.929500
1998-11-11,4.975300
1998-11-12,4.909400
1998-11-13,4.872800
1998-11-16,4.857600
1998-11-17,4.811500
1998-11-18,4.714500
1998-11-19,4.724600
1998-11-20,4.768200
1998-11-23,4.752300
1998-11-24,4.773600
1998-11-25,4.747600
1998-11-26,4.653900
1998-11-27,4.675400
1998-11-30,4.599200
1998-12-01,4.566200
1998-12-02,4.565000
1998-12-03,4.567100
1998-12-04,4.578700
1998-12-07,4.574100
1998-12-08,4.525700
1998-12-09,4.453900
1998-12-10,4.414900
1998-12-11,4.406900
1998-12-14,4.441000
1998-12-15,4.429200
1998-12-16,4.439900
1998-12-17,4.404200
1998-12-18,4.388400
1998-12-21,4.424100
1998-12-22,4.470600
1998-12-23,4.391800
1998-12-24,4.411000
1998-12-29,4.380600
1998-12-30,4.332900
1998-12-31,4.320400
1999-01-04,4.246900
1999-01-05,4.283400
1999-01-06,4.288300
1999-01-07,4.249300
1999-01-08,4.233200
1999-01-11,4.284000
1999-01-12,4.348500
1999-01-13,4.263300
1999-01-14,4.241200
1999-01-15,4.267200
1999-01-18,4.273900
1999-01-19,4.267800
1999-01-20,4.239100
1999-01-21,4.172600
1999-01-22,4.122000
1999-01-25,4.174800
1999-01-26,4.142300
1999-01-27,4.152400
1999-01-28,4.154300
1999-01-29,4.126400
1999-02-01,4.154900
1999-02-02,4.172200
1999-02-03,4.213900
1999-02-04,4.306000
1999-02-05,4.272700
1999-02-08,4.348200
1999-02-09,4.297100
1999-02-10,4.314500
1999-02-11,4.314800
1999-02-12,4.462000
1999-02-15,4.494500
1999-02-16,4.458800
1999-02-17,4.451800
1999-02-18,4.454000
1999-02-19,4.429700
1999-02-22,4.397200
1999-02-23,4.362400
1999-02-24,4.387000
1999-02-25,4.528200
1999-02-26,4.562400
1999-03-01,4.642200
1999-03-02,4.638600
1999-03-03,4.720500
1999-03-04,4.733300
1999-03-05,4.605600
1999-03-08,4.632600
1999-03-09,4.697600
1999-03-10,4.649500
1999-03-11,4.607100
1999-03-12,4.592100
1999-03-15,4.591000
1999-03-16,4.519100
1999-03-17,4.462500
1999-03-18,4.473200
1999-03-19,4.492100
1999-03-22,4.513300
1999-03-23,4.543100
1999-03-24,4.560800
1999-03-25,4.541800
1999-03-26,4.596500
1999-03-29,4.599900
1999-03-30,4.566100
1999-03-31,4.532300
1999-04-01,4.569200
1999-04-06,4.457500
1999-04-07,4.449700
1999-04-08,4.456800
1999-04-09,4.405500
1999-04-12,4.412200
1999-04-13,4.436700
1999-04-14,4.442700
1999-04-15,4.533400
1999-04-16,4.552300
1999-04-19,4.541200
1999-04-20,4.487400
1999-04-21,4.497500
1999-04-22,4.547200
1999-04-23,4.545900
1999-04-26,4.596700
1999-04-27,4.592100
1999-04-28,4.638400
1999-04-29,4.575100
1999-04-30,4.629100
1999-05-04,4.745500
1999-05-05,4.756400
1999-05-06,4.806000
1999-05-07,4.821400
1999-05-10,4.812200
1999-05-11,4.811800
1999-05-12,4.764000
1999-05-13,4.708800
1999-05-14,4.871400
1999-05-17,4.878000
1999-05-18,4.894900
1999-05-19,4.915400
1999-05-20,4.857700
1999-05-21,4.853200
1999-05-24,4.823900
1999-05-25,4.808900
1999-05-26,4.824300
1999-05-27,4.888200
1999-05-28,4.918300
1999-06-01,5.006300
1999-06-02,5.014100
1999-06-03,4.999600
1999-06-04,5.015800
1999-06-07,4.979200
1999-06-08,5.012000
1999-06-09,5.039800
1999-06-10,5.153300
1999-06-11,5.137800
1999-06-14,5.118600
1999-06-15,5.020800
1999-06-16,5.010600
1999-06-17,4.950000
1999-06-18,4.953300
1999-06-21,5.047700
1999-06-22,5.133200
1999-06-23,5.165800
1999-06-24,5.303800
1999-06-25,5.189300
1999-06-28,5.169600
1999-06-29,5.151800
1999-06-30,5.101200
1999-07-01,5.190300
1999-07-02,5.127800
1999-07-05,5.176500
1999-07-06,5.252800
1999-07-07,5.291500
1999-07-08,5.355200
1999-07-09,5.331300
1999-07-12,5.262800
1999-07-13,5.219800
1999-07-14,5.229200
1999-07-15,5.308600
1999-07-16,5.266300
1999-07-19,5.265000
1999-07-20,5.276300
1999-07-21,5.228800
1999-07-22,5.215700
1999-07-23,5.293900
1999-07-26,5.300700
1999-07-27,5.282800
1999-07-28,5.298300
1999-07-29,5.383800
1999-07-30,5.364900
1999-08-02,5.295800
1999-08-03,5.311200
1999-08-04,5.266200
1999-08-05,5.322800
1999-08-06,5.487900
1999-08-09,5.443800
1999-08-10,5.437700
1999-08-11,5.424000
1999-08-12,5.370900
1999-08-13,5.352800
1999-08-16,5.349600
1999-08-17,5.339100
1999-08-18,5.254000
1999-08-19,5.198000
1999-08-20,5.220200
1999-08-23,5.203300
1999-08-24,5.199500
1999-08-25,5.095100
1999-08-26,5.111800
1999-08-27,5.145900
1999-08-31,5.168000
1999-09-01,5.242600
1999-09-02,5.389600
1999-09-03,5.306600
1999-09-06,5.309100
1999-09-07,5.420000
1999-09-08,5.498000
1999-09-09,5.504200
1999-09-10,5.560600
1999-09-13,5.597100
1999-09-14,5.602800
1999-09-15,5.635300
1999-09-16,5.567700
1999-09-17,5.483300
1999-09-20,5.539500
1999-09-21,5.584000
1999-09-22,5.636300
1999-09-23,5.633200
1999-09-24,5.570700
1999-09-27,5.659700
1999-09-28,5.679900
1999-09-29,5.707200
1999-09-30,5.626900
1999-10-01,5.743400
1999-10-04,5.695400
1999-10-05,5.690900
1999-10-06,5.686500
1999-10-07,5.660800
1999-10-08,5.681700
1999-10-11,5.678600
1999-10-12,5.753300
1999-10-13,5.719200
1999-10-14,5.869900
1999-10-15,5.798900
1999-10-18,5.772500
1999-10-19,5.738000
1999-10-20,5.768900
1999-10-21,5.701900
1999-10-22,5.718800
1999-10-25,5.813100
1999-10-26,5.746800
1999-10-27,5.620500
1999-10-28,5.486700
1999-10-29,5.379000
1999-11-01,5.351400
1999-11-02,5.250000
1999-11-03,5.245500
1999-11-04,5.075500
1999-11-05,5.037800
1999-11-08,5.060500
1999-11-09,5.099400
1999-11-10,5.119500
1999-11-11,5.107900
1999-11-12,4.986300
1999-11-15,5.003400
1999-11-16,4.927700
1999-11-17,5.004600
1999-11-18,5.064500
1999-11-19,5.088200
1999-11-22,5.140700
1999-11-23,5.136200
1999-11-24,5.203000
1999-11-25,5.266600
1999-11-26,5.254900
1999-11-29,5.217100
1999-11-30,5.153200
1999-12-01,5.161000
1999-12-02,5.249900
1999-12-03,5.324700
1999-12-06,5.270800
1999-12-07,5.180100
1999-12-08,5.188000
1999-12-09,5.112300
1999-12-10,5.015400
1999-12-13,5.031400
1999-12-14,5.076500
1999-12-15,5.038600
1999-12-16,5.206700
1999-12-17,5.207200
1999-12-20,5.219500
1999-12-21,5.227600
1999-12-22,5.312400
1999-12-23,5.300900
1999-12-24,5.304200
1999-12-29,5.309300
1999-12-30,5.375600
2000-01-04,5.523000
2000-01-05,5.603200
2000-01-06,5.606700
2000-01-07,5.557100
2000-01-10,5.488800
2000-01-11,5.568900
2000-01-12,5.626000
2000-01-13,5.539800
2000-01-14,5.584800
2000-01-17,5.637100
2000-01-18,5.729900
2000-01-19,5.672200
2000-01-20,5.714700
2000-01-21,5.689800
2000-01-24,5.672100
2000-01-25,5.597100
2000-01-26,5.600800
2000-01-27,5.696300
2000-01-28,5.719600
2000-01-31,5.613900
2000-02-01,5.475200
2000-02-02,5.492300
2000-02-03,5.430600
2000-02-04,5.514600
2000-02-07,5.526100
2000-02-08,5.488400
2000-02-09,5.521600
2000-02-10,5.562900
2000-02-11,5.532700
2000-02-14,5.473800
2000-02-15,5.481500
2000-02-16,5.574500
2000-02-17,5.539600
2000-02-18,5.484100
2000-02-21,5.403300
2000-02-22,5.313700
2000-02-23,5.336600
2000-02-24,5.238100
2000-02-25,5.227200
2000-02-28,5.243600
2000-02-29,5.335000
2000-03-01,5.306700
2000-03-02,5.331900
2000-03-03,5.252800
2000-03-06,5.198200
2000-03-07,5.169100
2000-03-08,5.188200
2000-03-09,5.154300
2000-03-10,5.203100
2000-03-13,5.193100
2000-03-14,5.217400
2000-03-15,5.188600
2000-03-16,5.078600
2000-03-17,5.031600
2000-03-20,5.073200
2000-03-21,5.099800
2000-03-22,5.189100
2000-03-23,5.133500
2000-03-24,5.149800
2000-03-27,5.263200
2000-03-28,5.222800
2000-03-29,5.224400
2000-03-30,5.158700
2000-03-31,5.147800
2000-04-03,5.103100
2000-04-04,5.133600
2000-04-05,5.048800
2000-04-06,5.129400
2000-04-07,5.068300
2000-04-10,5.103200
2000-04-11,5.080000
2000-04-12,5.106800
2000-04-13,5.160300
2000-04-14,5.172300
2000-04-17,5.195400
2000-04-18,5.176900
2000-04-19,5.184200
2000-04-20,5.192200
2000-04-25,5.235500
2000-04-26,5.193200
2000-04-27,5.155600
2000-04-28,5.097700
2000-05-02,5.125000
2000-05-03,5.139100
2000-05-04,5.247600
2000-05-05,5.283800
2000-05-08,5.234800
2000-05-09,5.186100
2000-05-10,5.181900
2000-05-11,5.287100
2000-05-12,5.283200
2000-05-15,5.221800
2000-05-16,5.189600
2000-05-17,5.305400
2000-05-18,5.372200
2000-05-19,5.387300
2000-05-22,5.307100
2000-05-23,5.327800
2000-05-24,5.285100
2000-05-25,5.196700
2000-05-26,5.106200
2000-05-30,5.123700
2000-05-31,5.051300
2000-06-01,5.015400
2000-06-02,4.935300
2000-06-05,4.968600
2000-06-06,5.003500
2000-06-07,5.005300
2000-06-08,5.048300
2000-06-09,5.003600
2000-06-12,4.994500
2000-06-13,4.991900
2000-06-14,5.031500
2000-06-15,5.075700
2000-06-16,4.977400
2000-06-19,5.000800
2000-06-20,5.048100
2000-06-21,5.151500
2000-06-22,5.128400
2000-06-23,5.169100
2000-06-26,5.129700
2000-06-27,5.135000
2000-06-28,5.118600
2000-06-29,5.068400
2000-06-30,5.073100
2000-07-03,5.113700
2000-07-04,5.080700
2000-07-05,5.040900
2000-07-06,5.105300
2000-07-07,5.040500
2000-07-10,5.096600
2000-07-11,5.067000
2000-07-12,5.067500
2000-07-13,5.078700
2000-07-14,5.159500
2000-07-17,5.171300
2000-07-18,5.149700
2000-07-19,5.109400
2000-07-20,5.082200
2000-07-21,5.036000
2000-07-24,5.048200
2000-07-25,5.040700
2000-07-26,5.032700
2000-07-27,5.052900
2000-07-28,5.136300
2000-07-31,5.135700
2000-08-01,5.114700
2000-08-02,5.140800
2000-08-03,5.134500
2000-08-04,5.169600
2000-08-07,5.148000
2000-08-08,5.132800
2000-08-09,5.139700
2000-08-10,5.150900
2000-08-11,5.103400
2000-08-14,5.158100
2000-08-15,5.198700
2000-08-16,5.195900
2000-08-17,5.211800
2000-08-18,5.198400
2000-08-21,5.243100
2000-08-22,5.236000
2000-08-23,5.208300
2000-08-24,5.167800
2000-08-25,5.182600
2000-08-29,5.238200
2000-08-30,5.245600
2000-08-31,5.249100
2000-09-01,5.157400
2000-09-04,5.156700
2000-09-05,5.191700
2000-09-06,5.202400
2000-09-07,5.190200
2000-09-08,5.248800
2000-09-11,5.256100
2000-09-12,5.325300
2000-09-13,5.334700
2000-09-14,5.272500
2000-09-15,5.312800
2000-09-18,5.313600
2000-09-19,5.282500
2000-09-20,5.287500
2000-09-21,5.261000
2000-09-22,5.217700
2000-09-25,5.274200
2000-09-26,5.267700
2000-09-27,5.254900
2000-09-28,5.236600
2000-09-29,5.136700
2000-10-02,5.137900
2000-10-03,5.147300
2000-10-04,5.159600
2000-10-05,5.156700
2000-10-06,5.140100
2000-10-09,5.058800
2000-10-10,5.062900
2000-10-11,5.040500
2000-10-12,5.023700
2000-10-13,5.047100
2000-10-16,5.046600
2000-10-17,5.058200
2000-10-18,5.046300
2000-10-19,5.070400
2000-10-20,5.068700
2000-10-23,5.083600
2000-10-24,5.088500
2000-10-25,5.088400
2000-10-26,5.086000
2000-10-27,5.126100
2000-10-30,5.107900
2000-10-31,5.087400
2000-11-01,5.087400
2000-11-02,5.082200
2000-11-03,5.065500
2000-11-06,5.064900
2000-11-07,5.091400
2000-11-08,5.093000
2000-11-09,5.069900
2000-11-10,5.047700
2000-11-13,5.018500
2000-11-14,5.043100
2000-11-15,5.035600
2000-11-16,4.993200
2000-11-17,5.014900
2000-11-20,5.017800
2000-11-21,4.988900
2000-11-22,4.892100
2000-11-23,4.844000
2000-11-24,4.844300
2000-11-27,4.796900
2000-11-28,4.784700
2000-11-29,4.818700
2000-11-30,4.789100
2000-12-01,4.777700
2000-12-04,4.754700
2000-12-05,4.769900
2000-12-06,4.768000
2000-12-07,4.782500
2000-12-08,4.828500
2000-12-11,4.825400
2000-12-12,4.843300
2000-12-13,4.786400
2000-12-14,4.812900
2000-12-15,4.774300
2000-12-18,4.774200
2000-12-19,4.815700
2000-12-20,4.813700
2000-12-21,4.845900
2000-12-22,4.832400
2000-12-27,4.800200
2000-12-28,4.802400
2000-12-29,4.780900
2001-01-02,4.694700
2001-01-03,4.603900
2001-01-04,4.668000
2001-01-05,4.676100
2001-01-08,4.687900
2001-01-09,4.740900
2001-01-10,4.726100
2001-01-11,4.727100
2001-01-12,4.794000
2001-01-15,4.769800
2001-01-16,4.806800
2001-01-17,4.805700
2001-01-18,4.792400
2001-01-19,4.787900
2001-01-22,4.830600
2001-01-23,4.819000
2001-01-24,4.792300
2001-01-25,4.774400
2001-01-26,4.711900
2001-01-29,4.722200
2001-01-30,4.727500
2001-01-31,4.671800
2001-02-01,4.678600
2001-02-02,4.683100
2001-02-05,4.681900
2001-02-06,4.676600
2001-02-07,4.639400
2001-02-08,4.697100
2001-02-09,4.670100
2001-02-12,4.681400
2001-02-13,4.685400
2001-02-14,4.739400
2001-02-15,4.760200
2001-02-16,4.757400
2001-02-19,4.751500
2001-02-20,4.759000
2001-02-21,4.780200
2001-02-22,4.809500
2001-02-23,4.794300
2001-02-26,4.794800
2001-02-27,4.732100
2001-02-28,4.707900
2001-03-01,4.652000
2001-03-02,4.652700
2001-03-05,4.673700
2001-03-06,4.672700
2001-03-07,4.689500
2001-03-08,4.680400
2001-03-09,4.688200
2001-03-12,4.682500
2001-03-13,4.684800
2001-03-14,4.602700
2001-03-15,4.554800
2001-03-16,4.496300
2001-03-19,4.495200
2001-03-20,4.526700
2001-03-21,4.537400
2001-03-22,4.485400
2001-03-23,4.529100
2001-03-26,4.569400
2001-03-27,4.618800
2001-03-28,4.625300
2001-03-29,4.692700
2001-03-30,4.721800
2001-04-02,4.733900
2001-04-03,4.713300
2001-04-04,4.758000
2001-04-05,4.760300
2001-04-06,4.704000
2001-04-09,4.706900
2001-04-10,4.735500
2001-04-11,4.819400
2001-04-12,4.875500
2001-04-17,4.909700
2001-04-18,4.987700
2001-04-19,5.026600
2001-04-20,5.004000
2001-04-23,4.964000
2001-04-24,4.960900
2001-04-25,4.991000
2001-04-26,4.948200
2001-04-27,5.002800
2001-04-30,5.065000
2001-05-01,5.036200
2001-05-02,5.004100
2001-05-03,4.982600
2001-05-04,4.939100
2001-05-08,4.936100
2001-05-09,4.905300
2001-05-10,4.929900
2001-05-11,4.979000
2001-05-14,5.039900
2001-05-15,5.040000
2001-05-16,4.999600
2001-05-17,5.006900
2001-05-18,5.041700
2001-05-21,5.047300
2001-05-22,5.058600
2001-05-23,5.115400
2001-05-24,5.128500
2001-05-25,5.167400
2001-05-29,5.146000
2001-05-30,5.148000
2001-05-31,5.162700
2001-06-01,5.078900
2001-06-04,5.093200
2001-06-05,5.033700
2001-06-06,5.035500
2001-06-07,5.082600
2001-06-08,5.111300
2001-06-11,5.077300
2001-06-12,5.155000
2001-06-13,5.166500
2001-06-14,5.102100
2001-06-15,5.089700
2001-06-18,5.087700
2001-06-19,5.097500
2001-06-20,5.112700
2001-06-21,5.144900
2001-06-22,5.069800
2001-06-25,5.044600
2001-06-26,5.084500
2001-06-27,5.114800
2001-06-28,5.195500
2001-06-29,5.232900
2001-07-02,5.252600
2001-07-03,5.281300
2001-07-04,5.255700
2001-07-05,5.253800
2001-07-06,5.129800
2001-07-09,5.173400
2001-07-10,5.150600
2001-07-11,5.066200
2001-07-12,5.092700
2001-07-13,5.127300
2001-07-16,5.106400
2001-07-17,5.103900
2001-07-18,5.072200
2001-07-19,5.094500
2001-07-20,5.035300
2001-07-23,5.034000
2001-07-24,5.037600
2001-07-25,5.048500
2001-07-26,5.063000
2001-07-27,5.036000
2001-07-30,5.019100
2001-07-31,5.000200
2001-08-01,5.032500
2001-08-02,5.083900
2001-08-03,5.058800
2001-08-06,5.019900
2001-08-07,4.999500
2001-08-08,4.934900
2001-08-09,4.874400
2001-08-10,4.845500
2001-08-13,4.841800
2001-08-14,4.894100
2001-08-15,4.922400
2001-08-16,4.892500
2001-08-17,4.820700
2001-08-20,4.847200
2001-08-21,4.861100
2001-08-22,4.884900
2001-08-23,4.877200
2001-08-24,4.913800
2001-08-28,4.827900
2001-08-29,4.828900
2001-08-30,4.810900
2001-08-31,4.865200
2001-09-03,4.871100
2001-09-04,5.013700
2001-09-05,5.040800
2001-09-06,5.011800
2001-09-07,4.937600
2001-09-10,4.939400
2001-09-11,4.900800
2001-09-12,4.905700
2001-09-13,4.940000
2001-09-14,4.863100
2001-09-17,4.899500
2001-09-18,4.906800
2001-09-19,4.936100
2001-09-20,4.948900
2001-09-21,4.945800
2001-09-24,4.979500
2001-09-25,4.974500
2001-09-26,4.918900
2001-09-27,4.897600
2001-09-28,4.917200
2001-10-01,4.925900
2001-10-02,4.890600
2001-10-03,4.826800
2001-10-04,4.821500
2001-10-05,4.813600
2001-10-08,4.758300
2001-10-09,4.819700
2001-10-10,4.821500
2001-10-11,4.873100
2001-10-12,4.860200
2001-10-15,4.797900
2001-10-16,4.793500
2001-10-17,4.814800
2001-10-18,4.807900
2001-10-19,4.801900
2001-10-22,4.796900
2001-10-23,4.814300
2001-10-24,4.749900
2001-10-25,4.698700
2001-10-26,4.705500
2001-10-29,4.650600
2001-10-30,4.576400
2001-10-31,4.536800
2001-11-01,4.452900
2001-11-02,4.509100
2001-11-05,4.450000
2001-11-06,4.446000
2001-11-07,4.418000
2001-11-08,4.439400
2001-11-09,4.419500
2001-11-12,4.409800
2001-11-13,4.521300
2001-11-14,4.584400
2001-11-15,4.664800
2001-11-16,4.669800
2001-11-19,4.664000
2001-11-20,4.665000
2001-11-21,4.724500
2001-11-22,4.725900
2001-11-23,4.708700
2001-11-26,4.673600
2001-11-27,4.758700
2001-11-28,4.702300
2001-11-29,4.671900
2001-11-30,4.647900
2001-12-03,4.624700
2001-12-04,4.617800
2001-12-05,4.748100
2001-12-06,4.821500
2001-12-07,4.951600
2001-12-10,4.922700
2001-12-11,4.887000
2001-12-12,4.777400
2001-12-13,4.786700
2001-12-14,4.786700
2001-12-17,4.851900
2001-12-18,4.846100
2001-12-19,4.804800
2001-12-20,4.823900
2001-12-21,4.869600
2001-12-24,4.827900
2001-12-27,4.961800
2001-12-28,5.001400
2001-12-31,5.032600
2002-01-02,4.969000
2002-01-03,4.924100
2002-01-04,4.957400
2002-01-07,4.875400
2002-01-08,4.876300
2002-01-09,4.917400
2002-01-10,4.867100
2002-01-11,4.849900
2002-01-14,4.802500
2002-01-15,4.799400
2002-01-16,4.760700
2002-01-17,4.780600
2002-01-18,4.810000
2002-01-21,4.767900
2002-01-22,4.807900
2002-01-23,4.795300
2002-01-24,4.871600
2002-01-25,4.956800
2002-01-28,4.935000
2002-01-29,4.910900
2002-01-30,4.863700
2002-01-31,4.813800
2002-02-01,4.795900
2002-02-04,4.752700
2002-02-05,4.726200
2002-02-06,4.760800
2002-02-07,4.890500
2002-02-08,4.877300
2002-02-11,4.884700
2002-02-12,4.951400
2002-02-13,4.952300
2002-02-14,4.908400
2002-02-15,4.838000
2002-02-18,4.832600
2002-02-19,4.856200
2002-02-20,4.878800
2002-02-21,4.906400
2002-02-22,4.859100
2002-02-25,4.886000
2002-02-26,4.931300
2002-02-27,4.919800
2002-02-28,4.923000
2002-03-01,4.976000
2002-03-04,4.973000
2002-03-05,5.037000
2002-03-06,5.089000
2002-03-07,5.138300
2002-03-08,5.134100
2002-03-11,5.113100
2002-03-12,5.122500
2002-03-13,5.155900
2002-03-14,5.196000
2002-03-15,5.181000
2002-03-18,5.174600
2002-03-19,5.187300
2002-03-20,5.220100
2002-03-21,5.239400
2002-03-22,5.246000
2002-03-25,5.266700
2002-03-26,5.238600
2002-03-27,5.178200
2002-03-28,5.245600
2002-04-02,5.242000
2002-04-03,5.181200
2002-04-04,5.130000
2002-04-05,5.147100
2002-04-08,5.167900
2002-04-09,5.180400
2002-04-10,5.201300
2002-04-11,5.134400
2002-04-12,5.133000
2002-04-15,5.110300
2002-04-16,5.189100
2002-04-17,5.189600
2002-04-18,5.223500
2002-04-19,5.228800
2002-04-22,5.190700
2002-04-23,5.227100
2002-04-24,5.194800
2002-04-25,5.138100
2002-04-26,5.102200
2002-04-29,5.160800
2002-04-30,5.155300
2002-05-01,5.116100
2002-05-02,5.179700
2002-05-03,5.126000
2002-05-07,5.119400
2002-05-08,5.168600
2002-05-09,5.204000
2002-05-10,5.218000
2002-05-13,5.226800
2002-05-14,5.259400
2002-05-15,5.255700
2002-05-16,5.256000
2002-05-17,5.295300
2002-05-20,5.224400
2002-05-21,5.219400
2002-05-22,5.215700
2002-05-23,5.204800
2002-05-24,5.200300
2002-05-27,5.269700
2002-05-28,5.234600
2002-05-29,5.222600
2002-05-30,5.211000
2002-05-31,5.228200
2002-06-05,5.192700
2002-06-06,5.189200
2002-06-07,5.197200
2002-06-10,5.172700
2002-06-11,5.189800
2002-06-12,5.170200
2002-06-13,5.053900
2002-06-14,4.989200
2002-06-17,4.994400
2002-06-18,4.971800
2002-06-19,4.944000
2002-06-20,4.983400
2002-06-21,4.995800
2002-06-24,4.925600
2002-06-25,4.998600
2002-06-26,4.911500
2002-06-27,4.911800
2002-06-28,4.971500
2002-07-01,4.979500
2002-07-02,4.974700
2002-07-03,5.002100
2002-07-04,5.032700
2002-07-05,5.084400
2002-07-08,5.096200
2002-07-09,5.095500
2002-07-10,5.036000
2002-07-11,4.964900
2002-07-12,4.929900
2002-07-15,4.898200
2002-07-16,4.913500
2002-07-17,4.974900
2002-07-18,4.956500
2002-07-19,4.915100
2002-07-22,4.892100
2002-07-23,4.910800
2002-07-24,4.835500
2002-07-25,4.877900
2002-07-26,4.897600
2002-07-29,4.954800
2002-07-30,4.949000
2002-07-31,4.920100
2002-08-01,4.867400
2002-08-02,4.829400
2002-08-05,4.742300
2002-08-06,4.780500
2002-08-07,4.702000
2002-08-08,4.733900
2002-08-09,4.701300
2002-08-12,4.669200
2002-08-13,4.656200
2002-08-14,4.590300
2002-08-15,4.719200
2002-08-16,4.730300
2002-08-19,4.733900
2002-08-20,4.697200
2002-08-21,4.757300
2002-08-22,4.811200
2002-08-23,4.772200
2002-08-27,4.767000
2002-08-28,4.683900
2002-08-29,4.625400
2002-08-30,4.639400
2002-09-02,4.578000
2002-09-03,4.502200
2002-09-04,4.499400
2002-09-05,4.495800
2002-09-06,4.478900
2002-09-09,4.488000
2002-09-10,4.545700
2002-09-11,4.592300
2002-09-12,4.537500
2002-09-13,4.521300
2002-09-16,4.458800
2002-09-17,4.487600
2002-09-18,4.435100
2002-09-19,4.389700
2002-09-20,4.447700
2002-09-23,4.419400
2002-09-24,4.407900
2002-09-25,4.451700
2002-09-26,4.478500
2002-09-27,4.478500
2002-09-30,4.412000
2002-10-01,4.443400
2002-10-02,4.492300
2002-10-03,4.519800
2002-10-04,4.531400
2002-10-07,4.464700
2002-10-08,4.458600
2002-10-09,4.447400
2002-10-10,4.521800
2002-10-11,4.555200
2002-10-14,4.581000
2002-10-15,4.677700
2002-10-16,4.711400
2002-10-17,4.684800
2002-10-18,4.697000
2002-10-21,4.707300
2002-10-22,4.763600
2002-10-23,4.700900
2002-10-24,4.736800
2002-10-25,4.701300
2002-10-28,4.664600
2002-10-29,4.621800
2002-10-30,4.644200
2002-10-31,4.599200
2002-11-01,4.639900
2002-11-04,4.671400
2002-11-05,4.721900
2002-11-06,4.726300
2002-11-07,4.637800
2002-11-08,4.584600
2002-11-11,4.546100
2002-11-12,4.516100
2002-11-13,4.532900
2002-11-14,4.575800
2002-11-15,4.577200
2002-11-18,4.586900
2002-11-19,4.570000
2002-11-20,4.558200
2002-11-21,4.654300
2002-11-22,4.660100
2002-11-25,4.669900
2002-11-26,4.632900
2002-11-27,4.702100
2002-11-28,4.697300
2002-11-29,4.689800
2002-12-02,4.728800
2002-12-03,4.699200
2002-12-04,4.679200
2002-12-05,4.630400
2002-12-06,4.590500
2002-12-09,4.572800
2002-12-10,4.587500
2002-12-11,4.577100
2002-12-12,4.548900
2002-12-13,4.541600
2002-12-16,4.548100
2002-12-17,4.558400
2002-12-18,4.502700
2002-12-19,4.493000
2002-12-20,4.508700
2002-12-23,4.494500
2002-12-24,4.500400
2002-12-27,4.425600
2002-12-30,4.427500
2002-12-31,4.396700
2003-01-02,4.476300
2003-01-03,4.499300
2003-01-06,4.494300
2003-01-07,4.483700
2003-01-08,4.438700
2003-01-09,4.452900
2003-01-10,4.442400
2003-01-13,4.479700
2003-01-14,4.474500
2003-01-15,4.473600
2003-01-16,4.459000
2003-01-17,4.359100
2003-01-20,4.347600
2003-01-21,4.342800
2003-01-22,4.346200
2003-01-23,4.331100
2003-01-24,4.243900
2003-01-27,4.229700
2003-01-28,4.234600
2003-01-29,4.231100
2003-01-30,4.288000
2003-01-31,4.280700
2003-02-03,4.304600
2003-02-04,4.232100
2003-02-05,4.241100
2003-02-06,4.238100
2003-02-07,4.224500
2003-02-10,4.239400
2003-02-11,4.225500
2003-02-12,4.175600
2003-02-13,4.173100
2003-02-14,4.217900
2003-02-17,4.225600
2003-02-18,4.230700
2003-02-19,4.181100
2003-02-20,4.162100
2003-02-21,4.207700
2003-02-24,4.189200
2003-02-25,4.192400
2003-02-26,4.237900
2003-02-27,4.293300
2003-02-28,4.227000
2003-03-03,4.168100
2003-03-04,4.173600
2003-03-05,4.179400
2003-03-06,4.174700
2003-03-07,4.127300
2003-03-10,4.100200
2003-03-11,4.097800
2003-03-12,4.112900
2003-03-13,4.248800
2003-03-14,4.316600
2003-03-17,4.453900
2003-03-18,4.445500
2003-03-19,4.550300
2003-03-20,4.540400
2003-03-21,4.607600
2003-03-24,4.534300
2003-03-25,4.508200
2003-03-26,4.512700
2003-03-27,4.465100
2003-03-28,4.438500
2003-03-31,4.354900
2003-04-01,4.382400
2003-04-02,4.451600
2003-04-03,4.491500
2003-04-04,4.503800
2003-04-07,4.571200
2003-04-08,4.532400
2003-04-09,4.529200
2003-04-10,4.468600
2003-04-11,4.530800
2003-04-14,4.538900
2003-04-15,4.518500
2003-04-16,4.489800
2003-04-17,4.468800
2003-04-22,4.456900
2003-04-23,4.499400
2003-04-24,4.434800
2003-04-25,4.422800
2003-04-28,4.430100
2003-04-29,4.442400
2003-04-30,4.420200
2003-05-01,4.354200
2003-05-02,4.426400
2003-05-06,4.426000
2003-05-07,4.344800
2003-05-08,4.308100
2003-05-09,4.298400
2003-05-12,4.281000
2003-05-13,4.270700
2003-05-14,4.281500
2003-05-15,4.253600
2003-05-16,4.207900
2003-05-19,4.172000
2003-05-20,4.141400
2003-05-21,4.115300
2003-05-22,4.109300
2003-05-23,4.060300
2003-05-27,4.091800
2003-05-28,4.187700
2003-05-29,4.131800
2003-05-30,4.157900
2003-06-02,4.203100
2003-06-03,4.111100
2003-06-04,4.154900
2003-06-05,4.090300
2003-06-06,4.159500
2003-06-09,4.055300
2003-06-10,4.039300
2003-06-11,4.014900
2003-06-12,4.027400
2003-06-13,3.966400
2003-06-16,3.980700
2003-06-17,4.048500
2003-06-18,4.141100
2003-06-19,4.166500
2003-06-20,4.169500
2003-06-23,4.150300
2003-06-24,4.179200
2003-06-25,4.149200
2003-06-26,4.268100
2003-06-27,4.317500
2003-06-30,4.269800
2003-07-01,4.263200
2003-07-02,4.343100
2003-07-03,4.406100
2003-07-04,4.363300
2003-07-07,4.387800
2003-07-08,4.389400
2003-07-09,4.390500
2003-07-10,4.328500
2003-07-11,4.311700
2003-07-14,4.296800
2003-07-15,4.397300
2003-07-16,4.434700
2003-07-17,4.478100
2003-07-18,4.458800
2003-07-21,4.505000
2003-07-22,4.483100
2003-07-23,4.446000
2003-07-24,4.518800
2003-07-25,4.438200
2003-07-28,4.572200
2003-07-29,4.503000
2003-07-30,4.529100
2003-07-31,4.607500
2003-08-01,4.607100
2003-08-04,4.560100
2003-08-05,4.590000
2003-08-06,4.521500
2003-08-07,4.488300
2003-08-08,4.410500
2003-08-11,4.480800
2003-08-12,4.492200
2003-08-13,4.601000
2003-08-14,4.665900
2003-08-15,4.631200
2003-08-18,4.619200
2003-08-19,4.610100
2003-08-20,4.639900
2003-08-21,4.662600
2003-08-22,4.654200
2003-08-26,4.658800
2003-08-27,4.686900
2003-08-28,4.635200
2003-08-29,4.656200
2003-09-01,4.662100
2003-09-02,4.784900
2003-09-03,4.807400
2003-09-04,4.787700
2003-09-05,4.745000
2003-09-08,4.701600
2003-09-09,4.763100
2003-09-10,4.708600
2003-09-11,4.728600
2003-09-12,4.615600
2003-09-15,4.643900
2003-09-16,4.693500
2003-09-17,4.708200
2003-09-18,4.671900
2003-09-19,4.655700
2003-09-22,4.653500
2003-09-23,4.638300
2003-09-24,4.658000
2003-09-25,4.643100
2003-09-26,4.573800
2003-09-29,4.606400
2003-09-30,4.584400
2003-10-01,4.585700
2003-10-02,4.693400
2003-10-03,4.776000
2003-10-06,4.736900
2003-10-07,4.767100
2003-10-08,4.781800
2003-10-09,4.831500
2003-10-10,4.765400
2003-10-13,4.849900
2003-10-14,4.882200
2003-10-15,4.932900
2003-10-16,4.913600
2003-10-17,4.917900
2003-10-20,4.909700
2003-10-21,4.882900
2003-10-22,4.931900
2003-10-23,4.955800
2003-10-24,4.976200
2003-10-27,5.021900
2003-10-28,4.992300
2003-10-29,5.039800
2003-10-30,5.050400
2003-10-31,5.009300
2003-11-03,5.107500
2003-11-04,5.049500
2003-11-05,4.999500
2003-11-06,5.069200
2003-11-07,5.077500
2003-11-10,5.062100
2003-11-11,5.075900
2003-11-12,5.054000
2003-11-13,5.001500
2003-11-14,4.980600
2003-11-17,4.950000
2003-11-18,4.935800
2003-11-19,5.007200
2003-11-20,5.000400
2003-11-21,4.997700
2003-11-24,5.068600
2003-11-25,5.083600
2003-11-26,4.992000
2003-11-27,5.031900
2003-11-28,5.047300
2003-12-01,5.054400
2003-12-02,5.067400
2003-12-03,5.042600
2003-12-04,5.029200
2003-12-05,4.910000
2003-12-08,4.953000
2003-12-09,4.947500
2003-12-10,4.903700
2003-12-11,4.936300
2003-12-12,4.839700
2003-12-15,4.832400
2003-12-16,4.768500
2003-12-17,4.744200
2003-12-18,4.749700
2003-12-19,4.789600
2003-12-22,4.771400
2003-12-23,4.762000
2003-12-24,4.760700
2003-12-29,4.768500
2003-12-30,4.813100
2003-12-31,4.773300
2004-01-02,4.832100
2004-01-05,4.854100
2004-01-06,4.828300
2004-01-07,4.799800
2004-01-08,4.792500
2004-01-09,4.678200
2004-01-12,4.653700
2004-01-13,4.657900
2004-01-14,4.673800
2004-01-15,4.688700
2004-01-16,4.718800
2004-01-19,4.714200
2004-01-20,4.702300
2004-01-21,4.743900
2004-01-22,4.764700
2004-01-23,4.727100
2004-01-26,4.806200
2004-01-27,4.772000
2004-01-28,4.785800
2004-01-29,4.881400
2004-01-30,4.857200
2004-02-02,4.858600
2004-02-03,4.858800
2004-02-04,4.825100
2004-02-05,4.823600
2004-02-06,4.791200
2004-02-09,4.779600
2004-02-10,4.759500
2004-02-11,4.730700
2004-02-12,4.736400
2004-02-13,4.725100
2004-02-16,4.725700
2004-02-17,4.712500
2004-02-18,4.760700
2004-02-19,4.808400
2004-02-20,4.802200
2004-02-23,4.830400
2004-02-24,4.751000
2004-02-25,4.743300
2004-02-26,4.772200
2004-02-27,4.735000
2004-03-01,4.759400
2004-03-02,4.754300
2004-03-03,4.842600
2004-03-04,4.806500
2004-03-05,4.705500
2004-03-08,4.633000
2004-03-09,4.601100
2004-03-10,4.617300
2004-03-11,4.612500
2004-03-12,4.606900
2004-03-15,4.594600
2004-03-16,4.641800
2004-03-17,4.634000
2004-03-18,4.638300
2004-03-19,4.655100
2004-03-22,4.636800
2004-03-23,4.638100
2004-03-24,4.625400
2004-03-25,4.630100
2004-03-26,4.644500
2004-03-29,4.752200
2004-03-30,4.752700
2004-03-31,4.718400
2004-04-01,4.739900
2004-04-02,4.854400
2004-04-05,4.897700
2004-04-06,4.885800
2004-04-07,4.852600
2004-04-08,4.854900
2004-04-13,4.942700
2004-04-14,4.962300
2004-04-15,4.933700
2004-04-16,4.893700
2004-04-19,4.922100
2004-04-20,4.949700
2004-04-21,4.956600
2004-04-22,4.934200
2004-04-23,4.940800
2004-04-26,4.965900
2004-04-27,4.963200
2004-04-28,4.977400
2004-04-29,4.976600
2004-04-30,4.956400
2004-05-04,4.923500
2004-05-05,4.927100
2004-05-06,4.997700
2004-05-07,5.078200
2004-05-10,5.072000
2004-05-11,5.048100
2004-05-12,5.073300
2004-05-13,5.104700
2004-05-14,5.050600
2004-05-17,5.004800
2004-05-18,5.056900
2004-05-19,5.113700
2004-05-20,5.110200
2004-05-21,5.102200
2004-05-24,5.134600
2004-05-25,5.108300
2004-05-26,5.069800
2004-05-27,5.051300
2004-05-28,5.106200
2004-06-01,5.155500
2004-06-02,5.160400
2004-06-03,5.158000
2004-06-04,5.166600
2004-06-07,5.153200
2004-06-08,5.132600
2004-06-09,5.189800
2004-06-10,5.157100
2004-06-11,5.182300
2004-06-14,5.190200
2004-06-15,5.097700
2004-06-16,5.149200
2004-06-17,5.167200
2004-06-18,5.116400
2004-06-21,5.111600
2004-06-22,5.127600
2004-06-23,5.110400
2004-06-24,5.050300
2004-06-25,5.078100
2004-06-28,5.121800
2004-06-29,5.118300
2004-06-30,5.058700
2004-07-01,5.052800
2004-07-02,4.999900
2004-07-05,5.013200
2004-07-06,5.013100
2004-07-07,4.989300
2004-07-08,4.989900
2004-07-09,5.009500
2004-07-12,4.996700
2004-07-13,5.063200
2004-07-14,5.042400
2004-07-15,5.053100
2004-07-16,4.985300
2004-07-19,4.991900
2004-07-20,4.999200
2004-07-21,5.086600
2004-07-22,5.056900
2004-07-23,5.074000
2004-07-26,5.097200
2004-07-27,5.117300
2004-07-28,5.140200
2004-07-29,5.132900
2004-07-30,5.051800
2004-08-02,5.053300
2004-08-03,5.047800
2004-08-04,5.037900
2004-08-05,4.960300
2004-08-06,4.889900
2004-08-09,4.925200
2004-08-10,4.901000
2004-08-11,4.946200
2004-08-12,4.907300
2004-08-13,4.901500
2004-08-16,4.951300
2004-08-17,4.939100
2004-08-18,4.933000
2004-08-19,4.929100
2004-08-20,4.907800
2004-08-23,4.994400
2004-08-24,4.981800
2004-08-25,4.939200
2004-08-26,4.907300
2004-08-27,4.915800
2004-08-31,4.881000
2004-09-01,4.893600
2004-09-02,4.926700
2004-09-03,4.986100
2004-09-06,4.936200
2004-09-07,4.945100
2004-09-08,4.932100
2004-09-09,4.890200
2004-09-10,4.872000
2004-09-13,4.891400
2004-09-14,4.875100
2004-09-15,4.879600
2004-09-16,4.881000
2004-09-17,4.861700
2004-09-20,4.841500
2004-09-21,4.831500
2004-09-22,4.780900
2004-09-23,4.757700
2004-09-24,4.777200
2004-09-27,4.745000
2004-09-28,4.760500
2004-09-29,4.783100
2004-09-30,4.787800
2004-10-01,4.822500
2004-10-04,4.847400
2004-10-05,4.799300
2004-10-06,4.796700
2004-10-07,4.822700
2004-10-08,4.753500
2004-10-11,4.763300
2004-10-12,4.714200
2004-10-13,4.717700
2004-10-14,4.691500
2004-10-15,4.694600
2004-10-18,4.683300
2004-10-19,4.715200
2004-10-20,4.650800
2004-10-21,4.662900
2004-10-22,4.662600
2004-10-25,4.645500
2004-10-26,4.656000
2004-10-27,4.678500
2004-10-28,4.713700
2004-10-29,4.700200
2004-11-01,4.705900
2004-11-02,4.772300
2004-11-03,4.754100
2004-11-04,4.699500
2004-11-05,4.751400
2004-11-08,4.741100
2004-11-09,4.714300
2004-11-10,4.710700
2004-11-11,4.657000
2004-11-12,4.620400
2004-11-15,4.601100
2004-11-16,4.583400
2004-11-17,4.616000
2004-11-18,4.666900
2004-11-19,4.641400
2004-11-22,4.597800
2004-11-23,4.582600
2004-11-24,4.577600
2004-11-25,4.540700
2004-11-26,4.540700
2004-11-29,4.566100
2004-11-30,4.560600
2004-12-01,4.585400
2004-12-02,4.639700
2004-12-03,4.606100
2004-12-06,4.560300
2004-12-07,4.536600
2004-12-08,4.512400
2004-12-09,4.487600
2004-12-10,4.483300
2004-12-13,4.468200
2004-12-14,4.467000
2004-12-15,4.414700
2004-12-16,4.423500
2004-12-17,4.440300
2004-12-20,4.411300
2004-12-21,4.438000
2004-12-22,4.414300
2004-12-23,4.405800
2004-12-24,4.410600
2004-12-29,4.534600
2004-12-30,4.531000
2004-12-31,4.487200
2005-01-04,4.479400
2005-01-05,4.496900
2005-01-06,4.466500
2005-01-07,4.458500
2005-01-10,4.453700
2005-01-11,4.462800
2005-01-12,4.472100
2005-01-13,4.440700
2005-01-14,4.450000
2005-01-17,4.441500
2005-01-18,4.491500
2005-01-19,4.512300
2005-01-20,4.551000
2005-01-21,4.550000
2005-01-24,4.543600
2005-01-25,4.535100
2005-01-26,4.546400
2005-01-27,4.570700
2005-01-28,4.543300
2005-01-31,4.541900
2005-02-01,4.524800
2005-02-02,4.528100
2005-02-03,4.540800
2005-02-04,4.457700
2005-02-07,4.431300
2005-02-08,4.415300
2005-02-09,4.399400
2005-02-10,4.420400
2005-02-11,4.447300
2005-02-14,4.491100
2005-02-15,4.497800
2005-02-16,4.499300
2005-02-17,4.531500
2005-02-18,4.592800
2005-02-21,4.630600
2005-02-22,4.632700
2005-02-23,4.652800
2005-02-24,4.708400
2005-02-25,4.679500
2005-02-28,4.651400
2005-03-01,4.705500
2005-03-02,4.763900
2005-03-03,4.745100
2005-03-04,4.711700
2005-03-07,4.714700
2005-03-08,4.763400
2005-03-09,4.786900
2005-03-10,4.798500
2005-03-11,4.780100
2005-03-14,4.780400
2005-03-15,4.718400
2005-03-16,4.714500
2005-03-17,4.745100
2005-03-18,4.768100
2005-03-21,4.781600
2005-03-22,4.726100
2005-03-23,4.782500
2005-03-24,4.752700
2005-03-29,4.725700
2005-03-30,4.677300
2005-03-31,4.638200
2005-04-01,4.684600
2005-04-04,4.639300
2005-04-05,4.658000
2005-04-06,4.638600
2005-04-07,4.599100
2005-04-08,4.638800
2005-04-11,4.631300
2005-04-12,4.634000
2005-04-13,4.615400
2005-04-14,4.602500
2005-04-15,4.560500
2005-04-18,4.530000
2005-04-19,4.538000
2005-04-20,4.536800
2005-04-21,4.531200
2005-04-22,4.539900
2005-04-25,4.522000
2005-04-26,4.521000
2005-04-27,4.498600
2005-04-28,4.486300
2005-04-29,4.474900
2005-05-03,4.456800
2005-05-04,4.493300
2005-05-05,4.474800
2005-05-06,4.548100
2005-05-09,4.513800
2005-05-10,4.458600
2005-05-11,4.392700
2005-05-12,4.366600
2005-05-13,4.327400
2005-05-16,4.327400
2005-05-17,4.310600
2005-05-18,4.306100
2005-05-19,4.325000
2005-05-20,4.351800
2005-05-23,4.317300
2005-05-24,4.288800
2005-05-25,4.277200
2005-05-26,4.321100
2005-05-27,4.356800
2005-05-31,4.281100
2005-06-01,4.216500
2005-06-02,4.207100
2005-06-03,4.228600
2005-06-06,4.248600
2005-06-07,4.209200
2005-06-08,4.178800
2005-06-09,4.203400
2005-06-10,4.217400
2005-06-13,4.259700
2005-06-14,4.287500
2005-06-15,4.358800
2005-06-16,4.380300
2005-06-17,4.360600
2005-06-20,4.383100
2005-06-21,4.317600
2005-06-22,4.230400
2005-06-23,4.236800
2005-06-24,4.198300
2005-06-27,4.154900
2005-06-28,4.204100
2005-06-29,4.192000
2005-06-30,4.150800
2005-07-01,4.183200
2005-07-04,4.195200
2005-07-05,4.238600
2005-07-06,4.258200
2005-07-07,4.180000
2005-07-08,4.189800
2005-07-11,4.267700
2005-07-12,4.282800
2005-07-13,4.294800
2005-07-14,4.323400
2005-07-15,4.316300
2005-07-18,4.272700
2005-07-19,4.306700
2005-07-20,4.326700
2005-07-21,4.333300
2005-07-22,4.271100
2005-07-25,4.258900
2005-07-26,4.283400
2005-07-27,4.275000
2005-07-28,4.284200
2005-07-29,4.288400
2005-08-01,4.333100
2005-08-02,4.354200
2005-08-03,4.353900
2005-08-04,4.337300
2005-08-05,4.392800
2005-08-08,4.371400
2005-08-09,4.376800
2005-08-10,4.369900
2005-08-11,4.375200
2005-08-12,4.308000
2005-08-15,4.299400
2005-08-16,4.284800
2005-08-17,4.272400
2005-08-18,4.236600
2005-08-19,4.255200
2005-08-22,4.254300
2005-08-23,4.234900
2005-08-24,4.224500
2005-08-25,4.201100
2005-08-26,4.179600
2005-08-30,4.143700
2005-08-31,4.123800
2005-09-01,4.083500
2005-09-02,4.104700
2005-09-05,4.112800
2005-09-06,4.157500
2005-09-07,4.179600
2005-09-08,4.155200
2005-09-09,4.124300
2005-09-12,4.196300
2005-09-13,4.153900
2005-09-14,4.138500
2005-09-15,4.153900
2005-09-16,4.206300
2005-09-19,4.180900
2005-09-20,4.182200
2005-09-21,4.122000
2005-09-22,4.141300
2005-09-23,4.174100
2005-09-26,4.250100
2005-09-27,4.248800
2005-09-28,4.223800
2005-09-29,4.223800
2005-09-30,4.246400
2005-10-03,4.271100
2005-10-04,4.242800
2005-10-05,4.226300
2005-10-06,4.222500
2005-10-07,4.233700
2005-10-10,4.221700
2005-10-11,4.240100
2005-10-12,4.289800
2005-10-13,4.359900
2005-10-14,4.375800
2005-10-17,4.381500
2005-10-18,4.364700
2005-10-19,4.332500
2005-10-20,4.361200
2005-10-21,4.323600
2005-10-24,4.312900
2005-10-25,4.364400
2005-10-26,4.382200
2005-10-27,4.357400
2005-10-28,4.304100
2005-10-31,4.282300
2005-11-01,4.283300
2005-11-02,4.350500
2005-11-03,4.381200
2005-11-04,4.377900
2005-11-07,4.365800
2005-11-08,4.340900
2005-11-09,4.382500
2005-11-10,4.373700
2005-11-11,4.379100
2005-11-14,4.366100
2005-11-15,4.278800
2005-11-16,4.148600
2005-11-17,4.176600
2005-11-18,4.212300
2005-11-21,4.166300
2005-11-22,4.189700
2005-11-23,4.195200
2005-11-24,4.152100
2005-11-25,4.149400
2005-11-28,4.152300
2005-11-29,4.188500
2005-11-30,4.166500
2005-12-01,4.129600
2005-12-02,4.168400
2005-12-05,4.219600
2005-12-06,4.187500
2005-12-07,4.235000
2005-12-08,4.189100
2005-12-09,4.266500
2005-12-12,4.237100
2005-12-13,4.231500
2005-12-14,4.221300
2005-12-15,4.221400
2005-12-16,4.173900
2005-12-19,4.136800
2005-12-20,4.121000
2005-12-21,4.159000
2005-12-22,4.133800
2005-12-23,4.129100
2005-12-28,4.063500
2005-12-29,4.072600
2005-12-30,4.047600
2006-01-03,4.056800
2006-01-04,4.021700
2006-01-05,4.015600
2006-01-06,4.016600
2006-01-09,4.042100
2006-01-10,4.075700
2006-01-11,4.053300
2006-01-12,4.017500
2006-01-13,3.992700
2006-01-16,3.985300
2006-01-17,3.921500
2006-01-18,3.903300
2006-01-19,3.969700
2006-01-20,3.968700
2006-01-23,3.945500
2006-01-24,3.962600
2006-01-25,4.035900
2006-01-26,4.104400
2006-01-27,4.127300
2006-01-30,4.104900
2006-01-31,4.078300
2006-02-01,4.115900
2006-02-02,4.140500
2006-02-03,4.114300
2006-02-06,4.121800
2006-02-07,4.151400
2006-02-08,4.149100
2006-02-09,4.095200
2006-02-10,4.079400
2006-02-13,4.126000
2006-02-14,4.098000
2006-02-15,4.129800
2006-02-16,4.089500
2006-02-17,4.049200
2006-02-20,4.033900
2006-02-21,4.044800
2006-02-22,4.024400
2006-02-23,4.046500
2006-02-24,4.102700
2006-02-27,4.152900
2006-02-28,4.119200
2006-03-01,4.100800
2006-03-02,4.157300
2006-03-03,4.185600
2006-03-06,4.185800
2006-03-07,4.189300
2006-03-08,4.218400
2006-03-09,4.250900
2006-03-10,4.286600
2006-03-13,4.288500
2006-03-14,4.251400
2006-03-15,4.264700
2006-03-16,4.254800
2006-03-17,4.308900
2006-03-20,4.288300
2006-03-21,4.303600
2006-03-22,4.264900
2006-03-23,4.276700
2006-03-24,4.271300
2006-03-27,4.284100
2006-03-28,4.337800
2006-03-29,4.331400
2006-03-30,4.332200
2006-03-31,4.344400
2006-04-03,4.365900
2006-04-04,4.371000
2006-04-05,4.341000
2006-04-06,4.376800
2006-04-07,4.363800
2006-04-10,4.394800
2006-04-11,4.403600
2006-04-12,4.411900
2006-04-13,4.481200
2006-04-18,4.473300
2006-04-19,4.467000
2006-04-20,4.462600
2006-04-21,4.495500
2006-04-24,4.526900
2006-04-25,4.587300
2006-04-26,4.629800
2006-04-27,4.605600
2006-04-28,4.584500
2006-05-02,4.586000
2006-05-03,4.608200
2006-05-04,4.639300
2006-05-05,4.627000
2006-05-08,4.645700
2006-05-09,4.654700
2006-05-10,4.634300
2006-05-11,4.671500
2006-05-12,4.681400
2006-05-15,4.618600
2006-05-16,4.555200
2006-05-17,4.639500
2006-05-18,4.511600
2006-05-19,4.540700
2006-05-22,4.503300
2006-05-23,4.561100
2006-05-24,4.521300
2006-05-25,4.485700
2006-05-26,4.492400
2006-05-30,4.519800
2006-05-31,4.538900
2006-06-01,4.583900
2006-06-02,4.534200
2006-06-05,4.549800
2006-06-06,4.607200
2006-06-07,4.579200
2006-06-08,4.560400
2006-06-09,4.519300
2006-06-12,4.495300
2006-06-13,4.465700
2006-06-14,4.479900
2006-06-15,4.565400
2006-06-16,4.551700
2006-06-19,4.604500
2006-06-20,4.659300
2006-06-21,4.659200
2006-06-22,4.675700
2006-06-23,4.688600
2006-06-26,4.674600
2006-06-27,4.676000
2006-06-28,4.684600
2006-06-29,4.659800
2006-06-30,4.653200
2006-07-03,4.683600
2006-07-04,4.634900
2006-07-05,4.668800
2006-07-06,4.631500
2006-07-07,4.594300
2006-07-10,4.610300
2006-07-11,4.580800
2006-07-12,4.617300
2006-07-13,4.584300
2006-07-14,4.527600
2006-07-17,4.564200
2006-07-18,4.599100
2006-07-19,4.571200
2006-07-20,4.566700
2006-07-21,4.550800
2006-07-24,4.542300
2006-07-25,4.572500
2006-07-26,4.597900
2006-07-27,4.559500
2006-07-28,4.538100
2006-07-31,4.548400
2006-08-01,4.560600
2006-08-02,4.590300
2006-08-03,4.668900
2006-08-04,4.632000
2006-08-07,4.602200
2006-08-08,4.594200
2006-08-09,4.608900
2006-08-10,4.629200
2006-08-11,4.677100
2006-08-14,4.692300
2006-08-15,4.663700
2006-08-16,4.637000
2006-08-17,4.610200
2006-08-18,4.560800
2006-08-21,4.519900
2006-08-22,4.488300
2006-08-23,4.506200
2006-08-24,4.505500
2006-08-25,4.496500
2006-08-29,4.494400
2006-08-30,4.473600
2006-08-31,4.435700
2006-09-01,4.424800
2006-09-04,4.451900
2006-09-05,4.474200
2006-09-06,4.495000
2006-09-07,4.488200
2006-09-08,4.462300
2006-09-11,4.492100
2006-09-12,4.531900
2006-09-13,4.491300
2006-09-14,4.494900
2006-09-15,4.496900
2006-09-18,4.568200
2006-09-19,4.539100
2006-09-20,4.521900
2006-09-21,4.494500
2006-09-22,4.416200
2006-09-25,4.377300
2006-09-26,4.383200
2006-09-27,4.397000
2006-09-28,4.416800
2006-09-29,4.446600
2006-10-02,4.453100
2006-10-03,4.474800
2006-10-04,4.449600
2006-10-05,4.442600
2006-10-06,4.484900
2006-10-09,4.479500
2006-10-10,4.530400
2006-10-11,4.533300
2006-10-12,4.538000
2006-10-13,4.564900
2006-10-16,4.563900
2006-10-17,4.549700
2006-10-18,4.565800
2006-10-19,4.584200
2006-10-20,4.606300
2006-10-23,4.615300
2006-10-24,4.616500
2006-10-25,4.612700
2006-10-26,4.571900
2006-10-27,4.504800
2006-10-30,4.468600
2006-10-31,4.420400
2006-11-01,4.419100
2006-11-02,4.463300
2006-11-03,4.490300
2006-11-06,4.511900
2006-11-07,4.452000
2006-11-08,4.473900
2006-11-09,4.447500
2006-11-10,4.426500
2006-11-13,4.466400
2006-11-14,4.442500
2006-11-15,4.467700
2006-11-16,4.479800
2006-11-17,4.470700
2006-11-20,4.445200
2006-11-21,4.450300
2006-11-22,4.455200
2006-11-23,4.481900
2006-11-24,4.429800
2006-11-27,4.468500
2006-11-28,4.432900
2006-11-29,4.437300
2006-11-30,4.405900
2006-12-01,4.363800
2006-12-04,4.367500
2006-12-05,4.398900
2006-12-06,4.399900
2006-12-07,4.422900
2006-12-08,4.447900
2006-12-11,4.488200
2006-12-12,4.507700
2006-12-13,4.523500
2006-12-14,4.574800
2006-12-15,4.570700
2006-12-18,4.590200
2006-12-19,4.622200
2006-12-20,4.598400
2006-12-21,4.611500
2006-12-22,4.615600
2006-12-27,4.668400
2006-12-28,4.673000
2006-12-29,4.626100
2007-01-02,4.643400
2007-01-03,4.674700
2007-01-04,4.658800
2007-01-05,4.687700
2007-01-08,4.673800
2007-01-09,4.684400
2007-01-10,4.692200
2007-01-11,4.730600
2007-01-12,4.779300
2007-01-15,4.775000
2007-01-16,4.762000
2007-01-17,4.767600
2007-01-18,4.778700
2007-01-19,4.775400
2007-01-22,4.756400
2007-01-23,4.765900
2007-01-24,4.782400
2007-01-25,4.832500
2007-01-26,4.855300
2007-01-29,4.882700
2007-01-30,4.861300
2007-01-31,4.848800
2007-02-01,4.875800
2007-02-02,4.870200
2007-02-05,4.854800
2007-02-06,4.852700
2007-02-07,4.829800
2007-02-08,4.792800
2007-02-09,4.843900
2007-02-12,4.857600
2007-02-13,4.833800
2007-02-14,4.828600
2007-02-15,4.725500
2007-02-16,4.733300
2007-02-19,4.748900
2007-02-20,4.766300
2007-02-21,4.741700
2007-02-22,4.791300
2007-02-23,4.746100
2007-02-26,4.726100
2007-02-27,4.689000
2007-02-28,4.683200
2007-03-01,4.674700
2007-03-02,4.665500
2007-03-05,4.643300
2007-03-06,4.656200
2007-03-07,4.658600
2007-03-08,4.665500
2007-03-09,4.709000
2007-03-12,4.701200
2007-03-13,4.661900
2007-03-14,4.631000
2007-03-15,4.673800
2007-03-16,4.676100
2007-03-19,4.704800
2007-03-20,4.719300
2007-03-21,4.718200
2007-03-22,4.752400
2007-03-23,4.787300
2007-03-26,4.793900
2007-03-27,4.827700
2007-03-28,4.817000
2007-03-29,4.843300
2007-03-30,4.855800
2007-04-02,4.862200
2007-04-03,4.908400
2007-04-04,4.878900
2007-04-05,4.888100
2007-04-10,4.906900
2007-04-11,4.909900
2007-04-12,4.944000
2007-04-13,4.991200
2007-04-16,4.963100
2007-04-17,4.970800
2007-04-18,4.926400
2007-04-19,4.950000
2007-04-20,4.949400
2007-04-23,4.936800
2007-04-24,4.939400
2007-04-25,4.940000
2007-04-26,4.973700
2007-04-27,4.997600
2007-04-30,4.924900
2007-05-01,4.947700
2007-05-02,4.982300
2007-05-03,5.016100
2007-05-04,4.992500
2007-05-08,4.969900
2007-05-09,4.966200
2007-05-10,4.986700
2007-05-11,4.963800
2007-05-14,5.013300
2007-05-15,5.017800
2007-05-16,5.004800
2007-05-17,5.028800
2007-05-18,5.041000
2007-05-21,5.048800
2007-05-22,5.040400
2007-05-23,5.092000
2007-05-24,5.074400
2007-05-25,5.100600
2007-05-29,5.103800
2007-05-30,5.116700
2007-05-31,5.126200
2007-06-01,5.161300
2007-06-04,5.162500
2007-06-05,5.190000
2007-06-06,5.154800
2007-06-07,5.229700
2007-06-08,5.273700
2007-06-11,5.265600
2007-06-12,5.320600
2007-06-13,5.355300
2007-06-14,5.357000
2007-06-15,5.367000
2007-06-18,5.376500
2007-06-19,5.354900
2007-06-20,5.387200
2007-06-21,5.393200
2007-06-22,5.413200
2007-06-25,5.377700
2007-06-26,5.361500
2007-06-27,5.319500
2007-06-28,5.326300
2007-06-29,5.359200
2007-07-02,5.313800
2007-07-03,5.357900
2007-07-04,5.387100
2007-07-05,5.410200
2007-07-06,5.439400
2007-07-09,5.443900
2007-07-10,5.342300
2007-07-11,5.339100
2007-07-12,5.360300
2007-07-13,5.394800
2007-07-16,5.361900
2007-07-17,5.382400
2007-07-18,5.309900
2007-07-19,5.308100
2007-07-20,5.206400
2007-07-23,5.213900
2007-07-24,5.207900
2007-07-25,5.180500
2007-07-26,5.121500
2007-07-27,5.107200
2007-07-30,5.073400
2007-07-31,5.116300
2007-08-01,5.106900
2007-08-02,5.137200
2007-08-03,5.083900
2007-08-06,5.094200
2007-08-07,5.102300
2007-08-08,5.191000
2007-08-09,5.154900
2007-08-10,5.128900
2007-08-13,5.135300
2007-08-14,5.082600
2007-08-15,5.040000
2007-08-16,5.011400
2007-08-17,5.007000
2007-08-20,4.998800
2007-08-21,4.941000
2007-08-22,5.027800
2007-08-23,4.996100
2007-08-24,5.008700
2007-08-28,4.983000
2007-08-29,4.935500
2007-08-30,4.928900
2007-08-31,4.935200
2007-09-03,4.975700
2007-09-04,4.982400
2007-09-05,4.940700
2007-09-06,4.925100
2007-09-07,4.861700
2007-09-10,4.818200
2007-09-11,4.832200
2007-09-12,4.830700
2007-09-13,4.847300
2007-09-14,4.795100
2007-09-17,4.780500
2007-09-18,4.867700
2007-09-19,4.916000
2007-09-20,4.955800
2007-09-21,5.007900
2007-09-24,4.998900
2007-09-25,4.959900
2007-09-26,4.993900
2007-09-27,5.000200
2007-09-28,4.950500
2007-10-01,4.935100
2007-10-02,4.907400
2007-10-03,4.913100
2007-10-04,4.884700
2007-10-05,4.892000
2007-10-08,4.889700
2007-10-09,4.827800
2007-10-10,4.904300
2007-10-11,4.944900
2007-10-12,5.003300
2007-10-15,5.011100
2007-10-16,5.003100
2007-10-17,4.961800
2007-10-18,4.907000
2007-10-19,4.830300
2007-10-22,4.815600
2007-10-23,4.830400
2007-10-24,4.783000
2007-10-25,4.797100
2007-10-26,4.803600
2007-10-29,4.796700
2007-10-30,4.815700
2007-10-31,4.869300
2007-11-01,4.859400
2007-11-02,4.805300
2007-11-05,4.805900
2007-11-06,4.817400
2007-11-07,4.780100
2007-11-08,4.741200
2007-11-09,4.698100
2007-11-12,4.718400
2007-11-13,4.713100
2007-11-14,4.706500
2007-11-15,4.653300
2007-11-16,4.613700
2007-11-19,4.593600
2007-11-20,4.612100
2007-11-21,4.560200
2007-11-22,4.526800
2007-11-23,4.578200
2007-11-26,4.562100
2007-11-27,4.586800
2007-11-28,4.668500
2007-11-29,4.576600
2007-11-30,4.638200
2007-12-03,4.589100
2007-12-04,4.536500
2007-12-05,4.503300
2007-12-06,4.564600
2007-12-07,4.655300
2007-12-10,4.714100
2007-12-11,4.682300
2007-12-12,4.814600
2007-12-13,4.772000
2007-12-14,4.795400
2007-12-17,4.756500
2007-12-18,4.752900
2007-12-19,4.688500
2007-12-20,4.588200
2007-12-21,4.640500
2007-12-24,4.593700
2007-12-27,4.635600
2007-12-28,4.560700
2007-12-31,4.517600
2008-01-02,4.460300
2008-01-03,4.467800
2008-01-04,4.424200
2008-01-07,4.427800
2008-01-08,4.468100
2008-01-09,4.415500
2008-01-10,4.416200
2008-01-11,4.443800
2008-01-14,4.436200
2008-01-15,4.412800
2008-01-16,4.392200
2008-01-17,4.423300
2008-01-18,4.446100
2008-01-21,4.378400
2008-01-22,4.516300
2008-01-23,4.442300
2008-01-24,4.543400
2008-01-25,4.529900
2008-01-28,4.491400
2008-01-29,4.586000
2008-01-30,4.569800
2008-01-31,4.489000
2008-02-01,4.489000
2008-02-04,4.525900
2008-02-05,4.434200
2008-02-06,4.492900
2008-02-07,4.459500
2008-02-08,4.469800
2008-02-11,4.524000
2008-02-12,4.649200
2008-02-13,4.637600
2008-02-14,4.649700
2008-02-15,4.626200
2008-02-18,4.672000
2008-02-19,4.658800
2008-02-20,4.701000
2008-02-21,4.699400
2008-02-22,4.702300
2008-02-25,4.741200
2008-02-26,4.728200
2008-02-27,4.749700
2008-02-28,4.655500
2008-02-29,4.527100
2008-03-03,4.503500
2008-03-04,4.472000
2008-03-05,4.543900
2008-03-06,4.460800
2008-03-07,4.404800
2008-03-10,4.373100
2008-03-11,4.436000
2008-03-12,4.490400
2008-03-13,4.432300
2008-03-14,4.414500
2008-03-17,4.389400
2008-03-18,4.435800
2008-03-19,4.387800
2008-03-20,4.359400
2008-03-25,4.487300
2008-03-26,4.490600
2008-03-27,4.548300
2008-03-28,4.474700
2008-03-31,4.424500
2008-04-01,4.513500
2008-04-02,4.499300
2008-04-03,4.521200
2008-04-04,4.526800
2008-04-07,4.581700
2008-04-08,4.582000
2008-04-09,4.603000
2008-04-10,4.562600
2008-04-11,4.494600
2008-04-14,4.517000
2008-04-15,4.518200
2008-04-16,4.616900
2008-04-17,4.719200
2008-04-18,4.783700
2008-04-21,4.722200
2008-04-22,4.736100
2008-04-23,4.709900
2008-04-24,4.819800
2008-04-25,4.825400
2008-04-28,4.792200
2008-04-29,4.740700
2008-04-30,4.733800
2008-05-01,4.687500
2008-05-02,4.807300
2008-05-06,4.736300
2008-05-07,4.775800
2008-05-08,4.683900
2008-05-09,4.648600
2008-05-12,4.659500
2008-05-13,4.751200
2008-05-14,4.848300
2008-05-15,4.871900
2008-05-16,4.800600
2008-05-19,4.855200
2008-05-20,4.825100
2008-05-21,4.904500
2008-05-22,4.974300
2008-05-23,4.948400
2008-05-27,4.951800
2008-05-28,4.987600
2008-05-29,5.049400
2008-05-30,4.999500
2008-06-02,4.992800
2008-06-03,5.077600
2008-06-04,4.987600
2008-06-05,5.082900
2008-06-06,5.032700
2008-06-09,5.154600
2008-06-10,5.145300
2008-06-11,5.160700
2008-06-12,5.173000
2008-06-13,5.276400
2008-06-16,5.224400
2008-06-17,5.193100
2008-06-18,5.189800
2008-06-19,5.264000
2008-06-20,5.175500
2008-06-23,5.158700
2008-06-24,5.186100
2008-06-25,5.158000
2008-06-26,5.049900
2008-06-27,5.075400
2008-06-30,5.168000
2008-07-01,5.195800
2008-07-02,5.180700
2008-07-03,5.089600
2008-07-04,5.022800
2008-07-07,4.975300
2008-07-08,4.968400
2008-07-09,4.940500
2008-07-10,4.920800
2008-07-11,4.951100
2008-07-14,4.948000
2008-07-15,4.914500
2008-07-16,4.920200
2008-07-17,4.936900
2008-07-18,5.073200
2008-07-21,5.087600
2008-07-22,5.032500
2008-07-23,5.075000
2008-07-24,5.014100
2008-07-25,5.024400
2008-07-28,4.990100
2008-07-29,4.940800
2008-07-30,4.887300
2008-07-31,4.848900
2008-08-01,4.886300
2008-08-04,4.850900
2008-08-05,4.815700
2008-08-06,4.795700
2008-08-07,4.745500
2008-08-08,4.738000
2008-08-11,4.758800
2008-08-12,4.690100
2008-08-13,4.675000
2008-08-14,4.718900
2008-08-15,4.656200
2008-08-18,4.668200
2008-08-19,4.662000
2008-08-20,4.636000
2008-08-21,4.637300
2008-08-22,4.676200
2008-08-26,4.570100
2008-08-27,4.593200
2008-08-28,4.533300
2008-08-29,4.530400
2008-09-01,4.515900
2008-09-02,4.551600
2008-09-03,4.552200
2008-09-04,4.509000
2008-09-05,4.440200
2008-09-08,4.530100
2008-09-09,4.485300
2008-09-10,4.500400
2008-09-11,4.501000
2008-09-12,4.637700
2008-09-15,4.524500
2008-09-16,4.487000
2008-09-17,4.470100
2008-09-18,4.472000
2008-09-19,4.636400
2008-09-22,4.720800
2008-09-23,4.710000
2008-09-24,4.617800
2008-09-25,4.667400
2008-09-26,4.608900
2008-09-29,4.462900
2008-09-30,4.523000
2008-10-01,4.504900
2008-10-02,4.454200
2008-10-03,4.476000
2008-10-06,4.325700
2008-10-07,4.347400
2008-10-08,4.398900
2008-10-09,4.457300
2008-10-10,4.564300
2008-10-13,4.748300
2008-10-14,4.820500
2008-10-15,4.790400
2008-10-16,4.793400
2008-10-17,4.753300
2008-10-20,4.711300
2008-10-21,4.726900
2008-10-22,4.607100
2008-10-23,4.594500
2008-10-24,4.499200
2008-10-27,4.522600
2008-10-28,4.545300
2008-10-29,4.564400
2008-10-30,4.602400
2008-10-31,4.699500
2008-11-03,4.678200
2008-11-04,4.669400
2008-11-05,4.627700
2008-11-06,4.544500
2008-11-07,4.412600
2008-11-10,4.403800
2008-11-11,4.429400
2008-11-12,4.346600
2008-11-13,4.332500
2008-11-14,4.315800
2008-11-17,4.363300
2008-11-18,4.345500
2008-11-19,4.295000
2008-11-20,4.157700
2008-11-21,4.126500
2008-11-24,4.186000
2008-11-25,4.107600
2008-11-26,4.025800
2008-11-27,3.997900
2008-11-28,4.010700
2008-12-01,3.914700
2008-12-02,3.775700
2008-12-03,3.725200
2008-12-04,3.744800
2008-12-05,3.705400
2008-12-08,3.854900
2008-12-09,3.853500
2008-12-10,3.840700
2008-12-11,3.876000
2008-12-12,3.895200
2008-12-15,3.773200
2008-12-16,3.702300
2008-12-17,3.538100
2008-12-18,3.511300
2008-12-19,3.510100
2008-12-22,3.471000
2008-12-23,3.470000
2008-12-24,3.401700
2008-12-29,3.449900
2008-12-30,3.444700
2008-12-31,3.389200
2009-01-02,3.407200
2009-01-05,3.520000
2009-01-06,3.625800
2009-01-07,3.651800
2009-01-08,3.585900
2009-01-09,3.500100
2009-01-12,3.505000
2009-01-13,3.579600
2009-01-14,3.483200
2009-01-15,3.505100
2009-01-16,3.662200
2009-01-19,3.791500
2009-01-20,3.878200
2009-01-21,3.812600
2009-01-22,3.884600
2009-01-23,4.066800
2009-01-26,4.071700
2009-01-27,4.038500
2009-01-28,4.017000
2009-01-29,4.059300
2009-01-30,4.076800
2009-02-02,4.062000
2009-02-03,4.107000
2009-02-04,4.124500
2009-02-05,4.070400
2009-02-06,4.086800
2009-02-09,4.107400
2009-02-10,4.005300
2009-02-11,3.801100
2009-02-12,3.662400
2009-02-13,3.729000
2009-02-16,3.633700
2009-02-17,3.544700
2009-02-18,3.504800
2009-02-19,3.645800
2009-02-20,3.545200
2009-02-23,3.577000
2009-02-24,3.537900
2009-02-25,3.580500
2009-02-26,3.828100
2009-02-27,3.815100
2009-03-02,3.750100
2009-03-03,3.756800
2009-03-04,3.838900
2009-03-05,3.522000
2009-03-06,3.156600
2009-03-09,3.224500
2009-03-10,3.220300
2009-03-11,3.185200
2009-03-12,3.057600
2009-03-13,3.058500
2009-03-16,3.140800
2009-03-17,3.172300
2009-03-18,3.214900
2009-03-19,3.129000
2009-03-20,3.126700
2009-03-23,3.254300
2009-03-24,3.454200
2009-03-25,3.412400
2009-03-26,3.451100
2009-03-27,3.429600
2009-03-30,3.323300
2009-03-31,3.301500
2009-04-01,3.250800
2009-04-02,3.482700
2009-04-03,3.524400
2009-04-06,3.533900
2009-04-07,3.546000
2009-04-08,3.455400
2009-04-09,3.399300
2009-04-14,3.322100
2009-04-15,3.358700
2009-04-16,3.341700
2009-04-17,3.457900
2009-04-20,3.312600
2009-04-21,3.388200
2009-04-22,3.550300
2009-04-23,3.635900
2009-04-24,3.618400
2009-04-27,3.612600
2009-04-28,3.583000
2009-04-29,3.577200
2009-04-30,3.636100
2009-05-01,3.670000
2009-05-05,3.679800
2009-05-06,3.742900
2009-05-07,3.800300
2009-05-08,3.842200
2009-05-11,3.769600
2009-05-12,3.762000
2009-05-13,3.616600
2009-05-14,3.578000
2009-05-15,3.641400
2009-05-18,3.576700
2009-05-19,3.596600
2009-05-20,3.684700
2009-05-21,3.763500
2009-05-22,3.846600
2009-05-26,3.765700
2009-05-27,3.813700
2009-05-28,3.856400
2009-05-29,3.814100
2009-06-01,3.886100
2009-06-02,3.936200
2009-06-03,3.832200
2009-06-04,3.890400
2009-06-05,3.945800
2009-06-08,3.868100
2009-06-09,3.845100
2009-06-10,3.911600
2009-06-11,4.019400
2009-06-12,3.961900
2009-06-15,3.853200
2009-06-16,3.875400
2009-06-17,3.764700
2009-06-18,3.818300
2009-06-19,3.771000
2009-06-22,3.708400
2009-06-23,3.695300
2009-06-24,3.675100
2009-06-25,3.671400
2009-06-26,3.705700
2009-06-29,3.624800
2009-06-30,3.703000
2009-07-01,3.811100
2009-07-02,3.809800
2009-07-03,3.796600
2009-07-06,3.739600
2009-07-07,3.770800
2009-07-08,3.726900
2009-07-09,3.897400
2009-07-10,3.857900
2009-07-13,3.789300
2009-07-14,3.849400
2009-07-15,3.902700
2009-07-16,3.891300
2009-07-17,3.914400
2009-07-20,3.935900
2009-07-21,3.903100
2009-07-22,3.971000
2009-07-23,4.094800
2009-07-24,4.089100
2009-07-27,4.090700
2009-07-28,4.055800
2009-07-29,4.102700
2009-07-30,4.072300
2009-07-31,3.912500
2009-08-03,3.987700
2009-08-04,3.954900
2009-08-05,3.932200
2009-08-06,3.859000
2009-08-07,3.901600
2009-08-10,3.904800
2009-08-11,3.934400
2009-08-12,3.911400
2009-08-13,3.911000
2009-08-14,3.811300
2009-08-17,3.728200
2009-08-18,3.773800
2009-08-19,3.702600
2009-08-20,3.732500
2009-08-21,3.761300
2009-08-24,3.750500
2009-08-25,3.671900
2009-08-26,3.615400
2009-08-27,3.631000
2009-08-28,3.631300
2009-09-01,3.635900
2009-09-02,3.621100
2009-09-03,3.673200
2009-09-04,3.699800
2009-09-07,3.723100
2009-09-08,3.765100
2009-09-09,3.842400
2009-09-10,3.773200
2009-09-11,3.708300
2009-09-14,3.706600
2009-09-15,3.727100
2009-09-16,3.794900
2009-09-17,3.840100
2009-09-18,3.847900
2009-09-21,3.828700
2009-09-22,3.884600
2009-09-23,3.863600
2009-09-24,3.810900
2009-09-25,3.741100
2009-09-28,3.754500
2009-09-29,3.736200
2009-09-30,3.712300
2009-10-01,3.627600
2009-10-02,3.571000
2009-10-05,3.521000
2009-10-06,3.529300
2009-10-07,3.514000
2009-10-08,3.488400
2009-10-09,3.577300
2009-10-12,3.510700
2009-10-13,3.532400
2009-10-14,3.625800
2009-10-15,3.687700
2009-10-16,3.723100
2009-10-19,3.737100
2009-10-20,3.681800
2009-10-21,3.831600
2009-10-22,3.851100
2009-10-23,3.808600
2009-10-26,3.836500
2009-10-27,3.757700
2009-10-28,3.751800
2009-10-29,3.806400
2009-10-30,3.768400
2009-11-02,3.809300
2009-11-03,3.870800
2009-11-04,3.936000
2009-11-05,4.004500
2009-11-06,4.036300
2009-11-09,3.994400
2009-11-10,3.942400
2009-11-11,3.917200
2009-11-12,3.949100
2009-11-13,3.973800
2009-11-16,3.924000
2009-11-17,3.842900
2009-11-18,3.859300
2009-11-19,3.824800
2009-11-20,3.810500
2009-11-23,3.843000
2009-11-24,3.826000
2009-11-25,3.805500
2009-11-26,3.705400
2009-11-27,3.721300
2009-11-30,3.698700
2009-12-01,3.735900
2009-12-02,3.778800
2009-12-03,3.818100
2009-12-04,3.896000
2009-12-07,3.884300
2009-12-08,3.885900
2009-12-09,3.863700
2009-12-10,4.000400
2009-12-11,4.054800
2009-12-14,4.028900
2009-12-15,4.084300
2009-12-16,4.079100
2009-12-17,4.038400
2009-12-18,3.957600
2009-12-21,4.057700
2009-12-22,4.098700
2009-12-23,4.174000
2009-12-24,4.184800
2009-12-29,4.260500
2009-12-30,4.255000
2009-12-31,4.203000
2010-01-04,4.142100
2010-01-05,4.199100
2010-01-06,4.247300
2010-01-07,4.246000
2010-01-08,4.257400
2010-01-11,4.179500
2010-01-12,4.128400
2010-01-13,4.151200
2010-01-14,4.176400
2010-01-15,4.126300
2010-01-18,4.130300
2010-01-19,4.218000
2010-01-20,4.206200
2010-01-21,4.128800
2010-01-22,4.123700
2010-01-25,4.109100
2010-01-26,4.083100
2010-01-27,4.081600
2010-01-28,4.151200
2010-01-29,4.113500
2010-02-01,4.099500
2010-02-02,4.118900
2010-02-03,4.119900
2010-02-04,4.110000
2010-02-05,4.098600
2010-02-08,4.160000
2010-02-09,4.167300
2010-02-10,4.138200
2010-02-11,4.245000
2010-02-12,4.269800
2010-02-15,4.295400
2010-02-16,4.257500
2010-02-17,4.253100
2010-02-18,4.323300
2010-02-19,4.398800
2010-02-22,4.361700
2010-02-23,4.313200
2010-02-24,4.217900
2010-02-25,4.239600
2010-02-26,4.237300
2010-03-01,4.283700
2010-03-02,4.223700
2010-03-03,4.229700
2010-03-04,4.199900
2010-03-05,4.258600
2010-03-08,4.296800
2010-03-09,4.247700
2010-03-10,4.282300
2010-03-11,4.355100
2010-03-12,4.312600
2010-03-15,4.277900
2010-03-16,4.239400
2010-03-17,4.217700
2010-03-18,4.192100
2010-03-19,4.171000
2010-03-22,4.136200
2010-03-23,4.139100
2010-03-24,4.194700
2010-03-25,4.257300
2010-03-26,4.272400
2010-03-29,4.204500
2010-03-30,4.223900
2010-03-31,4.176400
2010-04-01,4.168400
2010-04-06,4.252000
2010-04-07,4.299400
2010-04-08,4.260100
2010-04-09,4.306300
2010-04-12,4.307700
2010-04-13,4.278800
2010-04-14,4.285300
2010-04-15,4.297600
2010-04-16,4.251000
2010-04-19,4.259700
2010-04-20,4.286700
2010-04-21,4.282100
2010-04-22,4.235800
2010-04-23,4.291800
2010-04-26,4.248100
2010-04-27,4.210200
2010-04-28,4.186800
2010-04-29,4.195900
2010-04-30,4.103400
2010-05-04,4.024300
2010-05-05,4.001800
2010-05-06,3.979900
2010-05-07,4.020300
2010-05-10,4.106900
2010-05-11,4.073000
2010-05-12,4.026500
2010-05-13,4.036000
2010-05-14,3.957700
2010-05-17,3.950100
2010-05-18,3.956700
2010-05-19,3.866100
2010-05-20,3.759500
2010-05-21,3.741500
2010-05-24,3.742700
2010-05-25,3.665000
2010-05-26,3.762800
2010-05-27,3.817800
2010-05-28,3.791900
2010-06-01,3.782400
2010-06-02,3.754500
2010-06-03,3.802300
2010-06-04,3.730600
2010-06-07,3.709800
2010-06-08,3.684800
2010-06-09,3.741900
2010-06-10,3.773000
2010-06-11,3.678600
2010-06-14,3.765500
2010-06-15,3.772600
2010-06-16,3.758500
2010-06-17,3.711400
2010-06-18,3.764800
2010-06-21,3.735200
2010-06-22,3.686300
2010-06-23,3.665500
2010-06-24,3.614600
2010-06-25,3.614300
2010-06-28,3.610300
2010-06-29,3.624400
2010-06-30,3.585300
2010-07-01,3.540600
2010-07-02,3.588300
2010-07-05,3.549400
2010-07-06,3.580200
2010-07-07,3.591400
2010-07-08,3.600500
2010-07-09,3.561000
2010-07-12,3.566500
2010-07-13,3.607800
2010-07-14,3.633000
2010-07-15,3.613300
2010-07-16,3.576200
2010-07-19,3.592500
2010-07-20,3.592200
2010-07-21,3.589800
2010-07-22,3.601500
2010-07-23,3.673300
2010-07-26,3.692400
2010-07-27,3.743800
2010-07-28,3.719600
2010-07-29,3.659600
2010-07-30,3.569100
2010-08-02,3.591100
2010-08-03,3.521300
2010-08-04,3.534900
2010-08-05,3.477600
2010-08-06,3.467600
2010-08-09,3.486000
2010-08-10,3.503900
2010-08-11,3.395300
2010-08-12,3.368200
2010-08-13,3.373800
2010-08-16,3.301000
2010-08-17,3.317500
2010-08-18,3.283000
2010-08-19,3.267000
2010-08-20,3.235000
2010-08-23,3.230500
2010-08-24,3.135100
2010-08-25,3.098000
2010-08-26,3.080300
2010-08-27,3.087900
2010-08-31,3.021700
2010-09-01,3.123700
2010-09-02,3.154500
2010-09-03,3.203800
2010-09-06,3.176900
2010-09-07,3.109100
2010-09-08,3.186300
2010-09-09,3.253300
2010-09-10,3.326900
2010-09-13,3.319400
2010-09-14,3.259700
2010-09-15,3.284500
2010-09-16,3.350000
2010-09-17,3.336100
2010-09-20,3.364100
2010-09-21,3.327100
2010-09-22,3.175700
2010-09-23,3.155300
2010-09-24,3.245900
2010-09-27,3.177200
2010-09-28,3.133900
2010-09-29,3.109000
2010-09-30,3.151200
2010-10-01,3.174900
2010-10-04,3.134200
2010-10-05,3.168600
2010-10-06,3.100400
2010-10-07,3.131700
2010-10-08,3.066500
2010-10-11,3.087400
2010-10-12,3.052500
2010-10-13,3.086400
2010-10-14,3.086800
2010-10-15,3.152900
2010-10-18,3.176300
2010-10-19,3.219200
2010-10-20,3.207800
2010-10-21,3.156000
2010-10-22,3.171800
2010-10-25,3.141400
2010-10-26,3.273900
2010-10-27,3.372800
2010-10-28,3.370300
2010-10-29,3.304200
2010-11-01,3.270400
2010-11-02,3.257200
2010-11-03,3.223500
2010-11-04,3.180000
2010-11-05,3.203000
2010-11-08,3.228500
2010-11-09,3.260100
2010-11-10,3.381100
2010-11-11,3.372500
2010-11-12,3.417700
2010-11-15,3.489400
2010-11-16,3.527700
2010-11-17,3.498100
2010-11-18,3.615200
2010-11-19,3.615600
2010-11-22,3.561800
2010-11-23,3.493100
2010-11-24,3.568900
2010-11-25,3.595200
2010-11-26,3.573300
2010-11-29,3.571200
2010-11-30,3.459100
2010-12-01,3.593600
2010-12-02,3.642300
2010-12-03,3.651100
2010-12-06,3.631300
2010-12-07,3.698000
2010-12-08,3.775400
2010-12-09,3.726800
2010-12-10,3.740000
2010-12-13,3.782600
2010-12-14,3.833500
2010-12-15,3.834800
2010-12-16,3.848600
2010-12-17,3.777800
2010-12-20,3.692800
2010-12-21,3.718800
2010-12-22,3.719500
2010-12-23,3.711000
2010-12-24,3.723600
2010-12-29,3.783400
2010-12-30,3.690100
2010-12-31,3.617400
2011-01-04,3.683100
2011-01-05,3.775700
2011-01-06,3.754000
2011-01-07,3.735200
2011-01-10,3.725900
2011-01-11,3.777100
2011-01-12,3.861600
2011-01-13,3.836500
2011-01-14,3.832000
2011-01-17,3.843500
2011-01-18,3.887700
2011-01-19,3.863900
2011-01-20,3.921100
2011-01-21,3.923000
2011-01-24,3.902800
2011-01-25,3.869100
2011-01-26,3.922300
2011-01-27,3.923700
2011-01-28,3.885900
2011-01-31,3.882700
2011-02-01,3.934700
2011-02-02,3.969200
2011-02-03,3.991600
2011-02-04,4.038400
2011-02-07,4.042700
2011-02-08,4.048500
2011-02-09,4.101100
2011-02-10,4.097600
2011-02-11,4.062200
2011-02-14,4.051400
2011-02-15,4.068200
2011-02-16,4.044900
2011-02-17,3.985300
2011-02-18,4.029600
2011-02-21,3.952600
2011-02-22,3.898200
2011-02-23,3.888500
2011-02-24,3.909200
2011-02-25,3.902600
2011-02-28,3.887200
2011-03-01,3.916400
2011-03-02,3.938500
2011-03-03,3.999400
2011-03-04,3.921300
2011-03-07,3.932700
2011-03-08,3.975200
2011-03-09,3.961900
2011-03-10,3.880100
2011-03-11,3.848000
2011-03-14,3.792900
2011-03-15,3.756800
2011-03-16,3.692500
2011-03-17,3.773500
2011-03-18,3.729000
2011-03-21,3.751800
2011-03-22,3.811000
2011-03-23,3.758300
2011-03-24,3.797400
2011-03-25,3.812100
2011-03-28,3.824700
2011-03-29,3.837300
2011-03-30,3.879600
2011-03-31,3.897500
2011-04-01,3.932500
2011-04-04,3.922200
2011-04-05,3.962100
2011-04-06,3.965100
2011-04-07,3.959500
2011-04-08,4.021600
2011-04-11,4.036500
2011-04-12,3.920400
2011-04-13,3.931400
2011-04-14,3.911900
2011-04-15,3.822000
2011-04-18,3.777300
2011-04-19,3.787800
2011-04-20,3.803200
2011-04-21,3.763800
2011-04-26,3.717300
2011-04-27,3.792700
2011-04-28,3.711600
2011-05-03,3.650200
2011-05-04,3.620100
2011-05-05,3.629200
2011-05-06,3.634400
2011-05-09,3.605700
2011-05-10,3.620600
2011-05-11,3.681300
2011-05-12,3.617800
2011-05-13,3.619600
2011-05-16,3.631800
2011-05-17,3.613100
2011-05-18,3.620700
2011-05-19,3.640000
2011-05-20,3.600700
2011-05-23,3.563600
2011-05-24,3.602000
2011-05-25,3.579800
2011-05-26,3.568500
2011-05-27,3.557300
2011-05-31,3.565500
2011-06-01,3.520400
2011-06-02,3.522400
2011-06-03,3.546000
2011-06-06,3.542700
2011-06-07,3.605800
2011-06-08,3.566400
2011-06-09,3.551600
2011-06-10,3.500300
2011-06-13,3.527600
2011-06-14,3.569800
2011-06-15,3.533700
2011-06-16,3.461800
2011-06-17,3.484100
2011-06-20,3.493400
2011-06-21,3.514700
2011-06-22,3.483300
2011-06-23,3.434700
2011-06-24,3.423600
2011-06-27,3.446600
2011-06-28,3.544600
2011-06-29,3.617300
2011-06-30,3.666500
2011-07-01,3.675100
2011-07-04,3.649900
2011-07-05,3.614600
2011-07-06,3.535900
2011-07-07,3.595700
2011-07-08,3.488100
2011-07-11,3.382300
2011-07-12,3.386200
2011-07-13,3.418500
2011-07-14,3.405900
2011-07-15,3.378600
2011-07-18,3.332500
2011-07-19,3.357100
2011-07-20,3.381500
2011-07-21,3.478600
2011-07-22,3.404600
2011-07-25,3.333600
2011-07-26,3.368600
2011-07-27,3.287600
2011-07-28,3.275100
2011-07-29,3.175500
2011-08-01,3.128400
2011-08-02,3.089600
2011-08-03,3.058800
2011-08-04,2.997300
2011-08-05,3.022800
2011-08-08,2.970300
2011-08-09,3.031600
2011-08-10,2.819100
2011-08-11,2.818900
2011-08-12,2.860400
2011-08-15,2.864800
2011-08-16,2.882500
2011-08-17,2.769700
2011-08-18,2.611300
2011-08-19,2.695500
2011-08-22,2.705600
2011-08-23,2.699800
2011-08-24,2.799700
2011-08-25,2.785500
2011-08-26,2.791500
2011-08-30,2.791500
2011-08-31,2.903800
2011-09-01,2.825600
2011-09-02,2.734300
2011-09-05,2.581800
2011-09-06,2.575200
2011-09-07,2.625400
2011-09-08,2.654400
2011-09-09,2.547700
2011-09-12,2.464500
2011-09-13,2.474300
2011-09-14,2.502800
2011-09-15,2.609500
2011-09-16,2.575600
2011-09-19,2.480400
2011-09-20,2.488200
2011-09-21,2.506400
2011-09-22,2.420100
2011-09-23,2.452100
2011-09-26,2.504100
2011-09-27,2.625900
2011-09-28,2.598200
2011-09-29,2.620000
2011-09-30,2.509600
2011-10-03,2.431200
2011-10-04,2.339400
2011-10-05,2.446100
2011-10-06,2.490800
2011-10-07,2.568900
2011-10-10,2.661000
2011-10-11,2.674500
2011-10-12,2.755300
2011-10-13,2.661600
2011-10-14,2.726200
2011-10-17,2.650400
2011-10-18,2.559300
2011-10-19,2.595400
2011-10-20,2.591500
2011-10-21,2.658500
2011-10-24,2.671700
2011-10-25,2.619900
2011-10-26,2.554800
2011-10-27,2.732200
2011-10-28,2.755900
2011-10-31,2.564200
2011-11-01,2.323000
2011-11-02,2.396500
2011-11-03,2.486600
2011-11-04,2.441000
2011-11-07,2.409100
2011-11-08,2.384300
2011-11-09,2.294100
2011-11-10,2.316500
2011-11-11,2.418000
2011-11-14,2.322200
2011-11-15,2.260500
2011-11-16,2.285300
2011-11-17,2.350400
2011-11-18,2.388200
2011-11-21,2.338500
2011-11-22,2.311800
2011-11-23,2.283700
2011-11-24,2.300000
2011-11-25,2.437100
2011-11-28,2.387300
2011-11-29,2.356500
2011-11-30,2.427500
2011-12-01,2.393600
2011-12-02,2.422300
2011-12-05,2.468500
2011-12-06,2.351000
2011-12-07,2.344200
2011-12-08,2.242700
2011-12-09,2.281300
2011-12-12,2.215700
2011-12-13,2.239600
2011-12-14,2.212200
2011-12-15,2.232500
2011-12-16,2.169000
2011-12-19,2.198000
2011-12-20,2.218700
2011-12-21,2.162700
2011-12-22,2.170700
2011-12-23,2.164500
2011-12-28,2.147700
2011-12-29,2.089700
2011-12-30,2.105000
2012-01-03,2.155000
2012-01-04,2.167300
2012-01-05,2.173200
2012-01-06,2.150600
2012-01-09,2.121900
2012-01-10,2.187300
2012-01-11,2.128700
2012-01-12,2.144800
2012-01-13,2.096100
2012-01-16,2.097400
2012-01-17,2.089000
2012-01-18,2.077900
2012-01-19,2.183700
2012-01-20,2.238800
2012-01-23,2.302200
2012-01-24,2.313600
2012-01-25,2.291200
2012-01-26,2.228600
2012-01-27,2.199300
2012-01-30,2.124100
2012-01-31,2.098300
2012-02-01,2.175200
2012-02-02,2.234800
2012-02-03,2.320700
2012-02-06,2.304700
2012-02-07,2.361500
2012-02-08,2.341500
2012-02-09,2.395600
2012-02-10,2.291500
2012-02-13,2.285800
2012-02-14,2.250400
2012-02-15,2.228900
2012-02-16,2.277800
2012-02-17,2.343900
2012-02-20,2.395200
2012-02-21,2.369700
2012-02-22,2.295000
2012-02-23,2.258100
2012-02-24,2.231200
2012-02-27,2.208700
2012-02-28,2.196200
2012-02-29,2.258200
2012-03-01,2.305700
2012-03-02,2.234500
2012-03-05,2.281500
2012-03-06,2.217700
2012-03-07,2.233700
2012-03-08,2.241600
2012-03-09,2.250500
2012-03-12,2.185300
2012-03-13,2.266900
2012-03-14,2.442700
2012-03-15,2.478000
2012-03-16,2.558300
2012-03-19,2.542500
2012-03-20,2.537100
2012-03-21,2.486500
2012-03-22,2.437600
2012-03-23,2.382200
2012-03-26,2.440700
2012-03-27,2.364700
2012-03-28,2.310300
2012-03-29,2.298700
2012-03-30,2.302600
2012-04-02,2.326100
2012-04-03,2.270200
2012-04-04,2.309400
2012-04-05,2.255900
2012-04-10,2.103200
2012-04-11,2.148500
2012-04-12,2.188100
2012-04-13,2.144700
2012-04-16,2.134700
2012-04-17,2.203800
2012-04-18,2.237900
2012-04-19,2.256400
2012-04-20,2.282700
2012-04-23,2.229800
2012-04-24,2.201900
2012-04-25,2.248200
2012-04-26,2.208300
2012-04-27,2.233700
2012-04-30,2.222500
2012-05-01,2.207600
2012-05-02,2.155900
2012-05-03,2.149900
2012-05-04,2.108100
2012-05-08,2.044700
2012-05-09,2.016900
2012-05-10,2.105400
2012-05-11,2.085300
2012-05-14,1.997900
2012-05-15,2.014100
2012-05-16,1.995700
2012-05-17,1.956200
2012-05-18,1.946600
2012-05-21,1.969300
2012-05-22,1.996900
2012-05-23,1.893100
2012-05-24,1.898900
2012-05-25,1.877400
2012-05-28,1.886600
2012-05-29,1.901100
2012-05-30,1.763900
2012-05-31,1.678100
2012-06-01,1.637600
2012-06-06,1.775400
2012-06-07,1.830000
2012-06-08,1.735500
2012-06-11,1.762400
2012-06-12,1.811000
2012-06-13,1.872500
2012-06-14,1.858800
2012-06-15,1.800000
2012-06-18,1.791900
2012-06-19,1.849900
2012-06-20,1.900600
2012-06-21,1.825800
2012-06-22,1.850200
2012-06-25,1.798700
2012-06-26,1.813100
2012-06-27,1.815500
2012-06-28,1.768000
2012-06-29,1.865100
2012-07-02,1.829800
2012-07-03,1.889600
2012-07-04,1.855700
2012-07-05,1.795400
2012-07-06,1.731500
2012-07-09,1.720000
2012-07-10,1.721900
2012-07-11,1.699100
2012-07-12,1.666700
2012-07-13,1.687200
2012-07-16,1.632200
2012-07-17,1.641900
2012-07-18,1.613800
2012-07-19,1.665900
2012-07-20,1.623200
2012-07-23,1.611600
2012-07-24,1.606400
2012-07-25,1.600100
2012-07-26,1.619700
2012-07-27,1.678000
2012-07-30,1.684400
2012-07-31,1.611100
2012-08-01,1.662700
2012-08-02,1.583300
2012-08-03,1.707800
2012-08-06,1.646600
2012-08-07,1.749800
2012-08-08,1.714500
2012-08-09,1.766600
2012-08-10,1.684800
2012-08-13,1.709800
2012-08-14,1.749800
2012-08-15,1.833400
2012-08-16,1.844300
2012-08-17,1.824700
2012-08-20,1.817400
2012-08-21,1.862400
2012-08-22,1.785600
2012-08-23,1.721800
2012-08-24,1.682800
2012-08-28,1.642800
2012-08-29,1.659000
2012-08-30,1.606400
2012-08-31,1.623600
2012-09-03,1.645000
2012-09-04,1.620200
2012-09-05,1.638900
2012-09-06,1.711200
2012-09-07,1.681100
2012-09-10,1.731300
2012-09-11,1.734500
2012-09-12,1.831800
2012-09-13,1.807100
2012-09-14,1.963600
2012-09-17,1.919400
2012-09-18,1.868200
2012-09-19,1.830100
2012-09-20,1.784600
2012-09-21,1.826400
2012-09-24,1.804800
2012-09-25,1.808900
2012-09-26,1.669000
2012-09-27,1.713800
2012-09-28,1.710500
2012-10-01,1.727500
2012-10-02,1.705200
2012-10-03,1.680100
2012-10-04,1.699000
2012-10-05,1.771000
2012-10-08,1.731200
2012-10-09,1.726700
2012-10-10,1.765300
2012-10-11,1.784600
2012-10-12,1.724300
2012-10-15,1.761400
2012-10-16,1.826900
2012-10-17,1.926700
2012-10-18,1.929800
2012-10-19,1.898000
2012-10-22,1.922000
2012-10-23,1.840800
2012-10-24,1.867100
2012-10-25,1.936100
2012-10-26,1.895100
2012-10-29,1.822300
2012-10-30,1.849700
2012-10-31,1.874900
2012-11-01,1.888300
2012-11-02,1.876500
2012-11-05,1.836900
2012-11-06,1.836400
2012-11-07,1.779500
2012-11-08,1.793700
2012-11-09,1.753700
2012-11-12,1.737700
2012-11-13,1.732100
2012-11-14,1.775700
2012-11-15,1.758700
2012-11-16,1.756600
2012-11-19,1.802200
2012-11-20,1.878200
2012-11-21,1.882900
2012-11-22,1.873000
2012-11-23,1.868000
2012-11-26,1.863200
2012-11-27,1.877100
2012-11-28,1.792900
2012-11-29,1.778600
2012-11-30,1.796900
2012-12-03,1.846300
2012-12-04,1.838700
2012-12-05,1.809600
2012-12-06,1.777300
2012-12-07,1.778700
2012-12-10,1.812000
2012-12-11,1.846700
2012-12-12,1.865100
2012-12-13,1.905500
2012-12-14,1.912700
2012-12-17,1.941600
2012-12-18,2.007900
2012-12-19,2.021600
2012-12-20,2.007500
2012-12-21,1.945200
2012-12-24,1.951500
2012-12-27,1.866600
2012-12-28,1.880500
2012-12-31,1.887600
2013-01-02,2.056000
2013-01-03,2.145000
2013-01-04,2.190600
2013-01-07,2.156600
2013-01-08,2.100300
2013-01-09,2.095200
2013-01-10,2.172900
2013-01-11,2.161200
2013-01-14,2.112700
2013-01-15,2.099300
2013-01-16,2.073800
2013-01-17,2.117200
2013-01-18,2.086600
2013-01-21,2.133500
2013-01-22,2.103100
2013-01-23,2.076100
2013-01-24,2.095100
2013-01-25,2.141400
2013-01-28,2.189400
2013-01-29,2.171200
2013-01-30,2.203200
2013-01-31,2.188300
2013-02-01,2.190500
2013-02-04,2.175800
2013-02-05,2.221100
2013-02-06,2.200600
2013-02-07,2.206500
2013-02-08,2.202100
2013-02-11,2.219900
2013-02-12,2.220800
2013-02-13,2.332700
2013-02-14,2.330400
2013-02-15,2.327100
2013-02-18,2.327100
2013-02-19,2.320400
2013-02-20,2.344300
2013-02-21,2.255100
2013-02-22,2.263800
2013-02-25,2.235100
2013-02-26,2.118300
2013-02-27,2.101400
2013-02-28,2.111700
2013-03-01,2.006000
2013-03-04,2.043000
2013-03-05,2.102500
2013-03-06,2.095600
2013-03-07,2.156900
2013-03-08,2.204500
2013-03-11,2.161200
2013-03-12,2.113400
2013-03-13,2.112700
2013-03-14,2.108000
2013-03-15,2.083500
2013-03-18,2.035000
2013-03-19,1.961700
2013-03-20,2.006800
2013-03-21,1.992100
2013-03-22,1.982200
2013-03-25,1.934300
2013-03-26,1.921800
2013-03-27,1.853800
2013-03-28,1.900600
2013-04-02,1.907500
2013-04-03,1.882200
2013-04-04,1.834100
2013-04-05,1.748500
2013-04-08,1.815800
2013-04-09,1.863100
2013-04-10,1.914300
2013-04-11,1.899100
2013-04-12,1.860400
2013-04-15,1.839500
2013-04-16,1.865300
2013-04-17,1.813900
2013-04-18,1.785400
2013-04-19,1.788200
2013-04-22,1.778100
2013-04-23,1.842500
2013-04-24,1.816400
2013-04-25,1.858500
2013-04-26,1.809300
2013-04-29,1.776000
2013-04-30,1.792200
2013-05-01,1.787500
2013-05-02,1.732200
2013-05-03,1.852800
2013-05-07,1.921900
2013-05-08,1.893000
2013-05-09,1.913600
2013-05-10,2.022300
2013-05-13,2.020600
2013-05-14,2.037200
2013-05-15,2.069900
2013-05-16,2.011200
2013-05-17,2.028500
2013-05-20,2.060300
2013-05-21,2.081400
2013-05-22,2.044000
2013-05-23,2.063000
2013-05-24,2.040800
2013-05-28,2.105200
2013-05-29,2.150900
2013-05-30,2.110300
2013-05-31,2.163400
2013-06-03,2.155700
2013-06-04,2.202900
2013-06-05,2.175900
2013-06-06,2.196000
2013-06-07,2.233400
2013-06-10,2.299600
2013-06-11,2.334200
2013-06-12,2.314800
2013-06-13,2.282100
2013-06-14,2.224400
2013-06-17,2.239900
2013-06-18,2.298500
2013-06-19,2.284700
2013-06-20,2.455100
2013-06-21,2.564000
2013-06-24,2.722100
2013-06-25,2.688900
2013-06-26,2.612100
2013-06-27,2.590000
2013-06-28,2.617100
2013-07-01,2.596300
2013-07-02,2.561800
2013-07-03,2.570100
2013-07-04,2.570700
2013-07-05,2.678500
2013-07-08,2.676700
2013-07-09,2.625600
2013-07-10,2.605100
2013-07-11,2.570500
2013-07-12,2.508600
2013-07-15,2.530200
2013-07-16,2.465200
2013-07-17,2.492000
2013-07-18,2.461300
2013-07-19,2.492700
2013-07-22,2.467500
2013-07-23,2.506000
2013-07-24,2.595100
2013-07-25,2.594000
2013-07-26,2.534400
2013-07-29,2.530800
2013-07-30,2.517000
2013-07-31,2.558100
2013-08-01,2.610600
2013-08-02,2.633700
2013-08-05,2.682900
2013-08-06,2.687100
2013-08-07,2.690100
2013-08-08,2.695100
2013-08-09,2.676300
2013-08-12,2.680000
2013-08-13,2.815800
2013-08-14,2.858100
2013-08-15,2.904800
2013-08-16,2.926800
2013-08-19,2.969700
2013-08-20,2.905000
2013-08-21,2.936400
2013-08-22,2.942000
2013-08-23,2.931800
2013-08-27,2.816300
2013-08-28,2.854200
2013-08-29,2.826300
2013-08-30,2.829300
2013-09-02,2.894500
2013-09-03,2.925000
2013-09-04,2.924400
2013-09-05,3.052500
2013-09-06,2.985200
2013-09-09,3.004400
2013-09-10,3.069200
2013-09-11,3.055000
2013-09-12,2.998000
2013-09-13,2.969900
2013-09-16,2.939800
2013-09-17,2.987500
2013-09-18,3.051700
2013-09-19,2.950600
2013-09-20,2.974500
2013-09-23,2.960800
2013-09-24,2.846700
2013-09-25,2.802000
2013-09-26,2.796500
2013-09-27,2.758200
2013-09-30,2.759100
2013-10-01,2.755800
2013-10-02,2.749400
2013-10-03,2.740200
2013-10-04,2.785700
2013-10-07,2.758700
2013-10-08,2.764600
2013-10-09,2.746100
2013-10-10,2.806700
2013-10-11,2.792300
2013-10-14,2.816300
2013-10-15,2.873100
2013-10-16,2.915200
2013-10-17,2.826200
2013-10-18,2.792900
2013-10-21,2.818900
2013-10-22,2.720000
2013-10-23,2.683500
2013-10-24,2.714500
2013-10-25,2.691900
2013-10-28,2.694500
2013-10-29,2.681700
2013-10-30,2.629600
2013-10-31,2.704500
2013-11-01,2.742200
2013-11-04,2.731400
2013-11-05,2.814300
2013-11-06,2.815600
2013-11-07,2.776900
2013-11-08,2.870400
2013-11-11,2.897500
2013-11-12,2.895900
2013-11-13,2.896300
2013-11-14,2.856000
2013-11-15,2.843300
2013-11-18,2.823100
2013-11-19,2.826400
2013-11-20,2.835000
2013-11-21,2.935200
2013-11-22,2.907900
2013-11-25,2.879500
2013-11-26,2.843900
2013-11-27,2.864100
2013-11-28,2.852200
2013-11-29,2.877600
2013-12-02,2.963200
2013-12-03,2.931000
2013-12-04,3.016700
2013-12-05,3.033500
2013-12-06,3.011200
2013-12-09,3.031900
2013-12-10,3.000800
2013-12-11,2.994100
2013-12-12,3.028900
2013-12-13,3.025500
2013-12-16,3.007300
2013-12-17,3.006300
2013-12-18,3.045800
2013-12-19,3.085500
2013-12-20,3.064900
2013-12-23,3.089000
2013-12-24,3.105100
2013-12-27,3.204700
2013-12-30,3.160200
2013-12-31,3.157100
2014-01-02,3.162500
2014-01-03,3.157900
2014-01-06,3.105300
2014-01-07,3.083100
2014-01-08,3.114000
2014-01-09,3.107600
2014-01-10,3.012400
2014-01-13,2.963800
2014-01-14,2.959300
2014-01-15,2.996800
2014-01-16,2.942200
2014-01-17,2.963400
2014-01-20,2.951600
2014-01-21,2.956800
2014-01-22,2.995000
2014-01-23,2.929100
2014-01-24,2.890600
2014-01-27,2.901100
2014-01-28,2.931900
2014-01-29,2.885800
2014-01-30,2.871600
2014-01-31,2.834700
2014-02-03,2.822000
2014-02-04,2.826200
2014-02-05,2.817800
2014-02-06,2.876500
2014-02-07,2.843000
2014-02-10,2.855400
2014-02-11,2.865500
2014-02-12,2.946700
2014-02-13,2.912500
2014-02-14,2.920200
2014-02-17,2.910500
2014-02-18,2.883700
2014-02-19,2.866600
2014-02-20,2.942100
2014-02-21,2.920000
2014-02-24,2.907600
2014-02-25,2.880700
2014-02-26,2.859000
2014-02-27,2.808900
2014-02-28,2.856100
2014-03-03,2.791200
2014-03-04,2.831400
2014-03-05,2.858100
2014-03-06,2.909300
2014-03-07,2.921700
2014-03-10,2.929500
2014-03-11,2.917400
2014-03-12,2.883100
2014-03-13,2.826800
2014-03-14,2.799000
2014-03-17,2.811400
2014-03-18,2.810300
2014-03-19,2.826700
2014-03-20,2.900100
2014-03-21,2.881500
2014-03-24,2.829900
2014-03-25,2.844900
2014-03-26,2.832800
2014-03-27,2.805400
2014-03-28,2.857000
2014-03-31,2.868700
2014-04-01,2.876200
2014-04-02,2.906700
2014-04-03,2.887000
2014-04-04,2.822600
2014-04-07,2.800300
2014-04-08,2.829800
2014-04-09,2.830700
2014-04-10,2.749800
2014-04-11,2.748000
2014-04-14,2.770900
2014-04-15,2.737000
2014-04-16,2.768200
2014-04-17,2.793800
2014-04-22,2.851800
2014-04-23,2.808800
2014-04-24,2.827600
2014-04-25,2.771400
2014-04-28,2.804100
2014-04-29,2.827400
2014-04-30,2.807800
2014-05-01,2.778800
2014-05-02,2.777800
2014-05-06,2.791900
2014-05-07,2.800000
2014-05-08,2.785900
2014-05-09,2.821300
2014-05-12,2.872000
2014-05-13,2.822300
2014-05-14,2.733100
2014-05-15,2.661900
2014-05-16,2.702300
2014-05-19,2.722700
2014-05-20,2.755100
2014-05-21,2.785200
2014-05-22,2.795400
2014-05-23,2.774500
2014-05-27,2.778600
2014-05-28,2.687000
2014-05-29,2.670100
2014-05-30,2.702900
2014-06-02,2.751100
2014-06-03,2.795200
2014-06-04,2.841100
2014-06-05,2.825900
2014-06-06,2.806400
2014-06-09,2.841000
2014-06-10,2.871300
2014-06-11,2.859500
2014-06-12,2.859900
2014-06-13,2.888200
2014-06-16,2.890100
2014-06-17,2.914000
2014-06-18,2.873900
2014-06-19,2.869300
2014-06-20,2.903300
2014-06-23,2.872000
2014-06-24,2.878200
2014-06-25,2.789000
2014-06-26,2.776300
2014-06-27,2.775500
2014-06-30,2.812000
2014-07-01,2.841500
2014-07-02,2.887800
2014-07-03,2.895100
2014-07-04,2.902300
2014-07-07,2.876400
2014-07-08,2.801700
2014-07-09,2.807000
2014-07-10,2.771100
2014-07-11,2.747900
2014-07-14,2.753900
2014-07-15,2.796000
2014-07-16,2.798400
2014-07-17,2.737300
2014-07-18,2.717500
2014-07-21,2.703300
2014-07-22,2.728200
2014-07-23,2.696100
2014-07-24,2.746000
2014-07-25,2.707400
2014-07-28,2.716000
2014-07-29,2.677200
2014-07-30,2.729600
2014-07-31,2.759800
2014-08-01,2.698600
2014-08-04,2.679300
2014-08-05,2.723900
2014-08-06,2.654400
2014-08-07,2.633200
2014-08-08,2.593400
2014-08-11,2.633600
2014-08-12,2.623200
2014-08-13,2.589100
2014-08-14,2.578600
2014-08-15,2.505200
2014-08-18,2.574600
2014-08-19,2.538100
2014-08-20,2.559400
2014-08-21,2.547000
2014-08-22,2.552500
2014-08-26,2.476100
2014-08-27,2.391300
2014-08-28,2.389600
2014-08-29,2.391600
2014-09-01,2.412100
2014-09-02,2.460500
2014-09-03,2.498300
2014-09-04,2.519900
2014-09-05,2.497000
2014-09-08,2.497500
2014-09-09,2.505800
2014-09-10,2.531600
2014-09-11,2.531100
2014-09-12,2.572800
2014-09-15,2.576100
2014-09-16,2.568000
2014-09-17,2.556600
2014-09-18,2.625500
2014-09-19,2.580600
2014-09-22,2.545000
2014-09-23,2.523700
2014-09-24,2.518300
2014-09-25,2.498200
2014-09-26,2.500200
2014-09-29,2.482700
2014-09-30,2.468200
2014-10-01,2.411600
2014-10-02,2.385300
2014-10-03,2.436500
2014-10-06,2.402700
2014-10-07,2.336000
2014-10-08,2.296300
2014-10-09,2.309500
2014-10-10,2.267400
2014-10-13,2.209200
2014-10-14,2.182300
2014-10-15,2.036600
2014-10-16,2.124100
2014-10-17,2.238800
2014-10-20,2.200100
2014-10-21,2.212800
2014-10-22,2.243100
2014-10-23,2.281300
2014-10-24,2.281700
2014-10-27,2.259400
2014-10-28,2.281200
2014-10-29,2.305500
2014-10-30,2.279900
2014-10-31,2.305400
2014-11-03,2.331500
2014-11-04,2.282000
2014-11-05,2.308700
2014-11-06,2.301100
2014-11-07,2.265500
2014-11-10,2.247000
2014-11-11,2.288000
2014-11-12,2.244700
2014-11-13,2.237800
2014-11-14,2.199000
2014-11-17,2.175700
2014-11-18,2.179700
2014-11-19,2.193700
2014-11-20,2.157400
2014-11-21,2.111800
2014-11-24,2.107900
2014-11-25,2.063400
2014-11-26,2.029000
2014-11-27,1.982800
2014-11-28,1.985300
2014-12-01,1.948200
2014-12-02,2.028000
2014-12-03,2.065300
2014-12-04,2.043800
2014-12-05,2.070400
2014-12-08,2.028800
2014-12-09,1.953000
2014-12-10,1.975000
2014-12-11,1.964700
2014-12-12,1.861200
2014-12-15,1.877600
2014-12-16,1.831600
2014-12-17,1.820900
2014-12-18,1.930900
2014-12-19,1.919500
2014-12-22,1.888600
2014-12-23,1.916600
2014-12-24,1.945600
2014-12-29,1.874600
2014-12-30,1.860500
2014-12-31,1.819600
2015-01-02,1.788000
2015-01-05,1.732200
2015-01-06,1.655100
2015-01-07,1.665800
2015-01-08,1.703000
2015-01-09,1.648600
2015-01-12,1.634500
2015-01-13,1.646000
2015-01-14,1.569100
2015-01-15,1.571700
2015-01-16,1.596100
2015-01-19,1.577100
2015-01-20,1.580000
2015-01-21,1.532600
2015-01-22,1.565900
2015-01-23,1.521200
2015-01-26,1.555500
2015-01-27,1.523800
2015-01-28,1.506200
2015-01-29,1.467300
2015-01-30,1.386700
2015-02-02,1.429200
2015-02-03,1.509100
2015-02-04,1.575000
2015-02-05,1.594000
2015-02-06,1.689100
2015-02-09,1.656900
2015-02-10,1.712200
2015-02-11,1.731200
2015-02-12,1.726400
2015-02-13,1.733700
2015-02-16,1.756700
2015-02-17,1.820400
2015-02-18,1.907000
2015-02-19,1.886300
2015-02-20,1.834900
2015-02-23,1.868000
2015-02-24,1.827200
2015-02-25,1.772600
2015-02-26,1.798400
2015-02-27,1.856700
2015-03-02,1.871900
2015-03-03,1.932400
2015-03-04,1.975400
2015-03-05,1.956300
2015-03-06,2.048500
2015-03-09,2.029300
2015-03-10,1.901300
2015-03-11,1.907000
2015-03-12,1.835300
2015-03-13,1.795300
2015-03-16,1.775800
2015-03-17,1.769300
2015-03-18,1.693300
2015-03-19,1.619300
2015-03-20,1.614700
2015-03-23,1.607800
2015-03-24,1.606800
2015-03-25,1.575200
2015-03-26,1.669300
2015-03-27,1.630000
2015-03-30,1.660000
2015-03-31,1.660500
2015-04-01,1.639600
2015-04-02,1.686300
2015-04-07,1.692200
2015-04-08,1.677700
2015-04-09,1.681700
2015-04-10,1.693700
2015-04-13,1.701100
2015-04-14,1.611000
2015-04-15,1.658000
2015-04-16,1.701600
2015-04-17,1.685300
2015-04-20,1.669000
2015-04-21,1.670800
2015-04-22,1.795800
2015-04-23,1.791400
2015-04-24,1.746600
2015-04-27,1.789100
2015-04-28,1.791900
2015-04-29,1.933700
2015-04-30,1.944700
2015-05-01,1.945500
2015-05-05,2.085700
2015-05-06,2.083800
2015-05-07,2.036300
2015-05-08,1.973500
2015-05-11,2.032100
2015-05-12,2.105100
2015-05-13,2.100600
2015-05-14,2.108400
2015-05-15,2.015400
2015-05-18,2.065300
2015-05-19,2.073900
2015-05-20,2.091600
2015-05-21,2.085200
2015-05-22,2.037600
2015-05-26,1.987400
2015-05-27,2.000200
2015-05-28,1.952000
2015-05-29,1.917800
2015-06-01,1.961900
2015-06-02,2.063500
2015-06-03,2.187900
2015-06-04,2.127600
2015-06-05,2.193500
2015-06-08,2.162800
2015-06-09,2.224300
2015-06-10,2.268500
2015-06-11,2.195400
2015-06-12,2.094000
2015-06-15,2.151600
2015-06-16,2.131000
2015-06-17,2.189200
2015-06-18,2.167400
2015-06-19,2.133000
2015-06-22,2.230500
2015-06-23,2.241400
2015-06-24,2.259200
2015-06-25,2.269700
2015-06-26,2.302600
2015-06-29,2.189700
2015-06-30,2.155200
2015-07-01,2.220900
2015-07-02,2.205800
2015-07-03,2.127300
2015-07-06,2.146000
2015-07-07,1.946600
2015-07-08,2.029900
2015-07-09,2.087800
2015-07-10,2.210700
2015-07-13,2.248600
2015-07-14,2.261800
2015-07-15,2.267300
2015-07-16,2.208500
2015-07-17,2.210300
2015-07-20,2.204000
2015-07-21,2.216400
2015-07-22,2.159600
2015-07-23,2.153100
2015-07-24,2.058100
2015-07-27,2.045100
2015-07-28,2.066500
2015-07-29,2.097100
2015-07-30,2.092300
2015-07-31,2.007400
2015-08-03,2.001000
2015-08-04,1.996000
2015-08-05,2.089900
2015-08-06,2.041200
2015-08-07,1.972800
2015-08-10,2.041500
2015-08-11,1.939900
2015-08-12,1.903800
2015-08-13,1.961000
2015-08-14,1.998900
2015-08-17,1.950700
2015-08-18,2.002600
2015-08-19,1.983300
2015-08-20,1.890900
2015-08-21,1.836400
2015-08-24,1.804400
2015-08-25,1.912500
2015-08-26,1.959800
2015-08-27,1.985600
2015-08-28,1.966900
2015-09-01,1.951300
2015-09-02,1.958500
2015-09-03,1.926800
2015-09-04,1.844000
2015-09-07,1.826200
2015-09-08,1.858700
2015-09-09,1.885200
2015-09-10,1.874100
2015-09-11,1.834500
2015-09-14,1.863900
2015-09-15,1.922900
2015-09-16,1.958400
2015-09-17,1.969900
2015-09-18,1.861400
2015-09-21,1.910600
2015-09-22,1.797500
2015-09-23,1.823600
2015-09-24,1.757000
2015-09-25,1.864900
2015-09-28,1.802300
2015-09-29,1.775300
2015-09-30,1.791900
2015-10-01,1.771100
2015-10-02,1.722300
2015-10-05,1.810400
2015-10-06,1.821600
2015-10-07,1.850700
2015-10-08,1.835800
2015-10-09,1.880300
2015-10-12,1.845800
2015-10-13,1.861600
2015-10-14,1.785900
2015-10-15,1.799900
2015-10-16,1.818100
2015-10-19,1.852300
2015-10-20,1.882500
2015-10-21,1.821500
2015-10-22,1.825000
2015-10-23,1.888800
2015-10-26,1.854200
2015-10-27,1.783800
2015-10-28,1.825700
2015-10-29,1.952700
2015-10-30,1.945700
2015-11-02,1.977100
2015-11-03,1.998500
2015-11-04,2.028200
2015-11-05,2.006100
2015-11-06,2.074800
2015-11-09,2.096800
2015-11-10,2.066000
2015-11-11,2.079900
2015-11-12,2.051000
2015-11-13,2.020400
2015-11-16,1.986200
2015-11-17,2.024400
2015-11-18,1.977800
2015-11-19,1.935900
2015-11-20,1.917300
2015-11-23,1.930800
2015-11-24,1.903900
2015-11-25,1.929000
2015-11-26,1.877500
2015-11-27,1.857600
2015-11-30,1.874100
2015-12-01,1.810200
2015-12-02,1.792400
2015-12-03,1.915800
2015-12-04,1.974200
2015-12-07,1.864500
2015-12-08,1.860500
2015-12-09,1.925300
2015-12-10,1.898400
2015-12-11,1.851600
2015-12-14,1.866000
2015-12-15,1.994000
2015-12-16,1.994100
2015-12-17,1.900200
2015-12-18,1.888000
2015-12-21,1.870900
2015-12-22,1.933700
2015-12-23,1.994800
2015-12-24,1.972500
2015-12-29,1.962900
2015-12-30,2.044100
2015-12-31,2.009700
2016-01-04,1.934200
2016-01-05,1.929900
2016-01-06,1.844300
2016-01-07,1.858600
2016-01-08,1.821300
2016-01-11,1.826100
2016-01-12,1.812500
2016-01-13,1.802800
2016-01-14,1.790000
2016-01-15,1.713900
2016-01-18,1.753100
2016-01-19,1.770700
2016-01-20,1.683900
2016-01-21,1.735300
2016-01-22,1.778000
2016-01-25,1.746700
2016-01-26,1.753900
2016-01-27,1.755800
2016-01-28,1.728100
2016-01-29,1.635500
2016-02-01,1.697500
2016-02-02,1.620000
2016-02-03,1.578000
2016-02-04,1.636000
2016-02-05,1.638300
2016-02-08,1.471500
2016-02-09,1.481300
2016-02-10,1.489400
2016-02-11,1.344800
2016-02-12,1.470800
2016-02-15,1.492400
2016-02-16,1.494500
2016-02-17,1.556900
2016-02-18,1.512000
2016-02-19,1.477000
2016-02-22,1.472100
2016-02-23,1.499700
2016-02-24,1.421300
2016-02-25,1.443100
2016-02-26,1.488200
2016-02-29,1.409600
2016-03-01,1.468500
2016-03-02,1.543600
2016-03-03,1.529300
2016-03-04,1.571600
2016-03-07,1.559400
2016-03-08,1.450100
2016-03-09,1.553700
2016-03-10,1.612300
2016-03-11,1.659300
2016-03-14,1.628500
2016-03-15,1.612500
2016-03-16,1.598900
2016-03-17,1.539300
2016-03-18,1.547500
2016-03-21,1.564200
2016-03-22,1.542900
2016-03-23,1.535500
2016-03-24,1.551800
2016-03-29,1.506100
2016-03-30,1.543100
2016-03-31,1.504100
2016-04-01,1.522600
2016-04-04,1.518100
2016-04-05,1.462900
2016-04-06,1.479100
2016-04-07,1.420600
2016-04-08,1.466500
2016-04-11,1.496600
2016-04-12,1.545900
2016-04-13,1.532300
2016-04-14,1.545300
2016-04-15,1.516900
2016-04-18,1.576200
2016-04-19,1.619900
2016-04-20,1.563200
2016-04-21,1.677200
2016-04-22,1.697100
2016-04-25,1.698800
2016-04-26,1.755100
2016-04-27,1.715900
2016-04-28,1.691700
2016-04-29,1.694700
2016-05-03,1.619400
2016-05-04,1.624300
2016-05-05,1.575600
2016-05-06,1.520000
2016-05-09,1.519800
2016-05-10,1.507400
2016-05-11,1.498500
2016-05-12,1.510300
2016-05-13,1.480400
2016-05-16,1.501000
2016-05-17,1.471800
2016-05-18,1.547000
2016-05-19,1.542100
2016-05-20,1.573500
2016-05-23,1.569600
2016-05-24,1.584000
2016-05-25,1.558200
2016-05-26,1.523700
2016-05-27,1.547700
2016-05-31,1.547400
2016-06-01,1.482400
2016-06-02,1.455500
2016-06-03,1.388800
2016-06-06,1.397100
2016-06-07,1.376500
2016-06-08,1.363900
2016-06-09,1.350800
2016-06-10,1.335800
2016-06-13,1.329000
2016-06-14,1.245600
2016-06-15,1.231400
2016-06-16,1.215500
2016-06-17,1.258400
2016-06-20,1.361900
2016-06-21,1.399300
2016-06-22,1.439600
2016-06-23,1.481000
2016-06-24,1.217200
2016-06-27,1.072100
2016-06-28,1.074800
2016-06-29,1.063500
2016-06-30,1.026300
2016-07-01,0.985900
2016-07-04,0.952900
2016-07-05,0.894100
2016-07-06,0.880200
2016-07-07,0.898400
2016-07-08,0.861000
2016-07-11,0.869000
2016-07-12,0.924500
2016-07-13,0.861100
2016-07-14,0.912800
2016-07-15,0.959300
2016-07-18,0.934500
2016-07-19,0.928800
2016-07-20,0.956100
2016-07-21,0.971000
2016-07-22,0.933800
2016-07-25,0.932800
2016-07-26,0.951400
2016-07-27,0.849600
2016-07-28,0.828300
2016-07-29,0.799800
2016-08-01,0.845200
2016-08-02,0.921300
2016-08-03,0.910600
2016-08-04,0.742900
2016-08-05,0.763100
2016-08-08,0.721100
2016-08-09,0.673000
2016-08-10,0.640700
2016-08-11,0.628000
2016-08-12,0.622800
2016-08-15,0.651400
2016-08-16,0.699900
2016-08-17,0.688300
2016-08-18,0.687400
2016-08-19,0.741000
2016-08-22,0.697200
2016-08-23,0.672600
2016-08-24,0.689900
2016-08-25,0.689600
2016-08-26,0.659100
2016-08-30,0.660900
2016-08-31,0.661500
2016-09-01,0.700100
2016-09-02,0.770300
2016-09-05,0.738100
2016-09-06,0.697200
2016-09-07,0.696600
2016-09-08,0.786900
2016-09-09,0.900200
2016-09-12,0.901900
2016-09-13,0.929600
2016-09-14,0.928000
2016-09-15,0.936800
2016-09-16,0.905300
2016-09-19,0.919000
2016-09-20,0.840500
2016-09-21,0.846500
2016-09-22,0.753300
2016-09-23,0.759900
2016-09-26,0.736700
2016-09-27,0.696300
2016-09-28,0.701400
2016-09-29,0.747800
2016-09-30,0.796800
2016-10-03,0.774500
2016-10-04,0.799100
2016-10-05,0.858600
2016-10-06,0.921500
2016-10-07,1.010900
2016-10-10,1.064600
2016-10-11,1.035300
2016-10-12,1.089100
2016-10-13,1.060100
2016-10-14,1.148000
2016-10-17,1.169600
2016-10-18,1.132000
2016-10-19,1.126800
2016-10-20,1.126100
2016-10-21,1.121300
2016-10-24,1.134500
2016-10-25,1.121700
2016-10-26,1.204500
2016-10-27,1.292400
2016-10-28,1.307000
2016-10-31,1.287700
2016-11-01,1.333800
2016-11-02,1.237800
2016-11-03,1.263800
2016-11-04,1.188500
2016-11-07,1.247000
2016-11-08,1.286500
2016-11-09,1.290900
2016-11-10,1.399100
2016-11-11,1.419900
2016-11-14,1.495400
2016-11-15,1.437000
2016-11-16,1.467300
2016-11-17,1.452900
2016-11-18,1.533600
2016-11-21,1.486900
2016-11-22,1.459300
2016-11-23,1.534200
2016-11-24,1.499700
2016-11-25,1.481800
2016-11-28,1.440600
2016-11-29,1.450800
2016-11-30,1.476500
2016-12-01,1.539900
2016-12-02,1.444500
2016-12-05,1.467000
2016-12-06,1.481000
2016-12-07,1.433200
2016-12-08,1.450800
2016-12-09,1.506600
2016-12-12,1.557000
2016-12-13,1.501400
2016-12-14,1.456500
2016-12-15,1.575100
2016-12-16,1.526100
2016-12-19,1.479400
2016-12-20,1.488100
2016-12-21,1.440800
2016-12-22,1.432600
2016-12-23,1.401200
2016-12-28,1.358700
2016-12-29,1.284800
2016-12-30,1.295500
2017-01-03,1.397600
2017-01-04,1.391500
2017-01-05,1.384900
2017-01-06,1.438800
2017-01-09,1.414700
2017-01-10,1.421000
2017-01-11,1.422100
2017-01-12,1.359000
2017-01-13,1.428500
2017-01-16,1.391000
2017-01-17,1.366700
2017-01-18,1.391100
2017-01-19,1.459300
2017-01-20,1.489800
2017-01-23,1.448500
2017-01-24,1.449200
2017-01-25,1.529700
2017-01-26,1.578200
2017-01-27,1.537700
2017-01-30,1.510300
2017-01-31,1.485800
2017-02-01,1.533100
2017-02-02,1.461800
2017-02-03,1.437800
2017-02-06,1.397900
2017-02-07,1.367200
2017-02-08,1.299200
2017-02-09,1.309400
2017-02-10,1.345900
2017-02-13,1.368900
2017-02-14,1.389100
2017-02-15,1.384600
2017-02-16,1.331500
2017-02-17,1.285200
2017-02-20,1.299200
2017-02-21,1.320700
2017-02-22,1.278200
2017-02-23,1.223700
2017-02-24,1.147700
2017-02-27,1.142000
2017-02-28,1.130300
2017-03-01,1.184500
2017-03-02,1.197900
2017-03-03,1.185700
2017-03-06,1.205100
2017-03-07,1.177600
2017-03-08,1.226700
2017-03-09,1.211900
2017-03-10,1.240800
2017-03-13,1.252800
2017-03-14,1.238300
2017-03-15,1.222800
2017-03-16,1.248400
2017-03-17,1.237900
2017-03-20,1.235400
2017-03-21,1.255100
2017-03-22,1.175600
2017-03-23,1.228800
2017-03-24,1.207100
2017-03-27,1.181000
2017-03-28,1.196700
2017-03-29,1.159900
2017-03-30,1.127000
2017-03-31,1.134300
2017-04-03,1.074100
2017-04-04,1.071600
2017-04-05,1.103300
2017-04-06,1.106300
2017-04-07,1.087200
2017-04-10,1.103000
2017-04-11,1.064500
2017-04-12,1.068600
2017-04-13,1.061500
2017-04-18,1.054600
2017-04-19,1.084600
2017-04-20,1.086600
2017-04-21,1.058800
2017-04-24,1.092300
2017-04-25,1.106600
2017-04-26,1.110700
2017-04-27,1.089400
2017-04-28,1.106700
2017-05-02,1.119500
2017-05-03,1.105800
2017-05-04,1.143200
2017-05-05,1.151700
2017-05-08,1.177000
2017-05-09,1.231400
2017-05-10,1.200700
2017-05-11,1.196700
2017-05-12,1.123400
2017-05-15,1.159400
2017-05-16,1.147900
2017-05-17,1.102200
2017-05-18,1.095700
2017-05-19,1.119200
2017-05-22,1.114500
2017-05-23,1.102800
2017-05-24,1.105400
2017-05-25,1.079100
2017-05-26,1.048800
2017-05-30,1.036600
2017-05-31,1.066900
2017-06-01,1.100700
2017-06-02,1.087600
2017-06-05,1.092500
2017-06-06,1.029800
2017-06-07,1.026300
2017-06-08,1.077300
2017-06-09,1.056000
2017-06-12,1.020400
2017-06-13,1.074900
2017-06-14,0.975600
2017-06-15,1.077900
2017-06-16,1.063100
2017-06-19,1.068600
2017-06-20,1.046300
2017-06-21,1.061300
2017-06-22,1.055800
2017-06-23,1.070800
2017-06-26,1.063800
2017-06-27,1.124900
2017-06-28,1.195100
2017-06-29,1.284600
2017-06-30,1.297100
2017-07-03,1.313900
2017-07-04,1.289900
2017-07-05,1.297800
2017-07-06,1.363100
2017-07-07,1.347500
2017-07-10,1.314800
2017-07-11,1.322400
2017-07-12,1.305100
2017-07-13,1.333000
2017-07-14,1.354200
2017-07-17,1.315400
2017-07-18,1.253000
2017-07-19,1.224100
2017-07-20,1.248300
2017-07-21,1.209600
2017-07-24,1.218000
2017-07-25,1.284600
2017-07-26,1.263200
2017-07-27,1.235200
2017-07-28,1.253300
2017-07-31,1.261300
2017-08-01,1.241400
2017-08-02,1.273700
2017-08-03,1.192000
2017-08-04,1.200900
2017-08-07,1.173600
2017-08-08,1.186100
2017-08-09,1.135300
2017-08-10,1.111000
2017-08-11,1.096900
2017-08-14,1.114500
2017-08-15,1.123800
2017-08-16,1.144300
2017-08-17,1.134000
2017-08-18,1.117400
2017-08-21,1.103900
2017-08-22,1.122600
2017-08-23,1.089300
2017-08-24,1.096400
2017-08-25,1.092400
2017-08-29,1.039000
2017-08-30,1.078800
2017-08-31,1.075800
2017-09-01,1.104300
2017-09-04,1.101000
2017-09-05,1.060900
2017-09-06,1.052200
2017-09-07,1.006500
2017-09-08,1.042100
2017-09-11,1.086700
2017-09-12,1.192300
2017-09-13,1.194700
2017-09-14,1.266000
2017-09-15,1.364300
2017-09-18,1.347700
2017-09-19,1.373600
2017-09-20,1.375500
2017-09-21,1.410900
2017-09-22,1.405200
2017-09-25,1.375600
2017-09-26,1.376900
2017-09-27,1.423000
2017-09-28,1.423400
2017-09-29,1.400900
2017-10-02,1.368500
2017-10-03,1.399600
2017-10-04,1.412200
2017-10-05,1.429400
2017-10-06,1.410300
2017-10-09,1.402600
2017-10-10,1.409600
2017-10-11,1.422300
2017-10-12,1.422100
2017-10-13,1.411100
2017-10-16,1.384800
2017-10-17,1.329000
2017-10-18,1.360400
2017-10-19,1.320600
2017-10-20,1.379400
2017-10-23,1.358600
2017-10-24,1.403900
2017-10-25,1.464300
2017-10-26,1.455900
2017-10-27,1.412100
2017-10-30,1.384600
2017-10-31,1.389400
2017-11-01,1.402500
2017-11-02,1.318500
2017-11-03,1.320400
2017-11-06,1.313500
2017-11-07,1.296300
2017-11-08,1.265700
2017-11-09,1.319100
2017-11-10,1.399000
2017-11-13,1.389900
2017-11-14,1.371900
2017-11-15,1.347400
2017-11-16,1.361900
2017-11-17,1.362600
2017-11-20,1.340500
2017-11-21,1.329400
2017-11-22,1.334000
2017-11-23,1.307000
2017-11-24,1.306000
2017-11-27,1.317000
2017-11-28,1.312400
2017-11-29,1.409200
2017-11-30,1.384400
2017-12-01,1.282500
2017-12-04,1.342000
2017-12-05,1.322900
2017-12-06,1.289100
2017-12-07,1.313500
2017-12-08,1.340100
2017-12-11,1.265200
2017-12-12,1.288500
2017-12-13,1.280300
2017-12-14,1.237900
2017-12-15,1.221500
2017-12-18,1.211300
2017-12-19,1.272800
2017-12-20,1.328100
2017-12-21,1.329600
2017-12-22,1.307400
2017-12-27,1.240500
2017-12-28,1.265600
2017-12-29,1.258000
2018-01-02,1.349800
2018-01-03,1.287400
2018-01-04,1.308400
2018-01-05,1.310900
2018-01-08,1.296800
2018-01-09,1.349000
2018-01-10,1.361800
2018-01-11,1.386500
2018-01-12,1.408300
2018-01-15,1.391800
2018-01-16,1.376600
2018-01-17,1.370500
2018-01-18,1.405600
2018-01-19,1.408900
2018-01-22,1.424600
2018-01-23,1.425400
2018-01-24,1.479100
2018-01-25,1.478800
2018-01-26,1.503100
2018-01-29,1.522200
2018-01-30,1.524200
2018-01-31,1.547700
2018-02-01,1.579500
2018-02-02,1.624600
2018-02-05,1.619200
2018-02-06,1.572300
2018-02-07,1.597200
2018-02-08,1.678200
2018-02-09,1.648700
2018-02-12,1.651300
2018-02-13,1.672600
2018-02-14,1.685200
2018-02-15,1.710500
2018-02-16,1.644200
2018-02-19,1.660700
2018-02-20,1.630600
2018-02-21,1.613100
2018-02-22,1.607500
2018-02-23,1.589000
2018-02-26,1.574600
2018-02-27,1.619600
2018-02-28,1.573800
2018-03-01,1.535000
2018-03-02,1.527500
2018-03-05,1.560000
2018-03-06,1.589500
2018-03-07,1.567200
2018-03-08,1.546900
2018-03-09,1.571400
2018-03-12,1.572100
2018-03-13,1.553800
2018-03-14,1.495600
2018-03-15,1.502100
2018-03-16,1.502900
2018-03-19,1.508100
2018-03-20,1.552100
2018-03-21,1.597100
2018-03-22,1.482200
2018-03-23,1.513100
2018-03-26,1.513900
2018-03-27,1.484000
2018-03-28,1.436100
2018-03-29,1.424000
2018-04-03,1.432500
2018-04-04,1.443900
2018-04-05,1.491100
2018-04-06,1.472800
2018-04-09,1.483200
2018-04-10,1.496000
2018-04-11,1.462100
2018-04-12,1.519900
2018-04-13,1.511400
2018-04-16,1.540800
2018-04-17,1.524200
2018-04-18,1.501500
2018-04-19,1.591600
2018-04-20,1.576200
2018-04-23,1.605800
2018-04-24,1.623700
2018-04-25,1.622000
2018-04-26,1.586500
2018-04-27,1.534900
2018-04-30,1.508400
2018-05-01,1.492000
2018-05-02,1.543600
2018-05-03,1.482600
2018-05-04,1.487400
2018-05-08,1.531200
2018-05-09,1.557700
2018-05-10,1.516500
2018-05-11,1.540300
2018-05-14,1.573700
2018-05-15,1.606800
2018-05-16,1.596000
2018-05-17,1.652600
2018-05-18,1.596100
2018-05-21,1.585900
2018-05-22,1.618000
2018-05-23,1.531600
2018-05-24,1.496700
2018-05-25,1.436000
2018-05-29,1.339300
2018-05-30,1.335500
2018-05-31,1.333500
2018-06-01,1.390000
2018-06-04,1.409200
2018-06-05,1.400100
2018-06-06,1.496400
2018-06-07,1.522300
2018-06-08,1.507400
2018-06-11,1.521500
2018-06-12,1.503800
2018-06-13,1.469600
2018-06-14,1.436200
2018-06-15,1.426800
2018-06-18,1.435900
2018-06-19,1.395800
2018-06-20,1.407500
2018-06-21,1.391000
2018-06-22,1.425600
2018-06-25,1.413700
2018-06-26,1.412900
2018-06-27,1.364800
2018-06-28,1.371200
2018-06-29,1.391000
2018-07-02,1.370100
2018-07-03,1.357500
2018-07-04,1.390500
2018-07-05,1.368300
2018-07-06,1.373600
2018-07-09,1.387800
2018-07-10,1.411400
2018-07-11,1.411700
2018-07-12,1.390400
2018-07-13,1.386700
2018-07-16,1.407900
2018-07-17,1.373900
2018-07-18,1.340500
2018-07-19,1.298000
2018-07-20,1.345000
2018-07-23,1.377700
2018-07-24,1.376200
2018-07-25,1.377500
2018-07-26,1.391700
2018-07-27,1.395100
2018-07-30,1.464200
2018-07-31,1.442200
2018-08-01,1.498400
2018-08-02,1.489700
2018-08-03,1.437600
2018-08-06,1.412400
2018-08-07,1.444500
2018-08-08,1.432800
2018-08-09,1.417800
2018-08-10,1.365000
2018-08-13,1.383200
2018-08-14,1.383400
2018-08-15,1.339400
2018-08-16,1.350800
2018-08-17,1.349700
2018-08-20,1.335700
2018-08-21,1.386700
2018-08-22,1.393500
2018-08-23,1.395900
2018-08-24,1.395800
2018-08-28,1.426900
2018-08-29,1.471000
2018-08-30,1.434900
2018-08-31,1.411600
2018-09-03,1.386900
2018-09-04,1.406300
2018-09-05,1.450900
2018-09-06,1.399800
2018-09-07,1.438800
2018-09-10,1.453100
2018-09-11,1.483400
2018-09-12,1.468100
2018-09-13,1.486300
2018-09-14,1.507400
2018-09-17,1.516100
2018-09-18,1.546700
2018-09-19,1.595500
2018-09-20,1.576900
2018-09-21,1.540900
2018-09-24,1.595400
2018-09-25,1.618900
2018-09-26,1.585900
2018-09-27,1.584300
2018-09-28,1.568000
2018-10-01,1.570700
2018-10-02,1.530700
2018-10-03,1.555100
2018-10-04,1.653000
2018-10-05,1.702100
2018-10-08,1.674800
2018-10-09,1.677800
2018-10-10,1.716000
2018-10-11,1.674000
2018-10-12,1.632700
2018-10-15,1.602900
2018-10-16,1.610800
2018-10-17,1.561900
2018-10-18,1.554400
2018-10-19,1.556400
2018-10-22,1.514200
2018-10-23,1.474900
2018-10-24,1.443300
2018-10-25,1.428600
2018-10-26,1.359500
2018-10-29,1.387500
2018-10-30,1.393200
2018-10-31,1.432200
2018-11-01,1.448800
2018-11-02,1.488700
2018-11-05,1.494700
2018-11-06,1.531200
2018-11-07,1.530300
2018-11-08,1.563500
2018-11-09,1.500200
2018-11-12,1.443300
2018-11-13,1.512500
2018-11-14,1.509200
2018-11-15,1.378500
2018-11-16,1.422900
2018-11-19,1.385900
2018-11-20,1.396700
2018-11-21,1.396300
2018-11-22,1.423400
2018-11-23,1.383500
2018-11-26,1.417000
2018-11-27,1.396300
2018-11-28,1.392400
2018-11-29,1.356700
2018-11-30,1.368500
2018-12-03,1.330600
2018-12-04,1.295900
2018-12-05,1.322300
2018-12-06,1.235100
2018-12-07,1.271400
2018-12-10,1.165300
2018-12-11,1.197100
2018-12-12,1.279700
2018-12-13,1.283700
2018-12-14,1.247200
2018-12-17,1.278000
2018-12-18,1.302800
2018-12-19,1.295800
2018-12-20,1.285000
2018-12-21,1.334800
2018-12-24,1.278300
2018-12-27,1.327300
2018-12-28,1.289800
2018-12-31,1.305200
2019-01-02,1.241300
2019-01-03,1.207000
2019-01-04,1.292000
2019-01-07,1.264500
2019-01-08,1.286900
2019-01-09,1.264900
2019-01-10,1.295200
2019-01-11,1.317000
2019-01-14,1.317100
2019-01-15,1.282900
2019-01-16,1.335200
2019-01-17,1.360800
2019-01-18,1.378000
2019-01-21,1.348900
2019-01-22,1.349100
2019-01-23,1.349000
2019-01-24,1.290500
2019-01-25,1.331900
2019-01-28,1.297500
2019-01-29,1.294000
2019-01-30,1.287400
2019-01-31,1.254300
2019-02-01,1.274400
2019-02-04,1.305900
2019-02-05,1.255900
2019-02-06,1.244700
2019-02-07,1.202700
2019-02-08,1.172900
2019-02-11,1.197000
2019-02-12,1.211800
2019-02-13,1.213700
2019-02-14,1.173000
2019-02-15,1.199200
2019-02-18,1.200800
2019-02-19,1.209400
2019-02-20,1.215300
2019-02-21,1.242300
2019-02-22,1.190600
2019-02-25,1.207500
2019-02-26,1.237200
2019-02-27,1.315100
2019-02-28,1.333000
2019-03-01,1.330300
2019-03-04,1.310200
2019-03-05,1.317700
2019-03-06,1.255900
2019-03-07,1.185900
2019-03-08,1.219000
2019-03-11,1.199000
2019-03-12,1.204600
2019-03-13,1.237000
2019-03-14,1.260300
2019-03-15,1.242600
2019-03-18,1.218700
2019-03-19,1.222500
2019-03-20,1.172600
2019-03-21,1.082200
2019-03-22,1.034200
2019-03-25,1.016300
2019-03-26,1.039700
2019-03-27,1.033800
2019-03-28,1.038200
2019-03-29,1.036100
2019-04-01,1.077400
2019-04-02,1.036400
2019-04-03,1.108800
2019-04-04,1.119500
2019-04-05,1.119500
2019-04-08,1.119500
2019-04-09,1.119500
2019-04-10,1.255900
2019-04-11,1.180300
2019-04-12,1.249000
2019-04-15,1.251800
2019-04-16,1.251000
2019-04-17,1.272400
2019-04-18,1.036400
2019-04-23,1.260200
2019-04-24,1.207400
2019-04-25,1.191600
2019-04-26,1.180900
2019-04-29,1.187500
2019-04-30,1.216900
2019-05-01,1.188100
2019-05-02,1.221300
2019-05-03,1.253000
2019-05-07,1.198300
2019-05-08,1.168900
2019-05-09,1.156700
2019-05-10,1.165400
2019-05-13,1.140100
2019-05-14,1.133700
2019-05-15,1.108000
2019-05-16,1.108100
2019-05-17,1.081400
2019-05-20,1.101800
2019-05-21,1.128500
2019-05-22,1.068200
2019-05-23,1.002100
2019-05-24,1.036400
2019-05-28,0.968200
2019-05-29,0.947000
2019-05-30,0.939200
2019-05-31,0.933200
2019-06-03,0.906600
2019-06-04,0.937200
2019-06-05,0.906300
2019-06-06,0.871700
2019-06-07,0.850500
2019-06-10,0.873800
2019-06-11,0.885300
2019-06-12,0.910600
2019-06-13,0.877200
2019-06-14,1.036400
2019-06-17,1.036400
2019-06-18,1.036400
2019-06-19,0.903400
2019-06-20,1.036400
2019-06-21,0.892500
2019-06-24,0.855500
2019-06-25,0.839800
2019-06-26,0.866500
2019-06-27,0.877100
2019-06-28,0.891400
2019-07-01,0.850700
2019-07-02,0.779000
2019-07-03,0.737200
2019-07-04,0.724400
2019-07-05,0.793900
2019-07-08,0.752200
2019-07-09,0.766200
2019-07-10,0.800600
2019-07-11,0.884100
2019-07-12,0.878500
2019-07-15,0.839500
2019-07-16,0.864000
2019-07-17,0.808600
2019-07-18,0.807600
2019-07-19,0.783300
2019-07-22,0.758200
2019-07-23,0.736700
2019-07-24,0.729200
2019-07-25,0.764900
2019-07-26,0.744000
2019-07-29,0.711700
2019-07-30,0.701000
2019-07-31,0.679100
2019-08-01,0.642200
2019-08-02,0.615800
2019-08-05,0.558800
2019-08-06,0.568100
2019-08-07,0.524100
2019-08-08,0.577100
2019-08-09,0.540000
2019-08-12,0.538000
2019-08-13,0.533200
2019-08-14,0.482600
2019-08-15,0.437700
2019-08-16,0.499200
2019-08-19,0.521500
2019-08-20,0.490800
2019-08-21,0.491300
2019-08-22,0.555600
2019-08-23,0.543300
2019-08-27,0.470300
2019-08-28,0.407300
2019-08-29,0.401000
2019-08-30,0.442600
2019-09-02,0.392300
2019-09-03,0.360400
2019-09-04,0.469800
2019-09-05,0.572200
2019-09-06,0.468400
2019-09-09,0.568500
2019-09-10,0.596800
2019-09-11,0.603700
2019-09-12,0.601200
2019-09-13,0.723700
2019-09-16,0.649700
2019-09-17,0.650400
2019-09-18,0.606700
2019-09-19,0.594700
2019-09-20,0.591100
2019-09-23,0.497500
2019-09-24,0.493100
2019-09-25,0.489100
2019-09-26,0.489700
2019-09-27,0.473500
2019-09-30,0.456700
2019-10-01,0.435700
2019-10-02,0.462200
2019-10-03,0.450800
2019-10-04,0.405000
2019-10-07,0.418700
2019-10-08,0.380700
2019-10-09,0.428700
2019-10-10,0.519900
2019-10-11,0.679400
2019-10-14,0.611100
2019-10-15,0.674800
2019-10-16,0.662500
2019-10-17,0.668500
2019-10-18,0.684300
2019-10-21,0.724100
2019-10-22,0.676700
2019-10-23,0.651700
2019-10-24,0.600200
2019-10-25,0.637300
2019-10-28,0.693800
2019-10-29,0.688500
2019-10-30,0.654800
2019-10-31,0.598400
2019-11-01,0.641700
2019-11-04,0.688100
2019-11-05,0.735700
2019-11-06,0.710400
2019-11-07,0.748000
2019-11-08,0.773600
2019-11-11,0.784400
2019-11-12,0.793400
2019-11-13,0.737700
2019-11-14,0.698700
2019-11-15,0.708600
2019-11-18,0.726000
2019-11-19,0.720800
2019-11-20,0.715400
2019-11-21,0.743000
2019-11-22,0.694500
2019-11-25,0.683900
2019-11-26,0.629300
2019-11-27,0.665800
2019-11-28,0.661600
2019-11-29,0.684800
2019-12-02,0.732600
2019-12-03,0.674000
2019-12-04,0.727400
2019-12-05,0.769000
2019-12-06,0.759800
2019-12-09,0.760100
2019-12-10,0.785800
2019-12-11,0.772900
2019-12-12,0.822900
2019-12-13,0.801600
2019-12-16,0.825100
2019-12-17,0.767600
2019-12-18,0.785700
2019-12-19,0.815300
2019-12-20,0.784800
2019-12-23,0.780700
2019-12-24,0.769500
2019-12-27,0.759200
2019-12-30,0.868400
2019-12-31,0.821400
2020-01-02,0.791600
2020-01-03,0.744300
2020-01-06,0.767700
2020-01-07,0.791300
2020-01-08,0.801200
2020-01-09,0.829900
2020-01-10,0.787200
2020-01-13,0.765400
2020-01-14,0.731100
2020-01-15,0.659800
2020-01-16,0.651500
2020-01-17,0.647300
2020-01-20,0.660600
2020-01-21,0.637400
2020-01-22,0.641600
2020-01-23,0.594200
2020-01-24,0.574900
2020-01-27,0.512800
2020-01-28,0.552800
2020-01-29,0.532800
2020-01-30,0.549300
2020-01-31,0.529500
2020-02-03,0.540200
2020-02-04,0.566900
2020-02-05,0.609700
2020-02-06,0.601900
2020-02-07,0.579800
2020-02-10,0.565700
2020-02-11,0.576600
2020-02-12,0.624600
2020-02-13,0.650500
2020-02-14,0.631100
2020-02-17,0.652400
2020-02-18,0.626900
2020-02-19,0.616100
2020-02-20,0.591100
2020-02-21,0.567600
2020-02-24,0.535700
2020-02-25,0.504300
2020-02-26,0.504000
2020-02-27,0.461600
2020-02-28,0.433100
2020-03-02,0.407900
2020-03-03,0.392200
2020-03-04,0.369500
2020-03-05,0.331800
2020-03-06,0.203800
2020-03-09,0.160700
2020-03-10,0.218900
2020-03-11,0.286700
2020-03-12,0.282700
2020-03-13,0.400900
2020-03-16,0.478800
2020-03-17,0.549900
2020-03-18,0.810100
2020-03-19,0.832500
2020-03-20,0.527300
2020-03-23,0.393100
2020-03-24,0.443200
2020-03-25,0.429800
2020-03-26,0.365400
2020-03-27,0.341500
2020-03-30,0.311100
2020-03-31,0.361600
2020-04-01,0.315000
2020-04-02,0.337600
2020-04-03,0.324700
2020-04-06,0.338900
2020-04-07,0.396800
2020-04-08,0.383000
2020-04-09,0.312200
2020-04-14,0.327500
2020-04-15,0.292600
2020-04-16,0.291900
2020-04-17,0.291600
2020-04-20,0.328400
2020-04-21,0.290700
2020-04-22,0.315700
2020-04-23,0.297700
2020-04-24,0.296100
2020-04-27,0.319700
2020-04-28,0.302300
2020-04-29,0.302600
2020-04-30,0.243900
2020-05-01,0.271100
2020-05-04,0.236700
2020-05-05,0.209800
2020-05-06,0.242600
2020-05-07,0.248200
2020-05-11,0.275300
2020-05-12,0.262900
2020-05-13,0.237400
2020-05-14,0.232900
2020-05-15,0.245300
2020-05-18,0.272300
2020-05-19,0.265000
2020-05-20,0.254700
2020-05-21,0.186000
2020-05-22,0.181000
2020-05-26,0.221200
2020-05-27,0.189200
2020-05-28,0.204500
2020-05-29,0.184500
2020-06-01,0.234600
2020-06-02,0.229400
2020-06-03,0.294600
2020-06-04,0.320200
2020-06-05,0.366800
2020-06-08,0.347100
2020-06-09,0.332000
2020-06-10,0.274100
2020-06-11,0.200300
2020-06-12,0.216900
2020-06-15,0.217900
2020-06-16,0.209100
2020-06-17,0.197500
2020-06-18,0.242900
2020-06-19,0.255500
2020-06-22,0.214300
2020-06-23,0.236600
2020-06-24,0.215000
2020-06-25,0.182700
2020-06-26,0.193400
2020-06-29,0.177900
2020-06-30,0.191700
2020-07-01,0.237000
2020-07-02,0.208300
2020-07-03,0.207300
2020-07-06,0.221000
2020-07-07,0.204100
2020-07-08,0.200200
2020-07-09,0.177600
2020-07-10,0.170500
2020-07-13,0.211400
2020-07-14,0.170700
2020-07-15,0.194300
2020-07-16,0.158800
2020-07-17,0.184900
2020-07-20,0.173400
2020-07-21,0.165100
2020-07-22,0.145500
2020-07-23,0.149500
2020-07-24,0.176700
2020-07-27,0.141700
2020-07-28,0.138200
2020-07-29,0.150200
2020-07-30,0.117100
2020-07-31,0.125200
2020-08-03,0.131700
2020-08-04,0.111400
2020-08-05,0.165000
2020-08-06,0.138900
2020-08-07,0.180400
2020-08-10,0.170200
2020-08-11,0.242100
2020-08-12,0.276100
2020-08-13,0.285200
2020-08-14,0.286200
2020-08-17,0.259100
2020-08-18,0.258300
2020-08-19,0.272100
2020-08-20,0.267900
2020-08-21,0.254200
2020-08-24,0.249700
2020-08-25,0.312400
2020-08-26,0.349900
2020-08-27,0.383900
2020-08-28,0.353300
2020-09-01,0.349500
2020-09-02,0.279100
2020-09-03,0.268200
2020-09-04,0.292800
2020-09-07,0.291000
2020-09-08,0.217200
2020-09-09,0.280300
2020-09-10,0.281900
2020-09-11,0.223400
2020-09-14,0.238400
2020-09-15,0.255400
2020-09-16,0.256400
2020-09-17,0.219000
2020-09-18,0.218500
2020-09-21,0.195000
2020-09-22,0.236800
2020-09-23,0.265100
2020-09-24,0.246800
2020-09-25,0.220500
2020-09-28,0.237600
2020-09-29,0.216000
2020-09-30,0.256200
2020-10-01,0.266700
2020-10-02,0.287700
2020-10-05,0.318700
2020-10-06,0.324100
2020-10-07,0.340500
2020-10-08,0.328200
2020-10-09,0.310900
2020-10-12,0.313700
2020-10-13,0.273700
2020-10-14,0.261700
2020-10-15,0.214900
2020-10-16,0.217400
2020-10-19,0.212100
2020-10-20,0.231900
2020-10-21,0.277700
2020-10-22,0.326100
2020-10-23,0.327400
2020-10-26,0.323500
2020-10-27,0.273700
2020-10-28,0.253100
2020-10-29,0.256600
2020-10-30,0.297600
2020-11-02,0.263400
2020-11-03,0.314400
2020-11-04,0.247900
2020-11-05,0.278100
2020-11-06,0.320400
2020-11-09,0.424100
2020-11-10,0.444700
2020-11-11,0.459000
2020-11-12,0.398700
2020-11-13,0.380200
2020-11-16,0.391600
2020-11-17,0.371200
2020-11-18,0.379800
2020-11-19,0.371200
2020-11-20,0.347100
2020-11-23,0.368400
2020-11-24,0.370800
2020-11-25,0.356200
2020-11-26,0.323200
2020-11-27,0.340300
2020-11-30,0.355500
2020-12-01,0.406600
2020-12-02,0.399900
2020-12-03,0.375800
2020-12-04,0.394400
2020-12-07,0.322100
2020-12-08,0.296900
2020-12-09,0.297400
2020-12-10,0.245600
2020-12-11,0.207700
2020-12-14,0.264600
2020-12-15,0.302300
2020-12-16,0.320100
2020-12-17,0.312100
2020-12-18,0.281500
2020-12-21,0.240400
2020-12-22,0.223300
2020-12-23,0.346000
2020-12-24,0.295200
2020-12-29,0.252300
2020-12-30,0.255200
2020-12-31,0.230800
2021-01-04,0.229000
2021-01-05,0.254300
2021-01-06,0.284900
2021-01-07,0.339500
2021-01-08,0.337100
2021-01-11,0.354000
2021-01-12,0.398700
2021-01-13,0.354400
2021-01-14,0.334700
2021-01-15,0.338700
2021-01-18,0.344000
2021-01-19,0.333100
2021-01-20,0.346800
2021-01-21,0.376900
2021-01-22,0.362400
2021-01-25,0.310800
2021-01-26,0.319500
2021-01-27,0.315500
2021-01-28,0.327600
2021-01-29,0.372000
2021-02-01,0.369400
2021-02-02,0.398600
2021-02-03,0.417300
2021-02-04,0.487100
2021-02-05,0.541700
2021-02-08,0.534500
2021-02-09,0.513900
2021-02-10,0.535300
2021-02-11,0.519700
2021-02-12,0.573800
2021-02-15,0.627400
2021-02-16,0.678600
2021-02-17,0.633500
2021-02-18,0.685000
2021-02-19,0.756600
2021-02-22,0.751300
2021-02-23,0.791900
2021-02-24,0.838100
2021-02-25,0.859800
2021-02-26,0.892600
2021-03-01,0.837200
2021-03-02,0.777400
2021-03-03,0.846500
2021-03-04,0.806400
2021-03-05,0.844400
2021-03-08,0.827200
2021-03-09,0.801600
2021-03-10,0.795500
2021-03-11,0.824500
2021-03-12,0.908700
2021-03-15,0.875900
2021-03-16,0.869800
2021-03-17,0.917800
2021-03-18,0.962100
2021-03-19,0.927200
2021-03-22,0.905700
2021-03-23,0.852800
2021-03-24,0.836400
2021-03-25,0.817400
2021-03-26,0.838400
2021-03-29,0.875100
2021-03-30,0.925700
2021-03-31,0.928200
2021-04-01,0.885900
2021-04-06,0.882100
2021-04-07,0.874200
2021-04-08,0.847700
2021-04-09,0.871700
2021-04-12,0.883600
2021-04-13,0.875700
2021-04-14,0.897400
2021-04-15,0.817300
2021-04-16,0.855800
2021-04-19,0.846100
2021-04-20,0.824200
2021-04-21,0.835300
2021-04-22,0.820000
2021-04-23,0.838600
2021-04-26,0.845000
2021-04-27,0.859100
2021-04-28,0.887100
2021-04-29,0.934800
2021-04-30,0.931000
2021-05-04,0.884300
2021-05-05,0.908000
2021-05-06,0.877300
2021-05-07,0.856500
2021-05-10,0.880300
2021-05-11,0.934000
2021-05-12,0.986800
2021-05-13,1.000400
2021-05-14,0.966200
2021-05-17,0.967700
2021-05-18,0.962400
2021-05-19,0.941800
2021-05-20,0.944000
2021-05-21,0.937100
2021-05-24,0.911800
2021-05-25,0.889300
2021-05-26,0.850900
2021-05-27,0.909900
2021-05-28,0.888800
2021-06-01,0.930000
2021-06-02,0.902000
2021-06-03,0.935200
2021-06-04,0.896000
2021-06-07,0.910400
2021-06-08,0.878400
2021-06-09,0.836600
2021-06-10,0.857500
2021-06-11,0.813700
2021-06-14,0.837400
2021-06-15,0.862100
2021-06-16,0.848000
2021-06-17,0.888000
2021-06-18,0.850700
2021-06-21,0.856900
2021-06-22,0.877600
2021-06-23,0.878300
2021-06-24,0.839400
2021-06-25,0.872800
2021-06-28,0.829600
2021-06-29,0.831600
2021-06-30,0.820200
2021-07-01,0.827400
2021-07-02,0.805000
2021-07-05,0.814500
2021-07-06,0.726300
2021-07-07,0.689600
2021-07-08,0.689000
2021-07-09,0.755500
2021-07-12,0.737500
2021-07-13,0.711500
2021-07-14,0.717300
2021-07-15,0.757000
2021-07-16,0.714100
2021-07-19,0.631700
2021-07-20,0.632100
2021-07-21,0.684900
2021-07-22,0.652100
2021-07-23,0.669300
2021-07-26,0.654900
2021-07-27,0.647000
2021-07-28,0.654300
2021-07-29,0.651600
2021-07-30,0.650000
2021-08-02,0.627300
2021-08-03,0.599400
2021-08-04,0.613500
2021-08-05,0.604300
2021-08-06,0.698000
2021-08-09,0.658600
2021-08-10,0.660900
2021-08-11,0.658000
2021-08-12,0.677300
2021-08-13,0.658300
2021-08-16,0.649200
2021-08-17,0.639900
2021-08-18,0.648000
2021-08-19,0.623300
2021-08-20,0.607800
2021-08-23,0.621000
2021-08-24,0.622200
2021-08-25,0.682400
2021-08-26,0.680800
2021-08-27,0.669400
2021-08-31,0.713800
2021-09-01,0.690100
2021-09-02,0.676200
2021-09-03,0.707700
2021-09-06,0.686700
2021-09-07,0.735500
2021-09-08,0.725800
2021-09-09,0.732900
2021-09-10,0.740300
2021-09-13,0.740400
2021-09-14,0.732200
2021-09-15,0.753900
2021-09-16,0.799900
2021-09-17,0.847300
2021-09-20,0.797700
2021-09-21,0.793200
2021-09-22,0.793000
2021-09-23,0.896100
2021-09-24,0.929700
2021-09-27,0.954300
2021-09-28,0.995300
2021-09-29,0.988000
2021-09-30,1.042900
2021-10-01,1.027300
2021-10-04,1.014700
2021-10-05,1.100500
2021-10-06,1.084000
2021-10-07,1.088100
2021-10-08,1.168300
2021-10-11,1.190600
2021-10-12,1.150400
2021-10-13,1.062700
2021-10-14,1.042800
2021-10-15,1.089700
2021-10-18,1.118000
2021-10-19,1.145800
2021-10-20,1.148200
2021-10-21,1.205500
2021-10-22,1.159500
2021-10-25,1.137400
2021-10-26,1.110800
2021-10-27,0.975100
2021-10-28,0.979100
2021-10-29,1.039300
2021-11-01,1.068900
2021-11-02,1.029800
2021-11-03,1.068000
2021-11-04,0.952800
2021-11-05,0.840100
2021-11-08,0.854900
2021-11-09,0.821900
2021-11-10,0.926100
2021-11-11,0.917900
2021-11-12,0.919700
2021-11-15,0.954000
2021-11-16,0.971600
2021-11-17,0.980900
2021-11-18,0.936700
2021-11-19,0.888200
2021-11-22,0.938100
2021-11-23,0.977700
2021-11-24,1.012100
2021-11-25,0.968200
2021-11-26,0.811100
2021-11-29,0.849700
2021-11-30,0.824400
2021-12-01,0.837900
2021-12-02,0.799700
2021-12-03,0.768600
2021-12-06,0.734700
2021-12-07,0.723400
2021-12-08,0.754600
2021-12-09,0.747900
2021-12-10,0.723900
2021-12-13,0.705300
2021-12-14,0.724200
2021-12-15,0.728600
2021-12-16,0.752500
2021-12-17,0.775600
2021-12-20,0.777200
2021-12-21,0.884700
2021-12-22,0.899600
2021-12-23,0.941000
2021-12-24,0.926700
2021-12-29,1.019500
2021-12-30,0.983100
2021-12-31,0.978500
2022-01-04,1.084200
2022-01-05,1.086300
2022-01-06,1.157500
2022-01-07,1.184900
2022-01-10,1.199000
2022-01-11,1.178100
2022-01-12,1.155800
2022-01-13,1.125200
2022-01-14,1.156800
2022-01-17,1.195200
2022-01-18,1.223900
2022-01-19,1.277900
2022-01-20,1.239500
2022-01-21,1.181100
2022-01-24,1.136900
2022-01-25,1.166100
2022-01-26,1.216600
2022-01-27,1.243200
2022-01-28,1.254800
2022-01-31,1.323800
2022-02-01,1.320800
2022-02-02,1.262800
2022-02-03,1.385700
2022-02-04,1.417000
2022-02-07,1.425700
2022-02-08,1.504000
2022-02-09,1.432500
2022-02-10,1.521900
2022-02-11,1.538100
2022-02-14,1.572100
2022-02-15,1.576800
2022-02-16,1.526400
2022-02-17,1.473100
2022-02-18,1.393600
2022-02-21,1.409900
2022-02-22,1.478600
2022-02-23,1.483200
2022-02-24,1.459400
2022-02-25,1.467300
2022-02-28,1.427400
2022-03-01,1.157900
2022-03-02,1.254400
2022-03-03,1.314200
2022-03-04,1.201200
2022-03-07,1.291800
2022-03-08,1.418600
2022-03-09,1.506900
2022-03-10,1.517600
2022-03-11,1.522600
2022-03-14,1.603400
2022-03-15,1.567400
2022-03-16,1.624800
2022-03-17,1.575600
2022-03-18,1.497500
2022-03-21,1.616300
2022-03-22,1.698900
2022-03-23,1.647200
2022-03-24,1.635300
2022-03-25,1.679100
2022-03-28,1.613600
2022-03-29,1.650800
2022-03-30,1.664100
2022-03-31,1.626400
2022-04-01,1.630800
2022-04-04,1.564300
2022-04-05,1.666200
2022-04-06,1.725400
2022-04-07,1.733400
2022-04-08,1.762900
2022-04-11,1.845800
2022-04-12,1.804100
2022-04-13,1.809900
2022-04-14,1.883900
2022-04-19,1.989400
2022-04-20,1.917500
2022-04-21,1.981200
2022-04-22,1.953700
2022-04-25,1.845900
2022-04-26,1.796200
2022-04-27,1.823200
2022-04-28,1.878200
2022-04-29,1.919100
2022-05-03,1.952600
2022-05-04,1.978200
2022-05-05,1.963400
2022-05-06,2.019200
2022-05-09,1.966700
2022-05-10,1.860200
2022-05-11,1.881800
2022-05-12,1.717600
2022-05-13,1.761700
2022-05-16,1.754900
2022-05-17,1.890900
2022-05-18,1.869100
2022-05-19,1.872800
2022-05-20,1.900300
2022-05-23,1.987000
2022-05-24,1.878600
2022-05-25,1.924900
2022-05-26,1.995900
2022-05-27,1.946000
2022-05-30,2.000800
2022-05-31,2.130300
2022-06-01,2.145700
2022-06-06,2.253900
2022-06-07,2.204200
2022-06-08,2.240900
2022-06-09,2.318200
2022-06-10,2.414500
2022-06-13,2.492700
2022-06-14,2.545400
2022-06-15,2.453800
2022-06-16,2.513600
2022-06-17,2.492200
2022-06-20,2.593400
2022-06-21,2.639800
2022-06-22,2.474000
2022-06-23,2.302700
2022-06-24,2.314500
2022-06-27,2.400300
2022-06-28,2.486400
2022-06-29,2.396600
2022-06-30,2.294200
2022-07-01,2.120300
2022-07-04,2.250300
2022-07-05,2.128100
2022-07-06,2.138800
2022-07-07,2.162300
2022-07-08,2.273600
2022-07-11,2.232800
2022-07-12,2.149600
2022-07-13,2.139000
2022-07-14,2.163500
2022-07-15,2.171500
2022-07-18,2.232700
2022-07-19,2.275000
2022-07-20,2.217900
2022-07-21,2.114000
2022-07-22,2.020900
2022-07-25,2.024700
2022-07-26,1.985500
2022-07-27,2.019000
2022-07-28,1.920400
2022-07-29,1.927700
2022-08-01,1.850900
2022-08-02,1.885400
2022-08-03,1.972500
2022-08-04,1.927300
2022-08-05,2.088400
2022-08-08,2.000900
2022-08-09,2.034900
2022-08-10,2.002000
2022-08-11,2.126500
2022-08-12,2.180100
2022-08-15,2.080400
2022-08-16,2.194800
2022-08-17,2.334900
2022-08-18,2.337800
2022-08-19,2.460700
2022-08-22,2.544600
2022-08-23,2.598700
2022-08-24,2.721800
2022-08-25,2.661000
2022-08-26,2.646100
2022-08-30,2.771200
2022-08-31,2.862400
2022-09-01,2.968900
2022-09-02,2.958400
2022-09-05,2.970300
2022-09-06,3.090700
2022-09-07,3.073200
2022-09-08,3.205200
2022-09-09,3.172400
2022-09-12,3.106500
2022-09-13,3.192800
2022-09-14,3.174000
2022-09-15,3.192100
2022-09-16,3.205600
2022-09-20,3.336400
2022-09-21,3.369500
2022-09-22,3.551600
2022-09-23,3.842600
2022-09-26,4.181700
2022-09-27,4.434100
2022-09-28,4.051700
2022-09-29,4.121000
2022-09-30,4.102100
2022-10-03,3.976600
2022-10-04,3.903600
2022-10-05,4.052700
2022-10-06,4.213400
2022-10-07,4.282600
2022-10-10,4.544500
2022-10-11,4.483900
2022-10-12,4.538700
2022-10-13,4.303400
2022-10-14,4.386800
2022-10-17,4.066100
2022-10-18,3.996700
2022-10-19,3.938300
2022-10-20,3.921400
2022-10-21,4.110100
2022-10-24,3.820700
2022-10-25,3.726500
2022-10-26,3.677100
2022-10-27,3.584700
2022-10-28,3.536200
2022-10-31,3.616700
2022-11-01,3.542200
2022-11-02,3.512000
2022-11-03,3.579500
2022-11-04,3.630000
2022-11-07,3.703800
2022-11-08,3.633600
2022-11-09,3.522900
2022-11-10,3.347400
2022-11-11,3.432000
2022-11-14,3.433500
2022-11-15,3.384000
2022-11-16,3.225500
2022-11-17,3.277000
2022-11-18,3.312900
2022-11-21,3.255400
2022-11-22,3.220800
2022-11-23,3.078000
2022-11-24,3.105400
2022-11-25,3.201800
2022-11-28,3.193200
2022-11-29,3.173700
2022-11-30,3.251500
2022-12-01,3.198100
2022-12-02,3.254000
2022-12-05,3.180100
2022-12-06,3.165100
2022-12-07,3.141700
2022-12-08,3.166700
2022-12-09,3.248800
2022-12-12,3.292200
2022-12-13,3.345200
2022-12-14,3.397300
2022-12-15,3.298800
2022-12-16,3.417900
2022-12-19,3.532600
2022-12-20,3.662000
2022-12-21,3.620000
2022-12-22,3.642200
2022-12-23,3.676700
2022-12-28,3.727200
2022-12-29,3.741600
2022-12-30,3.731200
2023-01-03,3.708400
2023-01-04,3.576600
2023-01-05,3.631100
2023-01-06,3.551100
2023-01-09,3.614000
2023-01-10,3.619400
2023-01-11,3.464200
2023-01-12,3.416400
2023-01-13,3.421000
2023-01-16,3.451500
2023-01-17,3.403500
2023-01-18,3.364600
2023-01-19,3.362700
2023-01-20,3.415400
2023-01-23,3.427800
2023-01-24,3.366000
2023-01-25,3.341900
2023-01-26,3.392400
2023-01-27,3.407700
2023-01-30,3.401000
2023-01-31,3.411300
2023-02-01,3.416900
2023-02-02,3.101100
2023-02-03,3.162000
2023-02-06,3.325300
2023-02-07,3.372900
2023-02-08,3.393200
2023-02-09,3.384000
2023-02-10,3.479200
2023-02-13,3.494200
2023-02-14,3.580900
2023-02-15,3.546300
2023-02-16,3.589400
2023-02-17,3.615700
2023-02-20,3.572200
2023-02-21,3.700400
2023-02-22,3.673200
2023-02-23,3.679800
2023-02-24,3.733700
2023-02-27,3.779700
2023-02-28,3.780600
2023-03-01,3.795900
2023-03-02,3.823900
2023-03-03,3.824500
2023-03-06,3.793000
2023-03-07,3.771500
2023-03-08,3.690300
2023-03-09,3.737600
2023-03-10,3.556000
2023-03-13,3.338100
2023-03-14,3.464800
2023-03-15,3.295700
2023-03-16,3.319000
2023-03-17,3.231500
2023-03-20,3.285000
2023-03-21,3.337700
2023-03-22,3.428000
2023-03-23,3.322400
2023-03-24,3.237500
2023-03-27,3.326800
2023-03-28,3.412400
2023-03-29,3.410500
2023-03-30,3.471900
2023-03-31,3.478100
2023-04-03,3.362800
2023-04-04,3.396300
2023-04-05,3.404000
2023-04-06,3.397700
2023-04-11,3.498100
2023-04-12,3.523500
2023-04-13,3.520700
2023-04-14,3.608500
2023-04-17,3.657000
2023-04-18,3.695900
2023-04-19,3.804900
2023-04-20,3.735400
2023-04-21,3.723100
2023-04-24,3.715100
2023-04-25,3.639600
2023-04-26,3.657400
2023-04-27,3.740600
2023-04-28,3.678300
2023-05-02,3.626900
2023-05-03,3.650000
2023-05-04,3.640900
2023-05-05,3.729200
2023-05-09,3.789100
2023-05-10,3.751100
2023-05-11,3.671500
2023-05-12,3.730200
2023-05-15,3.777900
2023-05-16,3.777300
2023-05-17,3.784600
2023-05-18,3.916900
2023-05-19,3.968000
2023-05-22,4.002000
2023-05-23,4.115600
2023-05-24,4.137600
2023-05-25,4.302500
2023-05-26,4.293200
2023-05-30,4.188300
2023-05-31,4.115500
2023-06-01,4.065100
2023-06-02,4.087100
2023-06-05,4.146400
2023-06-06,4.143700
2023-06-07,4.167100
2023-06-08,4.188600
2023-06-09,4.162900
2023-06-12,4.255100
2023-06-13,4.361000
2023-06-14,4.329000
2023-06-15,4.316400
2023-06-16,4.329800
2023-06-19,4.405300
2023-06-20,4.245100
2023-06-21,4.318700
2023-06-22,4.289200
2023-06-23,4.215800
2023-06-26,4.199900
2023-06-27,4.284000
2023-06-28,4.238300
2023-06-29,4.265200
2023-06-30,4.288400
2023-07-03,4.332300
2023-07-04,4.314300
2023-07-05,4.382600
2023-07-06,4.540600
2023-07-07,4.545500
2023-07-10,4.544700
2023-07-11,4.557600
2023-07-12,4.433700
2023-07-13,4.360100
2023-07-14,4.337100
2023-07-17,4.361700
2023-07-18,4.253200
2023-07-19,4.115800
2023-07-20,4.181200
2023-07-21,4.180300
2023-07-24,4.164800
2023-07-25,4.189600
2023-07-26,4.197100
2023-07-27,4.229500
2023-07-28,4.237200
2023-07-31,4.213500
2023-08-01,4.307100
2023-08-02,4.316800
2023-08-03,4.389900
2023-08-04,4.326900
2023-08-07,4.381400
2023-08-08,4.314200
2023-08-09,4.304400
2023-08-10,4.294500
2023-08-11,4.453300
2023-08-14,4.494200
2023-08-15,4.524600
2023-08-16,4.550500
2023-08-17,4.644500
2023-08-18,4.608400
2023-08-21,4.653700
2023-08-22,4.595600
2023-08-23,4.411800
2023-08-24,4.359000
2023-08-25,4.383200
2023-08-29,4.371400
2023-08-30,4.356400
2023-08-31,4.292000
2023-09-01,4.344300
2023-09-04,4.402000
2023-09-05,4.445100
2023-09-06,4.475100
2023-09-07,4.420500
2023-09-08,4.360900
2023-09-11,4.429500
2023-09-12,4.371000
2023-09-13,4.303300
2023-09-14,4.225100
2023-09-15,4.308000
2023-09-18,4.355600
2023-09-19,4.302700
2023-09-20,4.198200
2023-09-21,4.251400
2023-09-22,4.222000
2023-09-25,4.290600
2023-09-26,4.296900
2023-09-27,4.321900
2023-09-28,4.512100
2023-09-29,4.392300
2023-10-02,4.523600
2023-10-03,4.557800
2023-10-04,4.581200
2023-10-05,4.523800
2023-10-06,4.579100
2023-10-09,4.477500
2023-10-10,4.424000
2023-10-11,4.306300
2023-10-12,4.392700
2023-10-13,4.374700
2023-10-16,4.457500
2023-10-17,4.506700
2023-10-18,4.626300
2023-10-19,4.665100
2023-10-20,4.644900
2023-10-23,4.608500
2023-10-24,4.550900
2023-10-25,4.597100
2023-10-26,4.591000
2023-10-27,4.535800
2023-10-30,4.562300
2023-10-31,4.506700
2023-11-01,4.479800
2023-11-02,4.383000
2023-11-03,4.293000
2023-11-06,4.366600
2023-11-07,4.279500
2023-11-08,4.238600
2023-11-09,4.268500
2023-11-10,4.317300
2023-11-13,4.325100
2023-11-14,4.154800
2023-11-15,4.203900
2023-11-16,4.118200
2023-11-17,4.109400
2023-11-20,4.126500
2023-11-21,4.100500
2023-11-22,4.160700
2023-11-23,4.236500
2023-11-24,4.288500
2023-11-27,4.215200
2023-11-28,4.168900
2023-11-29,4.095500
2023-11-30,4.177300
2023-12-01,4.166400
2023-12-04,4.187400
2023-12-05,4.027600
2023-12-06,3.969400
2023-12-07,3.985400
2023-12-08,4.028300
2023-12-11,4.088800
2023-12-12,3.977800
2023-12-13,3.847200
2023-12-14,3.806400
2023-12-15,3.722300
2023-12-18,3.716700
2023-12-19,3.661100
2023-12-20,3.571200
2023-12-21,3.557700
2023-12-22,3.532300
2023-12-27,3.478700
2023-12-28,3.514400
2023-12-29,3.580300
2024-01-02,3.677600
2024-01-03,3.711400
2024-01-04,3.747400
2024-01-05,3.786900
2024-01-08,3.807800
2024-01-09,3.816900
2024-01-10,3.837400
2024-01-11,3.879100
2024-01-12,3.844800
2024-01-15,3.847500
2024-01-16,3.855600
2024-01-17,4.009500
2024-01-18,3.977500
2024-01-19,3.961300
2024-01-22,3.927700
2024-01-23,4.014500
2024-01-24,4.038700
2024-01-25,4.011500
2024-01-26,4.016900
2024-01-29,3.948000
2024-01-30,3.955500
2024-01-31,3.842700
2024-02-01,3.782800
2024-02-02,3.951400
2024-02-05,4.068100
2024-02-06,3.977000
2024-02-07,3.995700
2024-02-08,4.070900
2024-02-09,4.111400
2024-02-12,4.094100
2024-02-13,4.156500
2024-02-14,4.080500
2024-02-15,4.071500
2024-02-16,4.127000
2024-02-19,4.134700
2024-02-20,4.075100
2024-02-21,4.110400
2024-02-22,4.109200
2024-02-23,4.071400
2024-02-26,4.093500
2024-02-27,4.132900
2024-02-28,4.135600
2024-02-29,4.073500
2024-03-01,4.052500
2024-03-04,4.082800
2024-03-05,3.955300
2024-03-06,3.958500
2024-03-07,3.955500
2024-03-08,3.933900
2024-03-11,3.923300
2024-03-12,3.900900
2024-03-13,3.965700
2024-03-14,4.038800
2024-03-15,4.052300
2024-03-18,4.041500
2024-03-19,4.007700
2024-03-20,3.972200
2024-03-21,3.950900
2024-03-22,3.899100
2024-03-25,3.953800
2024-03-26,3.933800
2024-03-27,3.907800
2024-03-28,3.891700
2024-04-02,4.049400
2024-04-03,4.039200
2024-04-04,3.975500
2024-04-05,4.039400
2024-04-08,4.055300
2024-04-09,3.991200
2024-04-10,4.093400
2024-04-11,4.176900
2024-04-12,4.090200
2024-04-15,4.203400
2024-04-16,4.257800
2024-04-17,4.235100
2024-04-18,4.216400
2024-04-19,4.210800
2024-04-22,4.168400
2024-04-23,4.214900
2024-04-24,4.292300
2024-04-25,4.317500
2024-04-26,4.279400
2024-04-29,4.242300
2024-04-30,4.316000
2024-05-01,4.328600
2024-05-02,4.258700
2024-05-03,4.197600
2024-05-07,4.089300
2024-05-08,4.092900
2024-05-09,4.105300
2024-05-10,4.126100
2024-05-13,4.125300
2024-05-14,4.126000
2024-05-15,4.023200
2024-05-16,4.018400
2024-05-17,4.088600
2024-05-20,4.132600
2024-05-21,4.109000
2024-05-22,4.189300
2024-05-23,4.219000
2024-05-24,4.213700
2024-05-28,4.229400
2024-05-29,4.347600
2024-05-30,4.325300
2024-05-31,4.269300
2024-06-03,4.195000
2024-06-04,4.144200
2024-06-05,4.145500
2024-06-06,4.135800
2024-06-07,4.221600
2024-06-10,4.287000
2024-06-11,4.232700
2024-06-12,4.104400
2024-06-13,4.118000
2024-06-14,4.018600
2024-06-17,4.076500
2024-06-18,4.031400
2024-06-19,4.049500
2024-06-20,4.035100
2024-06-21,4.053800
2024-06-24,4.057100
2024-06-25,4.043900
2024-06-26,4.110600
2024-06-27,4.105400
2024-06-28,4.153400
2024-07-01,4.251000
2024-07-02,4.224900
2024-07-03,4.137700
2024-07-04,4.177100
2024-07-05,4.103700
2024-07-08,4.086600
2024-07-09,4.142900
2024-07-10,4.110600
2024-07-11,4.055100
2024-07-12,4.093600
2024-07-15,4.080100
2024-07-16,4.052800
2024-07-17,4.057700
2024-07-18,4.024300
2024-07-19,4.102500
2024-07-22,4.117300
2024-07-23,4.116200
2024-07-24,4.130200
2024-07-25,4.111000
2024-07-26,4.084900
2024-07-29,4.031700
2024-07-30,4.026800
2024-07-31,3.972100
2024-08-01,3.861000
2024-08-02,3.836400
2024-08-05,3.845100
2024-08-06,3.900000
2024-08-07,3.951500
2024-08-08,3.957100
2024-08-09,3.929300
2024-08-12,3.925200
2024-08-13,3.868600
2024-08-14,3.811200
2024-08-15,3.911100
2024-08-16,3.909500
2024-08-19,3.926700
2024-08-20,3.899100
2024-08-21,3.886300
2024-08-22,3.947800
2024-08-23,3.896400
2024-08-27,3.963200
2024-08-28,3.969300
2024-08-29,3.990300
2024-08-30,3.971000
2024-09-02,4.019700
2024-09-03,3.950000
2024-09-04,3.897500
2024-09-05,3.891600
2024-09-06,3.857000
2024-09-09,3.839600
2024-09-10,3.809900
2024-09-11,3.724500
2024-09-12,3.758500
2024-09-13,3.749900
2024-09-16,3.734400
2024-09-17,3.748700
2024-09-18,3.825400
2024-09-19,3.866800
2024-09-20,3.894300
2024-09-23,3.914900
2024-09-24,3.914600
2024-09-25,3.971000
2024-09-26,3.967500
2024-09-27,3.975200
2024-09-30,3.991500
2024-10-01,3.920500
2024-10-02,4.022800
2024-10-03,3.995900
2024-10-04,4.112400
2024-10-07,4.183800
2024-10-08,4.174600
2024-10-09,4.164400
2024-10-10,4.210800
2024-10-11,4.200400
2024-10-14,4.226800
2024-10-15,4.145900
2024-10-16,4.043300
2024-10-17,4.089700
2024-10-18,4.050900
2024-10-21,4.111600
2024-10-22,4.146400
2024-10-23,4.202600
2024-10-24,4.202200
2024-10-25,4.198600
2024-10-28,4.236500
2024-10-29,4.285600
2024-10-30,4.327100
2024-10-31,4.409600
2024-11-01,4.425900
2024-11-04,4.416300
2024-11-05,4.488300
2024-11-06,4.536400
2024-11-07,4.468100
2024-11-08,4.405200
2024-11-11,4.391000
2024-11-12,4.445900
2024-11-13,4.487100
2024-11-14,4.471200
2024-11-15,4.454500
2024-11-18,4.453700
2024-11-19,4.413900
2024-11-20,4.456500
2024-11-21,4.413200
2024-11-22,4.373500
2024-11-25,4.310800
2024-11-26,4.336600
2024-11-27,4.285400
2024-11-28,4.258300
2024-11-29,4.233300
2024-12-02,4.208600
2024-12-03,4.224600
2024-12-04,4.224300
2024-12-05,4.256100
2024-12-06,4.263300
2024-12-09,4.253000
2024-12-10,4.302700
2024-12-11,4.300300
2024-12-12,4.326500
2024-12-13,4.391300
2024-12-16,4.423200
2024-12-17,4.499900
2024-12-18,4.537200
2024-12-19,4.577300
2024-12-20,4.518100
2024-12-23,4.556900
2024-12-24,4.592600
2024-12-27,4.623500
2024-12-30,4.595900
2024-12-31,4.570100
2025-01-02,4.577700
2025-01-03,4.587600
2025-01-06,4.615600
2025-01-07,4.674500
2025-01-08,4.795100
2025-01-09,4.798500
2025-01-10,4.846900
2025-01-13,4.872500
2025-01-14,4.885600
2025-01-15,4.707900
2025-01-16,4.672500
2025-01-17,4.648300
2025-01-20,4.660300
2025-01-21,4.593300
2025-01-22,4.599500
2025-01-23,4.627300
2025-01-24,4.627300
2025-01-27,4.577900
2025-01-28,4.611000
2025-01-29,4.598400
2025-01-30,4.560000
2025-01-31,4.537900
2025-02-03,4.496300
2025-02-04,4.537400
2025-02-05,4.442100
2025-02-06,4.468500
2025-02-07,4.493900
2025-02-10,4.467800
2025-02-11,4.526100
2025-02-12,4.574500
2025-02-13,4.490000
2025-02-14,4.499000
2025-02-17,4.532600
2025-02-18,4.567300
2025-02-19,4.619800
2025-02-20,4.624500
2025-02-21,4.586400
2025-02-24,4.559300
2025-02-25,4.508400
2025-02-26,4.519700
2025-02-27,4.533900
2025-02-28,4.483500
2025-03-03,4.546300
2025-03-04,4.482100
2025-03-05,4.662100
2025-03-06,4.684400
2025-03-07,4.624900
2025-03-10,4.605000
2025-03-11,4.645000
2025-03-12,4.701800
2025-03-13,4.664500
2025-03-14,4.642500
2025-03-17,4.602700
2025-03-18,4.617900
2025-03-19,4.612300
2025-03-20,4.632200
2025-03-21,4.676000
2025-03-24,4.702500
2025-03-25,4.729400
2025-03-26,4.702200
2025-03-27,4.769900
2025-03-28,4.688000
2025-03-31,4.661100
2025-04-01,4.621300
2025-04-02,4.613000
2025-04-03,4.500400
2025-04-04,4.447900
2025-04-07,4.598900
2025-04-08,4.600600
2025-04-09,4.741500
2025-04-10,4.637900
2025-04-11,4.744200
2025-04-14,4.654900
2025-04-15,4.642100
2025-04-16,4.605800
2025-04-17,4.561700
2025-04-22,4.558700
2025-04-23,4.559400
2025-04-24,4.498000
2025-04-25,4.490800
2025-04-28,4.502600
2025-04-29,4.480200
2025-04-30,4.452900
2025-05-01,4.454900
2025-05-02,4.488600
2025-05-06,4.521400
2025-05-07,4.459700
2025-05-08,4.522800
2025-05-09,4.561500
2025-05-12,4.635500
2025-05-13,4.653600
2025-05-14,4.716200
2025-05-15,4.671500
2025-05-16,4.647100
2025-05-19,4.665000
2025-05-20,4.706500
2025-05-21,4.762300
2025-05-22,4.774400
2025-05-23,4.717400
2025-05-27,4.691900
2025-05-28,4.727500
2025-05-29,4.666100
2025-05-30,4.671200
2025-06-02,4.663300
2025-06-03,4.627400
2025-06-04,4.628800
2025-06-05,4.631000
2025-06-06,4.647000
2025-06-09,4.648300
2025-06-10,4.559100
2025-06-11,4.567400
2025-06-12,4.496600
2025-06-13,4.559600
2025-06-16,4.541800
2025-06-17,4.549700
2025-06-18,4.510300
2025-06-19,4.542200
2025-06-20,4.547500
2025-06-23,4.501500
2025-06-24,4.464800
2025-06-25,4.495700
2025-06-26,4.486400
2025-06-27,4.522900
2025-06-30,4.513900
2025-07-01,4.457900
2025-07-02,4.612200
2025-07-03,4.568100
2025-07-04,4.574200
2025-07-07,4.600600
2025-07-08,4.655300
2025-07-09,4.629200
2025-07-10,4.623900
2025-07-11,4.653900
2025-07-14,4.635100
2025-07-15,4.667700
2025-07-16,4.672800
2025-07-17,4.679500
2025-07-18,4.716700
2025-07-21,4.643600
2025-07-22,4.605100
2025-07-23,4.649800
2025-07-24,4.667100
2025-07-25,4.676900
2025-07-28,4.681600
2025-07-29,4.648600
2025-07-30,4.630700
2025-07-31,4.602300
2025-08-01,4.572700
2025-08-04,4.545800
2025-08-05,4.537500
2025-08-06,4.546600
2025-08-07,4.574000
2025-08-08,4.624100
2025-08-11,4.592600
2025-08-12,4.635500
2025-08-13,4.615200
2025-08-14,4.666700
2025-08-15,4.717600
2025-08-18,4.774800
2025-08-19,4.767900
2025-08-20,4.710300
2025-08-21,4.768000
2025-08-22,4.727100
2025-08-26,4.782400
2025-08-27,4.765800
2025-08-28,4.746200
2025-08-29,4.768800
2025-09-01,4.800000
2025-09-02,4.852700
2025-09-03,4.801200
2025-09-04,4.782600
2025-09-05,4.698000
2025-09-08,4.660600
2025-09-09,4.680200
2025-09-10,4.686400
2025-09-11,4.656300
2025-09-12,4.704900
2025-09-15,4.680500
2025-09-16,4.690300
2025-09-17,4.668600
2025-09-18,4.716100
2025-09-19,4.767200
2025-09-22,4.753800
2025-09-23,4.743300
2025-09-24,4.731400
2025-09-25,4.800400
2025-09-26,4.801800
2025-09-29,4.758800
2025-09-30,4.762800
2025-10-01,4.755900
2025-10-02,4.769700
2025-10-03,4.753500
2025-10-06,4.785100
2025-10-07,4.794600
2025-10-08,4.769700
2025-10-09,4.808600
2025-10-10,4.732600
2025-10-13,4.724200
2025-10-14,4.646600
2025-10-15,4.596400
2025-10-16,4.573300
2025-10-17,4.596300
2025-10-20,4.573200
2025-10-21,4.543300
2025-10-22,4.479900
2025-10-23,4.479200
2025-10-24,4.491000
2025-10-27,4.467600
2025-10-28,4.461800
2025-10-29,4.459500
2025-10-30,4.471400
2025-10-31,4.477300
2025-11-03,4.507300
2025-11-04,4.473500
2025-11-05,4.531200
2025-11-06,4.502500
2025-11-07,4.525100
2025-11-10,4.521100
2025-11-11,4.451800
2025-11-12,4.474200
2025-11-13,4.505400
2025-11-14,4.636900
2025-11-17,4.610900
2025-11-18,4.618800
2025-11-19,4.683600
2025-11-20,4.659300
2025-11-21,4.614100
2025-11-24,4.624100
2025-11-25,4.570500
2025-11-26,4.510900
2025-11-27,4.541100
2025-11-28,4.533500
2025-12-01,4.565300
2025-12-02,4.568700
2025-12-03,4.522800
2025-12-04,4.516100
2025-12-05,4.557100
2025-12-08,4.622800
2025-12-09,4.591000
2025-12-10,4.594800
2025-12-11,4.556800
2025-12-12,4.600400
2025-12-15,4.571500
2025-12-16,4.599400
2025-12-17,4.552700
2025-12-18,4.559300
2025-12-19,4.602300
2025-12-22,4.624100
2025-12-23,4.593900
2025-12-24,4.599600
2025-12-29,4.575100
2025-12-30,4.583800
2025-12-31,4.571600
2026-01-02,4.626500
2026-01-05,4.603300
2026-01-06,4.581100
2026-01-07,4.510400
2026-01-08,4.507000
2026-01-09,4.469700
2026-01-12,4.465000
2026-01-13,4.483900
2026-01-14,4.448200
2026-01-15,4.473400
2026-01-16,4.500400
2026-01-19,4.501800
2026-01-20,4.557000
2026-01-21,4.543800
2026-01-22,4.577000
2026-01-23,4.592100
2026-01-26,4.588500
2026-01-27,4.617800
2026-01-28,4.637700
2026-01-29,4.606200
2026-01-30,4.627400
2026-02-02,4.614000
2026-02-03,4.617800
2026-02-04,4.642100
2026-02-05,4.657400
2026-02-06,4.638100
2026-02-09,4.648000
2026-02-10,4.611900
2026-02-11,4.599100
2026-02-12,4.562000
2026-02-13,4.522200
2026-02-16,4.514500
2026-02-17,4.489300
2026-02-18,4.489100
2026-02-19,4.488500
2026-02-20,4.467300
2026-02-23,4.428600
2026-02-24,4.423300
2026-02-25,4.429100
2026-02-26,4.395800
2026-02-27,4.351900
2026-03-02,4.412500
2026-03-03,4.555300
2026-03-04,4.486500
2026-03-05,4.576200
2026-03-06,4.703400
2026-03-09,4.666800
2026-03-10,4.596600
2026-03-11,4.734100
2026-03-12,4.816200
2026-03-13,4.854400
2026-03-16,4.793900
2026-03-17,4.735300
2026-03-18,4.785000
2026-03-19,4.854800
2026-03-20,4.996000
2026-03-23,4.950500
2026-03-24,4.953400
2026-03-25,4.847300
2026-03-26,4.966200
2026-03-27,5.009800
2026-03-30,4.957900
2026-03-31,4.944200
2026-04-01,4.865700
2026-04-02,4.859800
2026-04-07,4.956100
2026-04-08,4.748000
2026-04-09,4.837200
2026-04-10,4.849300
2026-04-13,4.901600
2026-04-14,4.830700
2026-04-15,4.834800
2026-04-16,4.887300
2026-04-17,4.797500
2026-04-20,4.884000
2026-04-21,4.920300
2026-04-22,4.927900
2026-04-23,4.961600
2026-04-24,4.967300
2026-04-27,5.014300
2026-04-28,5.041400
2026-04-29,5.092900
2026-04-30,5.055700
2026-05-01,5.015700
2026-05-05,5.109900
2026-05-06,4.981000
2026-05-07,4.969100
2026-05-08,4.954500
2026-05-11,5.042600
2026-05-12,5.138400
2026-05-13,5.113900
2026-05-14,5.048300
2026-05-15,5.213800
2026-05-18,5.187900
2026-05-19,5.165500
2026-05-20,5.039100
2026-05-21,5.008100
2026-05-22,4.943700
2026-05-26,4.922400
2026-05-27,4.908700
2026-05-28,4.867800
2026-05-29,4.860400
2026-06-01,4.949600
2026-06-02,4.908400
2026-06-03,4.967700
2026-06-04,4.955300
2026-06-05,4.952500
2026-06-08,4.988300
2026-06-09,4.963400
2026-06-10,4.976900
2026-06-11,4.954800
2026-06-12,4.899700
2026-06-15,4.876700
2026-06-16,4.862700
2026-06-17,4.823500
2026-06-18,4.800100
2026-06-19,4.898400
2026-06-22,4.862000
2026-06-23,4.809700
2026-06-24,4.743800
2026-06-25,4.762600
2026-06-26,4.795000
2026-06-29,4.781400
2026-06-30,4.826700
2026-07-01,4.830100
2026-07-02,4.837000
2026-07-03,4.853500
2026-07-06,4.858200
2026-07-07,4.897300
2026-07-08,5.035600
2026-07-09,4.975100
2026-07-10,4.951200
2026-07-13,5.028200
2026-07-14,5.014100
2026-07-15,5.013800
2026-07-16,5.037600
2026-07-17,5.013900
2026-07-20,5.093900
2026-07-21,5.093000
2026-07-22,5.103200
2026-07-23,5.168300
2026-07-24,5.099100
2026-07-27,5.048900
2026-07-28,5.018600
2026-07-29,5.077900
2026-07-30,5.078000
2026-07-31,5.104000
2026-08-03,5.021000
2026-08-04,4.987200
2026-08-05,4.956300
2026-08-06,4.993900
2026-08-07,4.994500
2026-08-10,5.052900
2026-08-11,5.027400
2026-08-12,5.043800
2026-08-13,5.026900
2026-08-14,5.093100
2026-08-17,5.127100
2026-08-18,5.151400
2026-08-19,5.123700
2026-08-20,5.127600
2026-08-21,5.134000
2026-08-24,5.131800
2026-08-25,5.077500
2026-08-26,5.092900
2026-08-27,5.105500
2026-08-28,5.141000
2026-09-01,5.206800
2026-09-02,5.241600
2026-09-03,5.157500
2026-09-04,5.142500
2026-09-07,5.177500
2026-09-08,5.162600
2026-09-09,5.249300
2026-09-10,5.357200
2026-09-11,5.348300
2026-09-14,5.388200
2026-09-15,5.386100
2026-09-16,5.287600
2026-09-17,5.207400
2026-09-18,5.289900
2026-09-21,5.193500
2026-09-22,5.211300
2026-09-23,5.305500
2026-09-24,5.361300
2026-09-25,5.384200
2026-09-28,5.412300
2026-09-29,5.380700
