date,taux
2000-01-04,4.807800
2000-01-05,4.842300
2000-01-06,4.825300
2000-01-07,4.757400
2000-01-10,4.679500
2000-01-11,4.713700
2000-01-12,4.838300
2000-01-13,4.776900
2000-01-14,4.806100
2000-01-17,4.852600
2000-01-18,4.931500
2000-01-19,4.916500
2000-01-20,4.964600
2000-01-21,4.968700
2000-01-24,4.948800
2000-01-25,4.852600
2000-01-26,4.876200
2000-01-27,4.971100
2000-01-28,4.985600
2000-01-31,4.866600
2000-02-01,4.757800
2000-02-02,4.787900
2000-02-03,4.694600
2000-02-04,4.760100
2000-02-07,4.756600
2000-02-08,4.726500
2000-02-09,4.793400
2000-02-10,4.849000
2000-02-11,4.872900
2000-02-14,4.838100
2000-02-15,4.820400
2000-02-16,4.880200
2000-02-17,4.834700
2000-02-18,4.758400
2000-02-21,4.681200
2000-02-22,4.627700
2000-02-23,4.659800
2000-02-24,4.586500
2000-02-25,4.575700
2000-02-28,4.585700
2000-02-29,4.699600
2000-03-01,4.661600
2000-03-02,4.646900
2000-03-03,4.577900
2000-03-06,4.523300
2000-03-07,4.496900
2000-03-08,4.534200
2000-03-09,4.541400
2000-03-10,4.612800
2000-03-13,4.601600
2000-03-14,4.594500
2000-03-15,4.543400
2000-03-16,4.470600
2000-03-17,4.434100
2000-03-20,4.475500
2000-03-21,4.497000
2000-03-22,4.595700
2000-03-23,4.562400
2000-03-24,4.557200
2000-03-27,4.661100
2000-03-28,4.634100
2000-03-29,4.656700
2000-03-30,4.626900
2000-03-31,4.644200
2000-04-03,4.587000
2000-04-04,4.595600
2000-04-05,4.517600
2000-04-06,4.607200
2000-04-07,4.555500
2000-04-10,4.586400
2000-04-11,4.585100
2000-04-12,4.629900
2000-04-13,4.716600
2000-04-14,4.715400
2000-04-17,4.725000
2000-04-18,4.711300
2000-04-19,4.711700
2000-04-20,4.702200
2000-04-25,4.729600
2000-04-26,4.678900
2000-04-27,4.632600
2000-04-28,4.552600
2000-05-02,4.578500
2000-05-03,4.616300
2000-05-04,4.726900
2000-05-05,4.744100
2000-05-08,4.694800
2000-05-09,4.636200
2000-05-10,4.622300
2000-05-11,4.712700
2000-05-12,4.728900
2000-05-15,4.677700
2000-05-16,4.648000
2000-05-17,4.767400
2000-05-18,4.818000
2000-05-19,4.815700
2000-05-22,4.748000
2000-05-23,4.780700
2000-05-24,4.764700
2000-05-25,4.712200
2000-05-26,4.644900
2000-05-30,4.638500
2000-05-31,4.582100
2000-06-01,4.578200
2000-06-02,4.544900
2000-06-05,4.603300
2000-06-06,4.583100
2000-06-07,4.564600
2000-06-08,4.586100
2000-06-09,4.546600
2000-06-12,4.553200
2000-06-13,4.581900
2000-06-14,4.608100
2000-06-15,4.663300
2000-06-16,4.609400
2000-06-19,4.627400
2000-06-20,4.670300
2000-06-21,4.751000
2000-06-22,4.710500
2000-06-23,4.739100
2000-06-26,4.691300
2000-06-27,4.702500
2000-06-28,4.678900
2000-06-29,4.632700
2000-06-30,4.640100
2000-07-03,4.651400
2000-07-04,4.619200
2000-07-05,4.615400
2000-07-06,4.645800
2000-07-07,4.613200
2000-07-10,4.657700
2000-07-11,4.637900
2000-07-12,4.656500
2000-07-13,4.680100
2000-07-14,4.704000
2000-07-17,4.725300
2000-07-18,4.703900
2000-07-19,4.654300
2000-07-20,4.603500
2000-07-21,4.575300
2000-07-24,4.590700
2000-07-25,4.584400
2000-07-26,4.598500
2000-07-27,4.635900
2000-07-28,4.696200
2000-07-31,4.702700
2000-08-01,4.719700
2000-08-02,4.737400
2000-08-03,4.704100
2000-08-04,4.746800
2000-08-07,4.727300
2000-08-08,4.693500
2000-08-09,4.683600
2000-08-10,4.697200
2000-08-11,4.666800
2000-08-14,4.702000
2000-08-15,4.732300
2000-08-16,4.747600
2000-08-17,4.776200
2000-08-18,4.786600
2000-08-21,4.823400
2000-08-22,4.811000
2000-08-23,4.784700
2000-08-24,4.749000
2000-08-25,4.774000
2000-08-29,4.830000
2000-08-30,4.830800
2000-08-31,4.835900
2000-09-01,4.746500
2000-09-04,4.730400
2000-09-05,4.785300
2000-09-06,4.801300
2000-09-07,4.803200
2000-09-08,4.848900
2000-09-11,4.865500
2000-09-12,4.923000
2000-09-13,4.969600
2000-09-14,4.904400
2000-09-15,4.960300
2000-09-18,4.953500
2000-09-19,4.922200
2000-09-20,4.927600
2000-09-21,4.919400
2000-09-22,4.887800
2000-09-25,4.947100
2000-09-26,4.951600
2000-09-27,4.922900
2000-09-28,4.928100
2000-09-29,4.843300
2000-10-02,4.854300
2000-10-03,4.867300
2000-10-04,4.905700
2000-10-05,4.880500
2000-10-06,4.860300
2000-10-09,4.797500
2000-10-10,4.810700
2000-10-11,4.795600
2000-10-12,4.781600
2000-10-13,4.820100
2000-10-16,4.811700
2000-10-17,4.794500
2000-10-18,4.802900
2000-10-19,4.823800
2000-10-20,4.816100
2000-10-23,4.845300
2000-10-24,4.845400
2000-10-25,4.804000
2000-10-26,4.792000
2000-10-27,4.813300
2000-10-30,4.790300
2000-10-31,4.747900
2000-11-01,4.736600
2000-11-02,4.748700
2000-11-03,4.694400
2000-11-06,4.681900
2000-11-07,4.717100
2000-11-08,4.712500
2000-11-09,4.670100
2000-11-10,4.650900
2000-11-13,4.637200
2000-11-14,4.676200
2000-11-15,4.674400
2000-11-16,4.650700
2000-11-17,4.668400
2000-11-20,4.669300
2000-11-21,4.629500
2000-11-22,4.525300
2000-11-23,4.464200
2000-11-24,4.479700
2000-11-27,4.429500
2000-11-28,4.405400
2000-11-29,4.472900
2000-11-30,4.465400
2000-12-01,4.464200
2000-12-04,4.445000
2000-12-05,4.463900
2000-12-06,4.466700
2000-12-07,4.489600
2000-12-08,4.534000
2000-12-11,4.530400
2000-12-12,4.537800
2000-12-13,4.480200
2000-12-14,4.488000
2000-12-15,4.453400
2000-12-18,4.457200
2000-12-19,4.502800
2000-12-20,4.512000
2000-12-21,4.533700
2000-12-22,4.518700
2000-12-27,4.490400
2000-12-28,4.490900
2000-12-29,4.479900
2001-01-02,4.403600
2001-01-03,4.339200
2001-01-04,4.412900
2001-01-05,4.440000
2001-01-08,4.457600
2001-01-09,4.504400
2001-01-10,4.487300
2001-01-11,4.490200
2001-01-12,4.542800
2001-01-15,4.516800
2001-01-16,4.555700
2001-01-17,4.561200
2001-01-18,4.555700
2001-01-19,4.541400
2001-01-22,4.580700
2001-01-23,4.579700
2001-01-24,4.547700
2001-01-25,4.516300
2001-01-26,4.497100
2001-01-29,4.529900
2001-01-30,4.546700
2001-01-31,4.515900
2001-02-01,4.514400
2001-02-02,4.519000
2001-02-05,4.538200
2001-02-06,4.524700
2001-02-07,4.491300
2001-02-08,4.541000
2001-02-09,4.531900
2001-02-12,4.549100
2001-02-13,4.558500
2001-02-14,4.585200
2001-02-15,4.584200
2001-02-16,4.587000
2001-02-19,4.590300
2001-02-20,4.595800
2001-02-21,4.601800
2001-02-22,4.637800
2001-02-23,4.639300
2001-02-26,4.626700
2001-02-27,4.566800
2001-02-28,4.528200
2001-03-01,4.491300
2001-03-02,4.499500
2001-03-05,4.511400
2001-03-06,4.523200
2001-03-07,4.570600
2001-03-08,4.606800
2001-03-09,4.630300
2001-03-12,4.627300
2001-03-13,4.606200
2001-03-14,4.558200
2001-03-15,4.521700
2001-03-16,4.452200
2001-03-19,4.478600
2001-03-20,4.490400
2001-03-21,4.505800
2001-03-22,4.482000
2001-03-23,4.499000
2001-03-26,4.535200
2001-03-27,4.549100
2001-03-28,4.581000
2001-03-29,4.649000
2001-03-30,4.695400
2001-04-02,4.734900
2001-04-03,4.743500
2001-04-04,4.761900
2001-04-05,4.762400
2001-04-06,4.715100
2001-04-09,4.708100
2001-04-10,4.714600
2001-04-11,4.760900
2001-04-12,4.814500
2001-04-17,4.862000
2001-04-18,4.928200
2001-04-19,4.964100
2001-04-20,4.927500
2001-04-23,4.909000
2001-04-24,4.909100
2001-04-25,4.922700
2001-04-26,4.902900
2001-04-27,4.943500
2001-04-30,5.002400
2001-05-01,4.969700
2001-05-02,4.942500
2001-05-03,4.931700
2001-05-04,4.883800
2001-05-08,4.884400
2001-05-09,4.856300
2001-05-10,4.876900
2001-05-11,4.934500
2001-05-14,4.989900
2001-05-15,4.978400
2001-05-16,4.928200
2001-05-17,4.916600
2001-05-18,4.924400
2001-05-21,4.929900
2001-05-22,4.953900
2001-05-23,5.013000
2001-05-24,5.032900
2001-05-25,5.095600
2001-05-29,5.115700
2001-05-30,5.125700
2001-05-31,5.133900
2001-06-01,5.084800
2001-06-04,5.104900
2001-06-05,5.067000
2001-06-06,5.043900
2001-06-07,5.090200
2001-06-08,5.138000
2001-06-11,5.105400
2001-06-12,5.173700
2001-06-13,5.185600
2001-06-14,5.130800
2001-06-15,5.103900
2001-06-18,5.087500
2001-06-19,5.073600
2001-06-20,5.073900
2001-06-21,5.085000
2001-06-22,5.019500
2001-06-25,4.998200
2001-06-26,5.031800
2001-06-27,5.059800
2001-06-28,5.142600
2001-06-29,5.152300
2001-07-02,5.190500
2001-07-03,5.199900
2001-07-04,5.165200
2001-07-05,5.150500
2001-07-06,5.031500
2001-07-09,5.079100
2001-07-10,5.056400
2001-07-11,4.974500
2001-07-12,4.997800
2001-07-13,5.032700
2001-07-16,5.023900
2001-07-17,5.009600
2001-07-18,4.987500
2001-07-19,5.010800
2001-07-20,4.963800
2001-07-23,4.959000
2001-07-24,4.972600
2001-07-25,4.979900
2001-07-26,4.973400
2001-07-27,4.951800
2001-07-30,4.921800
2001-07-31,4.898800
2001-08-01,4.924000
2001-08-02,4.986100
2001-08-03,4.966800
2001-08-06,4.934100
2001-08-07,4.905000
2001-08-08,4.827600
2001-08-09,4.771600
2001-08-10,4.767300
2001-08-13,4.753700
2001-08-14,4.807500
2001-08-15,4.823500
2001-08-16,4.799600
2001-08-17,4.724300
2001-08-20,4.756900
2001-08-21,4.775500
2001-08-22,4.787800
2001-08-23,4.773500
2001-08-24,4.796200
2001-08-28,4.738300
2001-08-29,4.752500
2001-08-30,4.748400
2001-08-31,4.796600
2001-09-03,4.809200
2001-09-04,4.947500
2001-09-05,4.988900
2001-09-06,4.962100
2001-09-07,4.886200
2001-09-10,4.892700
2001-09-11,4.875500
2001-09-12,4.909600
2001-09-13,4.957600
2001-09-14,4.922600
2001-09-17,4.956500
2001-09-18,4.986100
2001-09-19,5.017400
2001-09-20,5.016500
2001-09-21,4.998200
2001-09-24,5.026900
2001-09-25,5.039300
2001-09-26,4.960900
2001-09-27,4.929200
2001-09-28,4.926200
2001-10-01,4.947900
2001-10-02,4.967300
2001-10-03,4.914800
2001-10-04,4.918600
2001-10-05,4.908800
2001-10-08,4.822600
2001-10-09,4.883500
2001-10-10,4.871500
2001-10-11,4.887800
2001-10-12,4.876800
2001-10-15,4.799400
2001-10-16,4.790000
2001-10-17,4.811900
2001-10-18,4.813600
2001-10-19,4.817300
2001-10-22,4.821400
2001-10-23,4.842500
2001-10-24,4.787600
2001-10-25,4.733200
2001-10-26,4.719600
2001-10-29,4.655100
2001-10-30,4.595100
2001-10-31,4.524700
2001-11-01,4.429700
2001-11-02,4.468500
2001-11-05,4.424600
2001-11-06,4.422200
2001-11-07,4.416400
2001-11-08,4.411700
2001-11-09,4.394600
2001-11-12,4.375000
2001-11-13,4.480300
2001-11-14,4.538200
2001-11-15,4.606500
2001-11-16,4.597700
2001-11-19,4.611600
2001-11-20,4.632200
2001-11-21,4.697400
2001-11-22,4.702700
2001-11-23,4.692900
2001-11-26,4.653000
2001-11-27,4.694300
2001-11-28,4.623100
2001-11-29,4.608000
2001-11-30,4.594100
2001-12-03,4.580900
2001-12-04,4.582300
2001-12-05,4.694500
2001-12-06,4.723000
2001-12-07,4.870700
2001-12-10,4.857300
2001-12-11,4.827800
2001-12-12,4.707100
2001-12-13,4.686300
2001-12-14,4.684400
2001-12-17,4.758200
2001-12-18,4.755000
2001-12-19,4.700200
2001-12-20,4.718000
2001-12-21,4.763600
2001-12-24,4.723000
2001-12-27,4.845600
2001-12-28,4.877300
2001-12-31,4.908200
2002-01-02,4.854300
2002-01-03,4.857200
2002-01-04,4.889100
2002-01-07,4.815700
2002-01-08,4.837300
2002-01-09,4.880100
2002-01-10,4.832600
2002-01-11,4.805700
2002-01-14,4.774100
2002-01-15,4.769800
2002-01-16,4.727900
2002-01-17,4.756800
2002-01-18,4.780100
2002-01-21,4.738600
2002-01-22,4.751800
2002-01-23,4.757700
2002-01-24,4.828200
2002-01-25,4.900300
2002-01-28,4.883800
2002-01-29,4.864500
2002-01-30,4.824500
2002-01-31,4.769900
2002-02-01,4.740600
2002-02-04,4.695900
2002-02-05,4.688600
2002-02-06,4.733700
2002-02-07,4.860500
2002-02-08,4.841500
2002-02-11,4.853300
2002-02-12,4.897600
2002-02-13,4.903200
2002-02-14,4.839900
2002-02-15,4.782300
2002-02-18,4.779300
2002-02-19,4.812600
2002-02-20,4.837800
2002-02-21,4.867400
2002-02-22,4.819900
2002-02-25,4.853000
2002-02-26,4.895400
2002-02-27,4.883800
2002-02-28,4.885500
2002-03-01,4.937500
2002-03-04,4.926900
2002-03-05,4.991800
2002-03-06,5.046800
2002-03-07,5.082300
2002-03-08,5.068400
2002-03-11,5.062300
2002-03-12,5.082400
2002-03-13,5.111600
2002-03-14,5.148700
2002-03-15,5.126000
2002-03-18,5.103200
2002-03-19,5.122600
2002-03-20,5.159700
2002-03-21,5.182000
2002-03-22,5.178300
2002-03-25,5.194100
2002-03-26,5.173900
2002-03-27,5.110600
2002-03-28,5.195900
2002-04-02,5.188000
2002-04-03,5.124900
2002-04-04,5.073300
2002-04-05,5.094600
2002-04-08,5.123100
2002-04-09,5.138600
2002-04-10,5.160700
2002-04-11,5.090400
2002-04-12,5.091000
2002-04-15,5.068100
2002-04-16,5.140300
2002-04-17,5.143300
2002-04-18,5.172000
2002-04-19,5.176900
2002-04-22,5.143000
2002-04-23,5.179900
2002-04-24,5.151600
2002-04-25,5.091900
2002-04-26,5.060900
2002-04-29,5.114900
2002-04-30,5.121300
2002-05-01,5.080500
2002-05-02,5.141200
2002-05-03,5.089800
2002-05-07,5.087800
2002-05-08,5.132900
2002-05-09,5.161400
2002-05-10,5.177300
2002-05-13,5.190900
2002-05-14,5.209300
2002-05-15,5.208100
2002-05-16,5.213000
2002-05-17,5.259800
2002-05-20,5.195700
2002-05-21,5.191500
2002-05-22,5.195000
2002-05-23,5.176000
2002-05-24,5.170600
2002-05-27,5.237000
2002-05-28,5.209300
2002-05-29,5.213000
2002-05-30,5.204300
2002-05-31,5.224600
2002-06-05,5.191400
2002-06-06,5.187800
2002-06-07,5.199200
2002-06-10,5.172700
2002-06-11,5.193200
2002-06-12,5.178100
2002-06-13,5.056900
2002-06-14,4.996000
2002-06-17,5.004700
2002-06-18,4.979400
2002-06-19,4.947900
2002-06-20,4.978100
2002-06-21,4.974200
2002-06-24,4.892800
2002-06-25,4.949600
2002-06-26,4.845600
2002-06-27,4.843700
2002-06-28,4.916000
2002-07-01,4.922300
2002-07-02,4.928100
2002-07-03,4.942700
2002-07-04,4.974700
2002-07-05,5.029600
2002-07-08,5.047800
2002-07-09,5.041800
2002-07-10,4.983000
2002-07-11,4.911700
2002-07-12,4.875700
2002-07-15,4.840400
2002-07-16,4.858900
2002-07-17,4.933600
2002-07-18,4.922700
2002-07-19,4.875200
2002-07-22,4.850600
2002-07-23,4.870300
2002-07-24,4.800800
2002-07-25,4.829500
2002-07-26,4.833000
2002-07-29,4.888200
2002-07-30,4.890600
2002-07-31,4.872300
2002-08-01,4.821900
2002-08-02,4.786600
2002-08-05,4.712900
2002-08-06,4.748300
2002-08-07,4.670600
2002-08-08,4.691000
2002-08-09,4.641400
2002-08-12,4.582500
2002-08-13,4.588100
2002-08-14,4.519100
2002-08-15,4.646100
2002-08-16,4.648900
2002-08-19,4.643600
2002-08-20,4.608200
2002-08-21,4.657900
2002-08-22,4.713600
2002-08-23,4.682400
2002-08-27,4.682000
2002-08-28,4.604500
2002-08-29,4.553900
2002-08-30,4.563400
2002-09-02,4.503700
2002-09-03,4.427800
2002-09-04,4.426600
2002-09-05,4.440800
2002-09-06,4.446300
2002-09-09,4.453300
2002-09-10,4.510900
2002-09-11,4.549200
2002-09-12,4.492200
2002-09-13,4.477300
2002-09-16,4.418700
2002-09-17,4.451000
2002-09-18,4.415000
2002-09-19,4.370000
2002-09-20,4.427700
2002-09-23,4.407800
2002-09-24,4.408100
2002-09-25,4.460300
2002-09-26,4.490100
2002-09-27,4.479800
2002-09-30,4.419300
2002-10-01,4.464800
2002-10-02,4.490800
2002-10-03,4.527700
2002-10-04,4.541000
2002-10-07,4.471900
2002-10-08,4.464500
2002-10-09,4.452000
2002-10-10,4.519100
2002-10-11,4.532300
2002-10-14,4.559100
2002-10-15,4.648000
2002-10-16,4.681900
2002-10-17,4.652700
2002-10-18,4.670000
2002-10-21,4.687300
2002-10-22,4.740300
2002-10-23,4.683700
2002-10-24,4.719500
2002-10-25,4.684100
2002-10-28,4.649000
2002-10-29,4.617800
2002-10-30,4.640600
2002-10-31,4.592500
2002-11-01,4.626700
2002-11-04,4.674800
2002-11-05,4.724200
2002-11-06,4.740700
2002-11-07,4.646900
2002-11-08,4.596500
2002-11-11,4.559900
2002-11-12,4.538700
2002-11-13,4.557900
2002-11-14,4.608800
2002-11-15,4.610600
2002-11-18,4.616700
2002-11-19,4.605500
2002-11-20,4.600400
2002-11-21,4.696700
2002-11-22,4.694300
2002-11-25,4.695300
2002-11-26,4.648900
2002-11-27,4.722400
2002-11-28,4.705800
2002-11-29,4.705000
2002-12-02,4.747900
2002-12-03,4.723600
2002-12-04,4.695900
2002-12-05,4.647400
2002-12-06,4.616700
2002-12-09,4.605800
2002-12-10,4.633700
2002-12-11,4.627400
2002-12-12,4.603600
2002-12-13,4.600100
2002-12-16,4.605500
2002-12-17,4.611600
2002-12-18,4.564100
2002-12-19,4.556800
2002-12-20,4.571500
2002-12-23,4.560300
2002-12-24,4.565200
2002-12-27,4.505900
2002-12-30,4.504400
2002-12-31,4.477200
2003-01-02,4.564800
2003-01-03,4.585300
2003-01-06,4.584900
2003-01-07,4.578200
2003-01-08,4.530200
2003-01-09,4.537300
2003-01-10,4.512500
2003-01-13,4.543700
2003-01-14,4.540000
2003-01-15,4.541500
2003-01-16,4.534400
2003-01-17,4.442600
2003-01-20,4.433300
2003-01-21,4.428600
2003-01-22,4.435000
2003-01-23,4.411400
2003-01-24,4.315400
2003-01-27,4.286600
2003-01-28,4.310000
2003-01-29,4.315300
2003-01-30,4.384800
2003-01-31,4.382500
2003-02-03,4.406300
2003-02-04,4.340600
2003-02-05,4.350500
2003-02-06,4.361000
2003-02-07,4.357900
2003-02-10,4.381100
2003-02-11,4.368400
2003-02-12,4.327500
2003-02-13,4.339900
2003-02-14,4.365100
2003-02-17,4.374600
2003-02-18,4.373900
2003-02-19,4.333000
2003-02-20,4.325100
2003-02-21,4.374700
2003-02-24,4.375400
2003-02-25,4.397100
2003-02-26,4.430300
2003-02-27,4.498200
2003-02-28,4.428200
2003-03-03,4.385700
2003-03-04,4.395400
2003-03-05,4.394700
2003-03-06,4.392600
2003-03-07,4.356000
2003-03-10,4.333400
2003-03-11,4.314900
2003-03-12,4.323300
2003-03-13,4.427200
2003-03-14,4.502500
2003-03-17,4.636600
2003-03-18,4.600400
2003-03-19,4.689600
2003-03-20,4.678400
2003-03-21,4.748800
2003-03-24,4.666400
2003-03-25,4.655800
2003-03-26,4.678700
2003-03-27,4.653600
2003-03-28,4.617000
2003-03-31,4.555800
2003-04-01,4.594200
2003-04-02,4.639600
2003-04-03,4.663600
2003-04-04,4.665800
2003-04-07,4.713700
2003-04-08,4.676300
2003-04-09,4.681600
2003-04-10,4.644400
2003-04-11,4.692600
2003-04-14,4.701000
2003-04-15,4.682400
2003-04-16,4.658400
2003-04-17,4.632700
2003-04-22,4.635200
2003-04-23,4.673300
2003-04-24,4.625000
2003-04-25,4.621600
2003-04-28,4.624000
2003-04-29,4.630900
2003-04-30,4.612000
2003-05-01,4.557500
2003-05-02,4.634800
2003-05-06,4.634500
2003-05-07,4.565000
2003-05-08,4.526500
2003-05-09,4.518600
2003-05-12,4.516000
2003-05-13,4.510300
2003-05-14,4.518900
2003-05-15,4.464100
2003-05-16,4.418000
2003-05-19,4.391300
2003-05-20,4.354900
2003-05-21,4.312000
2003-05-22,4.313300
2003-05-23,4.280100
2003-05-27,4.299000
2003-05-28,4.396400
2003-05-29,4.358800
2003-05-30,4.386800
2003-06-02,4.444000
2003-06-03,4.374300
2003-06-04,4.408400
2003-06-05,4.346200
2003-06-06,4.418600
2003-06-09,4.323100
2003-06-10,4.333700
2003-06-11,4.327100
2003-06-12,4.325400
2003-06-13,4.245700
2003-06-16,4.249500
2003-06-17,4.316400
2003-06-18,4.388600
2003-06-19,4.433600
2003-06-20,4.438100
2003-06-23,4.416500
2003-06-24,4.456600
2003-06-25,4.424500
2003-06-26,4.513900
2003-06-27,4.576600
2003-06-30,4.537100
2003-07-01,4.530500
2003-07-02,4.595300
2003-07-03,4.635900
2003-07-04,4.594600
2003-07-07,4.621300
2003-07-08,4.618600
2003-07-09,4.625600
2003-07-10,4.575800
2003-07-11,4.559300
2003-07-14,4.550100
2003-07-15,4.644900
2003-07-16,4.668400
2003-07-17,4.698700
2003-07-18,4.684500
2003-07-21,4.728900
2003-07-22,4.698400
2003-07-23,4.668300
2003-07-24,4.736500
2003-07-25,4.660300
2003-07-28,4.768100
2003-07-29,4.706800
2003-07-30,4.729800
2003-07-31,4.798000
2003-08-01,4.747800
2003-08-04,4.681400
2003-08-05,4.725600
2003-08-06,4.644500
2003-08-07,4.604400
2003-08-08,4.541600
2003-08-11,4.612200
2003-08-12,4.628800
2003-08-13,4.729400
2003-08-14,4.773000
2003-08-15,4.732200
2003-08-18,4.713100
2003-08-19,4.690700
2003-08-20,4.731400
2003-08-21,4.744000
2003-08-22,4.725000
2003-08-26,4.729800
2003-08-27,4.764100
2003-08-28,4.706700
2003-08-29,4.726300
2003-09-01,4.731400
2003-09-02,4.839600
2003-09-03,4.852300
2003-09-04,4.837700
2003-09-05,4.808400
2003-09-08,4.770500
2003-09-09,4.837900
2003-09-10,4.787700
2003-09-11,4.809200
2003-09-12,4.901100
2003-09-15,4.740300
2003-09-16,4.789300
2003-09-17,4.787800
2003-09-18,4.759600
2003-09-19,4.740400
2003-09-22,4.738400
2003-09-23,4.726500
2003-09-24,4.746100
2003-09-25,4.744400
2003-09-26,4.684600
2003-09-29,4.709400
2003-09-30,4.686800
2003-10-01,4.699100
2003-10-02,4.793400
2003-10-03,4.840000
2003-10-06,4.791700
2003-10-07,4.819000
2003-10-08,4.843100
2003-10-09,4.868100
2003-10-10,4.809400
2003-10-13,4.874300
2003-10-14,4.901100
2003-10-15,4.935800
2003-10-16,4.912500
2003-10-17,4.892100
2003-10-20,4.884800
2003-10-21,4.870700
2003-10-22,4.909600
2003-10-23,4.930700
2003-10-24,4.929800
2003-10-27,4.955900
2003-10-28,4.918100
2003-10-29,4.974600
2003-10-30,4.983000
2003-10-31,4.950300
2003-11-03,5.029700
2003-11-04,4.977100
2003-11-05,4.921700
2003-11-06,4.981600
2003-11-07,4.990900
2003-11-10,4.987200
2003-11-11,5.005700
2003-11-12,4.980800
2003-11-13,4.949300
2003-11-14,4.926000
2003-11-17,4.895800
2003-11-18,4.875300
2003-11-19,4.954000
2003-11-20,4.953800
2003-11-21,4.948200
2003-11-24,5.016000
2003-11-25,5.039400
2003-11-26,4.938700
2003-11-27,4.969900
2003-11-28,4.982600
2003-12-01,4.985500
2003-12-02,4.992500
2003-12-03,4.989700
2003-12-04,4.980400
2003-12-05,4.878000
2003-12-08,4.912700
2003-12-09,4.911600
2003-12-10,4.862600
2003-12-11,4.892700
2003-12-12,4.811500
2003-12-15,4.803900
2003-12-16,4.741600
2003-12-17,4.720900
2003-12-18,4.737900
2003-12-19,4.780800
2003-12-22,4.762500
2003-12-23,4.749300
2003-12-24,4.749500
2003-12-29,4.756400
2003-12-30,4.797500
2003-12-31,4.766100
2004-01-02,4.822900
2004-01-05,4.833200
2004-01-06,4.808300
2004-01-07,4.779700
2004-01-08,4.778100
2004-01-09,4.687100
2004-01-12,4.672600
2004-01-13,4.674500
2004-01-14,4.687000
2004-01-15,4.706500
2004-01-16,4.749300
2004-01-19,4.745900
2004-01-20,4.734000
2004-01-21,4.760700
2004-01-22,4.767100
2004-01-23,4.722800
2004-01-26,4.798100
2004-01-27,4.755900
2004-01-28,4.784500
2004-01-29,4.857800
2004-01-30,4.825900
2004-02-02,4.839400
2004-02-03,4.843700
2004-02-04,4.811800
2004-02-05,4.813600
2004-02-06,4.782700
2004-02-09,4.779600
2004-02-10,4.760700
2004-02-11,4.729200
2004-02-12,4.738500
2004-02-13,4.731100
2004-02-16,4.731800
2004-02-17,4.728300
2004-02-18,4.789000
2004-02-19,4.842700
2004-02-20,4.837100
2004-02-23,4.871800
2004-02-24,4.779900
2004-02-25,4.777600
2004-02-26,4.801400
2004-02-27,4.771400
2004-03-01,4.786100
2004-03-02,4.775300
2004-03-03,4.839000
2004-03-04,4.803700
2004-03-05,4.730900
2004-03-08,4.668800
2004-03-09,4.639800
2004-03-10,4.646700
2004-03-11,4.634800
2004-03-12,4.628500
2004-03-15,4.613100
2004-03-16,4.662900
2004-03-17,4.657900
2004-03-18,4.649300
2004-03-19,4.658800
2004-03-22,4.646200
2004-03-23,4.648300
2004-03-24,4.634700
2004-03-25,4.644500
2004-03-26,4.658800
2004-03-29,4.741500
2004-03-30,4.734100
2004-03-31,4.712000
2004-04-01,4.724700
2004-04-02,4.813300
2004-04-05,4.848000
2004-04-06,4.843100
2004-04-07,4.820900
2004-04-08,4.823900
2004-04-13,4.901800
2004-04-14,4.923600
2004-04-15,4.889800
2004-04-16,4.852400
2004-04-19,4.885400
2004-04-20,4.920400
2004-04-21,4.934100
2004-04-22,4.914700
2004-04-23,4.924600
2004-04-26,4.940500
2004-04-27,4.934200
2004-04-28,4.941400
2004-04-29,4.943900
2004-04-30,4.920900
2004-05-04,4.895000
2004-05-05,4.902600
2004-05-06,4.968700
2004-05-07,5.031400
2004-05-10,5.026400
2004-05-11,5.012100
2004-05-12,5.032200
2004-05-13,5.057100
2004-05-14,5.002100
2004-05-17,4.960300
2004-05-18,5.012400
2004-05-19,5.053000
2004-05-20,5.039100
2004-05-21,5.033100
2004-05-24,5.053500
2004-05-25,5.036100
2004-05-26,5.000200
2004-05-27,4.973700
2004-05-28,5.012200
2004-06-01,5.058000
2004-06-02,5.058500
2004-06-03,5.044800
2004-06-04,5.044900
2004-06-07,5.027800
2004-06-08,5.011900
2004-06-09,5.063500
2004-06-10,5.027000
2004-06-11,5.054400
2004-06-14,5.055900
2004-06-15,4.978000
2004-06-16,5.029600
2004-06-17,5.038000
2004-06-18,4.993400
2004-06-21,4.991200
2004-06-22,5.011100
2004-06-23,5.001400
2004-06-24,4.954900
2004-06-25,4.972900
2004-06-28,5.012400
2004-06-29,5.008300
2004-06-30,4.957600
2004-07-01,4.949000
2004-07-02,4.914400
2004-07-05,4.928600
2004-07-06,4.925500
2004-07-07,4.895300
2004-07-08,4.894900
2004-07-09,4.914300
2004-07-12,4.901000
2004-07-13,4.957100
2004-07-14,4.939300
2004-07-15,4.947900
2004-07-16,4.893400
2004-07-19,4.901300
2004-07-20,4.913100
2004-07-21,4.982600
2004-07-22,4.942800
2004-07-23,4.958800
2004-07-26,4.974000
2004-07-27,4.985200
2004-07-28,4.999200
2004-07-29,4.995700
2004-07-30,4.924200
2004-08-02,4.923400
2004-08-03,4.907700
2004-08-04,4.891700
2004-08-05,4.830200
2004-08-06,4.774000
2004-08-09,4.808400
2004-08-10,4.787900
2004-08-11,4.824400
2004-08-12,4.787200
2004-08-13,4.789000
2004-08-16,4.835200
2004-08-17,4.820100
2004-08-18,4.817500
2004-08-19,4.811700
2004-08-20,4.794000
2004-08-23,4.869400
2004-08-24,4.853800
2004-08-25,4.816800
2004-08-26,4.787600
2004-08-27,4.799000
2004-08-31,4.769000
2004-09-01,4.787300
2004-09-02,4.813900
2004-09-03,4.859800
2004-09-06,4.815300
2004-09-07,4.826400
2004-09-08,4.814400
2004-09-09,4.778100
2004-09-10,4.765300
2004-09-13,4.783400
2004-09-14,4.765200
2004-09-15,4.775500
2004-09-16,4.783000
2004-09-17,4.766500
2004-09-20,4.749100
2004-09-21,4.740300
2004-09-22,4.700400
2004-09-23,4.686700
2004-09-24,4.705700
2004-09-27,4.674500
2004-09-28,4.687600
2004-09-29,4.711800
2004-09-30,4.725100
2004-10-01,4.758800
2004-10-04,4.788800
2004-10-05,4.751900
2004-10-06,4.748200
2004-10-07,4.775500
2004-10-08,4.718800
2004-10-11,4.724300
2004-10-12,4.679400
2004-10-13,4.683300
2004-10-14,4.644600
2004-10-15,4.639200
2004-10-18,4.631900
2004-10-19,4.660400
2004-10-20,4.608500
2004-10-21,4.609200
2004-10-22,4.608100
2004-10-25,4.597200
2004-10-26,4.615500
2004-10-27,4.635000
2004-10-28,4.663400
2004-10-29,4.653200
2004-11-01,4.657800
2004-11-02,4.711500
2004-11-03,4.687400
2004-11-04,4.639000
2004-11-05,4.674600
2004-11-08,4.658000
2004-11-09,4.635100
2004-11-10,4.646400
2004-11-11,4.607400
2004-11-12,4.573700
2004-11-15,4.552600
2004-11-16,4.541500
2004-11-17,4.564100
2004-11-18,4.599600
2004-11-19,4.574500
2004-11-22,4.535700
2004-11-23,4.523100
2004-11-24,4.517700
2004-11-25,4.481200
2004-11-26,4.477100
2004-11-29,4.519800
2004-11-30,4.521300
2004-12-01,4.536200
2004-12-02,4.580700
2004-12-03,4.559100
2004-12-06,4.522200
2004-12-07,4.503900
2004-12-08,4.486900
2004-12-09,4.480100
2004-12-10,4.478800
2004-12-13,4.455400
2004-12-14,4.451500
2004-12-15,4.409300
2004-12-16,4.409900
2004-12-17,4.415500
2004-12-20,4.391800
2004-12-21,4.420600
2004-12-22,4.402900
2004-12-23,4.399700
2004-12-24,4.404200
2004-12-29,4.524000
2004-12-30,4.516700
2004-12-31,4.478400
2005-01-04,4.470800
2005-01-05,4.487100
2005-01-06,4.449400
2005-01-07,4.439000
2005-01-10,4.445200
2005-01-11,4.462000
2005-01-12,4.476500
2005-01-13,4.451800
2005-01-14,4.469100
2005-01-17,4.456600
2005-01-18,4.485100
2005-01-19,4.500900
2005-01-20,4.530000
2005-01-21,4.539000
2005-01-24,4.535100
2005-01-25,4.529000
2005-01-26,4.532900
2005-01-27,4.567000
2005-01-28,4.548200
2005-01-31,4.547500
2005-02-01,4.528900
2005-02-02,4.532600
2005-02-03,4.540700
2005-02-04,4.457800
2005-02-07,4.423500
2005-02-08,4.393900
2005-02-09,4.374500
2005-02-10,4.399700
2005-02-11,4.424800
2005-02-14,4.458800
2005-02-15,4.463600
2005-02-16,4.475700
2005-02-17,4.504300
2005-02-18,4.567500
2005-02-21,4.594900
2005-02-22,4.605100
2005-02-23,4.626400
2005-02-24,4.671100
2005-02-25,4.641500
2005-02-28,4.614000
2005-03-01,4.678000
2005-03-02,4.749100
2005-03-03,4.738300
2005-03-04,4.710400
2005-03-07,4.713000
2005-03-08,4.757000
2005-03-09,4.776100
2005-03-10,4.797400
2005-03-11,4.782800
2005-03-14,4.777200
2005-03-15,4.706200
2005-03-16,4.698400
2005-03-17,4.745000
2005-03-18,4.762600
2005-03-21,4.771900
2005-03-22,4.722300
2005-03-23,4.770600
2005-03-24,4.742300
2005-03-29,4.716100
2005-03-30,4.672400
2005-03-31,4.634100
2005-04-01,4.694300
2005-04-04,4.658000
2005-04-05,4.677100
2005-04-06,4.648600
2005-04-07,4.615400
2005-04-08,4.661800
2005-04-11,4.654600
2005-04-12,4.663800
2005-04-13,4.643700
2005-04-14,4.623400
2005-04-15,4.590000
2005-04-18,4.560200
2005-04-19,4.558500
2005-04-20,4.548600
2005-04-21,4.536300
2005-04-22,4.549600
2005-04-25,4.534600
2005-04-26,4.536600
2005-04-27,4.518900
2005-04-28,4.505900
2005-04-29,4.488100
2005-05-03,4.473500
2005-05-04,4.515300
2005-05-05,4.503400
2005-05-06,4.576300
2005-05-09,4.543700
2005-05-10,4.491700
2005-05-11,4.431900
2005-05-12,4.418300
2005-05-13,4.376600
2005-05-16,4.372800
2005-05-17,4.352900
2005-05-18,4.347400
2005-05-19,4.359100
2005-05-20,4.384700
2005-05-23,4.354500
2005-05-24,4.335700
2005-05-25,4.319100
2005-05-26,4.379000
2005-05-27,4.427800
2005-05-31,4.365100
2005-06-01,4.302800
2005-06-02,4.287300
2005-06-03,4.300100
2005-06-06,4.312600
2005-06-07,4.277700
2005-06-08,4.247700
2005-06-09,4.265200
2005-06-10,4.274600
2005-06-13,4.310300
2005-06-14,4.335500
2005-06-15,4.409000
2005-06-16,4.422600
2005-06-17,4.402400
2005-06-20,4.422700
2005-06-21,4.374500
2005-06-22,4.305600
2005-06-23,4.319800
2005-06-24,4.275100
2005-06-27,4.233800
2005-06-28,4.273500
2005-06-29,4.269500
2005-06-30,4.233600
2005-07-01,4.255400
2005-07-04,4.266900
2005-07-05,4.302400
2005-07-06,4.322100
2005-07-07,4.259000
2005-07-08,4.265300
2005-07-11,4.335700
2005-07-12,4.351600
2005-07-13,4.368000
2005-07-14,4.400700
2005-07-15,4.390800
2005-07-18,4.352000
2005-07-19,4.382600
2005-07-20,4.408100
2005-07-21,4.420600
2005-07-22,4.358300
2005-07-25,4.345300
2005-07-26,4.362900
2005-07-27,4.360000
2005-07-28,4.359300
2005-07-29,4.353700
2005-08-01,4.395300
2005-08-02,4.410900
2005-08-03,4.414200
2005-08-04,4.406300
2005-08-05,4.456600
2005-08-08,4.433400
2005-08-09,4.437300
2005-08-10,4.428400
2005-08-11,4.430900
2005-08-12,4.368800
2005-08-15,4.364800
2005-08-16,4.337100
2005-08-17,4.321900
2005-08-18,4.291100
2005-08-19,4.308800
2005-08-22,4.314200
2005-08-23,4.297200
2005-08-24,4.289000
2005-08-25,4.272900
2005-08-26,4.247600
2005-08-30,4.214800
2005-08-31,4.201900
2005-09-01,4.161700
2005-09-02,4.174900
2005-09-05,4.187200
2005-09-06,4.221900
2005-09-07,4.240300
2005-09-08,4.217000
2005-09-09,4.189800
2005-09-12,4.252400
2005-09-13,4.206900
2005-09-14,4.192300
2005-09-15,4.207500
2005-09-16,4.266800
2005-09-19,4.240600
2005-09-20,4.238500
2005-09-21,4.179500
2005-09-22,4.197900
2005-09-23,4.225400
2005-09-26,4.288700
2005-09-27,4.289800
2005-09-28,4.259300
2005-09-29,4.251800
2005-09-30,4.280900
2005-10-03,4.309800
2005-10-04,4.284000
2005-10-05,4.274300
2005-10-06,4.271600
2005-10-07,4.279600
2005-10-10,4.269200
2005-10-11,4.286500
2005-10-12,4.333500
2005-10-13,4.392800
2005-10-14,4.403700
2005-10-17,4.394800
2005-10-18,4.378000
2005-10-19,4.343900
2005-10-20,4.362300
2005-10-21,4.327300
2005-10-24,4.316800
2005-10-25,4.361900
2005-10-26,4.381700
2005-10-27,4.362900
2005-10-28,4.317300
2005-10-31,4.296800
2005-11-01,4.287100
2005-11-02,4.339200
2005-11-03,4.368600
2005-11-04,4.359500
2005-11-07,4.348900
2005-11-08,4.327300
2005-11-09,4.359700
2005-11-10,4.349000
2005-11-11,4.351400
2005-11-14,4.337900
2005-11-15,4.255100
2005-11-16,4.131100
2005-11-17,4.170900
2005-11-18,4.203600
2005-11-21,4.158700
2005-11-22,4.183100
2005-11-23,4.194800
2005-11-24,4.157300
2005-11-25,4.153200
2005-11-28,4.135500
2005-11-29,4.168300
2005-11-30,4.151500
2005-12-01,4.125800
2005-12-02,4.164700
2005-12-05,4.202600
2005-12-06,4.177800
2005-12-07,4.205800
2005-12-08,4.156500
2005-12-09,4.208500
2005-12-12,4.181200
2005-12-13,4.177900
2005-12-14,4.171000
2005-12-15,4.180100
2005-12-16,4.133700
2005-12-19,4.100500
2005-12-20,4.086300
2005-12-21,4.122200
2005-12-22,4.099800
2005-12-23,4.095600
2005-12-28,4.039100
2005-12-29,4.052700
2005-12-30,4.027600
2006-01-03,4.026100
2006-01-04,3.990600
2006-01-05,3.974000
2006-01-06,3.957600
2006-01-09,3.980500
2006-01-10,3.996400
2006-01-11,3.966300
2006-01-12,3.938200
2006-01-13,3.905900
2006-01-16,3.897300
2006-01-17,3.818700
2006-01-18,3.790300
2006-01-19,3.861100
2006-01-20,3.863300
2006-01-23,3.825100
2006-01-24,3.831000
2006-01-25,3.907200
2006-01-26,3.995100
2006-01-27,4.022900
2006-01-30,3.995200
2006-01-31,3.959300
2006-02-01,3.993500
2006-02-02,4.018600
2006-02-03,3.998400
2006-02-06,4.006200
2006-02-07,4.044700
2006-02-08,4.048500
2006-02-09,3.993400
2006-02-10,3.965800
2006-02-13,4.012800
2006-02-14,3.995800
2006-02-15,4.029200
2006-02-16,4.002600
2006-02-17,3.969300
2006-02-20,3.950600
2006-02-21,3.962900
2006-02-22,3.931600
2006-02-23,3.946000
2006-02-24,3.993100
2006-02-27,4.040600
2006-02-28,4.005200
2006-03-01,3.988200
2006-03-02,4.039300
2006-03-03,4.052600
2006-03-06,4.054700
2006-03-07,4.059200
2006-03-08,4.106200
2006-03-09,4.149500
2006-03-10,4.182900
2006-03-13,4.173600
2006-03-14,4.143200
2006-03-15,4.169300
2006-03-16,4.152100
2006-03-17,4.216800
2006-03-20,4.206100
2006-03-21,4.210900
2006-03-22,4.162000
2006-03-23,4.159300
2006-03-24,4.155700
2006-03-27,4.180800
2006-03-28,4.229600
2006-03-29,4.222400
2006-03-30,4.220800
2006-03-31,4.237600
2006-04-03,4.261600
2006-04-04,4.262600
2006-04-05,4.242300
2006-04-06,4.288000
2006-04-07,4.277900
2006-04-10,4.306500
2006-04-11,4.320200
2006-04-12,4.331100
2006-04-13,4.382500
2006-04-18,4.361600
2006-04-19,4.345100
2006-04-20,4.346300
2006-04-21,4.383000
2006-04-24,4.419700
2006-04-25,4.469300
2006-04-26,4.510900
2006-04-27,4.481500
2006-04-28,4.444600
2006-05-02,4.442800
2006-05-03,4.450600
2006-05-04,4.487400
2006-05-05,4.485100
2006-05-08,4.499300
2006-05-09,4.509900
2006-05-10,4.502200
2006-05-11,4.517400
2006-05-12,4.522700
2006-05-15,4.455700
2006-05-16,4.378700
2006-05-17,4.465800
2006-05-18,4.337900
2006-05-19,4.382000
2006-05-22,4.350400
2006-05-23,4.414400
2006-05-24,4.386200
2006-05-25,4.368300
2006-05-26,4.386400
2006-05-30,4.399800
2006-05-31,4.414100
2006-06-01,4.463100
2006-06-02,4.420100
2006-06-05,4.436700
2006-06-06,4.498500
2006-06-07,4.476800
2006-06-08,4.470700
2006-06-09,4.430600
2006-06-12,4.398200
2006-06-13,4.366600
2006-06-14,4.363800
2006-06-15,4.442500
2006-06-16,4.424100
2006-06-19,4.473200
2006-06-20,4.528700
2006-06-21,4.531000
2006-06-22,4.536500
2006-06-23,4.544200
2006-06-26,4.530200
2006-06-27,4.536200
2006-06-28,4.558700
2006-06-29,4.540400
2006-06-30,4.534000
2006-07-03,4.560400
2006-07-04,4.506600
2006-07-05,4.540700
2006-07-06,4.507900
2006-07-07,4.478300
2006-07-10,4.493800
2006-07-11,4.462000
2006-07-12,4.486500
2006-07-13,4.455200
2006-07-14,4.396200
2006-07-17,4.446600
2006-07-18,4.475600
2006-07-19,4.444700
2006-07-20,4.437900
2006-07-21,4.429900
2006-07-24,4.420400
2006-07-25,4.450400
2006-07-26,4.473700
2006-07-27,4.426200
2006-07-28,4.413300
2006-07-31,4.418200
2006-08-01,4.429000
2006-08-02,4.461700
2006-08-03,4.522300
2006-08-04,4.484400
2006-08-07,4.453200
2006-08-08,4.436400
2006-08-09,4.460500
2006-08-10,4.480000
2006-08-11,4.520000
2006-08-14,4.533700
2006-08-15,4.512300
2006-08-16,4.474400
2006-08-17,4.460400
2006-08-18,4.408600
2006-08-21,4.370400
2006-08-22,4.347100
2006-08-23,4.360000
2006-08-24,4.356300
2006-08-25,4.341900
2006-08-29,4.340900
2006-08-30,4.325700
2006-08-31,4.289800
2006-09-01,4.279300
2006-09-04,4.308700
2006-09-05,4.329700
2006-09-06,4.342800
2006-09-07,4.330100
2006-09-08,4.305300
2006-09-11,4.327500
2006-09-12,4.364600
2006-09-13,4.328100
2006-09-14,4.328300
2006-09-15,4.327900
2006-09-18,4.392200
2006-09-19,4.353800
2006-09-20,4.335800
2006-09-21,4.302500
2006-09-22,4.228900
2006-09-25,4.195500
2006-09-26,4.209600
2006-09-27,4.233000
2006-09-28,4.256500
2006-09-29,4.286200
2006-10-02,4.287600
2006-10-03,4.295600
2006-10-04,4.271800
2006-10-05,4.264100
2006-10-06,4.297200
2006-10-09,4.294100
2006-10-10,4.337200
2006-10-11,4.337800
2006-10-12,4.341300
2006-10-13,4.366200
2006-10-16,4.362100
2006-10-17,4.355600
2006-10-18,4.366200
2006-10-19,4.379900
2006-10-20,4.393200
2006-10-23,4.402500
2006-10-24,4.396900
2006-10-25,4.392300
2006-10-26,4.349300
2006-10-27,4.277600
2006-10-30,4.252500
2006-10-31,4.211300
2006-11-01,4.211300
2006-11-02,4.264200
2006-11-03,4.211300
2006-11-06,4.295900
2006-11-07,4.242600
2006-11-08,4.264200
2006-11-09,4.245800
2006-11-10,4.227800
2006-11-13,4.266800
2006-11-14,4.251800
2006-11-15,4.277700
2006-11-16,4.281300
2006-11-17,4.271600
2006-11-20,4.250500
2006-11-21,4.264600
2006-11-22,4.267700
2006-11-23,4.288800
2006-11-24,4.252000
2006-11-27,4.289400
2006-11-28,4.251000
2006-11-29,4.256200
2006-11-30,4.226900
2006-12-01,4.194300
2006-12-04,4.201800
2006-12-05,4.240900
2006-12-06,4.237500
2006-12-07,4.259600
2006-12-08,4.280200
2006-12-11,4.313600
2006-12-12,4.331900
2006-12-13,4.347300
2006-12-14,4.389000
2006-12-15,4.379900
2006-12-18,4.227800
2006-12-19,4.422900
2006-12-20,4.393300
2006-12-21,4.404000
2006-12-22,4.407300
2006-12-27,4.456500
2006-12-28,4.464200
2006-12-29,4.414400
2007-01-02,4.427000
2007-01-03,4.457300
2007-01-04,4.437600
2007-01-05,4.452300
2007-01-08,4.435600
2007-01-09,4.440900
2007-01-10,4.448100
2007-01-11,4.484700
2007-01-12,4.537300
2007-01-15,4.536900
2007-01-16,4.516500
2007-01-17,4.515000
2007-01-18,4.516100
2007-01-19,4.510400
2007-01-22,4.489800
2007-01-23,4.504500
2007-01-24,4.526500
2007-01-25,4.574900
2007-01-26,4.610800
2007-01-29,4.636700
2007-01-30,4.623000
2007-01-31,4.606500
2007-02-01,4.620600
2007-02-02,4.612200
2007-02-05,4.598700
2007-02-06,4.592300
2007-02-07,4.580800
2007-02-08,4.560700
2007-02-09,4.537300
2007-02-12,4.617900
2007-02-13,4.599600
2007-02-14,4.594500
2007-02-15,4.523500
2007-02-16,4.529300
2007-02-19,4.536800
2007-02-20,4.558000
2007-02-21,4.531700
2007-02-22,4.584200
2007-02-23,4.547800
2007-02-26,4.521700
2007-02-27,4.474600
2007-02-28,4.472000
2007-03-01,4.464400
2007-03-02,4.453800
2007-03-05,4.437100
2007-03-06,4.457100
2007-03-07,4.460600
2007-03-08,4.472500
2007-03-09,4.513500
2007-03-12,4.507700
2007-03-13,4.477800
2007-03-14,4.442500
2007-03-15,4.477900
2007-03-16,4.481000
2007-03-19,4.507200
2007-03-20,4.514400
2007-03-21,4.512800
2007-03-22,4.542800
2007-03-23,4.578700
2007-03-26,4.593500
2007-03-27,4.636200
2007-03-28,4.617000
2007-03-29,4.637000
2007-03-30,4.643400
2007-04-02,4.645000
2007-04-03,4.695900
2007-04-04,4.676300
2007-04-05,4.688900
2007-04-10,4.709900
2007-04-11,4.712100
2007-04-12,4.745800
2007-04-13,4.795900
2007-04-16,4.769100
2007-04-17,4.772100
2007-04-18,4.726500
2007-04-19,4.744900
2007-04-20,4.742700
2007-04-23,4.735100
2007-04-24,4.740300
2007-04-25,4.744300
2007-04-26,4.787200
2007-04-27,4.804100
2007-04-30,4.728800
2007-05-01,4.749200
2007-05-02,4.782200
2007-05-03,4.818600
2007-05-04,4.799600
2007-05-08,4.770200
2007-05-09,4.765100
2007-05-10,4.784100
2007-05-11,4.768700
2007-05-14,4.811800
2007-05-15,4.810900
2007-05-16,4.770200
2007-05-17,4.811500
2007-05-18,4.825400
2007-05-21,4.825600
2007-05-22,4.811200
2007-05-23,4.859700
2007-05-24,4.838700
2007-05-25,4.870400
2007-05-29,4.878700
2007-05-30,4.894400
2007-05-31,4.896700
2007-06-01,4.924800
2007-06-04,4.930000
2007-06-05,4.954900
2007-06-06,4.926500
2007-06-07,5.003500
2007-06-08,5.043600
2007-06-11,5.035600
2007-06-12,5.081400
2007-06-13,5.104600
2007-06-14,5.116600
2007-06-15,5.131800
2007-06-18,5.139000
2007-06-19,5.113100
2007-06-20,5.138500
2007-06-21,5.141100
2007-06-22,5.158300
2007-06-25,5.127100
2007-06-26,5.118600
2007-06-27,5.084600
2007-06-28,5.082100
2007-06-29,5.106900
2007-07-02,5.063600
2007-07-03,5.106600
2007-07-04,5.128500
2007-07-05,5.145800
2007-07-06,5.173600
2007-07-09,5.173600
2007-07-10,5.075900
2007-07-11,5.074800
2007-07-12,5.090700
2007-07-13,5.134300
2007-07-16,5.106700
2007-07-17,5.115900
2007-07-18,5.045100
2007-07-19,5.033500
2007-07-20,4.940100
2007-07-23,4.946100
2007-07-24,4.930700
2007-07-25,4.912500
2007-07-26,4.857400
2007-07-27,4.842500
2007-07-30,4.814700
2007-07-31,4.858800
2007-08-01,4.850800
2007-08-02,4.881800
2007-08-03,4.833600
2007-08-06,4.844900
2007-08-07,4.849500
2007-08-08,4.932500
2007-08-09,4.901700
2007-08-10,4.883900
2007-08-13,4.889900
2007-08-14,4.841600
2007-08-15,4.804500
2007-08-16,4.771300
2007-08-17,4.765300
2007-08-20,4.751800
2007-08-21,4.708700
2007-08-22,4.784300
2007-08-23,4.754500
2007-08-24,4.769200
2007-08-28,4.742000
2007-08-29,4.712100
2007-08-30,4.712300
2007-08-31,4.720500
2007-09-03,4.761100
2007-09-04,4.773500
2007-09-05,4.736800
2007-09-06,4.729600
2007-09-07,4.677100
2007-09-10,4.640200
2007-09-11,4.659800
2007-09-12,4.663000
2007-09-13,4.691800
2007-09-14,4.648700
2007-09-17,4.639900
2007-09-18,4.718100
2007-09-19,4.768400
2007-09-20,4.789700
2007-09-21,4.833500
2007-09-24,4.831300
2007-09-25,4.797900
2007-09-26,4.831200
2007-09-27,4.836100
2007-09-28,4.787200
2007-10-01,4.782200
2007-10-02,4.772500
2007-10-03,4.774300
2007-10-04,4.739600
2007-10-05,4.738500
2007-10-08,4.734100
2007-10-09,4.672300
2007-10-10,4.738700
2007-10-11,4.774800
2007-10-12,4.826600
2007-10-15,4.842500
2007-10-16,4.843600
2007-10-17,4.807800
2007-10-18,4.764600
2007-10-19,4.695900
2007-10-22,4.691600
2007-10-23,4.702800
2007-10-24,4.660600
2007-10-25,4.673700
2007-10-26,4.685200
2007-10-29,4.671200
2007-10-30,4.684900
2007-10-31,4.728900
2007-11-01,4.715300
2007-11-02,4.671900
2007-11-05,4.682000
2007-11-06,4.700100
2007-11-07,4.669500
2007-11-08,4.640200
2007-11-09,4.609100
2007-11-12,4.624500
2007-11-13,4.622700
2007-11-14,4.619200
2007-11-15,4.570000
2007-11-16,4.536600
2007-11-19,4.523200
2007-11-20,4.546500
2007-11-21,4.503900
2007-11-22,4.472700
2007-11-23,4.520600
2007-11-26,4.511700
2007-11-27,4.542500
2007-11-28,4.611300
2007-11-29,4.540900
2007-11-30,4.598200
2007-12-03,4.558900
2007-12-04,4.513200
2007-12-05,4.481200
2007-12-06,4.530700
2007-12-07,4.608700
2007-12-10,4.652000
2007-12-11,4.613800
2007-12-12,4.730100
2007-12-13,4.682500
2007-12-14,4.703000
2007-12-17,4.662100
2007-12-18,4.658600
2007-12-19,4.618000
2007-12-20,4.533100
2007-12-21,4.591900
2007-12-24,4.545100
2007-12-27,4.582000
2007-12-28,4.512700
2007-12-31,4.463500
2008-01-02,4.429000
2008-01-03,4.439400
2008-01-04,4.403300
2008-01-07,4.411700
2008-01-08,4.458000
2008-01-09,4.418900
2008-01-10,4.417800
2008-01-11,4.458400
2008-01-14,4.457100
2008-01-15,4.431900
2008-01-16,4.403900
2008-01-17,4.424700
2008-01-18,4.441700
2008-01-21,4.384200
2008-01-22,4.508100
2008-01-23,4.449600
2008-01-24,4.539300
2008-01-25,4.519900
2008-01-28,4.479500
2008-01-29,4.567700
2008-01-30,4.549600
2008-01-31,4.478700
2008-02-01,4.476800
2008-02-04,4.507800
2008-02-05,4.437200
2008-02-06,4.499600
2008-02-07,4.474900
2008-02-08,4.483000
2008-02-11,4.533400
2008-02-12,4.649900
2008-02-13,4.644900
2008-02-14,4.674100
2008-02-15,4.652100
2008-02-18,4.698000
2008-02-19,4.686100
2008-02-20,4.716700
2008-02-21,4.703800
2008-02-22,4.705100
2008-02-25,4.742600
2008-02-26,4.736100
2008-02-27,4.739600
2008-02-28,4.656900
2008-02-29,4.544500
2008-03-03,4.523000
2008-03-04,4.497700
2008-03-05,4.570600
2008-03-06,4.506600
2008-03-07,4.468200
2008-03-10,4.444300
2008-03-11,4.487000
2008-03-12,4.553100
2008-03-13,4.525200
2008-03-14,4.506300
2008-03-17,4.506300
2008-03-18,4.548900
2008-03-19,4.531100
2008-03-20,4.506500
2008-03-25,4.604000
2008-03-26,4.602000
2008-03-27,4.667800
2008-03-28,4.618400
2008-03-31,4.595500
2008-04-01,4.649400
2008-04-02,4.621200
2008-04-03,4.647500
2008-04-04,4.649100
2008-04-07,4.700600
2008-04-08,4.697700
2008-04-09,4.710500
2008-04-10,4.685900
2008-04-11,4.621900
2008-04-14,4.645200
2008-04-15,4.645500
2008-04-16,4.739700
2008-04-17,4.819500
2008-04-18,4.849000
2008-04-21,4.798500
2008-04-22,4.795200
2008-04-23,4.766600
2008-04-24,4.855500
2008-04-25,4.840100
2008-04-28,4.814600
2008-04-29,4.772500
2008-04-30,4.767500
2008-05-01,4.732600
2008-05-02,4.831000
2008-05-06,4.774900
2008-05-07,4.823700
2008-05-08,4.756300
2008-05-09,4.731500
2008-05-12,4.738500
2008-05-13,4.802000
2008-05-14,4.876700
2008-05-15,4.887200
2008-05-16,4.813700
2008-05-19,4.877600
2008-05-20,4.849100
2008-05-21,4.914200
2008-05-22,4.946400
2008-05-23,4.912000
2008-05-27,4.924900
2008-05-28,4.956200
2008-05-29,4.984200
2008-05-30,4.944800
2008-06-02,4.950300
2008-06-03,5.014800
2008-06-04,4.929200
2008-06-05,5.010800
2008-06-06,4.963200
2008-06-09,5.035200
2008-06-10,5.027100
2008-06-11,5.054000
2008-06-12,5.048700
2008-06-13,5.137300
2008-06-16,5.073100
2008-06-17,5.056900
2008-06-18,5.042000
2008-06-19,5.102300
2008-06-20,5.045300
2008-06-23,5.040100
2008-06-24,5.060300
2008-06-25,5.015600
2008-06-26,4.927400
2008-06-27,4.970100
2008-06-30,5.044800
2008-07-01,5.091500
2008-07-02,5.063900
2008-07-03,5.006100
2008-07-04,4.950600
2008-07-07,4.914000
2008-07-08,4.913400
2008-07-09,4.888800
2008-07-10,4.869600
2008-07-11,4.903200
2008-07-14,4.901500
2008-07-15,4.881600
2008-07-16,4.899200
2008-07-17,4.900400
2008-07-18,5.019400
2008-07-21,5.024100
2008-07-22,4.974700
2008-07-23,4.999100
2008-07-24,4.946600
2008-07-25,4.961800
2008-07-28,4.925900
2008-07-29,4.882800
2008-07-30,4.846600
2008-07-31,4.835600
2008-08-01,4.882900
2008-08-04,4.860000
2008-08-05,4.839800
2008-08-06,4.805800
2008-08-07,4.764900
2008-08-08,4.765300
2008-08-11,4.773200
2008-08-12,4.719500
2008-08-13,4.733400
2008-08-14,4.774300
2008-08-15,4.726000
2008-08-18,4.731500
2008-08-19,4.723200
2008-08-20,4.709900
2008-08-21,4.711400
2008-08-22,4.745600
2008-08-26,4.662500
2008-08-27,4.672500
2008-08-28,4.641100
2008-08-29,4.632900
2008-09-01,4.626500
2008-09-02,4.653200
2008-09-03,4.659500
2008-09-04,4.608000
2008-09-05,4.555700
2008-09-08,4.623500
2008-09-09,4.596700
2008-09-10,4.609800
2008-09-11,4.618200
2008-09-12,4.732000
2008-09-15,4.638900
2008-09-16,4.594900
2008-09-17,4.566900
2008-09-18,4.587200
2008-09-19,4.722100
2008-09-22,4.796100
2008-09-23,4.793600
2008-09-24,4.729500
2008-09-25,4.781700
2008-09-26,4.742300
2008-09-29,4.638900
2008-09-30,4.686200
2008-10-01,4.648500
2008-10-02,4.592400
2008-10-03,4.578900
2008-10-06,4.447300
2008-10-07,4.494400
2008-10-08,4.544100
2008-10-09,4.658800
2008-10-10,4.791800
2008-10-13,4.991800
2008-10-14,5.047800
2008-10-15,5.001700
2008-10-16,4.949800
2008-10-17,4.867700
2008-10-20,4.837600
2008-10-21,4.858600
2008-10-22,4.783500
2008-10-23,4.768000
2008-10-24,4.671100
2008-10-27,4.709400
2008-10-28,4.757500
2008-10-29,4.770300
2008-10-30,4.789300
2008-10-31,4.870500
2008-11-03,4.867800
2008-11-04,4.886200
2008-11-05,4.874100
2008-11-06,4.877200
2008-11-07,4.778100
2008-11-10,4.807800
2008-11-11,4.829600
2008-11-12,4.751600
2008-11-13,4.726000
2008-11-14,4.712600
2008-11-17,4.775000
2008-11-18,4.774100
2008-11-19,4.730700
2008-11-20,4.596100
2008-11-21,4.505200
2008-11-24,4.548000
2008-11-25,4.500300
2008-11-26,4.426900
2008-11-27,4.389700
2008-11-28,4.439900
2008-12-01,4.379900
2008-12-02,4.250300
2008-12-03,4.140600
2008-12-04,4.157100
2008-12-05,4.158100
2008-12-08,4.319500
2008-12-09,4.321100
2008-12-10,4.312500
2008-12-11,4.348600
2008-12-12,4.362500
2008-12-15,4.264200
2008-12-16,4.195500
2008-12-17,4.042200
2008-12-18,4.049800
2008-12-19,4.045100
2008-12-22,3.978400
2008-12-23,3.981100
2008-12-24,3.918500
2008-12-29,3.968100
2008-12-30,3.965100
2008-12-31,3.910300
2009-01-02,3.937700
2009-01-05,4.020300
2009-01-06,4.131500
2009-01-07,4.137800
2009-01-08,4.088700
2009-01-09,3.999900
2009-01-12,4.005900
2009-01-13,4.103500
2009-01-14,4.033700
2009-01-15,4.065300
2009-01-16,4.222100
2009-01-19,4.348000
2009-01-20,4.436900
2009-01-21,4.420600
2009-01-22,4.492900
2009-01-23,4.657600
2009-01-26,4.626500
2009-01-27,4.561800
2009-01-28,4.494400
2009-01-29,4.506800
2009-01-30,4.499800
2009-02-02,4.492700
2009-02-03,4.541700
2009-02-04,4.529500
2009-02-05,4.466300
2009-02-06,4.446300
2009-02-09,4.460500
2009-02-10,4.386600
2009-02-11,4.272600
2009-02-12,4.191000
2009-02-13,4.248200
2009-02-16,4.219400
2009-02-17,4.171800
2009-02-18,4.175000
2009-02-19,4.276800
2009-02-20,4.230900
2009-02-23,4.281700
2009-02-24,4.249400
2009-02-25,4.279700
2009-02-26,4.418100
2009-02-27,4.450500
2009-03-02,4.404200
2009-03-03,4.441800
2009-03-04,4.601600
2009-03-05,4.255900
2009-03-06,3.825500
2009-03-09,3.924000
2009-03-10,3.941200
2009-03-11,3.887400
2009-03-12,3.715100
2009-03-13,3.709200
2009-03-16,3.798900
2009-03-17,3.822000
2009-03-18,3.853600
2009-03-19,3.813500
2009-03-20,3.812700
2009-03-23,3.920700
2009-03-24,4.097800
2009-03-25,4.083400
2009-03-26,4.109400
2009-03-27,4.101500
2009-03-30,4.013800
2009-03-31,4.021400
2009-04-01,4.010800
2009-04-02,4.233800
2009-04-03,4.251000
2009-04-06,4.260000
2009-04-07,4.280900
2009-04-08,4.244400
2009-04-09,4.189100
2009-04-14,4.146300
2009-04-15,4.231000
2009-04-16,4.214600
2009-04-17,4.303700
2009-04-20,4.161200
2009-04-21,4.205300
2009-04-22,4.299000
2009-04-23,4.355400
2009-04-24,4.313800
2009-04-27,4.282400
2009-04-28,4.254300
2009-04-29,4.276900
2009-04-30,4.324000
2009-05-01,4.345500
2009-05-05,4.339500
2009-05-06,4.386200
2009-05-07,4.384300
2009-05-08,4.412800
2009-05-11,4.372900
2009-05-12,4.362300
2009-05-13,4.263200
2009-05-14,4.261200
2009-05-15,4.311000
2009-05-18,4.263300
2009-05-19,4.277200
2009-05-20,4.351700
2009-05-21,4.436700
2009-05-22,4.519000
2009-05-26,4.433300
2009-05-27,4.459200
2009-05-28,4.494500
2009-05-29,4.454100
2009-06-01,4.519900
2009-06-02,4.550400
2009-06-03,4.461400
2009-06-04,4.507400
2009-06-05,4.526100
2009-06-08,4.442700
2009-06-09,4.426300
2009-06-10,4.494100
2009-06-11,4.604200
2009-06-12,4.594400
2009-06-15,4.542400
2009-06-16,4.565100
2009-06-17,4.472500
2009-06-18,4.524100
2009-06-19,4.474500
2009-06-22,4.425500
2009-06-23,4.415500
2009-06-24,4.415200
2009-06-25,4.405200
2009-06-26,4.352500
2009-06-29,4.292000
2009-06-30,4.349500
2009-07-01,4.421300
2009-07-02,4.403500
2009-07-03,4.395400
2009-07-06,4.351100
2009-07-07,4.346200
2009-07-08,4.276400
2009-07-09,4.392600
2009-07-10,4.355800
2009-07-13,4.290200
2009-07-14,4.353800
2009-07-15,4.417800
2009-07-16,4.430900
2009-07-17,4.447800
2009-07-20,4.480000
2009-07-21,4.460700
2009-07-22,4.526500
2009-07-23,4.624900
2009-07-24,4.612300
2009-07-27,4.610600
2009-07-28,4.588000
2009-07-29,4.632000
2009-07-30,4.619600
2009-07-31,4.514200
2009-08-03,4.587800
2009-08-04,4.547800
2009-08-05,4.517100
2009-08-06,4.398300
2009-08-07,4.322800
2009-08-10,4.284700
2009-08-11,4.300300
2009-08-12,4.261500
2009-08-13,4.252800
2009-08-14,4.172000
2009-08-17,4.072400
2009-08-18,4.132400
2009-08-19,4.099100
2009-08-20,4.122400
2009-08-21,4.127300
2009-08-24,4.091100
2009-08-25,4.036500
2009-08-26,4.011400
2009-08-27,4.011800
2009-08-28,3.978400
2009-09-01,3.999400
2009-09-02,3.997100
2009-09-03,4.049700
2009-09-04,4.077900
2009-09-07,4.084500
2009-09-08,4.101900
2009-09-09,4.164300
2009-09-10,4.114700
2009-09-11,4.051800
2009-09-14,4.030400
2009-09-15,4.024300
2009-09-16,4.077400
2009-09-17,4.104800
2009-09-18,4.098200
2009-09-21,4.092300
2009-09-22,4.141400
2009-09-23,4.122400
2009-09-24,4.074000
2009-09-25,4.022200
2009-09-28,4.038400
2009-09-29,4.023600
2009-09-30,4.022600
2009-10-01,3.992900
2009-10-02,3.964400
2009-10-05,3.923200
2009-10-06,3.920900
2009-10-07,3.923600
2009-10-08,3.888600
2009-10-09,3.971600
2009-10-12,3.910300
2009-10-13,3.952100
2009-10-14,4.022800
2009-10-15,4.059900
2009-10-16,4.090200
2009-10-19,4.108900
2009-10-20,4.075000
2009-10-21,4.203900
2009-10-22,4.221100
2009-10-23,4.172400
2009-10-26,4.181300
2009-10-27,4.115400
2009-10-28,4.108800
2009-10-29,4.159400
2009-10-30,4.134200
2009-11-02,4.176900
2009-11-03,4.239500
2009-11-04,4.308000
2009-11-05,4.351100
2009-11-06,4.365700
2009-11-09,4.329900
2009-11-10,4.274700
2009-11-11,4.247700
2009-11-12,4.280500
2009-11-13,4.312800
2009-11-16,4.268800
2009-11-17,4.186300
2009-11-18,4.192900
2009-11-19,4.154400
2009-11-20,4.144300
2009-11-23,4.161300
2009-11-24,4.152900
2009-11-25,4.152600
2009-11-26,4.080000
2009-11-27,4.109100
2009-11-30,4.083200
2009-12-01,4.116200
2009-12-02,4.145900
2009-12-03,4.184300
2009-12-04,4.237600
2009-12-07,4.229200
2009-12-08,4.236100
2009-12-09,4.233400
2009-12-10,4.348700
2009-12-11,4.385300
2009-12-14,4.350400
2009-12-15,4.388900
2009-12-16,4.377500
2009-12-17,4.339800
2009-12-18,4.253700
2009-12-21,4.336800
2009-12-22,4.385000
2009-12-23,4.453800
2009-12-24,4.461800
2009-12-29,4.519000
2009-12-30,4.505200
2009-12-31,4.454700
2010-01-04,4.400900
2010-01-05,4.455600
2010-01-06,4.505000
2010-01-07,4.500100
2010-01-08,4.494700
2010-01-11,4.422900
2010-01-12,4.375500
2010-01-13,4.409800
2010-01-14,4.428100
2010-01-15,4.381900
2010-01-18,4.377600
2010-01-19,4.445600
2010-01-20,4.455100
2010-01-21,4.391900
2010-01-22,4.387700
2010-01-25,4.393500
2010-01-26,4.363000
2010-01-27,4.346200
2010-01-28,4.409300
2010-01-29,4.377400
2010-02-01,4.354400
2010-02-02,4.396400
2010-02-03,4.396400
2010-02-04,4.364600
2010-02-05,4.359700
2010-02-08,4.422200
2010-02-09,4.451100
2010-02-10,4.426200
2010-02-11,4.520200
2010-02-12,4.548400
2010-02-15,4.570500
2010-02-16,4.550000
2010-02-17,4.562000
2010-02-18,4.622200
2010-02-19,4.690800
2010-02-22,4.682700
2010-02-23,4.667600
2010-02-24,4.580800
2010-02-25,4.579600
2010-02-26,4.570100
2010-03-01,4.614100
2010-03-02,4.554800
2010-03-03,4.572400
2010-03-04,4.528600
2010-03-05,4.569000
2010-03-08,4.605900
2010-03-09,4.562400
2010-03-10,4.596500
2010-03-11,4.663500
2010-03-12,4.640800
2010-03-15,4.621500
2010-03-16,4.595300
2010-03-17,4.565700
2010-03-18,4.555000
2010-03-19,4.537400
2010-03-22,4.511500
2010-03-23,4.514000
2010-03-24,4.575300
2010-03-25,4.587200
2010-03-26,4.586700
2010-03-29,4.522900
2010-03-30,4.538500
2010-03-31,4.485500
2010-04-01,4.464200
2010-04-06,4.542200
2010-04-07,4.588100
2010-04-08,4.562600
2010-04-09,4.601100
2010-04-12,4.601100
2010-04-13,4.579500
2010-04-14,4.581500
2010-04-15,4.596900
2010-04-16,4.566800
2010-04-19,4.572400
2010-04-20,4.584900
2010-04-21,4.587100
2010-04-22,4.558700
2010-04-23,4.597100
2010-04-26,4.566500
2010-04-27,4.536400
2010-04-28,4.508900
2010-04-29,4.517800
2010-04-30,4.446000
2010-05-04,4.370800
2010-05-05,4.367800
2010-05-06,4.331200
2010-05-07,4.349500
2010-05-10,4.443800
2010-05-11,4.445500
2010-05-12,4.418800
2010-05-13,4.428100
2010-05-14,4.363200
2010-05-17,4.363900
2010-05-18,4.376400
2010-05-19,4.297300
2010-05-20,4.196300
2010-05-21,4.156400
2010-05-24,4.181100
2010-05-25,4.127100
2010-05-26,4.229600
2010-05-27,4.270400
2010-05-28,4.255200
2010-06-01,4.251000
2010-06-02,4.242300
2010-06-03,4.285500
2010-06-04,4.236200
2010-06-07,4.213800
2010-06-08,4.186700
2010-06-09,4.221400
2010-06-10,4.242500
2010-06-11,4.166200
2010-06-14,4.235200
2010-06-15,4.243800
2010-06-16,4.251900
2010-06-17,4.211000
2010-06-18,4.247100
2010-06-21,4.205800
2010-06-22,4.182000
2010-06-23,4.169200
2010-06-24,4.142400
2010-06-25,4.160700
2010-06-28,4.174400
2010-06-29,4.181700
2010-06-30,4.124000
2010-07-01,4.072300
2010-07-02,4.109900
2010-07-05,4.070600
2010-07-06,4.106800
2010-07-07,4.126400
2010-07-08,4.140600
2010-07-09,4.108400
2010-07-12,4.123300
2010-07-13,4.144500
2010-07-14,4.168900
2010-07-15,4.156300
2010-07-16,4.126200
2010-07-19,4.154200
2010-07-20,4.167100
2010-07-21,4.189800
2010-07-22,4.192700
2010-07-23,4.249400
2010-07-26,4.282300
2010-07-27,4.330300
2010-07-28,4.335100
2010-07-29,4.297100
2010-07-30,4.206000
2010-08-02,4.206700
2010-08-03,4.146400
2010-08-04,4.148900
2010-08-05,4.099100
2010-08-06,4.097800
2010-08-09,4.119600
2010-08-10,4.147600
2010-08-11,4.119100
2010-08-12,4.064400
2010-08-13,4.065600
2010-08-16,3.965100
2010-08-17,3.972800
2010-08-18,3.964600
2010-08-19,3.940700
2010-08-20,3.919000
2010-08-23,3.912900
2010-08-24,3.804100
2010-08-25,3.759000
2010-08-26,3.734000
2010-08-27,3.747500
2010-08-31,3.694900
2010-09-01,3.797000
2010-09-02,3.839400
2010-09-03,3.891700
2010-09-06,3.859100
2010-09-07,3.812100
2010-09-08,3.860900
2010-09-09,3.918500
2010-09-10,3.994400
2010-09-13,3.993200
2010-09-14,3.953300
2010-09-15,3.958300
2010-09-16,4.021100
2010-09-17,4.011000
2010-09-20,4.035500
2010-09-21,4.004400
2010-09-22,3.864100
2010-09-23,3.836600
2010-09-24,3.905100
2010-09-27,3.843000
2010-09-28,3.783300
2010-09-29,3.737800
2010-09-30,3.778800
2010-10-01,3.797200
2010-10-04,3.779900
2010-10-05,3.825600
2010-10-06,3.790100
2010-10-07,3.818100
2010-10-08,3.767300
2010-10-11,3.806200
2010-10-12,3.793100
2010-10-13,3.824600
2010-10-14,3.825400
2010-10-15,3.900900
2010-10-18,3.916300
2010-10-19,3.963800
2010-10-20,3.953500
2010-10-21,3.903100
2010-10-22,3.927700
2010-10-25,3.895900
2010-10-26,3.981300
2010-10-27,4.073800
2010-10-28,4.076600
2010-10-29,4.019800
2010-11-01,3.990500
2010-11-02,3.989200
2010-11-03,3.955500
2010-11-04,3.943400
2010-11-05,3.966700
2010-11-08,3.990400
2010-11-09,4.021300
2010-11-10,4.099100
2010-11-11,4.102100
2010-11-12,4.131600
2010-11-15,4.196800
2010-11-16,4.220800
2010-11-17,4.179800
2010-11-18,4.254900
2010-11-19,4.257000
2010-11-22,4.198700
2010-11-23,4.138400
2010-11-24,4.197900
2010-11-25,4.204000
2010-11-26,4.184600
2010-11-29,4.194500
2010-11-30,4.111300
2010-12-01,4.208300
2010-12-02,4.248900
2010-12-03,4.253900
2010-12-06,4.246300
2010-12-07,4.304700
2010-12-08,4.356000
2010-12-09,4.287000
2010-12-10,4.281700
2010-12-13,4.329800
2010-12-14,4.371400
2010-12-15,4.357600
2010-12-16,4.349400
2010-12-17,4.287900
2010-12-20,4.188400
2010-12-21,4.202400
2010-12-22,4.198800
2010-12-23,4.192300
2010-12-24,4.200000
2010-12-29,4.249700
2010-12-30,4.171900
2010-12-31,4.105600
2011-01-04,4.179600
2011-01-05,4.264800
2011-01-06,4.236700
2011-01-07,4.228500
2011-01-10,4.246200
2011-01-11,4.287000
2011-01-12,4.347600
2011-01-13,4.318800
2011-01-14,4.310100
2011-01-17,4.327000
2011-01-18,4.364100
2011-01-19,4.349700
2011-01-20,4.386400
2011-01-21,4.381000
2011-01-24,4.374100
2011-01-25,4.348000
2011-01-26,4.377300
2011-01-27,4.375000
2011-01-28,4.351300
2011-01-31,4.354800
2011-02-01,4.381400
2011-02-02,4.410500
2011-02-03,4.414400
2011-02-04,4.446600
2011-02-07,4.439400
2011-02-08,4.448400
2011-02-09,4.497200
2011-02-10,4.480800
2011-02-11,4.444500
2011-02-14,4.421700
2011-02-15,4.441600
2011-02-16,4.444100
2011-02-17,4.406500
2011-02-18,4.427800
2011-02-21,4.362000
2011-02-22,4.320500
2011-02-23,4.314300
2011-02-24,4.332700
2011-02-25,4.339700
2011-02-28,4.325700
2011-03-01,4.340600
2011-03-02,4.361400
2011-03-03,4.399900
2011-03-04,4.346100
2011-03-07,4.347200
2011-03-08,4.383800
2011-03-09,4.378800
2011-03-10,4.313500
2011-03-11,4.297200
2011-03-14,4.263200
2011-03-15,4.246700
2011-03-16,4.181100
2011-03-17,4.245100
2011-03-18,4.212800
2011-03-21,4.236100
2011-03-22,4.288200
2011-03-23,4.247400
2011-03-24,4.274200
2011-03-25,4.279700
2011-03-28,4.285700
2011-03-29,4.290000
2011-03-30,4.315200
2011-03-31,4.319300
2011-04-01,4.329900
2011-04-04,4.321500
2011-04-05,4.353600
2011-04-06,4.365500
2011-04-07,4.356100
2011-04-08,4.404600
2011-04-11,4.426100
2011-04-12,4.342200
2011-04-13,4.341300
2011-04-14,4.319100
2011-04-15,4.245500
2011-04-18,4.216900
2011-04-19,4.240100
2011-04-20,4.249500
2011-04-21,4.212900
2011-04-26,4.171300
2011-04-27,4.228300
2011-04-28,4.155200
2011-05-03,4.113000
2011-05-04,4.115000
2011-05-05,4.146900
2011-05-06,4.163200
2011-05-09,4.139300
2011-05-10,4.143900
2011-05-11,4.180100
2011-05-12,4.146700
2011-05-13,4.152000
2011-05-16,4.164300
2011-05-17,4.150400
2011-05-18,4.168300
2011-05-19,4.173300
2011-05-20,4.141300
2011-05-23,4.114200
2011-05-24,4.131500
2011-05-25,4.110100
2011-05-26,4.099000
2011-05-27,4.094200
2011-05-31,4.095000
2011-06-01,4.061600
2011-06-02,4.079300
2011-06-03,4.099100
2011-06-06,4.107300
2011-06-07,4.170500
2011-06-08,4.129700
2011-06-09,4.137000
2011-06-10,4.100000
2011-06-13,4.123400
2011-06-14,4.148700
2011-06-15,4.134600
2011-06-16,4.081000
2011-06-17,4.101300
2011-06-20,4.118300
2011-06-21,4.142000
2011-06-22,4.133600
2011-06-23,4.105600
2011-06-24,4.086800
2011-06-27,4.096100
2011-06-28,4.182900
2011-06-29,4.226400
2011-06-30,4.243400
2011-07-01,4.249000
2011-07-04,4.235100
2011-07-05,4.219900
2011-07-06,4.175900
2011-07-07,4.214200
2011-07-08,4.140700
2011-07-11,4.081200
2011-07-12,4.073300
2011-07-13,4.110300
2011-07-14,4.096500
2011-07-15,4.071300
2011-07-18,4.040900
2011-07-19,4.055400
2011-07-20,4.064400
2011-07-21,4.125900
2011-07-22,4.067600
2011-07-25,4.013100
2011-07-26,4.049300
2011-07-27,4.008800
2011-07-28,4.016200
2011-07-29,3.937400
2011-08-01,3.914500
2011-08-02,3.895800
2011-08-03,3.837700
2011-08-04,3.782700
2011-08-05,3.782600
2011-08-08,3.771300
2011-08-09,3.851800
2011-08-10,3.683100
2011-08-11,3.705800
2011-08-12,3.755400
2011-08-15,3.756700
2011-08-16,3.798300
2011-08-17,3.680900
2011-08-18,3.528900
2011-08-19,3.577400
2011-08-22,3.568700
2011-08-23,3.582000
2011-08-24,3.638700
2011-08-25,3.607500
2011-08-26,3.604200
2011-08-30,3.625000
2011-08-31,3.740900
2011-09-01,3.660500
2011-09-02,3.596300
2011-09-05,3.467600
2011-09-06,3.485300
2011-09-07,3.529500
2011-09-08,3.518200
2011-09-09,3.424300
2011-09-12,3.362400
2011-09-13,3.367500
2011-09-14,3.387000
2011-09-15,3.466600
2011-09-16,3.425900
2011-09-19,3.348500
2011-09-20,3.352200
2011-09-21,3.395900
2011-09-22,3.295800
2011-09-23,3.290900
2011-09-26,3.336000
2011-09-27,3.430700
2011-09-28,3.389800
2011-09-29,3.405900
2011-09-30,3.314100
2011-10-03,3.201600
2011-10-04,3.104500
2011-10-05,3.178500
2011-10-06,3.188100
2011-10-07,3.215800
2011-10-10,3.282300
2011-10-11,3.309600
2011-10-12,3.387800
2011-10-13,3.288300
2011-10-14,3.338800
2011-10-17,3.279700
2011-10-18,3.197900
2011-10-19,3.218400
2011-10-20,3.211700
2011-10-21,3.283400
2011-10-24,3.313300
2011-10-25,3.245300
2011-10-26,3.193700
2011-10-27,3.350900
2011-10-28,3.391800
2011-10-31,3.237800
2011-11-01,3.065700
2011-11-02,3.110700
2011-11-03,3.185100
2011-11-04,3.149700
2011-11-07,3.133000
2011-11-08,3.086700
2011-11-09,3.018100
2011-11-10,3.021400
2011-11-11,3.103100
2011-11-14,3.030900
2011-11-15,2.965300
2011-11-16,2.970200
2011-11-17,3.002000
2011-11-18,3.048200
2011-11-21,3.024500
2011-11-22,2.979800
2011-11-23,2.934000
2011-11-24,2.929500
2011-11-25,3.026600
2011-11-28,2.971100
2011-11-29,2.927600
2011-11-30,3.005700
2011-12-01,3.043900
2011-12-02,3.115500
2011-12-05,3.162700
2011-12-06,3.032400
2011-12-07,3.071800
2011-12-08,3.028300
2011-12-09,3.063700
2011-12-12,2.990700
2011-12-13,3.023900
2011-12-14,2.992600
2011-12-15,2.998200
2011-12-16,2.920700
2011-12-19,2.913600
2011-12-20,2.922300
2011-12-21,2.902700
2011-12-22,2.911100
2011-12-23,2.913000
2011-12-28,2.895800
2011-12-29,2.839700
2011-12-30,2.863300
2012-01-03,2.901200
2012-01-04,2.909100
2012-01-05,2.906800
2012-01-06,2.887800
2012-01-09,2.872100
2012-01-10,2.927700
2012-01-11,2.881800
2012-01-12,2.897800
2012-01-13,2.844500
2012-01-16,2.832400
2012-01-17,2.828400
2012-01-18,2.819900
2012-01-19,2.899500
2012-01-20,2.958100
2012-01-23,3.013900
2012-01-24,3.009700
2012-01-25,2.993000
2012-01-26,2.954300
2012-01-27,2.949000
2012-01-30,2.890100
2012-01-31,2.849400
2012-02-01,2.910000
2012-02-02,2.983500
2012-02-03,3.062100
2012-02-06,3.052400
2012-02-07,3.094500
2012-02-08,3.086300
2012-02-09,3.200900
2012-02-10,3.136000
2012-02-13,3.124800
2012-02-14,3.079700
2012-02-15,3.062900
2012-02-16,3.118900
2012-02-17,3.172800
2012-02-20,3.217500
2012-02-21,3.190700
2012-02-22,3.128100
2012-02-23,3.092300
2012-02-24,3.057900
2012-02-27,3.024900
2012-02-28,3.012800
2012-02-29,3.060300
2012-03-01,3.132000
2012-03-02,3.058400
2012-03-05,3.079400
2012-03-06,3.056300
2012-03-07,3.060300
2012-03-08,3.055400
2012-03-09,3.068600
2012-03-12,3.018400
2012-03-13,3.083000
2012-03-14,3.246600
2012-03-15,3.281400
2012-03-16,3.339600
2012-03-19,3.315800
2012-03-20,3.323200
2012-03-21,3.265200
2012-03-22,3.242900
2012-03-23,3.217200
2012-03-26,3.257200
2012-03-27,3.203400
2012-03-28,3.181700
2012-03-29,3.169600
2012-03-30,3.182000
2012-04-02,3.200000
2012-04-03,3.161000
2012-04-04,3.193800
2012-04-05,3.150500
2012-04-10,3.006700
2012-04-11,3.051000
2012-04-12,3.090200
2012-04-13,3.053900
2012-04-16,3.064300
2012-04-17,3.118300
2012-04-18,3.136800
2012-04-19,3.160400
2012-04-20,3.164700
2012-04-23,3.141500
2012-04-24,3.148500
2012-04-25,3.141700
2012-04-26,3.114100
2012-04-27,3.142000
2012-04-30,3.152400
2012-05-01,3.104900
2012-05-02,3.043000
2012-05-03,3.050400
2012-05-04,3.026700
2012-05-08,2.970800
2012-05-09,2.955300
2012-05-10,3.015000
2012-05-11,3.000400
2012-05-14,2.927700
2012-05-15,2.943900
2012-05-16,2.915800
2012-05-17,2.893200
2012-05-18,2.844700
2012-05-21,2.864100
2012-05-22,2.897600
2012-05-23,2.832900
2012-05-24,2.817200
2012-05-25,2.805100
2012-05-28,2.816400
2012-05-29,2.839400
2012-05-30,2.737900
2012-05-31,2.657700
2012-06-01,2.576600
2012-06-06,2.683600
2012-06-07,2.775800
2012-06-08,2.695700
2012-06-11,2.706400
2012-06-12,2.744600
2012-06-13,2.789000
2012-06-14,2.820700
2012-06-15,2.735900
2012-06-18,2.738300
2012-06-19,2.778500
2012-06-20,2.775000
2012-06-21,2.708300
2012-06-22,2.706900
2012-06-25,2.676800
2012-06-26,2.705700
2012-06-27,2.711400
2012-06-28,2.678600
2012-06-29,2.767100
2012-07-02,2.730200
2012-07-03,2.793800
2012-07-04,2.762300
2012-07-05,2.740200
2012-07-06,2.704000
2012-07-09,2.682400
2012-07-10,2.684900
2012-07-11,2.665600
2012-07-12,2.624100
2012-07-13,2.626000
2012-07-16,2.583200
2012-07-17,2.587600
2012-07-18,2.567600
2012-07-19,2.612100
2012-07-20,2.596700
2012-07-23,2.599800
2012-07-24,2.579500
2012-07-25,2.585000
2012-07-26,2.596300
2012-07-27,2.641300
2012-07-30,2.649200
2012-07-31,2.584800
2012-08-01,2.618900
2012-08-02,2.573300
2012-08-03,2.644100
2012-08-06,2.586600
2012-08-07,2.657300
2012-08-08,2.639400
2012-08-09,2.660700
2012-08-10,2.600400
2012-08-13,2.634400
2012-08-14,2.662100
2012-08-15,2.734400
2012-08-16,2.734600
2012-08-17,2.712100
2012-08-20,2.701700
2012-08-21,2.764200
2012-08-22,2.704300
2012-08-23,2.654300
2012-08-24,2.615000
2012-08-28,2.600200
2012-08-29,2.610100
2012-08-30,2.578500
2012-08-31,2.612400
2012-09-03,2.625000
2012-09-04,2.609200
2012-09-05,2.630200
2012-09-06,2.696800
2012-09-07,2.683000
2012-09-10,2.733900
2012-09-11,2.748100
2012-09-12,2.809300
2012-09-13,2.776500
2012-09-14,2.896800
2012-09-17,2.862200
2012-09-18,2.831000
2012-09-19,2.806300
2012-09-20,2.763700
2012-09-21,2.808900
2012-09-24,2.796600
2012-09-25,2.790000
2012-09-26,2.683100
2012-09-27,2.723500
2012-09-28,2.719100
2012-10-01,2.742500
2012-10-02,2.733500
2012-10-03,2.713400
2012-10-04,2.722600
2012-10-05,2.789500
2012-10-08,2.760000
2012-10-09,2.751500
2012-10-10,2.778000
2012-10-11,2.783200
2012-10-12,2.734300
2012-10-15,2.750300
2012-10-16,2.816200
2012-10-17,2.888500
2012-10-18,2.875700
2012-10-19,2.869400
2012-10-22,2.892000
2012-10-23,2.826800
2012-10-24,2.837700
2012-10-25,2.877600
2012-10-26,2.826700
2012-10-29,2.763600
2012-10-30,2.785900
2012-10-31,2.808800
2012-11-01,2.840200
2012-11-02,2.834300
2012-11-05,2.806200
2012-11-06,2.815000
2012-11-07,2.766500
2012-11-08,2.757900
2012-11-09,2.733700
2012-11-12,2.738800
2012-11-13,2.729700
2012-11-14,2.776900
2012-11-15,2.756300
2012-11-16,2.731900
2012-11-19,2.775300
2012-11-20,2.838600
2012-11-21,2.843800
2012-11-22,2.821600
2012-11-23,2.810100
2012-11-26,2.812200
2012-11-27,2.823300
2012-11-28,2.749200
2012-11-29,2.751900
2012-11-30,2.747700
2012-12-03,2.785100
2012-12-04,2.785300
2012-12-05,2.814700
2012-12-06,2.786200
2012-12-07,2.796000
2012-12-10,2.818800
2012-12-11,2.842300
2012-12-12,2.836800
2012-12-13,2.857800
2012-12-14,2.861300
2012-12-17,2.865700
2012-12-18,2.911000
2012-12-19,2.931400
2012-12-20,2.908200
2012-12-21,2.865000
2012-12-24,2.869200
2012-12-27,2.794300
2012-12-28,2.808200
2012-12-31,2.805900
2013-01-02,2.953400
2013-01-03,3.019600
2013-01-04,3.059300
2013-01-07,3.015700
2013-01-08,2.953400
2013-01-09,2.956400
2013-01-10,3.014200
2013-01-11,3.020800
2013-01-14,2.976100
2013-01-15,2.973300
2013-01-16,2.964000
2013-01-17,3.003700
2013-01-18,2.988600
2013-01-21,3.019300
2013-01-22,2.999500
2013-01-23,2.970400
2013-01-24,2.997100
2013-01-25,3.030300
2013-01-28,3.065400
2013-01-29,3.046000
2013-01-30,3.074900
2013-01-31,3.050400
2013-02-01,3.039600
2013-02-04,3.039100
2013-02-05,3.070500
2013-02-06,3.057400
2013-02-07,3.070400
2013-02-08,3.085400
2013-02-11,3.092900
2013-02-12,3.114200
2013-02-13,3.194100
2013-02-14,3.175700
2013-02-15,3.178100
2013-02-18,3.181200
2013-02-19,3.174900
2013-02-20,3.200100
2013-02-21,3.123600
2013-02-22,3.120000
2013-02-25,3.119800
2013-02-26,3.027700
2013-02-27,3.004200
2013-02-28,3.000100
2013-03-01,2.916700
2013-03-04,2.946100
2013-03-05,3.007700
2013-03-06,3.002400
2013-03-07,3.052400
2013-03-08,3.081000
2013-03-11,3.047200
2013-03-12,3.029700
2013-03-13,3.036400
2013-03-14,3.049000
2013-03-15,3.018100
2013-03-18,2.975400
2013-03-19,2.915600
2013-03-20,2.927000
2013-03-21,2.935900
2013-03-22,2.916800
2013-03-25,2.890900
2013-03-26,2.872600
2013-03-27,2.830500
2013-03-28,2.856800
2013-04-02,2.863700
2013-04-03,2.841400
2013-04-04,2.799800
2013-04-05,2.683400
2013-04-08,2.725600
2013-04-09,2.769000
2013-04-10,2.818300
2013-04-11,2.833600
2013-04-12,2.803400
2013-04-15,2.788900
2013-04-16,2.800000
2013-04-17,2.766400
2013-04-18,2.749300
2013-04-19,2.749400
2013-04-22,2.734400
2013-04-23,2.773800
2013-04-24,2.773600
2013-04-25,2.793800
2013-04-26,2.756600
2013-04-29,2.733400
2013-04-30,2.738600
2013-05-01,2.722600
2013-05-02,2.671600
2013-05-03,2.780100
2013-05-07,2.833800
2013-05-08,2.814000
2013-05-09,2.848000
2013-05-10,2.930100
2013-05-13,2.920200
2013-05-14,2.932400
2013-05-15,2.960900
2013-05-16,2.918800
2013-05-17,2.945000
2013-05-20,2.970700
2013-05-21,2.985100
2013-05-22,2.957400
2013-05-23,2.958300
2013-05-24,2.930400
2013-05-28,2.982100
2013-05-29,3.020200
2013-05-30,2.989000
2013-05-31,3.032000
2013-06-03,3.033900
2013-06-04,3.069500
2013-06-05,3.049800
2013-06-06,3.051000
2013-06-07,3.070400
2013-06-10,3.122300
2013-06-11,3.119700
2013-06-12,3.106900
2013-06-13,3.100600
2013-06-14,3.068500
2013-06-17,3.094300
2013-06-18,3.121900
2013-06-19,3.102200
2013-06-20,3.198500
2013-06-21,3.277300
2013-06-24,3.354100
2013-06-25,3.342800
2013-06-26,3.301400
2013-06-27,3.282100
2013-06-28,3.300100
2013-07-01,3.270900
2013-07-02,3.259300
2013-07-03,3.267200
2013-07-04,3.278200
2013-07-05,3.344800
2013-07-08,3.356200
2013-07-09,3.326100
2013-07-10,3.300300
2013-07-11,3.271700
2013-07-12,3.223200
2013-07-15,3.243100
2013-07-16,3.208700
2013-07-17,3.231100
2013-07-18,3.219900
2013-07-19,3.245300
2013-07-22,3.220600
2013-07-23,3.260700
2013-07-24,3.317500
2013-07-25,3.306600
2013-07-26,3.278900
2013-07-29,3.274000
2013-07-30,3.265200
2013-07-31,3.284800
2013-08-01,3.308200
2013-08-02,3.321100
2013-08-05,3.343900
2013-08-06,3.349000
2013-08-07,3.343600
2013-08-08,3.355200
2013-08-09,3.354700
2013-08-12,3.347500
2013-08-13,3.446700
2013-08-14,3.464400
2013-08-15,3.490600
2013-08-16,3.499700
2013-08-19,3.518700
2013-08-20,3.470400
2013-08-21,3.491100
2013-08-22,3.468700
2013-08-23,3.438500
2013-08-27,3.372800
2013-08-28,3.401800
2013-08-29,3.388700
2013-08-30,3.400000
2013-09-02,3.432800
2013-09-03,3.456600
2013-09-04,3.457500
2013-09-05,3.544800
2013-09-06,3.480800
2013-09-09,3.495000
2013-09-10,3.559000
2013-09-11,3.549700
2013-09-12,3.506300
2013-09-13,3.483500
2013-09-16,3.461200
2013-09-17,3.500900
2013-09-18,3.537000
2013-09-19,3.476400
2013-09-20,3.510900
2013-09-23,3.481300
2013-09-24,3.427300
2013-09-25,3.383500
2013-09-26,3.376800
2013-09-27,3.341200
2013-09-30,3.328600
2013-10-01,3.311000
2013-10-02,3.311500
2013-10-03,3.296900
2013-10-04,3.331100
2013-10-07,3.318300
2013-10-08,3.309100
2013-10-09,3.302900
2013-10-10,3.340200
2013-10-11,3.340900
2013-10-14,3.359100
2013-10-15,3.413800
2013-10-16,3.432400
2013-10-17,3.374800
2013-10-18,3.357000
2013-10-21,3.377000
2013-10-22,3.287600
2013-10-23,3.260700
2013-10-24,3.294800
2013-10-25,3.280600
2013-10-28,3.277100
2013-10-29,3.259100
2013-10-30,3.235800
2013-10-31,3.283000
2013-11-01,3.313500
2013-11-04,3.308700
2013-11-05,3.364500
2013-11-06,3.365500
2013-11-07,3.345400
2013-11-08,3.421700
2013-11-11,3.440000
2013-11-12,3.439200
2013-11-13,3.434400
2013-11-14,3.417300
2013-11-15,3.390300
2013-11-18,3.376300
2013-11-19,3.380300
2013-11-20,3.386100
2013-11-21,3.467200
2013-11-22,3.436700
2013-11-25,3.419200
2013-11-26,3.392500
2013-11-27,3.417200
2013-11-28,3.413500
2013-11-29,3.423400
2013-12-02,3.482600
2013-12-03,3.453800
2013-12-04,3.517300
2013-12-05,3.522800
2013-12-06,3.484700
2013-12-09,3.496000
2013-12-10,3.463900
2013-12-11,3.458000
2013-12-12,3.474400
2013-12-13,3.471800
2013-12-16,3.461700
2013-12-17,3.454100
2013-12-18,3.479900
2013-12-19,3.510500
2013-12-20,3.489300
2013-12-23,3.506600
2013-12-24,3.518000
2013-12-27,3.592900
2013-12-30,3.561600
2013-12-31,3.540900
2014-01-02,3.553800
2014-01-03,3.547300
2014-01-06,3.502300
2014-01-07,3.482800
2014-01-08,3.501700
2014-01-09,3.504200
2014-01-10,3.438800
2014-01-13,3.404900
2014-01-14,3.403700
2014-01-15,3.435300
2014-01-16,3.399100
2014-01-17,3.414700
2014-01-20,3.407300
2014-01-21,3.413900
2014-01-22,3.428900
2014-01-23,3.387400
2014-01-24,3.361900
2014-01-27,3.377000
2014-01-28,3.402100
2014-01-29,3.368300
2014-01-30,3.355700
2014-01-31,3.341400
2014-02-03,3.346700
2014-02-04,3.313100
2014-02-05,3.341300
2014-02-06,3.367000
2014-02-07,3.343800
2014-02-10,3.376600
2014-02-11,3.364600
2014-02-12,3.418100
2014-02-13,3.386400
2014-02-14,3.383800
2014-02-17,3.369700
2014-02-18,3.389300
2014-02-19,3.355400
2014-02-20,3.405200
2014-02-21,3.378500
2014-02-24,3.388000
2014-02-25,3.371100
2014-02-26,3.360900
2014-02-27,3.316000
2014-02-28,3.360500
2014-03-03,3.301200
2014-03-04,3.317900
2014-03-05,3.344400
2014-03-06,3.377700
2014-03-07,3.395500
2014-03-10,3.392500
2014-03-11,3.381200
2014-03-12,3.363700
2014-03-13,3.339000
2014-03-14,3.295700
2014-03-17,3.316200
2014-03-18,3.298000
2014-03-19,3.334600
2014-03-20,3.393000
2014-03-21,3.380100
2014-03-24,3.331200
2014-03-25,3.344500
2014-03-26,3.328200
2014-03-27,3.329800
2014-03-28,3.357200
2014-03-31,3.364400
2014-04-01,3.364400
2014-04-02,3.380300
2014-04-03,3.369400
2014-04-04,3.324900
2014-04-07,3.334300
2014-04-08,3.349500
2014-04-09,3.331400
2014-04-10,3.294100
2014-04-11,3.264200
2014-04-14,3.290900
2014-04-15,3.277100
2014-04-16,3.293500
2014-04-17,3.281700
2014-04-22,3.324900
2014-04-23,3.292500
2014-04-24,3.316800
2014-04-25,3.278100
2014-04-28,3.268800
2014-04-29,3.324200
2014-04-30,3.292800
2014-05-01,3.259500
2014-05-02,3.246000
2014-05-06,3.246300
2014-05-07,3.281000
2014-05-08,3.235100
2014-05-09,3.261500
2014-05-12,3.314000
2014-05-13,3.268600
2014-05-14,3.212100
2014-05-15,3.165400
2014-05-16,3.204300
2014-05-19,3.210600
2014-05-20,3.251400
2014-05-21,3.251800
2014-05-22,3.278400
2014-05-23,3.268200
2014-05-27,3.246500
2014-05-28,3.183600
2014-05-29,3.196000
2014-05-30,3.193900
2014-06-02,3.234500
2014-06-03,3.266900
2014-06-04,3.319200
2014-06-05,3.302000
2014-06-06,3.279000
2014-06-09,3.313700
2014-06-10,3.331800
2014-06-11,3.311900
2014-06-12,3.319600
2014-06-13,3.345300
2014-06-16,3.337100
2014-06-17,3.342600
2014-06-18,3.324900
2014-06-19,3.325400
2014-06-20,3.343800
2014-06-23,3.326500
2014-06-24,3.326300
2014-06-25,3.265800
2014-06-26,3.256100
2014-06-27,3.257000
2014-06-30,3.285400
2014-07-01,3.301100
2014-07-02,3.320300
2014-07-03,3.326400
2014-07-04,3.333900
2014-07-07,3.323100
2014-07-08,3.273200
2014-07-09,3.270400
2014-07-10,3.242300
2014-07-11,3.237500
2014-07-14,3.232600
2014-07-15,3.252300
2014-07-16,3.253300
2014-07-17,3.201100
2014-07-18,3.179100
2014-07-21,3.172800
2014-07-22,3.179000
2014-07-23,3.155200
2014-07-24,3.183600
2014-07-25,3.157400
2014-07-28,3.164100
2014-07-29,3.139300
2014-07-30,3.166800
2014-07-31,3.179100
2014-08-01,3.122000
2014-08-04,3.104200
2014-08-05,3.128500
2014-08-06,3.068200
2014-08-07,3.044300
2014-08-08,2.997700
2014-08-11,3.045900
2014-08-12,3.056300
2014-08-13,3.044000
2014-08-14,3.026100
2014-08-15,2.944500
2014-08-18,2.998900
2014-08-19,2.979500
2014-08-20,2.982000
2014-08-21,2.983700
2014-08-22,2.983900
2014-08-26,2.928200
2014-08-27,2.859600
2014-08-28,2.841200
2014-08-29,2.832800
2014-09-01,2.846600
2014-09-02,2.903500
2014-09-03,2.939900
2014-09-04,2.969500
2014-09-05,2.966400
2014-09-08,2.988700
2014-09-09,3.001700
2014-09-10,3.034600
2014-09-11,3.023300
2014-09-12,3.046500
2014-09-15,3.048500
2014-09-16,3.044000
2014-09-17,3.024200
2014-09-18,3.081500
2014-09-19,3.007800
2014-09-22,2.974300
2014-09-23,2.956100
2014-09-24,2.941300
2014-09-25,2.933800
2014-09-26,2.942600
2014-09-29,2.923500
2014-09-30,2.918000
2014-10-01,2.885000
2014-10-02,2.862800
2014-10-03,2.903300
2014-10-06,2.882200
2014-10-07,2.826200
2014-10-08,2.801400
2014-10-09,2.825400
2014-10-10,2.793400
2014-10-13,2.749000
2014-10-14,2.725500
2014-10-15,2.615300
2014-10-16,2.673700
2014-10-17,2.768800
2014-10-20,2.745000
2014-10-21,2.764100
2014-10-22,2.780500
2014-10-23,2.810700
2014-10-24,2.803900
2014-10-27,2.787000
2014-10-28,2.811400
2014-10-29,2.833300
2014-10-30,2.817400
2014-10-31,2.830600
2014-11-03,2.837500
2014-11-04,2.802900
2014-11-05,2.817800
2014-11-06,2.814100
2014-11-07,2.783500
2014-11-10,2.767400
2014-11-11,2.798200
2014-11-12,2.771700
2014-11-13,2.771600
2014-11-14,2.744200
2014-11-17,2.735400
2014-11-18,2.739500
2014-11-19,2.749300
2014-11-20,2.721500
2014-11-21,2.684100
2014-11-24,2.664400
2014-11-25,2.620400
2014-11-26,2.579500
2014-11-27,2.537200
2014-11-28,2.530200
2014-12-01,2.509700
2014-12-02,2.586100
2014-12-03,2.590100
2014-12-04,2.579300
2014-12-05,2.591400
2014-12-08,2.561500
2014-12-09,2.491000
2014-12-10,2.504400
2014-12-11,2.490300
2014-12-12,2.401400
2014-12-15,2.402600
2014-12-16,2.360600
2014-12-17,2.368600
2014-12-18,2.455000
2014-12-19,2.464100
2014-12-22,2.446100
2014-12-23,2.468100
2014-12-24,2.490700
2014-12-29,2.429400
2014-12-30,2.409100
2014-12-31,2.363400
2015-01-02,2.326800
2015-01-05,2.274700
2015-01-06,2.211600
2015-01-07,2.215700
2015-01-08,2.244300
2015-01-09,2.189700
2015-01-12,2.182300
2015-01-13,2.165800
2015-01-14,2.094500
2015-01-15,2.101400
2015-01-16,2.108300
2015-01-19,2.078800
2015-01-20,2.053700
2015-01-21,2.030900
2015-01-22,2.072000
2015-01-23,2.021200
2015-01-26,2.030400
2015-01-27,2.020800
2015-01-28,2.018000
2015-01-29,1.986700
2015-01-30,1.908700
2015-02-02,1.931700
2015-02-03,2.009000
2015-02-04,2.079400
2015-02-05,2.099500
2015-02-06,2.180100
2015-02-09,2.166600
2015-02-10,2.230200
2015-02-11,2.261700
2015-02-12,2.265100
2015-02-13,2.276100
2015-02-16,2.293300
2015-02-17,2.356000
2015-02-18,2.435300
2015-02-19,2.411000
2015-02-20,2.350100
2015-02-23,2.377800
2015-02-24,2.333000
2015-02-25,2.287600
2015-02-26,2.308400
2015-02-27,2.353900
2015-03-02,2.381200
2015-03-03,2.447600
2015-03-04,2.482300
2015-03-05,2.474300
2015-03-06,2.553600
2015-03-09,2.542500
2015-03-10,2.445100
2015-03-11,2.453900
2015-03-12,2.342600
2015-03-13,2.328300
2015-03-16,2.299000
2015-03-17,2.265500
2015-03-18,2.198000
2015-03-19,2.127300
2015-03-20,2.109100
2015-03-23,2.106000
2015-03-24,2.103200
2015-03-25,2.063700
2015-03-26,2.133100
2015-03-27,2.162400
2015-03-30,2.121400
2015-03-31,2.137700
2015-04-01,2.127800
2015-04-02,2.162200
2015-04-07,2.187600
2015-04-08,2.165000
2015-04-09,2.164600
2015-04-10,2.187200
2015-04-13,2.183300
2015-04-14,2.107000
2015-04-15,2.140500
2015-04-16,2.168500
2015-04-17,2.168300
2015-04-20,2.156500
2015-04-21,2.162800
2015-04-22,2.260400
2015-04-23,2.255300
2015-04-24,2.223600
2015-04-27,2.256600
2015-04-28,2.251400
2015-04-29,2.408200
2015-04-30,2.386000
2015-05-01,2.375000
2015-05-05,2.524800
2015-05-06,2.513500
2015-05-07,2.474600
2015-05-08,2.389200
2015-05-11,2.430400
2015-05-12,2.516800
2015-05-13,2.507200
2015-05-14,2.568400
2015-05-15,2.465300
2015-05-18,2.517400
2015-05-19,2.525600
2015-05-20,2.535500
2015-05-21,2.531100
2015-05-22,2.500500
2015-05-26,2.454300
2015-05-27,2.462300
2015-05-28,2.410600
2015-05-29,2.399600
2015-06-01,2.439000
2015-06-02,2.524200
2015-06-03,2.646800
2015-06-04,2.607100
2015-06-05,2.629300
2015-06-08,2.623200
2015-06-09,2.681500
2015-06-10,2.737600
2015-06-11,2.674600
2015-06-12,2.575700
2015-06-15,2.626800
2015-06-16,2.618700
2015-06-17,2.644000
2015-06-18,2.637800
2015-06-19,2.621600
2015-06-22,2.694900
2015-06-23,2.704300
2015-06-24,2.697800
2015-06-25,2.712600
2015-06-26,2.721600
2015-06-29,2.619900
2015-06-30,2.594700
2015-07-01,2.683200
2015-07-02,2.657500
2015-07-03,2.600600
2015-07-06,2.607300
2015-07-07,2.429700
2015-07-08,2.481800
2015-07-09,2.564200
2015-07-10,2.660300
2015-07-13,2.684600
2015-07-14,2.715100
2015-07-15,2.706400
2015-07-16,2.661100
2015-07-17,2.651600
2015-07-20,2.657600
2015-07-21,2.685200
2015-07-22,2.625800
2015-07-23,2.612200
2015-07-24,2.487600
2015-07-27,2.478400
2015-07-28,2.507600
2015-07-29,2.548200
2015-07-30,2.545800
2015-07-31,2.474000
2015-08-03,2.447600
2015-08-04,2.444600
2015-08-05,2.518900
2015-08-06,2.479400
2015-08-07,2.408800
2015-08-10,2.457500
2015-08-11,2.372500
2015-08-12,2.383400
2015-08-13,2.420100
2015-08-14,2.452900
2015-08-17,2.425900
2015-08-18,2.469900
2015-08-19,2.486100
2015-08-20,2.383700
2015-08-21,2.332400
2015-08-24,2.307300
2015-08-25,2.409900
2015-08-26,2.459700
2015-08-27,2.479900
2015-08-28,2.473800
2015-09-01,2.467100
2015-09-02,2.478000
2015-09-03,2.450900
2015-09-04,2.366900
2015-09-07,2.350800
2015-09-08,2.392200
2015-09-09,2.416100
2015-09-10,2.416700
2015-09-11,2.387100
2015-09-14,2.413200
2015-09-15,2.457300
2015-09-16,2.494700
2015-09-17,2.507800
2015-09-18,2.427900
2015-09-21,2.475000
2015-09-22,2.380800
2015-09-23,2.404600
2015-09-24,2.343300
2015-09-25,2.438800
2015-09-28,2.386400
2015-09-29,2.357600
2015-09-30,2.372800
2015-10-01,2.341300
2015-10-02,2.315300
2015-10-05,2.407000
2015-10-06,2.417300
2015-10-07,2.446700
2015-10-08,2.439900
2015-10-09,2.474600
2015-10-12,2.445200
2015-10-13,2.469600
2015-10-14,2.416500
2015-10-15,2.422100
2015-10-16,2.437700
2015-10-19,2.479500
2015-10-20,2.491600
2015-10-21,2.442400
2015-10-22,2.449700
2015-10-23,2.495400
2015-10-26,2.462400
2015-10-27,2.403900
2015-10-28,2.436700
2015-10-29,2.528700
2015-10-30,2.503100
2015-11-02,2.531800
2015-11-03,2.558400
2015-11-04,2.578300
2015-11-05,2.562900
2015-11-06,2.610700
2015-11-09,2.626400
2015-11-10,2.601700
2015-11-11,2.615000
2015-11-12,2.590600
2015-11-13,2.570400
2015-11-16,2.547300
2015-11-17,2.575700
2015-11-18,2.538600
2015-11-19,2.501200
2015-11-20,2.496700
2015-11-23,2.506600
2015-11-24,2.473200
2015-11-25,2.492200
2015-11-26,2.442000
2015-11-27,2.427800
2015-11-30,2.440500
2015-12-01,2.380600
2015-12-02,2.361600
2015-12-03,2.469200
2015-12-04,2.522000
2015-12-07,2.411900
2015-12-08,2.398500
2015-12-09,2.460300
2015-12-10,2.437700
2015-12-11,2.403000
2015-12-14,2.416100
2015-12-15,2.534200
2015-12-16,2.552300
2015-12-17,2.478500
2015-12-18,2.464000
2015-12-21,2.444300
2015-12-22,2.499900
2015-12-23,2.550400
2015-12-24,2.528200
2015-12-29,2.519700
2015-12-30,2.586300
2015-12-31,2.553800
2016-01-04,2.494700
2016-01-05,2.485800
2016-01-06,2.414200
2016-01-07,2.438600
2016-01-08,2.419200
2016-01-11,2.428900
2016-01-12,2.413100
2016-01-13,2.407800
2016-01-14,2.404200
2016-01-15,2.351200
2016-01-18,2.384400
2016-01-19,2.398900
2016-01-20,2.320800
2016-01-21,2.359300
2016-01-22,2.386200
2016-01-25,2.351000
2016-01-26,2.346100
2016-01-27,2.340100
2016-01-28,2.320800
2016-01-29,2.254300
2016-02-01,2.314500
2016-02-02,2.257200
2016-02-03,2.220600
2016-02-04,2.271300
2016-02-05,2.276400
2016-02-08,2.141400
2016-02-09,2.154100
2016-02-10,2.162100
2016-02-11,2.052000
2016-02-12,2.151000
2016-02-15,2.172900
2016-02-16,2.179600
2016-02-17,2.238400
2016-02-18,2.212000
2016-02-19,2.184700
2016-02-22,2.184100
2016-02-23,2.211500
2016-02-24,2.164200
2016-02-25,2.196800
2016-02-26,2.230600
2016-02-29,2.166100
2016-03-01,2.207900
2016-03-02,2.247900
2016-03-03,2.215800
2016-03-04,2.251200
2016-03-07,2.253200
2016-03-08,2.131100
2016-03-09,2.217200
2016-03-10,2.241200
2016-03-11,2.275600
2016-03-14,2.238700
2016-03-15,2.235900
2016-03-16,2.241400
2016-03-17,2.202500
2016-03-18,2.205500
2016-03-21,2.226100
2016-03-22,2.214800
2016-03-23,2.203300
2016-03-24,2.230300
2016-03-29,2.202300
2016-03-30,2.232800
2016-03-31,2.186400
2016-04-01,2.206500
2016-04-04,2.197600
2016-04-05,2.159400
2016-04-06,2.164000
2016-04-07,2.109300
2016-04-08,2.161000
2016-04-11,2.197900
2016-04-12,2.239500
2016-04-13,2.209000
2016-04-14,2.216000
2016-04-15,2.194400
2016-04-18,2.252800
2016-04-19,2.282300
2016-04-20,2.224400
2016-04-21,2.311900
2016-04-22,2.326800
2016-04-25,2.321800
2016-04-26,2.383500
2016-04-27,2.346500
2016-04-28,2.325100
2016-04-29,2.318300
2016-05-03,2.244400
2016-05-04,2.260200
2016-05-05,2.228000
2016-05-06,2.185400
2016-05-09,2.196300
2016-05-10,2.186800
2016-05-11,2.180900
2016-05-12,2.192800
2016-05-13,2.162900
2016-05-16,2.174900
2016-05-17,2.151000
2016-05-18,2.220500
2016-05-19,2.211500
2016-05-20,2.234400
2016-05-23,2.227700
2016-05-24,2.228600
2016-05-25,2.195900
2016-05-26,2.159800
2016-05-27,2.171400
2016-05-31,2.156200
2016-06-01,2.102300
2016-06-02,2.087800
2016-06-03,2.037300
2016-06-06,2.054000
2016-06-07,2.044800
2016-06-08,2.018000
2016-06-09,1.997600
2016-06-10,1.982500
2016-06-13,1.976400
2016-06-14,1.911400
2016-06-15,1.880900
2016-06-16,1.875000
2016-06-17,1.932100
2016-06-20,2.029100
2016-06-21,2.057800
2016-06-22,2.087000
2016-06-23,2.110600
2016-06-24,1.883300
2016-06-27,1.699400
2016-06-28,1.709900
2016-06-29,1.716900
2016-06-30,1.678100
2016-07-01,1.623500
2016-07-04,1.604900
2016-07-05,1.504100
2016-07-06,1.463900
2016-07-07,1.477800
2016-07-08,1.455800
2016-07-11,1.439400
2016-07-12,1.528400
2016-07-13,1.483500
2016-07-14,1.568800
2016-07-15,1.643600
2016-07-18,1.569000
2016-07-19,1.555800
2016-07-20,1.638600
2016-07-21,1.667000
2016-07-22,1.620600
2016-07-25,1.620200
2016-07-26,1.580900
2016-07-27,1.439900
2016-07-28,1.519200
2016-07-29,1.402400
2016-08-01,1.494900
2016-08-02,1.499800
2016-08-03,1.494600
2016-08-04,1.350800
2016-08-05,1.370200
2016-08-08,1.343300
2016-08-09,1.259600
2016-08-10,1.218700
2016-08-11,1.180500
2016-08-12,1.181100
2016-08-15,1.221800
2016-08-16,1.273800
2016-08-17,1.328500
2016-08-18,1.283400
2016-08-19,1.273200
2016-08-22,1.195000
2016-08-23,1.197400
2016-08-24,1.132800
2016-08-25,1.138200
2016-08-26,1.094200
2016-08-30,1.155800
2016-08-31,1.167000
2016-09-01,1.140100
2016-09-02,1.234300
2016-09-05,1.197000
2016-09-06,1.173300
2016-09-07,1.166300
2016-09-08,1.275100
2016-09-09,1.469400
2016-09-12,1.477600
2016-09-13,1.507800
2016-09-14,1.522200
2016-09-15,1.541700
2016-09-16,1.506700
2016-09-19,1.509900
2016-09-20,1.476600
2016-09-21,1.491500
2016-09-22,1.317800
2016-09-23,1.333200
2016-09-26,1.279900
2016-09-27,1.219000
2016-09-28,1.287600
2016-09-29,1.279700
2016-09-30,1.429800
2016-10-03,1.354100
2016-10-04,1.336800
2016-10-05,1.483000
2016-10-06,1.468700
2016-10-07,1.615900
2016-10-10,1.654500
2016-10-11,1.633300
2016-10-12,1.689700
2016-10-13,1.655300
2016-10-14,1.722800
2016-10-17,1.733100
2016-10-18,1.706800
2016-10-19,1.699300
2016-10-20,1.688700
2016-10-21,1.681700
2016-10-24,1.696200
2016-10-25,1.683500
2016-10-26,1.754800
2016-10-27,1.811800
2016-10-28,1.851700
2016-10-31,1.833300
2016-11-01,1.889600
2016-11-02,1.810100
2016-11-03,1.829400
2016-11-04,1.756200
2016-11-07,1.816600
2016-11-08,1.844000
2016-11-09,1.863300
2016-11-10,1.964800
2016-11-11,1.973700
2016-11-14,2.040900
2016-11-15,1.971500
2016-11-16,1.990200
2016-11-17,1.974500
2016-11-18,2.053500
2016-11-21,2.010500
2016-11-22,2.001400
2016-11-23,2.063300
2016-11-24,2.031300
2016-11-25,2.025700
2016-11-28,1.998500
2016-11-29,1.997300
2016-11-30,2.007500
2016-12-01,2.070700
2016-12-02,1.987600
2016-12-05,1.993500
2016-12-06,2.015800
2016-12-07,1.983400
2016-12-08,1.993500
2016-12-09,2.051800
2016-12-12,2.107000
2016-12-13,2.054000
2016-12-14,2.014500
2016-12-15,2.122400
2016-12-16,2.068700
2016-12-19,2.026800
2016-12-20,2.031500
2016-12-21,1.984000
2016-12-22,1.966700
2016-12-23,1.934000
2016-12-28,1.896100
2016-12-29,1.827400
2016-12-30,1.840700
2017-01-03,1.944100
2017-01-04,1.937100
2017-01-05,1.939100
2017-01-06,1.982200
2017-01-09,1.961300
2017-01-10,1.964500
2017-01-11,1.970300
2017-01-12,1.917700
2017-01-13,1.985500
2017-01-16,1.956000
2017-01-17,1.923600
2017-01-18,1.941200
2017-01-19,2.005700
2017-01-20,2.029700
2017-01-23,1.996700
2017-01-24,1.981200
2017-01-25,2.062900
2017-01-26,2.104700
2017-01-27,2.069900
2017-01-30,2.041100
2017-01-31,2.010600
2017-02-01,2.057100
2017-02-02,2.010800
2017-02-03,2.000800
2017-02-06,1.972000
2017-02-07,1.948400
2017-02-08,1.880700
2017-02-09,1.887800
2017-02-10,1.924600
2017-02-13,1.950200
2017-02-14,1.966800
2017-02-15,1.974700
2017-02-16,1.923400
2017-02-17,1.887700
2017-02-20,1.906900
2017-02-21,1.922200
2017-02-22,1.889200
2017-02-23,1.845300
2017-02-24,1.775800
2017-02-27,1.774600
2017-02-28,1.750400
2017-03-01,1.789400
2017-03-02,1.809500
2017-03-03,1.807800
2017-03-06,1.827800
2017-03-07,1.799000
2017-03-08,1.837900
2017-03-09,1.824800
2017-03-10,1.857000
2017-03-13,1.873100
2017-03-14,1.866300
2017-03-15,1.853400
2017-03-16,1.858000
2017-03-17,1.843900
2017-03-20,1.841100
2017-03-21,1.852800
2017-03-22,1.776100
2017-03-23,1.821400
2017-03-24,1.793600
2017-03-27,1.769600
2017-03-28,1.781200
2017-03-29,1.755200
2017-03-30,1.727500
2017-03-31,1.730900
2017-04-03,1.672200
2017-04-04,1.672400
2017-04-05,1.705400
2017-04-06,1.705500
2017-04-07,1.692500
2017-04-10,1.706000
2017-04-11,1.670100
2017-04-12,1.676200
2017-04-13,1.668800
2017-04-18,1.657200
2017-04-19,1.675300
2017-04-20,1.681100
2017-04-21,1.669400
2017-04-24,1.705100
2017-04-25,1.721800
2017-04-26,1.733100
2017-04-27,1.722700
2017-04-28,1.726600
2017-05-02,1.745100
2017-05-03,1.740700
2017-05-04,1.782600
2017-05-05,1.797300
2017-05-08,1.822500
2017-05-09,1.854900
2017-05-10,1.818900
2017-05-11,1.816700
2017-05-12,1.756200
2017-05-15,1.800000
2017-05-16,1.773300
2017-05-17,1.729600
2017-05-18,1.717500
2017-05-19,1.726600
2017-05-22,1.725200
2017-05-23,1.705700
2017-05-24,1.706600
2017-05-25,1.685200
2017-05-26,1.665300
2017-05-30,1.665900
2017-05-31,1.691800
2017-06-01,1.722500
2017-06-02,1.716100
2017-06-05,1.719400
2017-06-06,1.667200
2017-06-07,1.652000
2017-06-08,1.705500
2017-06-09,1.695800
2017-06-12,1.670200
2017-06-13,1.743300
2017-06-14,1.621700
2017-06-15,1.731700
2017-06-16,1.717000
2017-06-19,1.706000
2017-06-20,1.686000
2017-06-21,1.679900
2017-06-22,1.667700
2017-06-23,1.677900
2017-06-26,1.674800
2017-06-27,1.728400
2017-06-28,1.777800
2017-06-29,1.864800
2017-06-30,1.870000
2017-07-03,1.885200
2017-07-04,1.870700
2017-07-05,1.886300
2017-07-06,1.947000
2017-07-07,1.943300
2017-07-10,1.904900
2017-07-11,1.906800
2017-07-12,1.888800
2017-07-13,1.911300
2017-07-14,1.930400
2017-07-17,1.905300
2017-07-18,1.856100
2017-07-19,1.827800
2017-07-20,1.852400
2017-07-21,1.817000
2017-07-24,1.823800
2017-07-25,1.879900
2017-07-26,1.867200
2017-07-27,1.851800
2017-07-28,1.860100
2017-07-31,1.863700
2017-08-01,1.836000
2017-08-02,1.867400
2017-08-03,1.802200
2017-08-04,1.811100
2017-08-07,1.785800
2017-08-08,1.792700
2017-08-09,1.746800
2017-08-10,1.722200
2017-08-11,1.710100
2017-08-14,1.725300
2017-08-15,1.739700
2017-08-16,1.763400
2017-08-17,1.755300
2017-08-18,1.739600
2017-08-21,1.719900
2017-08-22,1.738200
2017-08-23,1.708000
2017-08-24,1.714000
2017-08-25,1.706800
2017-08-29,1.661200
2017-08-30,1.704400
2017-08-31,1.697700
2017-09-01,1.722700
2017-09-04,1.727400
2017-09-05,1.680400
2017-09-06,1.670200
2017-09-07,1.624400
2017-09-08,1.648600
2017-09-11,1.689000
2017-09-12,1.789300
2017-09-13,1.790200
2017-09-14,1.839900
2017-09-15,1.905600
2017-09-18,1.895800
2017-09-19,1.918600
2017-09-20,1.914100
2017-09-21,1.935800
2017-09-22,1.934500
2017-09-25,1.904700
2017-09-26,1.901400
2017-09-27,1.940600
2017-09-28,1.935500
2017-09-29,1.913500
2017-10-02,1.886400
2017-10-03,1.911900
2017-10-04,1.931100
2017-10-05,1.960500
2017-10-06,1.947700
2017-10-09,1.944900
2017-10-10,1.945800
2017-10-11,1.953200
2017-10-12,1.946800
2017-10-13,1.926200
2017-10-16,1.897900
2017-10-17,1.854400
2017-10-18,1.881400
2017-10-19,1.847400
2017-10-20,1.905500
2017-10-23,1.884800
2017-10-24,1.919000
2017-10-25,1.962600
2017-10-26,1.962400
2017-10-27,1.928900
2017-10-30,1.907100
2017-10-31,1.904200
2017-11-01,1.905400
2017-11-02,1.851600
2017-11-03,1.861500
2017-11-06,1.851800
2017-11-07,1.834000
2017-11-08,1.793500
2017-11-09,1.838700
2017-11-10,1.909100
2017-11-13,1.899400
2017-11-14,1.888100
2017-11-15,1.865200
2017-11-16,1.872500
2017-11-17,1.864800
2017-11-20,1.833200
2017-11-21,1.818100
2017-11-22,1.829700
2017-11-23,1.811100
2017-11-24,1.799500
2017-11-27,1.814600
2017-11-28,1.814900
2017-11-29,1.892000
2017-11-30,1.870100
2017-12-01,1.782300
2017-12-04,1.837200
2017-12-05,1.819500
2017-12-06,1.795500
2017-12-07,1.824500
2017-12-08,1.844000
2017-12-11,1.780400
2017-12-12,1.792900
2017-12-13,1.778900
2017-12-14,1.726000
2017-12-15,1.710700
2017-12-18,1.701300
2017-12-19,1.770900
2017-12-20,1.824300
2017-12-21,1.826300
2017-12-22,1.806200
2017-12-27,1.747100
2017-12-28,1.762100
2017-12-29,1.748000
2018-01-02,1.831300
2018-01-03,1.772400
2018-01-04,1.787700
2018-01-05,1.787800
2018-01-08,1.767600
2018-01-09,1.816400
2018-01-10,1.829300
2018-01-11,1.840500
2018-01-12,1.848700
2018-01-15,1.824500
2018-01-16,1.819400
2018-01-17,1.811100
2018-01-18,1.839700
2018-01-19,1.848200
2018-01-22,1.861800
2018-01-23,1.857200
2018-01-24,1.896500
2018-01-25,1.887200
2018-01-26,1.896500
2018-01-29,1.897100
2018-01-30,1.906100
2018-01-31,1.926500
2018-02-01,1.942500
2018-02-02,1.970700
2018-02-05,1.972500
2018-02-06,1.950500
2018-02-07,1.970800
2018-02-08,2.012200
2018-02-09,1.981300
2018-02-12,1.983800
2018-02-13,2.001800
2018-02-14,2.022100
2018-02-15,2.055100
2018-02-16,1.987300
2018-02-19,1.999200
2018-02-20,1.965700
2018-02-21,1.949400
2018-02-22,1.947300
2018-02-23,1.932600
2018-02-26,1.917900
2018-02-27,1.956600
2018-02-28,1.914600
2018-03-01,1.884000
2018-03-02,1.879200
2018-03-05,1.909300
2018-03-06,1.932900
2018-03-07,1.910500
2018-03-08,1.893300
2018-03-09,1.924600
2018-03-12,1.926900
2018-03-13,1.891600
2018-03-14,1.826100
2018-03-15,1.819700
2018-03-16,1.812500
2018-03-19,1.794400
2018-03-20,1.810300
2018-03-21,1.832900
2018-03-22,1.734000
2018-03-23,1.765400
2018-03-26,1.762500
2018-03-27,1.744200
2018-03-28,1.722000
2018-03-29,1.718100
2018-04-03,1.737000
2018-04-04,1.760200
2018-04-05,1.800000
2018-04-06,1.780700
2018-04-09,1.787200
2018-04-10,1.811700
2018-04-11,1.761600
2018-04-12,1.811600
2018-04-13,1.807500
2018-04-16,1.836600
2018-04-17,1.828900
2018-04-18,1.826200
2018-04-19,1.905600
2018-04-20,1.902500
2018-04-23,1.939600
2018-04-24,1.949700
2018-04-25,1.933200
2018-04-26,1.895000
2018-04-27,1.863400
2018-04-30,1.836500
2018-05-01,1.825500
2018-05-02,1.876000
2018-05-03,1.823500
2018-05-04,1.828600
2018-05-08,1.868300
2018-05-09,1.888000
2018-05-10,1.861900
2018-05-11,1.883400
2018-05-14,1.909100
2018-05-15,1.927500
2018-05-16,1.917100
2018-05-17,1.956300
2018-05-18,1.917000
2018-05-21,1.914600
2018-05-22,1.939400
2018-05-23,1.871200
2018-05-24,1.841700
2018-05-25,1.786800
2018-05-29,1.713300
2018-05-30,1.702300
2018-05-31,1.699500
2018-06-01,1.755300
2018-06-04,1.765700
2018-06-05,1.757600
2018-06-06,1.850200
2018-06-07,1.874600
2018-06-08,1.860300
2018-06-11,1.869900
2018-06-12,1.846700
2018-06-13,1.808700
2018-06-14,1.767000
2018-06-15,1.772900
2018-06-18,1.786900
2018-06-19,1.758600
2018-06-20,1.772000
2018-06-21,1.747200
2018-06-22,1.774700
2018-06-25,1.776800
2018-06-26,1.766600
2018-06-27,1.725000
2018-06-28,1.726900
2018-06-29,1.739500
2018-07-02,1.725200
2018-07-03,1.708900
2018-07-04,1.737800
2018-07-05,1.712700
2018-07-06,1.709900
2018-07-09,1.715600
2018-07-10,1.737900
2018-07-11,1.739500
2018-07-12,1.723600
2018-07-13,1.728300
2018-07-16,1.747000
2018-07-17,1.717300
2018-07-18,1.694100
2018-07-19,1.653400
2018-07-20,1.686800
2018-07-23,1.710700
2018-07-24,1.709700
2018-07-25,1.706300
2018-07-26,1.728700
2018-07-27,1.735600
2018-07-30,1.800500
2018-07-31,1.775600
2018-08-01,1.820300
2018-08-02,1.813700
2018-08-03,1.772200
2018-08-06,1.748500
2018-08-07,1.772600
2018-08-08,1.767900
2018-08-09,1.760600
2018-08-10,1.717300
2018-08-13,1.733700
2018-08-14,1.733800
2018-08-15,1.698000
2018-08-16,1.707500
2018-08-17,1.710800
2018-08-20,1.697100
2018-08-21,1.743400
2018-08-22,1.748400
2018-08-23,1.750600
2018-08-24,1.755600
2018-08-28,1.780800
2018-08-29,1.813800
2018-08-30,1.784600
2018-08-31,1.769200
2018-09-03,1.749800
2018-09-04,1.774700
2018-09-05,1.819900
2018-09-06,1.771500
2018-09-07,1.805900
2018-09-10,1.821800
2018-09-11,1.857700
2018-09-12,1.835000
2018-09-13,1.850200
2018-09-14,1.861800
2018-09-17,1.867800
2018-09-18,1.900100
2018-09-19,1.945900
2018-09-20,1.921200
2018-09-21,1.891100
2018-09-24,1.946200
2018-09-25,1.972500
2018-09-26,1.937600
2018-09-27,1.927600
2018-09-28,1.912100
2018-10-01,1.916400
2018-10-02,1.893700
2018-10-03,1.913800
2018-10-04,1.987500
2018-10-05,2.032600
2018-10-08,2.006100
2018-10-09,2.028400
2018-10-10,2.066500
2018-10-11,2.049100
2018-10-12,2.017400
2018-10-15,1.995200
2018-10-16,1.988400
2018-10-17,1.936400
2018-10-18,1.935800
2018-10-19,1.932100
2018-10-22,1.899000
2018-10-23,1.861100
2018-10-24,1.842400
2018-10-25,1.835800
2018-10-26,1.787200
2018-10-29,1.808300
2018-10-30,1.798400
2018-10-31,1.837400
2018-11-01,1.843800
2018-11-02,1.876000
2018-11-05,1.882300
2018-11-06,1.917100
2018-11-07,1.921900
2018-11-08,1.957000
2018-11-09,1.908900
2018-11-12,1.872900
2018-11-13,1.937400
2018-11-14,1.950500
2018-11-15,1.856200
2018-11-16,1.915900
2018-11-19,1.873000
2018-11-20,1.866300
2018-11-21,1.845700
2018-11-22,1.892800
2018-11-23,1.814800
2018-11-26,1.913900
2018-11-27,1.922700
2018-11-28,1.949500
2018-11-29,1.920300
2018-11-30,1.900000
2018-12-03,1.850000
2018-12-04,1.780000
2018-12-05,1.840000
2018-12-06,1.740000
2018-12-07,1.765900
2018-12-10,1.608600
2018-12-11,1.670800
2018-12-12,1.730600
2018-12-13,1.748800
2018-12-14,1.697700
2018-12-17,1.733400
2018-12-18,1.682700
2018-12-19,1.733400
2018-12-20,1.694000
2018-12-21,1.726000
2018-12-24,1.665900
2018-12-27,1.729200
2018-12-28,1.707700
2018-12-31,1.772600
2019-01-02,1.733800
2019-01-03,1.702100
2019-01-04,1.715300
2019-01-07,1.730200
2019-01-08,1.722000
2019-01-09,1.693000
2019-01-10,1.725900
2019-01-11,1.764500
2019-01-14,1.751000
2019-01-15,1.717600
2019-01-16,1.717600
2019-01-17,1.787700
2019-01-18,1.758900
2019-01-21,1.783500
2019-01-22,1.786100
2019-01-23,1.710900
2019-01-24,1.711900
2019-01-25,1.692100
2019-01-28,1.664000
2019-01-29,1.653800
2019-01-30,1.652400
2019-01-31,1.675300
2019-02-01,1.687800
2019-02-04,1.687800
2019-02-05,1.685400
2019-02-06,1.672400
2019-02-07,1.599800
2019-02-08,1.619700
2019-02-11,1.635000
2019-02-12,1.647600
2019-02-13,1.651400
2019-02-14,1.619700
2019-02-15,1.636000
2019-02-18,1.631400
2019-02-19,1.611600
2019-02-20,1.601000
2019-02-21,1.668700
2019-02-22,1.597000
2019-02-25,1.663000
2019-02-26,1.696700
2019-02-27,1.764000
2019-02-28,1.775000
2019-03-01,1.701300
2019-03-04,1.732100
2019-03-05,1.735000
2019-03-06,1.673000
2019-03-07,1.614600
2019-03-08,1.657200
2019-03-11,1.637700
2019-03-12,1.648800
2019-03-13,1.688200
2019-03-14,1.693600
2019-03-15,1.674900
2019-03-18,1.652700
2019-03-19,1.643200
2019-03-20,1.585700
2019-03-21,1.453500
2019-03-22,1.355300
2019-03-25,1.406500
2019-03-26,1.395200
2019-03-27,1.461600
2019-03-28,1.508100
2019-03-29,1.424400
2019-04-01,1.547000
2019-04-02,1.463200
2019-04-03,1.567400
2019-04-04,1.491500
2019-04-05,1.608900
2019-04-08,1.555000
2019-04-09,1.567000
2019-04-10,1.558300
2019-04-11,1.622200
2019-04-12,1.684900
2019-04-15,1.676800
2019-04-16,1.677800
2019-04-17,1.698700
2019-04-18,1.668700
2019-04-23,1.690900
2019-04-24,1.650000
2019-04-25,1.637400
2019-04-26,1.632200
2019-04-29,1.625800
2019-04-30,1.648100
2019-05-01,1.618400
2019-05-02,1.662900
2019-05-03,1.680200
2019-05-07,1.607300
2019-05-08,1.561000
2019-05-09,1.548900
2019-05-10,1.560900
2019-05-13,1.564900
2019-05-14,1.592400
2019-05-15,1.505200
2019-05-16,1.523400
2019-05-17,1.543700
2019-05-20,1.497500
2019-05-21,1.569100
2019-05-22,1.473600
2019-05-23,1.433700
2019-05-24,1.463600
2019-05-28,1.360400
2019-05-29,1.381200
2019-05-30,1.340300
2019-05-31,1.350500
2019-06-03,1.335700
2019-06-04,1.341700
2019-06-05,1.377200
2019-06-06,1.301900
2019-06-07,1.242000
2019-06-10,1.357100
2019-06-11,1.339600
2019-06-12,1.375900
2019-06-13,1.366900
2019-06-14,1.359100
2019-06-17,1.360500
2019-06-18,1.315600
2019-06-19,1.354600
2019-06-20,1.367700
2019-06-21,1.359500
2019-06-24,1.356200
2019-06-25,1.314800
2019-06-26,1.378000
2019-06-27,1.389900
2019-06-28,1.357500
2019-07-01,1.364900
2019-07-02,1.204800
2019-07-03,1.157500
2019-07-04,1.157900
2019-07-05,1.216600
2019-07-08,1.188900
2019-07-09,1.189500
2019-07-10,1.225100
2019-07-11,1.289700
2019-07-12,1.291100
2019-07-15,1.332700
2019-07-16,1.292500
2019-07-17,1.229100
2019-07-18,1.227200
2019-07-19,1.204900
2019-07-22,1.173900
2019-07-23,1.153600
2019-07-24,1.149500
2019-07-25,1.196200
2019-07-26,1.189700
2019-07-29,1.174000
2019-07-30,1.189200
2019-07-31,1.151800
2019-08-01,1.133600
2019-08-02,1.081500
2019-08-05,1.027000
2019-08-06,1.034400
2019-08-07,0.962900
2019-08-08,1.025900
2019-08-09,0.999000
2019-08-12,1.000200
2019-08-13,0.974000
2019-08-14,0.902300
2019-08-15,0.810900
2019-08-16,0.872400
2019-08-19,0.918300
2019-08-20,0.876000
2019-08-21,0.867200
2019-08-22,0.938000
2019-08-23,0.944000
2019-08-27,0.882900
2019-08-28,0.826700
2019-08-29,0.816600
2019-08-30,0.854900
2019-09-02,0.790200
2019-09-03,0.749600
2019-09-04,0.854700
2019-09-05,0.978000
2019-09-06,0.856600
2019-09-09,0.957500
2019-09-10,0.974500
2019-09-11,0.974000
2019-09-12,0.958000
2019-09-13,1.079200
2019-09-16,0.995700
2019-09-17,0.995300
2019-09-18,0.995300
2019-09-19,0.921500
2019-09-20,0.922800
2019-09-23,0.830000
2019-09-24,0.825100
2019-09-25,0.823100
2019-09-26,0.824700
2019-09-27,0.838800
2019-09-30,0.833100
2019-10-01,0.807700
2019-10-02,0.834200
2019-10-03,0.835800
2019-10-04,0.789300
2019-10-07,0.805700
2019-10-08,0.775000
2019-10-09,0.817600
2019-10-10,0.901500
2019-10-11,1.035200
2019-10-14,0.977900
2019-10-15,1.033800
2019-10-16,1.027400
2019-10-17,1.043000
2019-10-18,1.058100
2019-10-21,1.102100
2019-10-22,1.068200
2019-10-23,1.031300
2019-10-24,0.976400
2019-10-25,1.012100
2019-10-28,1.073900
2019-10-29,1.086500
2019-10-30,1.047900
2019-10-31,0.981200
2019-11-01,1.021400
2019-11-04,1.073800
2019-11-05,1.118700
2019-11-06,1.093600
2019-11-07,1.136600
2019-11-08,1.157700
2019-11-11,1.157700
2019-11-12,1.232100
2019-11-13,1.116400
2019-11-14,1.094000
2019-11-15,1.107900
2019-11-18,1.115300
2019-11-19,1.115000
2019-11-20,1.113000
2019-11-21,1.147400
2019-11-22,1.147400
2019-11-25,1.096400
2019-11-26,1.041400
2019-11-27,1.069700
2019-11-28,1.056600
2019-11-29,1.051600
2019-12-02,1.099700
2019-12-03,1.047600
2019-12-04,1.105800
2019-12-05,1.157000
2019-12-06,1.152100
2019-12-09,1.117100
2019-12-10,1.199600
2019-12-11,1.191000
2019-12-12,1.201900
2019-12-13,1.196200
2019-12-16,1.193800
2019-12-17,1.175100
2019-12-18,1.211800
2019-12-19,1.172000
2019-12-20,1.166800
2019-12-23,1.223000
2019-12-24,1.239900
2019-12-27,1.183600
2019-12-30,1.310600
2019-12-31,1.229200
2020-01-02,1.159900
2020-01-03,1.098900
2020-01-06,1.185900
2020-01-07,1.197900
2020-01-08,1.151300
2020-01-09,1.193400
2020-01-10,1.209200
2020-01-13,1.135600
2020-01-14,1.093200
2020-01-15,1.026100
2020-01-16,1.029000
2020-01-17,1.027600
2020-01-20,1.042800
2020-01-21,1.009200
2020-01-22,1.003600
2020-01-23,0.971800
2020-01-24,0.947400
2020-01-27,0.867300
2020-01-28,0.910800
2020-01-29,0.891000
2020-01-30,0.906900
2020-01-31,0.906900
2020-02-03,0.901300
2020-02-04,0.933900
2020-02-05,0.973100
2020-02-06,0.960700
2020-02-07,0.939400
2020-02-10,0.922600
2020-02-11,0.921900
2020-02-12,0.958000
2020-02-13,0.988100
2020-02-14,0.960900
2020-02-17,0.982400
2020-02-18,0.970600
2020-02-19,0.953600
2020-02-20,0.917900
2020-02-21,0.889500
2020-02-24,0.854300
2020-02-25,0.826600
2020-02-26,0.838000
2020-02-27,0.816800
2020-02-28,0.800700
2020-03-02,0.785300
2020-03-03,0.779200
2020-03-04,0.765400
2020-03-05,0.715900
2020-03-06,0.535800
2020-03-09,0.414100
2020-03-10,0.495000
2020-03-11,0.605900
2020-03-12,0.568500
2020-03-13,0.731800
2020-03-16,0.826700
2020-03-17,0.902300
2020-03-18,1.262400
2020-03-19,1.274500
2020-03-20,0.864700
2020-03-23,0.717400
2020-03-24,0.819200
2020-03-25,0.852000
2020-03-26,0.769600
2020-03-27,0.711500
2020-03-30,0.680900
2020-03-31,0.777100
2020-04-01,0.739300
2020-04-02,0.751200
2020-04-03,0.738100
2020-04-06,0.751100
2020-04-07,0.779100
2020-04-08,0.674700
2020-04-09,0.660000
2020-04-14,0.690300
2020-04-15,0.640000
2020-04-16,0.651600
2020-04-17,0.638700
2020-04-20,0.671700
2020-04-21,0.627100
2020-04-22,0.650200
2020-04-23,0.577300
2020-04-24,0.618800
2020-04-27,0.648800
2020-04-28,0.640500
2020-04-29,0.627400
2020-04-30,0.627400
2020-05-01,0.529300
2020-05-04,0.557300
2020-05-05,0.557300
2020-05-06,0.560300
2020-05-07,0.627400
2020-05-11,0.561500
2020-05-12,0.528000
2020-05-13,0.592300
2020-05-14,0.533300
2020-05-15,0.608600
2020-05-18,0.649400
2020-05-19,0.555900
2020-05-20,0.583500
2020-05-21,0.550300
2020-05-22,0.551000
2020-05-26,0.595100
2020-05-27,0.541800
2020-05-28,0.572400
2020-05-29,0.555900
2020-06-01,0.586400
2020-06-02,0.621300
2020-06-03,0.682200
2020-06-04,0.721700
2020-06-05,0.766100
2020-06-08,0.766300
2020-06-09,0.712300
2020-06-10,0.642900
2020-06-11,0.505200
2020-06-12,0.533300
2020-06-15,0.542500
2020-06-16,0.531900
2020-06-17,0.485700
2020-06-18,0.596200
2020-06-19,0.687600
2020-06-22,0.656900
2020-06-23,0.585300
2020-06-24,0.625400
2020-06-25,0.505500
2020-06-26,0.524200
2020-06-29,0.521100
2020-06-30,0.615000
2020-07-01,0.637400
2020-07-02,0.627500
2020-07-03,0.629000
2020-07-06,0.618300
2020-07-07,0.616400
2020-07-08,0.540600
2020-07-09,0.520600
2020-07-10,0.543800
2020-07-13,0.633400
2020-07-14,0.561600
2020-07-15,0.608700
2020-07-16,0.584300
2020-07-17,0.637600
2020-07-20,0.622200
2020-07-21,0.534000
2020-07-22,0.503500
2020-07-23,0.521700
2020-07-24,0.596400
2020-07-27,0.513100
2020-07-28,0.521800
2020-07-29,0.605600
2020-07-30,0.563100
2020-07-31,0.549700
2020-08-03,0.590600
2020-08-04,0.566600
2020-08-05,0.615200
2020-08-06,0.568500
2020-08-07,0.619600
2020-08-10,0.583300
2020-08-11,0.659900
2020-08-12,0.675300
2020-08-13,0.708900
2020-08-14,0.743700
2020-08-17,0.680600
2020-08-18,0.727100
2020-08-19,0.746200
2020-08-20,0.745800
2020-08-21,0.743700
2020-08-24,0.725500
2020-08-25,0.773600
2020-08-26,0.832000
2020-08-27,0.869600
2020-08-28,0.845600
2020-09-01,0.795700
2020-09-02,0.751300
2020-09-03,0.693000
2020-09-04,0.754700
2020-09-07,0.775800
2020-09-08,0.694400
2020-09-09,0.697800
2020-09-10,0.761700
2020-09-11,0.681500
2020-09-14,0.653300
2020-09-15,0.717400
2020-09-16,0.700500
2020-09-17,0.675700
2020-09-18,0.700000
2020-09-21,0.648200
2020-09-22,0.693200
2020-09-23,0.724800
2020-09-24,0.716200
2020-09-25,0.668700
2020-09-28,0.685700
2020-09-29,0.674800
2020-09-30,0.725700
2020-10-01,0.713400
2020-10-02,0.744500
2020-10-05,0.775000
2020-10-06,0.763300
2020-10-07,0.771800
2020-10-08,0.775900
2020-10-09,0.765700
2020-10-12,0.753000
2020-10-13,0.716400
2020-10-14,0.724200
2020-10-15,0.669300
2020-10-16,0.677500
2020-10-19,0.657900
2020-10-20,0.689700
2020-10-21,0.727400
2020-10-22,0.772900
2020-10-23,0.801000
2020-10-26,0.740600
2020-10-27,0.721500
2020-10-28,0.704900
2020-10-29,0.718400
2020-10-30,0.736600
2020-11-02,0.712700
2020-11-03,0.790900
2020-11-04,0.710400
2020-11-05,0.751800
2020-11-06,0.766100
2020-11-09,0.914400
2020-11-10,0.921500
2020-11-11,0.952400
2020-11-12,0.857400
2020-11-13,0.868600
2020-11-16,0.855900
2020-11-17,0.841700
2020-11-18,0.830900
2020-11-19,0.854100
2020-11-20,0.857400
2020-11-23,0.842300
2020-11-24,0.826700
2020-11-25,0.813200
2020-11-26,0.750200
2020-11-27,0.782000
2020-11-30,0.790100
2020-12-01,0.869600
2020-12-02,0.856000
2020-12-03,0.844900
2020-12-04,0.864200
2020-12-07,0.741900
2020-12-08,0.714600
2020-12-09,0.733900
2020-12-10,0.704700
2020-12-11,0.636400
2020-12-14,0.684900
2020-12-15,0.770800
2020-12-16,0.789400
2020-12-17,0.771400
2020-12-18,0.726700
2020-12-21,0.694600
2020-12-22,0.687400
2020-12-23,0.803800
2020-12-24,0.750100
2020-12-29,0.693400
2020-12-30,0.711200
2020-12-31,0.660500
2021-01-04,0.680900
2021-01-05,0.716900
2021-01-06,0.764400
2021-01-07,0.794900
2021-01-08,0.797200
2021-01-11,0.823700
2021-01-12,0.794900
2021-01-13,0.802700
2021-01-14,0.762900
2021-01-15,0.794900
2021-01-18,0.813900
2021-01-19,0.776600
2021-01-20,0.820500
2021-01-21,0.779000
2021-01-22,0.832900
2021-01-25,0.770000
2021-01-26,0.771900
2021-01-27,0.790600
2021-01-28,0.743700
2021-01-29,0.780700
2021-02-01,0.769700
2021-02-02,0.810300
2021-02-03,0.883600
2021-02-04,0.957200
2021-02-05,1.016500
2021-02-08,1.006400
2021-02-09,0.981500
2021-02-10,1.007400
2021-02-11,0.994200
2021-02-12,1.049700
2021-02-15,1.112600
2021-02-16,1.127600
2021-02-17,1.061000
2021-02-18,1.136500
2021-02-19,1.213000
2021-02-22,1.208500
2021-02-23,1.270000
2021-02-24,1.342500
2021-02-25,1.330800
2021-02-26,1.332400
2021-03-01,1.284600
2021-03-02,1.212200
2021-03-03,1.284900
2021-03-04,1.241100
2021-03-05,1.261800
2021-03-08,1.245600
2021-03-09,1.209700
2021-03-10,1.201700
2021-03-11,1.241500
2021-03-12,1.327900
2021-03-15,1.296000
2021-03-16,1.289600
2021-03-17,1.333600
2021-03-18,1.381400
2021-03-19,1.347900
2021-03-22,1.326600
2021-03-23,1.275200
2021-03-24,1.255800
2021-03-25,1.227400
2021-03-26,1.255200
2021-03-29,1.294700
2021-03-30,1.347500
2021-03-31,1.360800
2021-04-01,1.316300
2021-04-06,1.304900
2021-04-07,1.297000
2021-04-08,1.267800
2021-04-09,1.289600
2021-04-12,1.290600
2021-04-13,1.286800
2021-04-14,1.314800
2021-04-15,1.229200
2021-04-16,1.271300
2021-04-19,1.258800
2021-04-20,1.239300
2021-04-21,1.257600
2021-04-22,1.239400
2021-04-23,1.255700
2021-04-26,1.257600
2021-04-27,1.270800
2021-04-28,1.289300
2021-04-29,1.330500
2021-04-30,1.322200
2021-05-04,1.275000
2021-05-05,1.306800
2021-05-06,1.291800
2021-05-07,1.281600
2021-05-10,1.304200
2021-05-11,1.367200
2021-05-12,1.409000
2021-05-13,1.424200
2021-05-14,1.391300
2021-05-17,1.389200
2021-05-18,1.394100
2021-05-19,1.376400
2021-05-20,1.378900
2021-05-21,1.371300
2021-05-24,1.345100
2021-05-25,1.312400
2021-05-26,1.270700
2021-05-27,1.312800
2021-05-28,1.290000
2021-06-01,1.336800
2021-06-02,1.314500
2021-06-03,1.346900
2021-06-04,1.312800
2021-06-07,1.328000
2021-06-08,1.292600
2021-06-09,1.248800
2021-06-10,1.268200
2021-06-11,1.228300
2021-06-14,1.252100
2021-06-15,1.263400
2021-06-16,1.249200
2021-06-17,1.265600
2021-06-18,1.209400
2021-06-21,1.218600
2021-06-22,1.256600
2021-06-23,1.265800
2021-06-24,1.229800
2021-06-25,1.266700
2021-06-28,1.219800
2021-06-29,1.229700
2021-06-30,1.229700
2021-07-01,1.227600
2021-07-02,1.208600
2021-07-05,1.220300
2021-07-06,1.139700
2021-07-07,1.093800
2021-07-08,1.091300
2021-07-09,1.157700
2021-07-12,1.133300
2021-07-13,1.095300
2021-07-14,1.089600
2021-07-15,1.128400
2021-07-16,1.087500
2021-07-19,0.995000
2021-07-20,0.979900
2021-07-21,1.039200
2021-07-22,0.997000
2021-07-23,1.004400
2021-07-26,0.988800
2021-07-27,0.978800
2021-07-28,0.989800
2021-07-29,0.991200
2021-07-30,0.993900
2021-08-02,0.976600
2021-08-03,0.942600
2021-08-04,0.954200
2021-08-05,0.938900
2021-08-06,1.024200
2021-08-09,0.967200
2021-08-10,0.968100
2021-08-11,0.969700
2021-08-12,0.997000
2021-08-13,0.976700
2021-08-16,0.966900
2021-08-17,0.952100
2021-08-18,0.970500
2021-08-19,0.952200
2021-08-20,0.947000
2021-08-23,0.955500
2021-08-24,0.951900
2021-08-25,1.020400
2021-08-26,1.021000
2021-08-27,1.009300
2021-08-31,1.065600
2021-09-01,1.040800
2021-09-02,1.026800
2021-09-03,1.064000
2021-09-06,1.039600
2021-09-07,1.082500
2021-09-08,1.067500
2021-09-09,1.065200
2021-09-10,1.069900
2021-09-13,1.063200
2021-09-14,1.047700
2021-09-15,1.064900
2021-09-16,1.110000
2021-09-17,1.161300
2021-09-20,1.116000
2021-09-21,1.112700
2021-09-22,1.116700
2021-09-23,1.200200
2021-09-24,1.241100
2021-09-27,1.277100
2021-09-28,1.321900
2021-09-29,1.322300
2021-09-30,1.380100
2021-10-01,1.373200
2021-10-04,1.363700
2021-10-05,1.441000
2021-10-06,1.412000
2021-10-07,1.413300
2021-10-08,1.487100
2021-10-11,1.501300
2021-10-12,1.445000
2021-10-13,1.333000
2021-10-14,1.306000
2021-10-15,1.362900
2021-10-18,1.370300
2021-10-19,1.371900
2021-10-20,1.395600
2021-10-21,1.455100
2021-10-22,1.396800
2021-10-25,1.380000
2021-10-26,1.344300
2021-10-27,1.174400
2021-10-28,1.139300
2021-10-29,1.178200
2021-11-01,1.202200
2021-11-02,1.208100
2021-11-03,1.246800
2021-11-04,1.182700
2021-11-05,1.056900
2021-11-08,1.059400
2021-11-09,0.995800
2021-11-10,1.107800
2021-11-11,1.101200
2021-11-12,1.118400
2021-11-15,1.150200
2021-11-16,1.167100
2021-11-17,1.187900
2021-11-18,1.145200
2021-11-19,1.090700
2021-11-22,1.140300
2021-11-23,1.137700
2021-11-24,1.179100
2021-11-25,1.135900
2021-11-26,1.007900
2021-11-29,1.039900
2021-11-30,0.984300
2021-12-01,0.995900
2021-12-02,0.968300
2021-12-03,0.937000
2021-12-06,0.903600
2021-12-07,0.882700
2021-12-08,0.911500
2021-12-09,0.930700
2021-12-10,0.920500
2021-12-13,0.912300
2021-12-14,0.937400
2021-12-15,0.951600
2021-12-16,0.962300
2021-12-17,0.996800
2021-12-20,1.002600
2021-12-21,1.112300
2021-12-22,1.140700
2021-12-23,1.177300
2021-12-24,1.157800
2021-12-29,1.252200
2021-12-30,1.209200
2021-12-31,1.175900
2022-01-04,1.268400
2022-01-05,1.266200
2022-01-06,1.334800
2022-01-07,1.366600
2022-01-10,1.368900
2022-01-11,1.331300
2022-01-12,1.311900
2022-01-13,1.289700
2022-01-14,1.327100
2022-01-17,1.368900
2022-01-18,1.385300
2022-01-19,1.441000
2022-01-20,1.412200
2022-01-21,1.353400
2022-01-24,1.304500
2022-01-25,1.330900
2022-01-26,1.388000
2022-01-27,1.407500
2022-01-28,1.420600
2022-01-31,1.499500
2022-02-01,1.485700
2022-02-02,1.411500
2022-02-03,1.523600
2022-02-04,1.544200
2022-02-07,1.541300
2022-02-08,1.620800
2022-02-09,1.552300
2022-02-10,1.634600
2022-02-11,1.636900
2022-02-14,1.669500
2022-02-15,1.674900
2022-02-16,1.628900
2022-02-17,1.592600
2022-02-18,1.515900
2022-02-21,1.531800
2022-02-22,1.611000
2022-02-23,1.624400
2022-02-24,1.580000
2022-02-25,1.641000
2022-02-28,1.637500
2022-03-01,1.406800
2022-03-02,1.473000
2022-03-03,1.532500
2022-03-04,1.429100
2022-03-07,1.450900
2022-03-08,1.556600
2022-03-09,1.657400
2022-03-10,1.672200
2022-03-11,1.664200
2022-03-14,1.737800
2022-03-15,1.757600
2022-03-16,1.797200
2022-03-17,1.738900
2022-03-18,1.708800
2022-03-21,1.795700
2022-03-22,1.848800
2022-03-23,1.837200
2022-03-24,1.833100
2022-03-25,1.842100
2022-03-28,1.763600
2022-03-29,1.799500
2022-03-30,1.832700
2022-03-31,1.776400
2022-04-01,1.577500
2022-04-04,1.701900
2022-04-05,1.796100
2022-04-06,1.865500
2022-04-07,1.891700
2022-04-08,1.924500
2022-04-11,1.946800
2022-04-12,1.919200
2022-04-13,1.986200
2022-04-14,2.023600
2022-04-19,2.131300
2022-04-20,2.041900
2022-04-21,2.058800
2022-04-22,2.059000
2022-04-25,1.987500
2022-04-26,1.948100
2022-04-27,1.983700
2022-04-28,2.047400
2022-04-29,2.087500
2022-05-03,2.114100
2022-05-04,2.135100
2022-05-05,2.152900
2022-05-06,2.222800
2022-05-09,2.195600
2022-05-10,2.095400
2022-05-11,2.137800
2022-05-12,1.994200
2022-05-13,2.033200
2022-05-16,2.021400
2022-05-17,2.110600
2022-05-18,2.093800
2022-05-19,2.097500
2022-05-20,2.124900
2022-05-23,2.203100
2022-05-24,2.112100
2022-05-25,2.155800
2022-05-26,2.241300
2022-05-27,2.214200
2022-05-30,2.248800
2022-05-31,2.414100
2022-06-01,2.409700
2022-06-06,2.494300
2022-06-07,2.407800
2022-06-08,2.482000
2022-06-09,2.530400
2022-06-10,2.589300
2022-06-13,2.659000
2022-06-14,2.733200
2022-06-15,2.674700
2022-06-16,2.715000
2022-06-17,2.702900
2022-06-20,2.816600
2022-06-21,2.872600
2022-06-22,2.724700
2022-06-23,2.574700
2022-06-24,2.581400
2022-06-27,2.667900
2022-06-28,2.746300
2022-06-29,2.686700
2022-06-30,2.618200
2022-07-01,2.449600
2022-07-04,2.596000
2022-07-05,2.459000
2022-07-06,2.535500
2022-07-07,2.480300
2022-07-08,2.614600
2022-07-11,2.610500
2022-07-12,2.587100
2022-07-13,2.544800
2022-07-14,2.483700
2022-07-15,2.527700
2022-07-18,2.652400
2022-07-19,2.683000
2022-07-20,2.597100
2022-07-21,2.527800
2022-07-22,2.383700
2022-07-25,2.425500
2022-07-26,2.391600
2022-07-27,2.418400
2022-07-28,2.330900
2022-07-29,2.335100
2022-08-01,2.274400
2022-08-02,2.278200
2022-08-03,2.326100
2022-08-04,2.290000
2022-08-05,2.370800
2022-08-08,2.291400
2022-08-09,2.337300
2022-08-10,2.294700
2022-08-11,2.457500
2022-08-12,2.493700
2022-08-15,2.387000
2022-08-16,2.518600
2022-08-17,2.592800
2022-08-18,2.634400
2022-08-19,2.702800
2022-08-22,2.819600
2022-08-23,2.870000
2022-08-24,2.872300
2022-08-25,2.882500
2022-08-26,2.927300
2022-08-30,3.019500
2022-08-31,3.047200
2022-09-01,3.211000
2022-09-02,3.336200
2022-09-05,3.192700
2022-09-06,3.364300
2022-09-07,3.363000
2022-09-08,3.363000
2022-09-09,3.478300
2022-09-12,3.409700
2022-09-13,3.460600
2022-09-14,3.431500
2022-09-15,3.456200
2022-09-16,3.465000
2022-09-20,3.575800
2022-09-21,3.517700
2022-09-22,3.693300
2022-09-23,3.961800
2022-09-26,4.308800
2022-09-27,4.670300
2022-09-28,4.011700
2022-09-29,4.066200
2022-09-30,3.977600
2022-10-03,3.998600
2022-10-04,4.022000
2022-10-05,4.189900
2022-10-06,4.350000
2022-10-07,4.437500
2022-10-10,4.712600
2022-10-11,4.742500
2022-10-12,4.729800
2022-10-13,4.478500
2022-10-14,4.626900
2022-10-17,4.340700
2022-10-18,4.261900
2022-10-19,4.112500
2022-10-20,4.022300
2022-10-21,4.171200
2022-10-24,3.897400
2022-10-25,3.816200
2022-10-26,3.791400
2022-10-27,3.721900
2022-10-28,3.650100
2022-10-31,3.724900
2022-11-01,3.695700
2022-11-02,3.705500
2022-11-03,3.790200
2022-11-04,3.856600
2022-11-07,3.918100
2022-11-08,3.830700
2022-11-09,3.668300
2022-11-10,3.499200
2022-11-11,3.596500
2022-11-14,3.601400
2022-11-15,3.581600
2022-11-16,3.416400
2022-11-17,3.463100
2022-11-18,3.497000
2022-11-21,3.420100
2022-11-22,3.414800
2022-11-23,3.266400
2022-11-24,3.314800
2022-11-25,3.400100
2022-11-28,3.396200
2022-11-29,3.363900
2022-11-30,3.430800
2022-12-01,3.383400
2022-12-02,3.530600
2022-12-05,3.378100
2022-12-06,3.432000
2022-12-07,3.467500
2022-12-08,3.397300
2022-12-09,3.468100
2022-12-12,3.563400
2022-12-13,3.608600
2022-12-14,3.705600
2022-12-15,3.543400
2022-12-16,3.702100
2022-12-19,3.807300
2022-12-20,3.912800
2022-12-21,3.858900
2022-12-22,3.844500
2022-12-23,3.880900
2022-12-28,3.941500
2022-12-29,3.958000
2022-12-30,3.928400
2023-01-03,3.920700
2023-01-04,3.769900
2023-01-05,3.907600
2023-01-06,3.859700
2023-01-09,3.851400
2023-01-10,3.832400
2023-01-11,3.757800
2023-01-12,3.710700
2023-01-13,3.700900
2023-01-16,3.742600
2023-01-17,3.696000
2023-01-18,3.663700
2023-01-19,3.611100
2023-01-20,3.697500
2023-01-23,3.703700
2023-01-24,3.642900
2023-01-25,3.577800
2023-01-26,3.647200
2023-01-27,3.656700
2023-01-30,3.662600
2023-01-31,3.668300
2023-02-01,3.711900
2023-02-02,3.408300
2023-02-03,3.522200
2023-02-06,3.673200
2023-02-07,3.660100
2023-02-08,3.754900
2023-02-09,3.702800
2023-02-10,3.768700
2023-02-13,3.761000
2023-02-14,3.806400
2023-02-15,3.845500
2023-02-16,3.896500
2023-02-17,3.884100
2023-02-20,3.872700
2023-02-21,3.994500
2023-02-22,3.926100
2023-02-23,3.938700
2023-02-24,4.001100
2023-02-27,3.987400
2023-02-28,3.997300
2023-03-01,4.038000
2023-03-02,4.062400
2023-03-03,4.060200
2023-03-06,4.019400
2023-03-07,3.984200
2023-03-08,3.896600
2023-03-09,3.949700
2023-03-10,3.806900
2023-03-13,3.647000
2023-03-14,3.734400
2023-03-15,3.581200
2023-03-16,3.597000
2023-03-17,3.539500
2023-03-20,3.611900
2023-03-21,3.644100
2023-03-22,3.714300
2023-03-23,3.635100
2023-03-24,3.559500
2023-03-27,3.622300
2023-03-28,3.677800
2023-03-29,3.651000
2023-03-30,3.690300
2023-03-31,3.707500
2023-04-03,3.582200
2023-04-04,3.605500
2023-04-05,3.626100
2023-04-06,3.618600
2023-04-11,3.701300
2023-04-12,3.726300
2023-04-13,3.752400
2023-04-14,3.834000
2023-04-17,3.883700
2023-04-18,3.918400
2023-04-19,4.011300
2023-04-20,3.948400
2023-04-21,3.936700
2023-04-24,3.930400
2023-04-25,3.866300
2023-04-26,3.888000
2023-04-27,3.973200
2023-04-28,3.915300
2023-05-02,3.883700
2023-05-03,3.911900
2023-05-04,3.909400
2023-05-05,3.989000
2023-05-09,4.036100
2023-05-10,4.001000
2023-05-11,3.944600
2023-05-12,4.007800
2023-05-15,4.052000
2023-05-16,4.054500
2023-05-17,4.060400
2023-05-18,4.188900
2023-05-19,4.221900
2023-05-22,4.248900
2023-05-23,4.337400
2023-05-24,4.330700
2023-05-25,4.467200
2023-05-26,4.471100
2023-05-30,4.438300
2023-05-31,4.311700
2023-06-01,4.263200
2023-06-02,4.275300
2023-06-05,4.321800
2023-06-06,4.302100
2023-06-07,4.323300
2023-06-08,4.342600
2023-06-09,4.308300
2023-06-12,4.391400
2023-06-13,4.471300
2023-06-14,4.418100
2023-06-15,4.387300
2023-06-16,4.393900
2023-06-19,4.445600
2023-06-20,4.323500
2023-06-21,4.393000
2023-06-22,4.361800
2023-06-23,4.306400
2023-06-26,4.261100
2023-06-27,4.300200
2023-06-28,4.285600
2023-06-29,4.312300
2023-06-30,4.318700
2023-07-03,4.349500
2023-07-04,4.324500
2023-07-05,4.393500
2023-07-06,4.555500
2023-07-07,4.577100
2023-07-10,4.569300
2023-07-11,4.580700
2023-07-12,4.493500
2023-07-13,4.434800
2023-07-14,4.411800
2023-07-17,4.447200
2023-07-18,4.351200
2023-07-19,4.216500
2023-07-20,4.273000
2023-07-21,4.273100
2023-07-24,4.270800
2023-07-25,4.297200
2023-07-26,4.288900
2023-07-27,4.323400
2023-07-28,4.335800
2023-07-31,4.298600
2023-08-01,4.390300
2023-08-02,4.405000
2023-08-03,4.496900
2023-08-04,4.430100
2023-08-07,4.491800
2023-08-08,4.420300
2023-08-09,4.416100
2023-08-10,4.414400
2023-08-11,4.563800
2023-08-14,4.586300
2023-08-15,4.622800
2023-08-16,4.657300
2023-08-17,4.750600
2023-08-18,4.717500
2023-08-21,4.759000
2023-08-22,4.699000
2023-08-23,4.535900
2023-08-24,4.481100
2023-08-25,4.492000
2023-08-29,4.491700
2023-08-30,4.485200
2023-08-31,4.425700
2023-09-01,4.487200
2023-09-04,4.561400
2023-09-05,4.591200
2023-09-06,4.613700
2023-09-07,4.552900
2023-09-08,4.511400
2023-09-11,4.588400
2023-09-12,4.539900
2023-09-13,4.470400
2023-09-14,4.399000
2023-09-15,4.489800
2023-09-18,4.536100
2023-09-19,4.505300
2023-09-20,4.425700
2023-09-21,4.467800
2023-09-22,4.458400
2023-09-25,4.543500
2023-09-26,4.553300
2023-09-27,4.547500
2023-09-28,4.716700
2023-09-29,4.632000
2023-10-02,4.753500
2023-10-03,4.787400
2023-10-04,4.787900
2023-10-05,4.751400
2023-10-06,4.812500
2023-10-09,4.737700
2023-10-10,4.684100
2023-10-11,4.540400
2023-10-12,4.624800
2023-10-13,4.608700
2023-10-16,4.691900
2023-10-17,4.728000
2023-10-18,4.817200
2023-10-19,4.861700
2023-10-20,4.873900
2023-10-23,4.827000
2023-10-24,4.773400
2023-10-25,4.811200
2023-10-26,4.815700
2023-10-27,4.815700
2023-10-30,4.789200
2023-10-31,4.732200
2023-11-01,4.707100
2023-11-02,4.624500
2023-11-03,4.536100
2023-11-06,4.600700
2023-11-07,4.510900
2023-11-08,4.463100
2023-11-09,4.494900
2023-11-10,4.536800
2023-11-13,4.528400
2023-11-14,4.358900
2023-11-15,4.406000
2023-11-16,4.329100
2023-11-17,4.323300
2023-11-20,4.331900
2023-11-21,4.310000
2023-11-22,4.395500
2023-11-23,4.470300
2023-11-24,4.517900
2023-11-27,4.437900
2023-11-28,4.401400
2023-11-29,4.349200
2023-11-30,4.428400
2023-12-01,4.431100
2023-12-04,4.450600
2023-12-05,4.306100
2023-12-06,4.225800
2023-12-07,4.235000
2023-12-08,4.273100
2023-12-11,4.327400
2023-12-12,4.240800
2023-12-13,4.106000
2023-12-14,4.061000
2023-12-15,3.970600
2023-12-18,3.959800
2023-12-19,3.919100
2023-12-20,3.854600
2023-12-21,3.846300
2023-12-22,3.828300
2023-12-27,3.789600
2023-12-28,3.843200
2023-12-29,3.897700
2024-01-02,4.012000
2024-01-03,4.061300
2024-01-04,4.086500
2024-01-05,4.109000
2024-01-08,4.134000
2024-01-09,4.140500
2024-01-10,4.151900
2024-01-11,4.189800
2024-01-12,4.172000
2024-01-15,4.184600
2024-01-16,4.213800
2024-01-17,4.344000
2024-01-18,4.316200
2024-01-19,4.288100
2024-01-22,4.250000
2024-01-23,4.320600
2024-01-24,4.346400
2024-01-25,4.325700
2024-01-26,4.337700
2024-01-29,4.276300
2024-01-30,4.280700
2024-01-31,4.192500
2024-02-01,4.138100
2024-02-02,4.282100
2024-02-05,4.382500
2024-02-06,4.292100
2024-02-07,4.298000
2024-02-08,4.360000
2024-02-09,4.381300
2024-02-12,4.362600
2024-02-13,4.410800
2024-02-14,4.351700
2024-02-15,4.355500
2024-02-16,4.403900
2024-02-19,4.406000
2024-02-20,4.359300
2024-02-21,4.383600
2024-02-22,4.379800
2024-02-23,4.358800
2024-02-26,4.371800
2024-02-27,4.405200
2024-02-28,4.404900
2024-02-29,4.326200
2024-03-01,4.303700
2024-03-04,4.328500
2024-03-05,4.212800
2024-03-06,4.212000
2024-03-07,4.192100
2024-03-08,4.187000
2024-03-11,4.179500
2024-03-12,4.169100
2024-03-13,4.226500
2024-03-14,4.290300
2024-03-15,4.300800
2024-03-18,4.288600
2024-03-19,4.269800
2024-03-20,4.269800
2024-03-21,4.235000
2024-03-22,4.198300
2024-03-25,4.240600
2024-03-26,4.213100
2024-03-27,4.193300
2024-03-28,4.178300
2024-04-02,4.328100
2024-04-03,4.325700
2024-04-04,4.269900
2024-04-05,4.328500
2024-04-08,4.341800
2024-04-09,4.273800
2024-04-10,4.356900
2024-04-11,4.438600
2024-04-12,4.361200
2024-04-15,4.469700
2024-04-16,4.502500
2024-04-17,4.471200
2024-04-18,4.461900
2024-04-19,4.465900
2024-04-22,4.425600
2024-04-23,4.473400
2024-04-24,4.541700
2024-04-25,4.562200
2024-04-26,4.522400
2024-04-29,4.488800
2024-04-30,4.550700
2024-05-01,4.562700
2024-05-02,4.511000
2024-05-03,4.460800
2024-05-07,4.356100
2024-05-08,4.351800
2024-05-09,4.373200
2024-05-10,4.391500
2024-05-13,4.393400
2024-05-14,4.391900
2024-05-15,4.286500
2024-05-16,4.284100
2024-05-17,4.348500
2024-05-20,4.395800
2024-05-21,4.374200
2024-05-22,4.434200
2024-05-23,4.456500
2024-05-24,4.458100
2024-05-28,4.458100
2024-05-29,4.594200
2024-05-30,4.570700
2024-05-31,4.504700
2024-06-03,4.434900
2024-06-04,4.378600
2024-06-05,4.376200
2024-06-06,4.372300
2024-06-07,4.448400
2024-06-10,4.518500
2024-06-11,4.482300
2024-06-12,4.367100
2024-06-13,4.382300
2024-06-14,4.282600
2024-06-17,4.340200
2024-06-18,4.289500
2024-06-19,4.308600
2024-06-20,4.308700
2024-06-21,4.323700
2024-06-24,4.326800
2024-06-25,4.308300
2024-06-26,4.369900
2024-06-27,4.361100
2024-06-28,4.409300
2024-07-01,4.509200
2024-07-02,4.489300
2024-07-03,4.398100
2024-07-04,4.436500
2024-07-05,4.373500
2024-07-08,4.354700
2024-07-09,4.408600
2024-07-10,4.380400
2024-07-11,4.325000
2024-07-12,4.358600
2024-07-15,4.345800
2024-07-16,4.345800
2024-07-17,4.315400
2024-07-18,4.288600
2024-07-19,4.368600
2024-07-22,4.382100
2024-07-23,4.382900
2024-07-24,4.396600
2024-07-25,4.391300
2024-07-26,4.379100
2024-07-29,4.331100
2024-07-30,4.319400
2024-07-31,4.269700
2024-08-01,4.177100
2024-08-02,4.156300
2024-08-05,4.156500
2024-08-06,4.198500
2024-08-07,4.249300
2024-08-08,4.249700
2024-08-09,4.230400
2024-08-12,4.229700
2024-08-13,4.178600
2024-08-14,4.121200
2024-08-15,4.208600
2024-08-16,4.198600
2024-08-19,4.212000
2024-08-20,4.185900
2024-08-21,4.175100
2024-08-22,4.234600
2024-08-23,4.180300
2024-08-27,4.243000
2024-08-28,4.251100
2024-08-29,4.275000
2024-08-30,4.250000
2024-09-02,4.294000
2024-09-03,4.233300
2024-09-04,4.188200
2024-09-05,4.180800
2024-09-06,4.157900
2024-09-09,4.152000
2024-09-10,4.130000
2024-09-11,4.130000
2024-09-12,4.096400
2024-09-13,4.081500
2024-09-16,4.065200
2024-09-17,4.075300
2024-09-18,4.138100
2024-09-19,4.179800
2024-09-20,4.204700
2024-09-23,4.225400
2024-09-24,4.223900
2024-09-25,4.278400
2024-09-26,4.283300
2024-09-27,4.295900
2024-09-30,4.301700
2024-10-01,4.232600
2024-10-02,4.326200
2024-10-03,4.308400
2024-10-04,4.400200
2024-10-07,4.458100
2024-10-08,4.457000
2024-10-09,4.455100
2024-10-10,4.553300
2024-10-11,4.524700
2024-10-14,4.588900
2024-10-15,4.453400
2024-10-16,4.346100
2024-10-17,4.413000
2024-10-18,4.344500
2024-10-21,4.414500
2024-10-22,4.448100
2024-10-23,4.508300
2024-10-24,4.531600
2024-10-25,4.487700
2024-10-28,4.526800
2024-10-29,4.622400
2024-10-30,4.626300
2024-10-31,4.722900
2024-11-01,4.650600
2024-11-04,4.664500
2024-11-05,4.735600
2024-11-06,4.805800
2024-11-07,4.706900
2024-11-08,4.660200
2024-11-11,4.631300
2024-11-12,4.670700
2024-11-13,4.668000
2024-11-14,4.698300
2024-11-15,4.677400
2024-11-18,4.673000
2024-11-19,4.657400
2024-11-20,4.710800
2024-11-21,4.708100
2024-11-22,4.674600
2024-11-25,4.567500
2024-11-26,4.585500
2024-11-27,4.539900
2024-11-28,4.532200
2024-11-29,4.482700
2024-12-02,4.468800
2024-12-03,4.488100
2024-12-04,4.488900
2024-12-05,4.522300
2024-12-06,4.539000
2024-12-09,4.532200
2024-12-10,4.593000
2024-12-11,4.597600
2024-12-12,4.627900
2024-12-13,4.725000
2024-12-16,4.735900
2024-12-17,4.788400
2024-12-18,4.785800
2024-12-19,4.820000
2024-12-20,4.788200
2024-12-23,4.908300
2024-12-24,4.911000
2024-12-27,4.911900
2024-12-30,4.890200
2024-12-31,4.873400
2025-01-02,4.864500
2025-01-03,4.868000
2025-01-06,4.933600
2025-01-07,4.972000
2025-01-08,5.074300
2025-01-09,5.068600
2025-01-10,5.120500
2025-01-13,5.124300
2025-01-14,5.151500
2025-01-15,4.953700
2025-01-16,4.967700
2025-01-17,4.920500
2025-01-20,4.944700
2025-01-21,4.836200
2025-01-22,4.841500
2025-01-23,4.877400
2025-01-24,4.889500
2025-01-27,4.875100
2025-01-28,4.979100
2025-01-29,4.904100
2025-01-30,4.821500
2025-01-31,4.817100
2025-02-03,4.794600
2025-02-04,4.876700
2025-02-05,4.780400
2025-02-06,4.764100
2025-02-07,4.802300
2025-02-10,4.758500
2025-02-11,4.839000
2025-02-12,4.871600
2025-02-13,4.779900
2025-02-14,4.790900
2025-02-17,4.860800
2025-02-18,4.933800
2025-02-19,4.974500
2025-02-20,4.984600
2025-02-21,4.949500
2025-02-24,4.931600
2025-02-25,4.888700
2025-02-26,4.890600
2025-02-27,4.910200
2025-02-28,4.789400
2025-03-03,4.851000
2025-03-04,4.785500
2025-03-05,5.050200
2025-03-06,5.050600
2025-03-07,5.005800
2025-03-10,4.890600
2025-03-11,4.950100
2025-03-12,5.014000
2025-03-13,4.977800
2025-03-14,4.953900
2025-03-17,4.907700
2025-03-18,4.929000
2025-03-19,4.903700
2025-03-20,4.925300
2025-03-21,4.965400
2025-03-24,4.996800
2025-03-25,5.027000
2025-03-26,4.986300
2025-03-27,5.083000
2025-03-28,4.994600
2025-03-31,4.960900
2025-04-01,4.923700
2025-04-02,4.907200
2025-04-03,4.927100
2025-04-04,4.849800
2025-04-07,5.030700
2025-04-08,4.999300
2025-04-09,5.126800
2025-04-10,5.046600
2025-04-11,5.126000
2025-04-14,4.991000
2025-04-15,5.016300
2025-04-16,5.110100
2025-04-17,4.993100
2025-04-22,5.063400
2025-04-23,5.028300
2025-04-24,4.956200
2025-04-25,4.933900
2025-04-28,4.914100
2025-04-29,4.896000
2025-04-30,4.855900
2025-05-01,4.941700
2025-05-02,5.019100
2025-05-06,4.985700
2025-05-07,4.918500
2025-05-08,5.000800
2025-05-09,5.051300
2025-05-12,5.044300
2025-05-13,5.036200
2025-05-14,5.090200
2025-05-15,5.043800
2025-05-16,5.103200
2025-05-19,5.035400
2025-05-20,5.074000
2025-05-21,5.151000
2025-05-22,5.168300
2025-05-23,5.132100
2025-05-27,5.125500
2025-05-28,5.155400
2025-05-29,5.046600
2025-05-30,5.030100
2025-06-02,5.093300
2025-06-03,5.060000
2025-06-04,5.043300
2025-06-05,5.043500
2025-06-06,5.096700
2025-06-09,5.000300
2025-06-10,4.924400
2025-06-11,5.037800
2025-06-12,4.963200
2025-06-13,4.974200
2025-06-16,4.920100
2025-06-17,4.955900
2025-06-18,4.936600
2025-06-19,4.942300
2025-06-20,4.928900
2025-06-23,4.960600
2025-06-24,4.921100
2025-06-25,4.908500
2025-06-26,4.978700
2025-06-27,4.975700
2025-06-30,5.010200
2025-07-01,4.946600
2025-07-02,5.059100
2025-07-03,4.984100
2025-07-04,5.004400
2025-07-07,5.100700
2025-07-08,5.105100
2025-07-09,5.099400
2025-07-10,5.033000
2025-07-11,5.071000
2025-07-14,5.123000
2025-07-15,5.124300
2025-07-16,5.092600
2025-07-17,5.099600
2025-07-18,5.160300
2025-07-21,5.063300
2025-07-22,5.049300
2025-07-23,5.152600
2025-07-24,5.193500
2025-07-25,5.211400
2025-07-28,5.190300
2025-07-29,5.145600
2025-07-30,5.121900
2025-07-31,5.062200
2025-08-01,5.046200
2025-08-04,5.004000
2025-08-05,4.999900
2025-08-06,5.013500
2025-08-07,5.022100
2025-08-08,5.088500
2025-08-11,5.052100
2025-08-12,5.095700
2025-08-13,5.084700
2025-08-14,5.132600
2025-08-15,5.200000
2025-08-18,5.258000
2025-08-19,5.248400
2025-08-20,5.193900
2025-08-21,5.245900
2025-08-22,5.214100
2025-08-26,5.280500
2025-08-27,5.257700
2025-08-28,5.242800
2025-08-29,5.258300
2025-09-01,5.295600
2025-09-02,5.370800
2025-09-03,5.295900
2025-09-04,5.275500
2025-09-05,5.170900
2025-09-08,5.124000
2025-09-09,5.138800
2025-09-10,5.144000
2025-09-11,5.103100
2025-09-12,5.151900
2025-09-15,5.129100
2025-09-16,5.122300
2025-09-17,5.103000
2025-09-18,5.158200
2025-09-19,5.223400
2025-09-22,5.203500
2025-09-23,5.196500
2025-09-24,5.176000
2025-09-25,5.262300
2025-09-26,5.253600
2025-09-29,5.219300
2025-09-30,5.223400
2025-10-01,5.224100
2025-10-02,5.236800
2025-10-03,5.214400
2025-10-06,5.273700
2025-10-07,5.266700
2025-10-08,5.237300
2025-10-09,5.288500
2025-10-10,5.190000
2025-10-13,5.161000
2025-10-14,5.082500
2025-10-15,5.020900
2025-10-16,4.998800
2025-10-17,5.024300
2025-10-20,5.004700
2025-10-21,4.961200
2025-10-22,4.911300
2025-10-23,4.910600
2025-10-24,4.917500
2025-10-27,4.889800
2025-10-28,4.891000
2025-10-29,4.884100
2025-10-30,4.892400
2025-10-31,4.910700
2025-11-03,4.934000
2025-11-04,4.903000
2025-11-05,4.951000
2025-11-06,4.922600
2025-11-07,4.952500
2025-11-10,4.945300
2025-11-11,4.877400
2025-11-12,4.900700
2025-11-13,4.928700
2025-11-14,5.105400
2025-11-17,5.068200
2025-11-18,5.090900
2025-11-19,5.149100
2025-11-20,5.125900
2025-11-21,5.072700
2025-11-24,5.085500
2025-11-25,5.017100
2025-11-26,4.958900
2025-11-27,4.962200
2025-11-28,4.956600
2025-12-01,5.013800
2025-12-02,5.017400
2025-12-03,4.951400
2025-12-04,4.942600
2025-12-05,4.986600
2025-12-08,5.056900
2025-12-09,5.015200
2025-12-10,5.024600
2025-12-11,4.994600
2025-12-12,5.055200
2025-12-15,5.021900
2025-12-16,5.044100
2025-12-17,5.006300
2025-12-18,5.004600
2025-12-19,5.040000
2025-12-22,5.064800
2025-12-23,5.033200
2025-12-24,5.034400
2025-12-29,5.006700
2025-12-30,5.015600
2025-12-31,5.003100
2026-01-02,5.057700
2026-01-05,5.039600
2026-01-06,5.023300
2026-01-07,4.951800
2026-01-08,4.954200
2026-01-09,4.916700
2026-01-12,4.913900
2026-01-13,4.928100
2026-01-14,4.895100
2026-01-15,4.921800
2026-01-16,4.937700
2026-01-19,4.944600
2026-01-20,5.005700
2026-01-21,4.987700
2026-01-22,5.021700
2026-01-23,5.024900
2026-01-26,5.019500
2026-01-27,5.049200
2026-01-28,5.072300
2026-01-29,5.044600
2026-01-30,5.068500
2026-02-02,5.056000
2026-02-03,5.062200
2026-02-04,5.092700
2026-02-05,5.123400
2026-02-06,5.104600
2026-02-09,5.112300
2026-02-10,5.080000
2026-02-11,5.063600
2026-02-12,5.023500
2026-02-13,4.989500
2026-02-16,4.983000
2026-02-17,4.959200
2026-02-18,4.952000
2026-02-19,4.959200
2026-02-20,4.937000
2026-02-23,4.899600
2026-02-24,4.888100
2026-02-25,4.886300
2026-02-26,4.840800
2026-02-27,4.791300
2026-03-02,4.831900
2026-03-03,4.995500
2026-03-04,4.924400
2026-03-05,5.020900
2026-03-06,5.137200
2026-03-09,5.091700
2026-03-10,5.037900
2026-03-11,5.159000
2026-03-12,5.242300
2026-03-13,5.275500
2026-03-16,5.224400
2026-03-17,5.173600
2026-03-18,5.216000
2026-03-19,5.239100
2026-03-20,5.370900
2026-03-23,5.339700
2026-03-24,5.349300
2026-03-25,5.239400
2026-03-26,5.350500
2026-03-27,5.350500
2026-03-30,5.347200
2026-03-31,5.331100
2026-04-01,5.269100
2026-04-02,5.260800
2026-04-07,5.340600
2026-04-08,5.161600
2026-04-09,5.247400
2026-04-10,5.266900
2026-04-13,5.312500
2026-04-14,5.255000
2026-04-15,5.260700
2026-04-16,5.323900
2026-04-17,5.247500
2026-04-20,5.331700
2026-04-21,5.354200
2026-04-22,5.347000
2026-04-23,5.382300
2026-04-24,5.386400
2026-04-27,5.437900
2026-04-28,5.458100
2026-04-29,5.496500
2026-04-30,5.471700
2026-05-01,5.431500
2026-05-05,5.519400
2026-05-06,5.401000
2026-05-07,5.390600
2026-05-08,5.364900
2026-05-11,5.452200
2026-05-12,5.537800
2026-05-13,5.517500
2026-05-14,5.449800
2026-05-15,5.609100
2026-05-18,5.579700
2026-05-19,5.558600
2026-05-20,5.441300
2026-05-21,5.413100
2026-05-22,5.349300
2026-05-26,5.334200
2026-05-27,5.333400
2026-05-28,5.299300
2026-05-29,5.286500
2026-06-01,5.365500
2026-06-02,5.323400
2026-06-03,5.381100
2026-06-04,5.369700
2026-06-05,5.363300
2026-06-08,5.400100
2026-06-09,5.375000
2026-06-10,5.390600
2026-06-11,5.368500
2026-06-12,5.318300
2026-06-15,5.309400
2026-06-16,5.292100
2026-06-17,5.259300
2026-06-18,5.225800
2026-06-19,5.225800
2026-06-22,5.285900
2026-06-23,5.237000
2026-06-24,5.171900
2026-06-25,5.194400
2026-06-26,5.228700
2026-06-29,5.211700
2026-06-30,5.256800
2026-07-01,5.265400
2026-07-02,5.275200
2026-07-03,5.288500
2026-07-06,5.296600
2026-07-07,5.332100
2026-07-08,5.454100
2026-07-09,5.401900
2026-07-10,5.377700
2026-07-13,5.441800
2026-07-14,5.428500
2026-07-15,5.431100
2026-07-16,5.448900
2026-07-17,5.434200
2026-07-20,5.511900
2026-07-21,5.512300
2026-07-22,5.512400
2026-07-23,5.567700
2026-07-24,5.507200
2026-07-27,5.460300
2026-07-28,5.440400
2026-07-29,5.487100
2026-07-30,5.506000
2026-07-31,5.525800
2026-08-03,5.449500
2026-08-04,5.425900
2026-08-05,5.401600
2026-08-06,5.436400
2026-08-07,5.431100
2026-08-10,5.481800
2026-08-11,5.457100
2026-08-12,5.473500
2026-08-13,5.462700
2026-08-14,5.523600
2026-08-17,5.558200
2026-08-18,5.582000
2026-08-19,5.550000
2026-08-20,5.555300
2026-08-21,5.563100
2026-08-24,5.556300
2026-08-25,5.502100
2026-08-26,5.520500
2026-08-27,5.528700
2026-08-28,5.551100
2026-09-01,5.613900
2026-09-02,5.646900
2026-09-03,5.569900
2026-09-04,5.555500
2026-09-07,5.589900
2026-09-08,5.573600
2026-09-09,5.648400
2026-09-10,5.721000
2026-09-11,5.721400
