date,taux
1993-12-01,6.162800
1993-12-02,6.137500
1993-12-03,6.063300
1993-12-06,5.983400
1993-12-07,5.998000
1993-12-08,5.941100
1993-12-09,5.903100
1993-12-10,5.904900
1993-12-13,5.884600
1993-12-14,5.883400
1993-12-15,5.888300
1993-12-16,5.864600
1993-12-17,5.835500
1993-12-20,5.861300
1993-12-21,5.890200
1993-12-22,5.915600
1993-12-23,5.863400
1993-12-24,5.846100
1993-12-29,5.805900
1993-12-30,5.809500
1993-12-31,5.811400
1994-01-04,5.902800
1994-01-05,5.947900
1994-01-06,5.938400
1994-01-07,5.896100
1994-01-10,5.903800
1994-01-11,5.954900
1994-01-12,5.967400
1994-01-13,6.025200
1994-01-14,6.059200
1994-01-17,6.015200
1994-01-18,5.941200
1994-01-19,5.833200
1994-01-20,5.861900
1994-01-21,5.893100
1994-01-24,5.872800
1994-01-25,5.877400
1994-01-26,5.914700
1994-01-27,5.959200
1994-01-28,5.917400
1994-01-31,5.900600
1994-02-01,5.902700
1994-02-02,5.926600
1994-02-03,5.993600
1994-02-04,6.054400
1994-02-07,6.196100
1994-02-08,6.124100
1994-02-09,6.169800
1994-02-10,6.216400
1994-02-11,6.208400
1994-02-14,6.228000
1994-02-15,6.245000
1994-02-16,6.214900
1994-02-17,6.168500
1994-02-18,6.205600
1994-02-21,6.308200
1994-02-22,6.439600
1994-02-23,6.465000
1994-02-24,6.742600
1994-02-25,6.654700
1994-02-28,6.567000
1994-03-01,6.709400
1994-03-02,6.739500
1994-03-03,6.766400
1994-03-04,6.695800
1994-03-07,6.611200
1994-03-08,6.645300
1994-03-09,6.714300
1994-03-10,6.692300
1994-03-11,6.872400
1994-03-14,6.816600
1994-03-15,6.713600
1994-03-16,6.875500
1994-03-17,6.874900
1994-03-18,7.004500
1994-03-21,6.972900
1994-03-22,6.906600
1994-03-23,7.016300
1994-03-24,7.309300
1994-03-25,7.472700
1994-03-28,7.454100
1994-03-29,7.611400
1994-03-30,7.505100
1994-03-31,7.397600
1994-04-05,7.513300
1994-04-06,7.415200
1994-04-07,7.446300
1994-04-08,7.484300
1994-04-11,7.428300
1994-04-12,7.442800
1994-04-13,7.478200
1994-04-14,7.478900
1994-04-15,7.408100
1994-04-18,7.634400
1994-04-19,7.666800
1994-04-20,7.773200
1994-04-21,7.751300
1994-04-22,7.679600
1994-04-25,7.843600
1994-04-26,7.773000
1994-04-27,7.746100
1994-04-28,7.802600
1994-04-29,7.765300
1994-05-03,7.894100
1994-05-04,8.103600
1994-05-05,8.039400
1994-05-06,8.110600
1994-05-09,8.195600
1994-05-10,8.151600
1994-05-11,8.068900
1994-05-12,8.006000
1994-05-13,7.885100
1994-05-16,7.879000
1994-05-17,7.842300
1994-05-18,7.814300
1994-05-19,7.696400
1994-05-20,7.705000
1994-05-23,7.771900
1994-05-24,7.913600
1994-05-25,8.056500
1994-05-26,8.093800
1994-05-27,8.228300
1994-05-31,8.347000
1994-06-01,8.710800
1994-06-02,8.504200
1994-06-03,8.222300
1994-06-06,8.245400
1994-06-07,8.388700
1994-06-08,8.287100
1994-06-09,8.348300
1994-06-10,8.300000
1994-06-13,8.486400
1994-06-14,8.479900
1994-06-15,8.342900
1994-06-16,8.539300
1994-06-17,8.526800
1994-06-20,8.708600
1994-06-21,8.752900
1994-06-22,8.566100
1994-06-23,8.452300
1994-06-24,8.559500
1994-06-27,8.420200
1994-06-28,8.439200
1994-06-29,8.379700
1994-06-30,8.563900
1994-07-01,8.547600
1994-07-04,8.503900
1994-07-05,8.510000
1994-07-06,8.489000
1994-07-07,8.512500
1994-07-08,8.490100
1994-07-11,8.398800
1994-07-12,8.238000
1994-07-13,8.147700
1994-07-14,8.057000
1994-07-15,8.068200
1994-07-18,8.046000
1994-07-19,8.037600
1994-07-20,8.117600
1994-07-21,8.116800
1994-07-22,8.157500
1994-07-25,8.175300
1994-07-26,8.187900
1994-07-27,8.478600
1994-07-28,8.495800
1994-07-29,8.509400
1994-08-01,8.496700
1994-08-02,8.316000
1994-08-03,8.338400
1994-08-04,8.405700
1994-08-05,8.411300
1994-08-08,8.361200
1994-08-09,8.434500
1994-08-10,8.411200
1994-08-11,8.620200
1994-08-12,8.639100
1994-08-15,8.662900
1994-08-16,8.597000
1994-08-17,8.552800
1994-08-18,8.640700
1994-08-19,8.652900
1994-08-22,8.647200
1994-08-23,8.647600
1994-08-24,8.663000
1994-08-25,8.578700
1994-08-26,8.509000
1994-08-30,8.533900
1994-08-31,8.508900
1994-09-01,8.453200
1994-09-02,8.566200
1994-09-05,8.559800
1994-09-06,8.688100
1994-09-07,8.648400
1994-09-08,8.508800
1994-09-09,8.671400
1994-09-12,8.701400
1994-09-13,8.692300
1994-09-14,8.870300
1994-09-15,8.741600
1994-09-16,8.936300
1994-09-19,8.960900
1994-09-20,9.011900
1994-09-21,9.038500
1994-09-22,8.933100
1994-09-23,8.920200
1994-09-26,8.906100
1994-09-27,8.902100
1994-09-28,8.817100
1994-09-29,8.857400
1994-09-30,8.839400
1994-10-03,8.929100
1994-10-04,8.916100
1994-10-05,8.924200
1994-10-06,8.829800
1994-10-07,8.749500
1994-10-10,8.700100
1994-10-11,8.674600
1994-10-12,8.596100
1994-10-13,8.548200
1994-10-14,8.594200
1994-10-17,8.482100
1994-10-18,8.556500
1994-10-19,8.591100
1994-10-20,8.637200
1994-10-21,8.663400
1994-10-24,8.730400
1994-10-25,8.863500
1994-10-26,8.909400
1994-10-27,8.802300
1994-10-28,8.713700
1994-10-31,8.774800
1994-11-01,8.683500
1994-11-02,8.755500
1994-11-03,8.701000
1994-11-04,8.645800
1994-11-07,8.730200
1994-11-08,8.725400
1994-11-09,8.640300
1994-11-10,8.629400
1994-11-11,8.654200
1994-11-14,8.634200
1994-11-15,8.573700
1994-11-16,8.544300
1994-11-17,8.553400
1994-11-18,8.495100
1994-11-21,8.506800
1994-11-22,8.485700
1994-11-23,8.395600
1994-11-24,8.389900
1994-11-25,8.430800
1994-11-28,8.393100
1994-11-29,8.487400
1994-11-30,8.488200
1994-12-01,8.503800
1994-12-02,8.502500
1994-12-05,8.570700
1994-12-06,8.636200
1994-12-07,8.614100
1994-12-08,8.585400
1994-12-09,8.515200
1994-12-12,8.577800
1994-12-13,8.628400
1994-12-14,8.600900
1994-12-15,8.557300
1994-12-16,8.575600
1994-12-19,8.563800
1994-12-20,8.579400
1994-12-21,8.552600
1994-12-22,8.545500
1994-12-23,8.553800
1994-12-28,8.555100
1994-12-29,8.794200
1994-12-30,8.753700
1995-01-03,8.809800
1995-01-04,8.752500
1995-01-05,8.763200
1995-01-06,8.723800
1995-01-09,8.795400
1995-01-10,8.788900
1995-01-11,8.777500
1995-01-12,8.751800
1995-01-13,8.750900
1995-01-16,8.698300
1995-01-17,8.688700
1995-01-18,8.775400
1995-01-19,8.731600
1995-01-20,8.745800
1995-01-23,8.792000
1995-01-24,8.788700
1995-01-25,8.793200
1995-01-26,8.738100
1995-01-27,8.668700
1995-01-30,8.642500
1995-01-31,8.621400
1995-02-01,8.603100
1995-02-02,8.625200
1995-02-03,8.620400
1995-02-06,8.628500
1995-02-07,8.525800
1995-02-08,8.545500
1995-02-09,8.540100
1995-02-10,8.565300
1995-02-13,8.764200
1995-02-14,8.761900
1995-02-15,8.627000
1995-02-16,8.636800
1995-02-17,8.648300
1995-02-20,8.704000
1995-02-21,8.747500
1995-02-22,8.691300
1995-02-23,8.584900
1995-02-24,8.664700
1995-02-27,8.670500
1995-02-28,8.655300
1995-03-01,8.602300
1995-03-02,8.560500
1995-03-03,8.574500
1995-03-06,8.654900
1995-03-07,8.818300
1995-03-08,8.769600
1995-03-09,8.732800
1995-03-10,8.690400
1995-03-13,8.707100
1995-03-14,8.557100
1995-03-15,8.532900
1995-03-16,8.430500
1995-03-17,8.512200
1995-03-20,8.470400
1995-03-21,8.435100
1995-03-22,8.436100
1995-03-23,8.457900
1995-03-24,8.423000
1995-03-27,8.444400
1995-03-28,8.477400
1995-03-29,8.532200
1995-03-30,8.413500
1995-03-31,8.485800
1995-04-03,8.430600
1995-04-04,8.394100
1995-04-05,8.370400
1995-04-06,8.392500
1995-04-07,8.324200
1995-04-10,8.379500
1995-04-11,8.381300
1995-04-12,8.305600
1995-04-13,8.276500
1995-04-18,8.268200
1995-04-19,8.391000
1995-04-20,8.361700
1995-04-21,8.307200
1995-04-24,8.325700
1995-04-25,8.388700
1995-04-26,8.322500
1995-04-27,8.362800
1995-04-28,8.413200
1995-05-01,8.419100
1995-05-02,8.406700
1995-05-03,8.342400
1995-05-04,8.288300
1995-05-05,8.212700
1995-05-09,8.234100
1995-05-10,8.056400
1995-05-11,8.136500
1995-05-12,8.163500
1995-05-15,8.150000
1995-05-16,8.078800
1995-05-17,8.077600
1995-05-18,7.972500
1995-05-19,7.980200
1995-05-22,7.967300
1995-05-23,7.944600
1995-05-24,7.750300
1995-05-25,7.743400
1995-05-26,7.805100
1995-05-30,7.749500
1995-05-31,7.761300
1995-06-01,7.638000
1995-06-02,7.484200
1995-06-05,7.451700
1995-06-06,7.428700
1995-06-07,7.527400
1995-06-08,7.655900
1995-06-09,7.894600
1995-06-12,7.936600
1995-06-13,7.778600
1995-06-14,7.842700
1995-06-15,7.896300
1995-06-16,7.978600
1995-06-19,7.895300
1995-06-20,7.884100
1995-06-21,7.897100
1995-06-22,7.775900
1995-06-23,7.906100
1995-06-26,8.124700
1995-06-27,8.191400
1995-06-28,8.233800
1995-06-29,8.277200
1995-06-30,8.263000
1995-07-03,8.234400
1995-07-04,8.186100
1995-07-05,8.103500
1995-07-06,8.111500
1995-07-07,7.898200
1995-07-10,7.851800
1995-07-11,7.865900
1995-07-12,7.845300
1995-07-13,7.913400
1995-07-14,7.973500
1995-07-17,7.949600
1995-07-18,7.981800
1995-07-19,8.010100
1995-07-20,8.041400
1995-07-21,8.045500
1995-07-24,7.990900
1995-07-25,7.954900
1995-07-26,7.871100
1995-07-27,7.860500
1995-07-28,7.925300
1995-07-31,7.920200
1995-08-01,7.946800
1995-08-02,7.838200
1995-08-03,7.848800
1995-08-04,7.783600
1995-08-07,7.750000
1995-08-08,7.730300
1995-08-09,7.739600
1995-08-10,7.687300
1995-08-11,7.772000
1995-08-14,7.906200
1995-08-15,7.978800
1995-08-16,7.881800
1995-08-17,7.835700
1995-08-18,7.796200
1995-08-21,7.725900
1995-08-22,7.720400
1995-08-23,7.739500
1995-08-24,7.725300
1995-08-25,7.699900
1995-08-29,7.676600
1995-08-30,7.677300
1995-08-31,7.704300
1995-09-01,7.576900
1995-09-04,7.535800
1995-09-05,7.537500
1995-09-06,7.529600
1995-09-07,7.543100
1995-09-08,7.518600
1995-09-11,7.516800
1995-09-12,7.445500
1995-09-13,7.377400
1995-09-14,7.339400
1995-09-15,7.410900
1995-09-18,7.461600
1995-09-19,7.464200
1995-09-20,7.447200
1995-09-21,7.475800
1995-09-22,7.644800
1995-09-25,7.671800
1995-09-26,7.633700
1995-09-27,7.772100
1995-09-28,7.768600
1995-09-29,7.702600
1995-10-02,7.600700
1995-10-03,7.541800
1995-10-04,7.522200
1995-10-05,7.549200
1995-10-06,7.572600
1995-10-09,7.656200
1995-10-10,7.675700
1995-10-11,7.707900
1995-10-12,7.753900
1995-10-13,7.679100
1995-10-16,7.696900
1995-10-17,7.711700
1995-10-18,7.628300
1995-10-19,7.619400
1995-10-20,7.695200
1995-10-23,7.740000
1995-10-24,7.734600
1995-10-25,7.576100
1995-10-26,7.557000
1995-10-27,7.590800
1995-10-30,7.560400
1995-10-31,7.501400
1995-11-01,7.462800
1995-11-02,7.431000
1995-11-03,7.448500
1995-11-06,7.391300
1995-11-07,7.393200
1995-11-08,7.307800
1995-11-09,7.342300
1995-11-10,7.397300
1995-11-13,7.352900
1995-11-14,7.335400
1995-11-15,7.317700
1995-11-16,7.205900
1995-11-17,7.233100
1995-11-20,7.272500
1995-11-21,7.272900
1995-11-22,7.209000
1995-11-23,7.167700
1995-11-24,7.144900
1995-11-27,7.045900
1995-11-28,7.127000
1995-11-29,7.070900
1995-11-30,7.032300
1995-12-01,6.969400
1995-12-04,6.970800
1995-12-05,6.955800
1995-12-06,6.874700
1995-12-07,6.923800
1995-12-08,6.986700
1995-12-11,6.966900
1995-12-12,6.960100
1995-12-13,6.930900
1995-12-14,6.869000
1995-12-15,6.848900
1995-12-18,6.907000
1995-12-19,6.980700
1995-12-20,6.953100
1995-12-21,7.012000
1995-12-22,6.984700
1995-12-27,6.879700
1995-12-28,6.914300
1995-12-29,6.899000
1996-01-02,6.989200
1996-01-03,7.056500
1996-01-04,6.950400
1996-01-05,7.004900
1996-01-08,7.031200
1996-01-09,7.018300
1996-01-10,7.030200
1996-01-11,7.016800
1996-01-12,6.976100
1996-01-15,6.930500
1996-01-16,6.812600
1996-01-17,6.809800
1996-01-18,6.685900
1996-01-19,6.739500
1996-01-22,6.784600
1996-01-23,6.822100
1996-01-24,6.781700
1996-01-25,6.827800
1996-01-26,6.884900
1996-01-29,6.928300
1996-01-30,6.885100
1996-01-31,6.935600
1996-02-01,6.924800
1996-02-02,7.014800
1996-02-05,7.158200
1996-02-06,7.101800
1996-02-07,7.051900
1996-02-08,7.040600
1996-02-09,7.049300
1996-02-12,7.043800
1996-02-13,7.029900
1996-02-14,7.092900
1996-02-15,7.071300
1996-02-16,7.050300
1996-02-19,7.223700
1996-02-20,7.316900
1996-02-21,7.259300
1996-02-22,7.275700
1996-02-23,7.280200
1996-02-26,7.379400
1996-02-27,7.361100
1996-02-28,7.348400
1996-02-29,7.404800
1996-03-01,7.246400
1996-03-04,7.137300
1996-03-05,7.184300
1996-03-06,7.201200
1996-03-07,7.248800
1996-03-08,7.506000
1996-03-11,7.634200
1996-03-12,7.691300
1996-03-13,7.607900
1996-03-14,7.547500
1996-03-15,7.582900
1996-03-18,7.580400
1996-03-19,7.606100
1996-03-20,7.543500
1996-03-21,7.533700
1996-03-22,7.612900
1996-03-25,7.570700
1996-03-26,7.614400
1996-03-27,7.623600
1996-03-28,7.712900
1996-03-29,7.668100
1996-04-01,7.598500
1996-04-02,7.561200
1996-04-03,7.574200
1996-04-04,7.563400
1996-04-09,7.651400
1996-04-10,7.619200
1996-04-11,7.715800
1996-04-12,7.627500
1996-04-15,7.606300
1996-04-16,7.570200
1996-04-17,7.690100
1996-04-18,7.637200
1996-04-19,7.577500
1996-04-22,7.560000
1996-04-23,7.549800
1996-04-24,7.567600
1996-04-25,7.474900
1996-04-26,7.486900
1996-04-29,7.496200
1996-04-30,7.524900
1996-05-01,7.532000
1996-05-02,7.642200
1996-05-03,7.714500
1996-05-07,7.723500
1996-05-08,7.663000
1996-05-09,7.639900
1996-05-10,7.561800
1996-05-13,7.564500
1996-05-14,7.518200
1996-05-15,7.565500
1996-05-16,7.562400
1996-05-17,7.498500
1996-05-20,7.496400
1996-05-21,7.538200
1996-05-22,7.555100
1996-05-23,7.540200
1996-05-24,7.551100
1996-05-28,7.547400
1996-05-29,7.560800
1996-05-30,7.653700
1996-05-31,7.650400
1996-06-03,7.599000
1996-06-04,7.542000
1996-06-05,7.569000
1996-06-06,7.465000
1996-06-07,7.551400
1996-06-10,7.506200
1996-06-11,7.464300
1996-06-12,7.501800
1996-06-13,7.505400
1996-06-14,7.561100
1996-06-17,7.568100
1996-06-18,7.546200
1996-06-19,7.536500
1996-06-20,7.542400
1996-06-21,7.471900
1996-06-24,7.449700
1996-06-25,7.435200
1996-06-26,7.418200
1996-06-27,7.462600
1996-06-28,7.362200
1996-07-01,7.380900
1996-07-02,7.363200
1996-07-03,7.374700
1996-07-04,7.321500
1996-07-05,7.393100
1996-07-08,7.379600
1996-07-09,7.344600
1996-07-10,7.311500
1996-07-11,7.283200
1996-07-12,7.309500
1996-07-15,7.340100
1996-07-16,7.362100
1996-07-17,7.343000
1996-07-18,7.310100
1996-07-19,7.332500
1996-07-22,7.353200
1996-07-23,7.365400
1996-07-24,7.328300
1996-07-25,7.339500
1996-07-26,7.324200
1996-07-29,7.337000
1996-07-30,7.348500
1996-07-31,7.348000
1996-08-01,7.313100
1996-08-02,7.243600
1996-08-05,7.221200
1996-08-06,7.205900
1996-08-07,7.198200
1996-08-08,7.246300
1996-08-09,7.247300
1996-08-12,7.246200
1996-08-13,7.224700
1996-08-14,7.283300
1996-08-15,7.267600
1996-08-16,7.199600
1996-08-19,7.210800
1996-08-20,7.214300
1996-08-21,7.241800
1996-08-22,7.172900
1996-08-23,7.208700
1996-08-27,7.250300
1996-08-28,7.241600
1996-08-29,7.226900
1996-08-30,7.267600
1996-09-02,7.248800
1996-09-03,7.283900
1996-09-04,7.296700
1996-09-05,7.299100
1996-09-06,7.299200
1996-09-09,7.266300
1996-09-10,7.275800
1996-09-11,7.274400
1996-09-12,7.244200
1996-09-13,7.137300
1996-09-16,7.129200
1996-09-17,7.149900
1996-09-18,7.223700
1996-09-19,7.222500
1996-09-20,7.223800
1996-09-23,7.284100
1996-09-24,7.284200
1996-09-25,7.208100
1996-09-26,7.141500
1996-09-27,7.117200
1996-09-30,7.126500
1996-10-01,7.081200
1996-10-02,6.981600
1996-10-03,6.979700
1996-10-04,6.890900
1996-10-07,6.914800
1996-10-08,6.886300
1996-10-09,6.853800
1996-10-10,6.953700
1996-10-11,6.960100
1996-10-14,6.953400
1996-10-15,6.906700
1996-10-16,7.056800
1996-10-17,7.055700
1996-10-18,7.133700
1996-10-21,7.143700
1996-10-22,7.059700
1996-10-23,7.090500
1996-10-24,7.150000
1996-10-25,7.069000
1996-10-28,7.117000
1996-10-29,7.114700
1996-10-30,7.234700
1996-10-31,7.268700
1996-11-01,7.340300
1996-11-04,7.379200
1996-11-05,7.266800
1996-11-06,7.301100
1996-11-07,7.398600
1996-11-08,7.359400
1996-11-11,7.306100
1996-11-12,7.296700
1996-11-13,7.396900
1996-11-14,7.332200
1996-11-15,7.299500
1996-11-18,7.260400
1996-11-19,7.242600
1996-11-20,7.269600
1996-11-21,7.236200
1996-11-22,7.190400
1996-11-25,7.166200
1996-11-26,7.160700
1996-11-27,7.187800
1996-11-28,7.152200
1996-11-29,7.079800
1996-12-02,7.092900
1996-12-03,7.111200
1996-12-04,7.209300
1996-12-05,7.282200
1996-12-06,7.347600
1996-12-09,7.263100
1996-12-10,7.202300
1996-12-11,7.305000
1996-12-12,7.371200
1996-12-13,7.317000
1996-12-16,7.315600
1996-12-17,7.344400
1996-12-18,7.411700
1996-12-19,7.376200
1996-12-20,7.350900
1996-12-23,7.292100
1996-12-24,7.279500
1996-12-27,7.284100
1996-12-30,7.296100
1996-12-31,7.296000
1997-01-02,7.457900
1997-01-03,7.425300
1997-01-06,7.454300
1997-01-07,7.451200
1997-01-08,7.414700
1997-01-09,7.339400
1997-01-10,7.317400
1997-01-13,7.238100
1997-01-14,7.228600
1997-01-15,7.220900
1997-01-16,7.114700
1997-01-17,7.079300
1997-01-20,7.109800
1997-01-21,7.118800
1997-01-22,7.021800
1997-01-23,7.070200
1997-01-24,7.158000
1997-01-27,7.176800
1997-01-28,7.145000
1997-01-29,7.217100
1997-01-30,7.183500
1997-01-31,7.108200
1997-02-03,7.030300
1997-02-04,6.984800
1997-02-05,7.017900
1997-02-06,7.002800
1997-02-07,6.864000
1997-02-10,6.905200
1997-02-11,6.881000
1997-02-12,6.863600
1997-02-13,6.872200
1997-02-14,6.870100
1997-02-17,6.881200
1997-02-18,6.821500
1997-02-19,6.861600
1997-02-20,6.833800
1997-02-21,6.858800
1997-02-24,6.885300
1997-02-25,6.873300
1997-02-26,6.924200
1997-02-27,6.892200
1997-02-28,6.997400
1997-03-03,6.981600
1997-03-04,6.965300
1997-03-05,7.030800
1997-03-06,7.013700
1997-03-07,6.996100
1997-03-10,6.951200
1997-03-11,6.961700
1997-03-12,7.001600
1997-03-13,7.040500
1997-03-14,7.043200
1997-03-17,7.140800
1997-03-18,7.188400
1997-03-19,7.339700
1997-03-20,7.405500
1997-03-21,7.381100
1997-03-24,7.380300
1997-03-25,7.361700
1997-03-26,7.389200
1997-03-27,7.424800
1997-04-01,7.502100
1997-04-02,7.463300
1997-04-03,7.466800
1997-04-04,7.443000
1997-04-07,7.391400
1997-04-08,7.375900
1997-04-09,7.352600
1997-04-10,7.366900
1997-04-11,7.424900
1997-04-14,7.383200
1997-04-15,7.296900
1997-04-16,7.297100
1997-04-17,7.243600
1997-04-18,7.292200
1997-04-21,7.341500
1997-04-22,7.347700
1997-04-23,7.350200
1997-04-24,7.398800
1997-04-25,7.427800
1997-04-28,7.405300
1997-04-29,7.314300
1997-04-30,7.218200
1997-05-01,7.195300
1997-05-02,7.159100
1997-05-06,6.970900
1997-05-07,7.023000
1997-05-08,6.971000
1997-05-09,6.946100
1997-05-12,6.881400
1997-05-13,6.933700
1997-05-14,6.913500
1997-05-15,6.907200
1997-05-16,6.970500
1997-05-19,7.008700
1997-05-20,7.008500
1997-05-21,7.064400
1997-05-22,7.179400
1997-05-23,7.110700
1997-05-27,7.126400
1997-05-28,7.137000
1997-05-29,7.142400
1997-05-30,7.113300
1997-06-02,7.113300
1997-06-03,7.028000
1997-06-04,7.061500
1997-06-05,7.065500
1997-06-06,7.017400
1997-06-09,7.090500
1997-06-10,7.090100
1997-06-11,7.075000
1997-06-12,7.009600
1997-06-13,6.981500
1997-06-16,6.969900
1997-06-17,6.998500
1997-06-18,7.092700
1997-06-19,7.146600
1997-06-20,7.109400
1997-06-23,7.183100
1997-06-24,7.158900
1997-06-25,7.097300
1997-06-26,7.099200
1997-06-27,7.051500
1997-06-30,7.107100
1997-07-01,7.046800
1997-07-02,7.033400
1997-07-03,7.158900
1997-07-04,7.149800
1997-07-07,7.143500
1997-07-08,7.185200
1997-07-09,7.229000
1997-07-10,7.211600
1997-07-11,7.124400
1997-07-14,7.177200
1997-07-15,7.192600
1997-07-16,7.158200
1997-07-17,7.152900
1997-07-18,7.175000
1997-07-21,7.192600
1997-07-22,7.142400
1997-07-23,7.095600
1997-07-24,7.083500
1997-07-25,7.051600
1997-07-28,7.090500
1997-07-29,7.077000
1997-07-30,7.012200
1997-07-31,7.052300
1997-08-01,7.106000
1997-08-04,7.151000
1997-08-05,7.169700
1997-08-06,7.111300
1997-08-07,6.992100
1997-08-08,7.106000
1997-08-11,7.113400
1997-08-12,7.077900
1997-08-13,7.115500
1997-08-14,7.077600
1997-08-15,7.091000
1997-08-18,7.058100
1997-08-19,7.061900
1997-08-20,7.038600
1997-08-21,7.044700
1997-08-22,7.118700
1997-08-26,7.100000
1997-08-27,7.114200
1997-08-28,7.102600
1997-08-29,7.101300
1997-09-01,7.060100
1997-09-02,7.034300
1997-09-03,7.014500
1997-09-04,7.014200
1997-09-05,7.005700
1997-09-08,6.961200
1997-09-09,6.989800
1997-09-10,7.000500
1997-09-11,6.995800
1997-09-12,6.963100
1997-09-15,6.927200
1997-09-16,6.751600
1997-09-17,6.788800
1997-09-18,6.747000
1997-09-19,6.799100
1997-09-22,6.765800
1997-09-23,6.789000
1997-09-24,6.750700
1997-09-25,6.731200
1997-09-26,6.459700
1997-09-29,6.534800
1997-09-30,6.547200
1997-10-01,6.480700
1997-10-02,6.473000
1997-10-03,6.370100
1997-10-06,6.471800
1997-10-07,6.525100
1997-10-08,6.646000
1997-10-09,6.715000
1997-10-10,6.740400
1997-10-13,6.658400
1997-10-14,6.606100
1997-10-15,6.602400
1997-10-16,6.640400
1997-10-17,6.641700
1997-10-20,6.763700
1997-10-21,6.769400
1997-10-22,6.768900
1997-10-23,6.704200
1997-10-24,6.695300
1997-10-27,6.717700
1997-10-28,6.725900
1997-10-29,6.731600
1997-10-30,6.701900
1997-10-31,6.680700
1997-11-03,6.724500
1997-11-04,6.731800
1997-11-05,6.769800
1997-11-06,6.852200
1997-11-07,6.799400
1997-11-10,6.826200
1997-11-11,6.949600
1997-11-12,7.019100
1997-11-13,6.981500
1997-11-14,6.881200
1997-11-17,6.863700
1997-11-18,6.904200
1997-11-19,6.858800
1997-11-20,6.769300
1997-11-21,6.783900
1997-11-24,6.752500
1997-11-25,6.751300
1997-11-26,6.804300
1997-11-27,6.837200
1997-11-28,6.791900
1997-12-01,6.784300
1997-12-02,6.778400
1997-12-03,6.779900
1997-12-04,6.715900
1997-12-05,6.776200
1997-12-08,6.751100
1997-12-09,6.686500
1997-12-10,6.686800
1997-12-11,6.574500
1997-12-12,6.548600
1997-12-15,6.523400
1997-12-16,6.515400
1997-12-17,6.551700
1997-12-18,6.532500
1997-12-19,6.480400
1997-12-22,6.492700
1997-12-23,6.447300
1997-12-24,6.444500
1997-12-29,6.455900
1997-12-30,6.564800
1997-12-31,6.531900
1998-01-02,6.518500
1998-01-05,6.358000
1998-01-06,6.318400
1998-01-07,6.320600
1998-01-08,6.282800
1998-01-09,6.234100
1998-01-12,6.160800
1998-01-13,6.203800
1998-01-14,6.314100
1998-01-15,6.339200
1998-01-16,6.353800
1998-01-19,6.371900
1998-01-20,6.356200
1998-01-21,6.348600
1998-01-22,6.280900
1998-01-23,6.275600
1998-01-26,6.322600
1998-01-27,6.302000
1998-01-28,6.343300
1998-01-29,6.294300
1998-01-30,6.250700
1998-02-02,6.275600
1998-02-03,6.279700
1998-02-04,6.315500
1998-02-05,6.272600
1998-02-06,6.263600
1998-02-09,6.250200
1998-02-10,6.166900
1998-02-11,6.157600
1998-02-12,6.158600
1998-02-13,6.153600
1998-02-16,6.148300
1998-02-17,6.169600
1998-02-18,6.196500
1998-02-19,6.169000
1998-02-20,6.186800
1998-02-23,6.213200
1998-02-24,6.262400
1998-02-25,6.271400
1998-02-26,6.278200
1998-02-27,6.345000
1998-03-02,6.296400
1998-03-03,6.347100
1998-03-04,6.351300
1998-03-05,6.294500
1998-03-06,6.270000
1998-03-09,6.174500
1998-03-10,6.205200
1998-03-11,6.206200
1998-03-12,6.194600
1998-03-13,6.227100
1998-03-16,6.182400
1998-03-17,6.182400
1998-03-18,6.184800
1998-03-19,6.222100
1998-03-20,6.178100
1998-03-23,6.182200
1998-03-24,6.160500
1998-03-25,6.184600
1998-03-26,6.207500
1998-03-27,6.233600
1998-03-30,6.242800
1998-03-31,6.174500
1998-04-01,6.176900
1998-04-02,6.102600
1998-04-03,6.049500
1998-04-06,6.011100
1998-04-07,6.025000
1998-04-08,6.023600
1998-04-09,6.001900
1998-04-14,6.003100
1998-04-15,6.010700
1998-04-16,6.048100
1998-04-17,6.052900
1998-04-20,6.049100
1998-04-21,6.049000
1998-04-22,6.087800
1998-04-23,6.068300
1998-04-24,6.023200
1998-04-27,6.105400
1998-04-28,6.075000
1998-04-29,6.062600
1998-04-30,6.030700
1998-05-01,5.943000
1998-05-05,6.027400
1998-05-06,6.032900
1998-05-07,6.083000
1998-05-08,6.065700
1998-05-11,6.069000
1998-05-12,6.084200
1998-05-13,6.103400
1998-05-14,6.137900
1998-05-15,6.182200
1998-05-18,6.174700
1998-05-19,6.172200
1998-05-20,6.148500
1998-05-21,6.087600
1998-05-22,6.073600
1998-05-26,6.021300
1998-05-27,6.023700
1998-05-28,6.015800
1998-05-29,5.945800
1998-06-01,5.917200
1998-06-02,5.943100
1998-06-03,5.953400
1998-06-04,6.087200
1998-06-05,6.096900
1998-06-08,6.104100
1998-06-09,6.129800
1998-06-10,6.077400
1998-06-11,6.016100
1998-06-12,6.031700
1998-06-15,6.026500
1998-06-16,6.236200
1998-06-17,6.405100
1998-06-18,6.414700
1998-06-19,6.435100
1998-06-22,6.356100
1998-06-23,6.329700
1998-06-24,6.267700
1998-06-25,6.281300
1998-06-26,6.305200
1998-06-29,6.328700
1998-06-30,6.313000
1998-07-01,6.299600
1998-07-02,6.281200
1998-07-03,6.295400
1998-07-06,6.248900
1998-07-07,6.286800
1998-07-08,6.316900
1998-07-09,6.204400
1998-07-10,6.217900
1998-07-13,6.250400
1998-07-14,6.204300
1998-07-15,6.294800
1998-07-16,6.262400
1998-07-17,6.239400
1998-07-20,6.271700
1998-07-21,6.277400
1998-07-22,6.333900
1998-07-23,6.331200
1998-07-24,6.367400
1998-07-27,6.349000
1998-07-28,6.225600
1998-07-29,6.186200
1998-07-30,6.233900
1998-07-31,6.197200
1998-08-03,6.132900
1998-08-04,6.123200
1998-08-05,6.127800
1998-08-06,6.058500
1998-08-07,6.030300
1998-08-10,5.992200
1998-08-11,5.949700
1998-08-12,5.900600
1998-08-13,5.994200
1998-08-14,5.977600
1998-08-17,5.962300
1998-08-18,5.966700
1998-08-19,6.002900
1998-08-20,5.948000
1998-08-21,5.851100
1998-08-24,5.854600
1998-08-25,5.820400
1998-08-26,5.835700
1998-08-27,5.733200
1998-08-28,5.656900
1998-09-01,5.709700
1998-09-02,5.750100
1998-09-03,5.703500
1998-09-04,5.702400
1998-09-07,5.636200
1998-09-08,5.703200
1998-09-09,5.595200
1998-09-10,5.429600
1998-09-11,5.450400
1998-09-14,5.475000
1998-09-15,5.411800
1998-09-16,5.415600
1998-09-17,5.305700
1998-09-18,5.313200
1998-09-21,5.223300
1998-09-22,5.281400
1998-09-23,5.336900
1998-09-24,5.320800
1998-09-25,5.251200
1998-09-28,5.210300
1998-09-29,5.228600
1998-09-30,5.143200
1998-10-01,4.919600
1998-10-02,4.792200
1998-10-05,4.736900
1998-10-06,4.836100
1998-10-07,4.887800
1998-10-08,4.892600
1998-10-09,5.158400
1998-10-12,5.248800
1998-10-13,5.174300
1998-10-14,5.133900
1998-10-15,5.109500
1998-10-16,5.018300
1998-10-19,4.968400
1998-10-20,5.066600
1998-10-21,5.055700
1998-10-22,5.112300
1998-10-23,5.198300
1998-10-26,5.161100
1998-10-27,5.097700
1998-10-28,5.112000
1998-10-29,5.042000
1998-10-30,5.060100
1998-11-02,5.076100
1998-11-03,4.951900
1998-11-04,5.024200
1998-11-05,5.018100
1998-11-06,5.147200
1998-11-09,5.115600
1998-11-10,5.045400
1998-11-11,5.147700
1998-11-12,5.112300
1998-11-13,5.083400
1998-11-16,5.075700
1998-11-17,5.022700
1998-11-18,4.927400
1998-11-19,4.935400
1998-11-20,4.965500
1998-11-23,4.928200
1998-11-24,4.947700
1998-11-25,4.926700
1998-11-26,4.847800
1998-11-27,4.862200
1998-11-30,4.809600
1998-12-01,4.764700
1998-12-02,4.736500
1998-12-03,4.667000
1998-12-04,4.651000
1998-12-07,4.649200
1998-12-08,4.616300
1998-12-09,4.565300
1998-12-10,4.532700
1998-12-11,4.513000
1998-12-14,4.506000
1998-12-15,4.509000
1998-12-16,4.522500
1998-12-17,4.534100
1998-12-18,4.539400
1998-12-21,4.582700
1998-12-22,4.597600
1998-12-23,4.508400
1998-12-24,4.520300
1998-12-29,4.496700
1998-12-30,4.450400
1998-12-31,4.445100
1999-01-04,4.414300
1999-01-05,4.464800
1999-01-06,4.460900
1999-01-07,4.386600
1999-01-08,4.346600
1999-01-11,4.367300
1999-01-12,4.430500
1999-01-13,4.354100
1999-01-14,4.338700
1999-01-15,4.350500
1999-01-18,4.361200
1999-01-19,4.392600
1999-01-20,4.366600
1999-01-21,4.304500
1999-01-22,4.244400
1999-01-25,4.304000
1999-01-26,4.307600
1999-01-27,4.307900
1999-01-28,4.311000
1999-01-29,4.267400
1999-02-01,4.275000
1999-02-02,4.299700
1999-02-03,4.374600
1999-02-04,4.416400
1999-02-05,4.367700
1999-02-08,4.444200
1999-02-09,4.440200
1999-02-10,4.436700
1999-02-11,4.446600
1999-02-12,4.557000
1999-02-15,4.607900
1999-02-16,4.607900
1999-02-17,4.643200
1999-02-18,4.620300
1999-02-19,4.583900
1999-02-22,4.548700
1999-02-23,4.511600
1999-02-24,4.519400
1999-02-25,4.676400
1999-02-26,4.711700
1999-03-01,4.824600
1999-03-02,4.791100
1999-03-03,4.914600
1999-03-04,4.914800
1999-03-05,4.788300
1999-03-08,4.799800
1999-03-09,4.873700
1999-03-10,4.825300
1999-03-11,4.778100
1999-03-12,4.762000
1999-03-15,4.761400
1999-03-16,4.709900
1999-03-17,4.642000
1999-03-18,4.615100
1999-03-19,4.631800
1999-03-22,4.655300
1999-03-23,4.674300
1999-03-24,4.680700
1999-03-25,4.663100
1999-03-26,4.704100
1999-03-29,4.689200
1999-03-30,4.679000
1999-03-31,4.639900
1999-04-01,4.693700
1999-04-06,4.595200
1999-04-07,4.608900
1999-04-08,4.653200
1999-04-09,4.608400
1999-04-12,4.620500
1999-04-13,4.659400
1999-04-14,4.647400
1999-04-15,4.741300
1999-04-16,4.748600
1999-04-19,4.743400
1999-04-20,4.696000
1999-04-21,4.710300
1999-04-22,4.759800
1999-04-23,4.775800
1999-04-26,4.817800
1999-04-27,4.844700
1999-04-28,4.881800
1999-04-29,4.826600
1999-04-30,4.877700
1999-05-04,4.993800
1999-05-05,4.998600
1999-05-06,5.035300
1999-05-07,5.031400
1999-05-10,5.004700
1999-05-11,4.994400
1999-05-12,4.942300
1999-05-13,4.864900
1999-05-14,5.018800
1999-05-17,5.050900
1999-05-18,5.093100
1999-05-19,5.098600
1999-05-20,5.044100
1999-05-21,5.014200
1999-05-24,4.981500
1999-05-25,4.983100
1999-05-26,5.024800
1999-05-27,5.092500
1999-05-28,5.132600
1999-06-01,5.238100
1999-06-02,5.294900
1999-06-03,5.270100
1999-06-04,5.276100
1999-06-07,5.237600
1999-06-08,5.288800
1999-06-09,5.295000
1999-06-10,5.393100
1999-06-11,5.392800
1999-06-14,5.358000
1999-06-15,5.265700
1999-06-16,5.243700
1999-06-17,5.207900
1999-06-18,5.223800
1999-06-21,5.340300
1999-06-22,5.440400
1999-06-23,5.470100
1999-06-24,5.653400
1999-06-25,5.577800
1999-06-28,5.574900
1999-06-29,5.529100
1999-06-30,5.462900
1999-07-01,5.514300
1999-07-02,5.451000
1999-07-05,5.482600
1999-07-06,5.547200
1999-07-07,5.577300
1999-07-08,5.612700
1999-07-09,5.559700
1999-07-12,5.504200
1999-07-13,5.456700
1999-07-14,5.435100
1999-07-15,5.522700
1999-07-16,5.511000
1999-07-19,5.538300
1999-07-20,5.586600
1999-07-21,5.576000
1999-07-22,5.559900
1999-07-23,5.614500
1999-07-26,5.646200
1999-07-27,5.650600
1999-07-28,5.674300
1999-07-29,5.784200
1999-07-30,5.802800
1999-08-02,5.802300
1999-08-03,5.930600
1999-08-04,5.955400
1999-08-05,6.005100
1999-08-06,6.120700
1999-08-09,6.053700
1999-08-10,6.011000
1999-08-11,5.961400
1999-08-12,5.920000
1999-08-13,5.909800
1999-08-16,5.892000
1999-08-17,5.860300
1999-08-18,5.764900
1999-08-19,5.682100
1999-08-20,5.708800
1999-08-23,5.711300
1999-08-24,5.730000
1999-08-25,5.643000
1999-08-26,5.663500
1999-08-27,5.737400
1999-08-31,5.789500
1999-09-01,5.874400
1999-09-02,5.997200
1999-09-03,5.883000
1999-09-06,5.856600
1999-09-07,5.945200
1999-09-08,6.097900
1999-09-09,6.070600
1999-09-10,6.141600
1999-09-13,6.190400
1999-09-14,6.181000
1999-09-15,6.203100
1999-09-16,6.135700
1999-09-17,6.082100
1999-09-20,6.099000
1999-09-21,6.129400
1999-09-22,6.162700
1999-09-23,6.152500
1999-09-24,6.087700
1999-09-27,6.168800
1999-09-28,6.237800
1999-09-29,6.290900
1999-09-30,6.238700
1999-10-01,6.369700
1999-10-04,6.353200
1999-10-05,6.340400
1999-10-06,6.331000
1999-10-07,6.295300
1999-10-08,6.292400
1999-10-11,6.286000
1999-10-12,6.346800
1999-10-13,6.334900
1999-10-14,6.474600
1999-10-15,6.413800
1999-10-18,6.387900
1999-10-19,6.372100
1999-10-20,6.427900
1999-10-21,6.373300
1999-10-22,6.413700
1999-10-25,6.495900
1999-10-26,6.455400
1999-10-27,6.347300
1999-10-28,6.237100
1999-10-29,6.120300
1999-11-01,6.082900
1999-11-02,6.013500
1999-11-03,6.032700
1999-11-04,5.894300
1999-11-05,5.870100
1999-11-08,5.851200
1999-11-09,5.880900
1999-11-10,5.897600
1999-11-11,5.894800
1999-11-12,5.798100
1999-11-15,5.816500
1999-11-16,5.774900
1999-11-17,5.870200
1999-11-18,5.959000
1999-11-19,5.994200
1999-11-22,6.043500
1999-11-23,6.031200
1999-11-24,6.111300
1999-11-25,6.169100
1999-11-26,6.179100
1999-11-29,6.139600
1999-11-30,6.076700
1999-12-01,6.044300
1999-12-02,6.084700
1999-12-03,6.127300
1999-12-06,6.070500
1999-12-07,5.969300
1999-12-08,5.996800
1999-12-09,5.918600
1999-12-10,5.840200
1999-12-13,5.865300
1999-12-14,5.909900
1999-12-15,5.894400
1999-12-16,6.023500
1999-12-17,6.020800
1999-12-20,6.015000
1999-12-21,6.015000
1999-12-22,6.095800
1999-12-23,6.089200
1999-12-24,6.089200
1999-12-29,6.089200
1999-12-30,6.089200
2000-01-04,6.317100
2000-01-05,6.378600
2000-01-06,6.392100
2000-01-07,6.338700
2000-01-10,6.274900
2000-01-11,6.357700
2000-01-12,6.392300
2000-01-13,6.325300
2000-01-14,6.350400
2000-01-17,6.405800
2000-01-18,6.497400
2000-01-19,6.443400
2000-01-20,6.487100
2000-01-21,6.457500
2000-01-24,6.447600
2000-01-25,6.390300
2000-01-26,6.363900
2000-01-27,6.456800
2000-01-28,6.484700
2000-01-31,6.402500
2000-02-01,6.291300
2000-02-02,6.297000
2000-02-03,6.267300
2000-02-04,6.338100
2000-02-07,6.364200
2000-02-08,6.328700
2000-02-09,6.356100
2000-02-10,6.367100
2000-02-11,6.297600
2000-02-14,6.215300
2000-02-15,6.238000
2000-02-16,6.358100
2000-02-17,6.309900
2000-02-18,6.276900
2000-02-21,6.201900
2000-02-22,6.112600
2000-02-23,6.128900
2000-02-24,6.046100
2000-02-25,6.045100
2000-02-28,6.069200
2000-02-29,6.126100
2000-03-01,6.088800
2000-03-02,6.117700
2000-03-03,6.062600
2000-03-06,6.013700
2000-03-07,5.999500
2000-03-08,6.014900
2000-03-09,5.979700
2000-03-10,6.011200
2000-03-13,6.000800
2000-03-14,6.024500
2000-03-15,6.019400
2000-03-16,5.931200
2000-03-17,5.896000
2000-03-20,5.904400
2000-03-21,5.917000
2000-03-22,5.962000
2000-03-23,5.948800
2000-03-24,5.963200
2000-03-27,6.109100
2000-03-28,6.062800
2000-03-29,6.063000
2000-03-30,5.995500
2000-03-31,5.977400
2000-04-03,5.931900
2000-04-04,5.957100
2000-04-05,5.880200
2000-04-06,5.943000
2000-04-07,5.881800
2000-04-10,5.912500
2000-04-11,5.872300
2000-04-12,5.898500
2000-04-13,5.914800
2000-04-14,5.926100
2000-04-17,5.931200
2000-04-18,5.927300
2000-04-19,5.942900
2000-04-20,5.960100
2000-04-25,5.993500
2000-04-26,5.937600
2000-04-27,5.888400
2000-04-28,5.815500
2000-05-02,5.821400
2000-05-03,5.816600
2000-05-04,5.900900
2000-05-05,5.933700
2000-05-08,5.906600
2000-05-09,5.868300
2000-05-10,5.874300
2000-05-11,5.984300
2000-05-12,5.990100
2000-05-15,5.957900
2000-05-16,5.941900
2000-05-17,6.019100
2000-05-18,6.036300
2000-05-19,6.043000
2000-05-22,5.975500
2000-05-23,6.014500
2000-05-24,5.983800
2000-05-25,5.917800
2000-05-26,5.850600
2000-05-30,5.876100
2000-05-31,5.811700
2000-06-01,5.764700
2000-06-02,5.665300
2000-06-05,5.695200
2000-06-06,5.721700
2000-06-07,5.722600
2000-06-08,5.775500
2000-06-09,5.736800
2000-06-12,5.727400
2000-06-13,5.717000
2000-06-14,5.724700
2000-06-15,5.721700
2000-06-16,5.636000
2000-06-19,5.636400
2000-06-20,5.668300
2000-06-21,5.751000
2000-06-22,5.733200
2000-06-23,5.772100
2000-06-26,5.762200
2000-06-27,5.773800
2000-06-28,5.769500
2000-06-29,5.707600
2000-06-30,5.700400
2000-07-03,5.722700
2000-07-04,5.684900
2000-07-05,5.636400
2000-07-06,5.690000
2000-07-07,5.620700
2000-07-10,5.668400
2000-07-11,5.656800
2000-07-12,5.634900
2000-07-13,5.630300
2000-07-14,5.691500
2000-07-17,5.708700
2000-07-18,5.718500
2000-07-19,5.704100
2000-07-20,5.728000
2000-07-21,5.692600
2000-07-24,5.713800
2000-07-25,5.685000
2000-07-26,5.661000
2000-07-27,5.668200
2000-07-28,5.756400
2000-07-31,5.744200
2000-08-01,5.732900
2000-08-02,5.753700
2000-08-03,5.729300
2000-08-04,5.740800
2000-08-07,5.719400
2000-08-08,5.713600
2000-08-09,5.710200
2000-08-10,5.720200
2000-08-11,5.693700
2000-08-14,5.743400
2000-08-15,5.774400
2000-08-16,5.781600
2000-08-17,5.797100
2000-08-18,5.776800
2000-08-21,5.807800
2000-08-22,5.808100
2000-08-23,5.781000
2000-08-24,5.745500
2000-08-25,5.751900
2000-08-29,5.800800
2000-08-30,5.788400
2000-08-31,5.785600
2000-09-01,5.707100
2000-09-04,5.716700
2000-09-05,5.742100
2000-09-06,5.735900
2000-09-07,5.708500
2000-09-08,5.747800
2000-09-11,5.751900
2000-09-12,5.807300
2000-09-13,5.804900
2000-09-14,5.776100
2000-09-15,5.797500
2000-09-18,5.797900
2000-09-19,5.767800
2000-09-20,5.777000
2000-09-21,5.748500
2000-09-22,5.704500
2000-09-25,5.759400
2000-09-26,5.749700
2000-09-27,5.746600
2000-09-28,5.725900
2000-09-29,5.625500
2000-10-02,5.620000
2000-10-03,5.620600
2000-10-04,5.626200
2000-10-05,5.626700
2000-10-06,5.613100
2000-10-09,5.543300
2000-10-10,5.568100
2000-10-11,5.536400
2000-10-12,5.508100
2000-10-13,5.502000
2000-10-16,5.511800
2000-10-17,5.529400
2000-10-18,5.505600
2000-10-19,5.522600
2000-10-20,5.525600
2000-10-23,5.532100
2000-10-24,5.528000
2000-10-25,5.547700
2000-10-26,5.555700
2000-10-27,5.592200
2000-10-30,5.575200
2000-10-31,5.567200
2000-11-01,5.556200
2000-11-02,5.526800
2000-11-03,5.521200
2000-11-06,5.519600
2000-11-07,5.537800
2000-11-08,5.537900
2000-11-09,5.529900
2000-11-10,5.506500
2000-11-13,5.464100
2000-11-14,5.463900
2000-11-15,5.425900
2000-11-16,5.395700
2000-11-17,5.412300
2000-11-20,5.411300
2000-11-21,5.405700
2000-11-22,5.313300
2000-11-23,5.286600
2000-11-24,5.296800
2000-11-27,5.279800
2000-11-28,5.260400
2000-11-29,5.263300
2000-11-30,5.238000
2000-12-01,5.228100
2000-12-04,5.209200
2000-12-05,5.217100
2000-12-06,5.196900
2000-12-07,5.195500
2000-12-08,5.241000
2000-12-11,5.236200
2000-12-12,5.244300
2000-12-13,5.212300
2000-12-14,5.254000
2000-12-15,5.244800
2000-12-18,5.244600
2000-12-19,5.283200
2000-12-20,5.214900
2000-12-21,5.211200
2000-12-22,5.197700
2000-12-27,5.169400
2000-12-28,5.175700
2000-12-29,5.155600
2001-01-02,5.068800
2001-01-03,5.031000
2001-01-04,5.079900
2001-01-05,5.069100
2001-01-08,5.067900
2001-01-09,5.119200
2001-01-10,5.118700
2001-01-11,5.119000
2001-01-12,5.181200
2001-01-15,5.145600
2001-01-16,5.156300
2001-01-17,5.169400
2001-01-18,5.133300
2001-01-19,5.133400
2001-01-22,5.170400
2001-01-23,5.178100
2001-01-24,5.195800
2001-01-25,5.191600
2001-01-26,5.142600
2001-01-29,5.132700
2001-01-30,5.117000
2001-01-31,5.049300
2001-02-01,5.061300
2001-02-02,5.079200
2001-02-05,5.072300
2001-02-06,5.069200
2001-02-07,5.047200
2001-02-08,5.092600
2001-02-09,5.051300
2001-02-12,5.042700
2001-02-13,5.035500
2001-02-14,5.095900
2001-02-15,5.151700
2001-02-16,5.146100
2001-02-19,5.130500
2001-02-20,5.105600
2001-02-21,5.109500
2001-02-22,5.121700
2001-02-23,5.101000
2001-02-26,5.093200
2001-02-27,5.055700
2001-02-28,5.050200
2001-03-01,5.026100
2001-03-02,5.037400
2001-03-05,5.060200
2001-03-06,5.062000
2001-03-07,5.062700
2001-03-08,5.016200
2001-03-09,4.999600
2001-03-12,4.981300
2001-03-13,4.995000
2001-03-14,4.909500
2001-03-15,4.866500
2001-03-16,4.797400
2001-03-19,4.785600
2001-03-20,4.831000
2001-03-21,4.818100
2001-03-22,4.734200
2001-03-23,4.750400
2001-03-26,4.788500
2001-03-27,4.842200
2001-03-28,4.871300
2001-03-29,4.905200
2001-03-30,4.904100
2001-04-02,4.859900
2001-04-03,4.837800
2001-04-04,4.867000
2001-04-05,4.888200
2001-04-06,4.841900
2001-04-09,4.839600
2001-04-10,4.887900
2001-04-11,5.006300
2001-04-12,5.055300
2001-04-17,5.071300
2001-04-18,5.117500
2001-04-19,5.127300
2001-04-20,5.122500
2001-04-23,5.067100
2001-04-24,5.079700
2001-04-25,5.111200
2001-04-26,5.075100
2001-04-27,5.112300
2001-04-30,5.184700
2001-05-01,5.160700
2001-05-02,5.144700
2001-05-03,5.118600
2001-05-04,5.048300
2001-05-08,5.036100
2001-05-09,5.022500
2001-05-10,5.055800
2001-05-11,5.111400
2001-05-14,5.166700
2001-05-15,5.179100
2001-05-16,5.138800
2001-05-17,5.182400
2001-05-18,5.254300
2001-05-21,5.265800
2001-05-22,5.268700
2001-05-23,5.297100
2001-05-24,5.330800
2001-05-25,5.359000
2001-05-29,5.344200
2001-05-30,5.341000
2001-05-31,5.343000
2001-06-01,5.258000
2001-06-04,5.259000
2001-06-05,5.232200
2001-06-06,5.238100
2001-06-07,5.248300
2001-06-08,5.250400
2001-06-11,5.232100
2001-06-12,5.371900
2001-06-13,5.413800
2001-06-14,5.373100
2001-06-15,5.360600
2001-06-18,5.348700
2001-06-19,5.376100
2001-06-20,5.404900
2001-06-21,5.416500
2001-06-22,5.340100
2001-06-25,5.308600
2001-06-26,5.328100
2001-06-27,5.366300
2001-06-28,5.463100
2001-06-29,5.513900
2001-07-02,5.503500
2001-07-03,5.511500
2001-07-04,5.498700
2001-07-05,5.503200
2001-07-06,5.378000
2001-07-09,5.410900
2001-07-10,5.386400
2001-07-11,5.296000
2001-07-12,5.334700
2001-07-13,5.363600
2001-07-16,5.351300
2001-07-17,5.367700
2001-07-18,5.348700
2001-07-19,5.393800
2001-07-20,5.337900
2001-07-23,5.320100
2001-07-24,5.316400
2001-07-25,5.320800
2001-07-26,5.309000
2001-07-27,5.270900
2001-07-30,5.255100
2001-07-31,5.235100
2001-08-01,5.273900
2001-08-02,5.260600
2001-08-03,5.214300
2001-08-06,5.177300
2001-08-07,5.170100
2001-08-08,5.119400
2001-08-09,5.046300
2001-08-10,5.015000
2001-08-13,4.999000
2001-08-14,5.067600
2001-08-15,5.160400
2001-08-16,5.147800
2001-08-17,5.066500
2001-08-20,5.096700
2001-08-21,5.117200
2001-08-22,5.132100
2001-08-23,5.107300
2001-08-24,5.132500
2001-08-28,5.055800
2001-08-29,5.054300
2001-08-30,5.009200
2001-08-31,5.030000
2001-09-03,5.001100
2001-09-04,5.151600
2001-09-05,5.163400
2001-09-06,5.109300
2001-09-07,5.027300
2001-09-10,5.019700
2001-09-11,4.950600
2001-09-12,4.869900
2001-09-13,4.922200
2001-09-14,4.833400
2001-09-17,4.876400
2001-09-18,4.894900
2001-09-19,4.910400
2001-09-20,4.926400
2001-09-21,4.898100
2001-09-24,4.924200
2001-09-25,4.915400
2001-09-26,4.895400
2001-09-27,4.881200
2001-09-28,4.912200
2001-10-01,4.929100
2001-10-02,4.874600
2001-10-03,4.796600
2001-10-04,4.783200
2001-10-05,4.782100
2001-10-08,4.761200
2001-10-09,4.840900
2001-10-10,4.870300
2001-10-11,4.933100
2001-10-12,4.917000
2001-10-15,4.851300
2001-10-16,4.840000
2001-10-17,4.833000
2001-10-18,4.834200
2001-10-19,4.815100
2001-10-22,4.794400
2001-10-23,4.805800
2001-10-24,4.726000
2001-10-25,4.661800
2001-10-26,4.686100
2001-10-29,4.641700
2001-10-30,4.553200
2001-10-31,4.544200
2001-11-01,4.483900
2001-11-02,4.525600
2001-11-05,4.451800
2001-11-06,4.450500
2001-11-07,4.383800
2001-11-08,4.383400
2001-11-09,4.362900
2001-11-12,4.343600
2001-11-13,4.453200
2001-11-14,4.566300
2001-11-15,4.687900
2001-11-16,4.693100
2001-11-19,4.663600
2001-11-20,4.638000
2001-11-21,4.717800
2001-11-22,4.723800
2001-11-23,4.704400
2001-11-26,4.677000
2001-11-27,4.827800
2001-11-28,4.756000
2001-11-29,4.733900
2001-11-30,4.685400
2001-12-03,4.630200
2001-12-04,4.618800
2001-12-05,4.774200
2001-12-06,4.880900
2001-12-07,4.999500
2001-12-10,4.958600
2001-12-11,4.918600
2001-12-12,4.818400
2001-12-13,4.863000
2001-12-14,4.904600
2001-12-17,4.945500
2001-12-18,4.940100
2001-12-19,4.904700
2001-12-20,4.916900
2001-12-21,4.962000
2001-12-24,4.923100
2001-12-27,5.056200
2001-12-28,5.091800
2001-12-31,5.119600
2002-01-02,5.047800
2002-01-03,4.965800
2002-01-04,5.029700
2002-01-07,4.978300
2002-01-08,4.971900
2002-01-09,5.043800
2002-01-10,4.988100
2002-01-11,5.002200
2002-01-14,4.923300
2002-01-15,4.930700
2002-01-16,4.886700
2002-01-17,4.871900
2002-01-18,4.879800
2002-01-21,4.817500
2002-01-22,4.871000
2002-01-23,4.822700
2002-01-24,4.905600
2002-01-25,5.024200
2002-01-28,5.017600
2002-01-29,4.993800
2002-01-30,4.963200
2002-01-31,4.950100
2002-02-01,4.939200
2002-02-04,4.882800
2002-02-05,4.846500
2002-02-06,4.857100
2002-02-07,4.980200
2002-02-08,4.954200
2002-02-11,4.954400
2002-02-12,5.077100
2002-02-13,5.060300
2002-02-14,5.025600
2002-02-15,4.963200
2002-02-18,4.966600
2002-02-19,4.957700
2002-02-20,4.956300
2002-02-21,4.969000
2002-02-22,4.929300
2002-02-25,4.956900
2002-02-26,4.984100
2002-02-27,4.987700
2002-02-28,4.984200
2002-03-01,5.048600
2002-03-04,5.077500
2002-03-05,5.135300
2002-03-06,5.156200
2002-03-07,5.238700
2002-03-08,5.243800
2002-03-11,5.224400
2002-03-12,5.222400
2002-03-13,5.248000
2002-03-14,5.271800
2002-03-15,5.280700
2002-03-18,5.262000
2002-03-19,5.261900
2002-03-20,5.289100
2002-03-21,5.341200
2002-03-22,5.356100
2002-03-25,5.383700
2002-03-26,5.355700
2002-03-27,5.298300
2002-03-28,5.354400
2002-04-02,5.357100
2002-04-03,5.297100
2002-04-04,5.247900
2002-04-05,5.246100
2002-04-08,5.247900
2002-04-09,5.264300
2002-04-10,5.274200
2002-04-11,5.217100
2002-04-12,5.201500
2002-04-15,5.176200
2002-04-16,5.262700
2002-04-17,5.263600
2002-04-18,5.277900
2002-04-19,5.281900
2002-04-22,5.236400
2002-04-23,5.272900
2002-04-24,5.242800
2002-04-25,5.183500
2002-04-26,5.142500
2002-04-29,5.195600
2002-04-30,5.193800
2002-05-01,5.165000
2002-05-02,5.235800
2002-05-03,5.187100
2002-05-07,5.171700
2002-05-08,5.209800
2002-05-09,5.252300
2002-05-10,5.265100
2002-05-13,5.259900
2002-05-14,5.302000
2002-05-15,5.324200
2002-05-16,5.312700
2002-05-17,5.348000
2002-05-20,5.285500
2002-05-21,5.271200
2002-05-22,5.251300
2002-05-23,5.257100
2002-05-24,5.245000
2002-05-27,5.285800
2002-05-28,5.251700
2002-05-29,5.247100
2002-05-30,5.241400
2002-05-31,5.261800
2002-06-05,5.222700
2002-06-06,5.202400
2002-06-07,5.195300
2002-06-10,5.187200
2002-06-11,5.212800
2002-06-12,5.195400
2002-06-13,5.098200
2002-06-14,5.043200
2002-06-17,5.062600
2002-06-18,5.041800
2002-06-19,5.020700
2002-06-20,5.048900
2002-06-21,5.060300
2002-06-24,5.005500
2002-06-25,5.095600
2002-06-26,5.004000
2002-06-27,5.017700
2002-06-28,5.058700
2002-07-01,5.054400
2002-07-02,5.039300
2002-07-03,5.031500
2002-07-04,5.057400
2002-07-05,5.128400
2002-07-08,5.129600
2002-07-09,5.121900
2002-07-10,5.062800
2002-07-11,4.986700
2002-07-12,4.957500
2002-07-15,4.912600
2002-07-16,4.872900
2002-07-17,4.934200
2002-07-18,4.933800
2002-07-19,4.881900
2002-07-22,4.836200
2002-07-23,4.854500
2002-07-24,4.755300
2002-07-25,4.793900
2002-07-26,4.780600
2002-07-29,4.835700
2002-07-30,4.823800
2002-07-31,4.746100
2002-08-01,4.663900
2002-08-02,4.616400
2002-08-05,4.518900
2002-08-06,4.577500
2002-08-07,4.511700
2002-08-08,4.556900
2002-08-09,4.548300
2002-08-12,4.531900
2002-08-13,4.524900
2002-08-14,4.460500
2002-08-15,4.613400
2002-08-16,4.639900
2002-08-19,4.651200
2002-08-20,4.605200
2002-08-21,4.664700
2002-08-22,4.696600
2002-08-23,4.654700
2002-08-27,4.640800
2002-08-28,4.555400
2002-08-29,4.507900
2002-08-30,4.522500
2002-09-02,4.457100
2002-09-03,4.379500
2002-09-04,4.369100
2002-09-05,4.350000
2002-09-06,4.333800
2002-09-09,4.366300
2002-09-10,4.436600
2002-09-11,4.502500
2002-09-12,4.436700
2002-09-13,4.397300
2002-09-16,4.342400
2002-09-17,4.377100
2002-09-18,4.318400
2002-09-19,4.246400
2002-09-20,4.277000
2002-09-23,4.242200
2002-09-24,4.225200
2002-09-25,4.262600
2002-09-26,4.284400
2002-09-27,4.289300
2002-09-30,4.200900
2002-10-01,4.201000
2002-10-02,4.267500
2002-10-03,4.290300
2002-10-04,4.316700
2002-10-07,4.246100
2002-10-08,4.241600
2002-10-09,4.243600
2002-10-10,4.321100
2002-10-11,4.369700
2002-10-14,4.386400
2002-10-15,4.489600
2002-10-16,4.513300
2002-10-17,4.498600
2002-10-18,4.501200
2002-10-21,4.504700
2002-10-22,4.561000
2002-10-23,4.479900
2002-10-24,4.509400
2002-10-25,4.463400
2002-10-28,4.416300
2002-10-29,4.368100
2002-10-30,4.387000
2002-10-31,4.350800
2002-11-01,4.394600
2002-11-04,4.411300
2002-11-05,4.454600
2002-11-06,4.462400
2002-11-07,4.412800
2002-11-08,4.373100
2002-11-11,4.330100
2002-11-12,4.297800
2002-11-13,4.313100
2002-11-14,4.362800
2002-11-15,4.364100
2002-11-18,4.376200
2002-11-19,4.359300
2002-11-20,4.340000
2002-11-21,4.436700
2002-11-22,4.443400
2002-11-25,4.459300
2002-11-26,4.431800
2002-11-27,4.517200
2002-11-28,4.544000
2002-11-29,4.534800
2002-12-02,4.572500
2002-12-03,4.534700
2002-12-04,4.518800
2002-12-05,4.476000
2002-12-06,4.427200
2002-12-09,4.382900
2002-12-10,4.381900
2002-12-11,4.375000
2002-12-12,4.331200
2002-12-13,4.322800
2002-12-16,4.334900
2002-12-17,4.353300
2002-12-18,4.299000
2002-12-19,4.285100
2002-12-20,4.298900
2002-12-23,4.289000
2002-12-24,4.293000
2002-12-27,4.210600
2002-12-30,4.209200
2002-12-31,4.181100
2003-01-02,4.246600
2003-01-03,4.264100
2003-01-06,4.258000
2003-01-07,4.247400
2003-01-08,4.200700
2003-01-09,4.213000
2003-01-10,4.204400
2003-01-13,4.245600
2003-01-14,4.235400
2003-01-15,4.242400
2003-01-16,4.234400
2003-01-17,4.134100
2003-01-20,4.121600
2003-01-21,4.116700
2003-01-22,4.107300
2003-01-23,4.100200
2003-01-24,4.022200
2003-01-27,4.007700
2003-01-28,4.012000
2003-01-29,3.998000
2003-01-30,4.045700
2003-01-31,4.035700
2003-02-03,4.050800
2003-02-04,3.987100
2003-02-05,3.984600
2003-02-06,3.908000
2003-02-07,3.873000
2003-02-10,3.882500
2003-02-11,3.900400
2003-02-12,3.818500
2003-02-13,3.813400
2003-02-14,3.863200
2003-02-17,3.872100
2003-02-18,3.883800
2003-02-19,3.843200
2003-02-20,3.820900
2003-02-21,3.853500
2003-02-24,3.799700
2003-02-25,3.790000
2003-02-26,3.815900
2003-02-27,3.865100
2003-02-28,3.811400
2003-03-03,3.746600
2003-03-04,3.738000
2003-03-05,3.732700
2003-03-06,3.733800
2003-03-07,3.685600
2003-03-10,3.655000
2003-03-11,3.655500
2003-03-12,3.673100
2003-03-13,3.849800
2003-03-14,3.919800
2003-03-17,4.052400
2003-03-18,4.070400
2003-03-19,4.225900
2003-03-20,4.220800
2003-03-21,4.280800
2003-03-24,4.209000
2003-03-25,4.161500
2003-03-26,4.161300
2003-03-27,4.097800
2003-03-28,4.070800
2003-03-31,3.972900
2003-04-01,3.982400
2003-04-02,4.062700
2003-04-03,4.112000
2003-04-04,4.120900
2003-04-07,4.208700
2003-04-08,4.170600
2003-04-09,4.155500
2003-04-10,4.092200
2003-04-11,4.164400
2003-04-14,4.202000
2003-04-15,4.180800
2003-04-16,4.144200
2003-04-17,4.109200
2003-04-22,4.076600
2003-04-23,4.114200
2003-04-24,4.052000
2003-04-25,4.049500
2003-04-28,4.035600
2003-04-29,4.052100
2003-04-30,4.022000
2003-05-01,3.947900
2003-05-02,4.017900
2003-05-06,4.024300
2003-05-07,3.949400
2003-05-08,3.964500
2003-05-09,3.970700
2003-05-12,3.945100
2003-05-13,3.913400
2003-05-14,3.941400
2003-05-15,3.895200
2003-05-16,3.852600
2003-05-19,3.798900
2003-05-20,3.789100
2003-05-21,3.743200
2003-05-22,3.749000
2003-05-23,3.711200
2003-05-27,3.741700
2003-05-28,3.823600
2003-05-29,3.767300
2003-05-30,3.789200
2003-06-02,3.819100
2003-06-03,3.730700
2003-06-04,3.809400
2003-06-05,3.740000
2003-06-06,3.781000
2003-06-09,3.666700
2003-06-10,3.636900
2003-06-11,3.589000
2003-06-12,3.614000
2003-06-13,3.571900
2003-06-16,3.609800
2003-06-17,3.692200
2003-06-18,3.768600
2003-06-19,3.758500
2003-06-20,3.762900
2003-06-23,3.746100
2003-06-24,3.777200
2003-06-25,3.751300
2003-06-26,3.914700
2003-06-27,3.931000
2003-06-30,3.854900
2003-07-01,3.821200
2003-07-02,3.887300
2003-07-03,3.977000
2003-07-04,3.936800
2003-07-07,3.962800
2003-07-08,3.957800
2003-07-09,3.947300
2003-07-10,3.873600
2003-07-11,3.854500
2003-07-14,3.840600
2003-07-15,3.911500
2003-07-16,3.965500
2003-07-17,4.011700
2003-07-18,3.991700
2003-07-21,4.042800
2003-07-22,4.029400
2003-07-23,4.002000
2003-07-24,4.100500
2003-07-25,4.043900
2003-07-28,4.161400
2003-07-29,4.114300
2003-07-30,4.143600
2003-07-31,4.244600
2003-08-01,4.358700
2003-08-04,4.329700
2003-08-05,4.353000
2003-08-06,4.303300
2003-08-07,4.261800
2003-08-08,4.171400
2003-08-11,4.254200
2003-08-12,4.292200
2003-08-13,4.366000
2003-08-14,4.437000
2003-08-15,4.394800
2003-08-18,4.391800
2003-08-19,4.399500
2003-08-20,4.424800
2003-08-21,4.459600
2003-08-22,4.475300
2003-08-26,4.478900
2003-08-27,4.501000
2003-08-28,4.466800
2003-08-29,4.484100
2003-09-01,4.496500
2003-09-02,4.609300
2003-09-03,4.642600
2003-09-04,4.615800
2003-09-05,4.528700
2003-09-08,4.466200
2003-09-09,4.524900
2003-09-10,4.473600
2003-09-11,4.497200
2003-09-12,4.822000
2003-09-15,4.415900
2003-09-16,4.485800
2003-09-17,4.536400
2003-09-18,4.514900
2003-09-19,4.501200
2003-09-22,4.487000
2003-09-23,4.473300
2003-09-24,4.461800
2003-09-25,4.438200
2003-09-26,4.392100
2003-09-29,4.406900
2003-09-30,4.366300
2003-10-01,4.364100
2003-10-02,4.481200
2003-10-03,4.598800
2003-10-06,4.587000
2003-10-07,4.593600
2003-10-08,4.603100
2003-10-09,4.649700
2003-10-10,4.598400
2003-10-13,4.677700
2003-10-14,4.734700
2003-10-15,4.787300
2003-10-16,4.780200
2003-10-17,4.829400
2003-10-20,4.828900
2003-10-21,4.789700
2003-10-22,4.873900
2003-10-23,4.895400
2003-10-24,4.932700
2003-10-27,4.976900
2003-10-28,4.979400
2003-10-29,5.013700
2003-10-30,5.002500
2003-10-31,4.963700
2003-11-03,5.062300
2003-11-04,5.015200
2003-11-05,4.966700
2003-11-06,5.019800
2003-11-07,5.025700
2003-11-10,4.978800
2003-11-11,4.971300
2003-11-12,4.960000
2003-11-13,4.907000
2003-11-14,4.884300
2003-11-17,4.839400
2003-11-18,4.835500
2003-11-19,4.890900
2003-11-20,4.895100
2003-11-21,4.883100
2003-11-24,4.948000
2003-11-25,4.971200
2003-11-26,4.904800
2003-11-27,4.946200
2003-11-28,4.947600
2003-12-01,4.967100
2003-12-02,4.976700
2003-12-03,4.937000
2003-12-04,4.917900
2003-12-05,4.791800
2003-12-08,4.815700
2003-12-09,4.832600
2003-12-10,4.793000
2003-12-11,4.829600
2003-12-12,4.720300
2003-12-15,4.714400
2003-12-16,4.634600
2003-12-17,4.622300
2003-12-18,4.607600
2003-12-19,4.649400
2003-12-22,4.631900
2003-12-23,4.623400
2003-12-24,4.621800
2003-12-29,4.629400
2003-12-30,4.678400
2003-12-31,4.645900
2004-01-02,4.714200
2004-01-05,4.747700
2004-01-06,4.731200
2004-01-07,4.711800
2004-01-08,4.698400
2004-01-09,4.561300
2004-01-12,4.520800
2004-01-13,4.515900
2004-01-14,4.540900
2004-01-15,4.568100
2004-01-16,4.579800
2004-01-19,4.576200
2004-01-20,4.582100
2004-01-21,4.613100
2004-01-22,4.635000
2004-01-23,4.633900
2004-01-26,4.709300
2004-01-27,4.685900
2004-01-28,4.693100
2004-01-29,4.797200
2004-01-30,4.769900
2004-02-02,4.763200
2004-02-03,4.752400
2004-02-04,4.722100
2004-02-05,4.720700
2004-02-06,4.683400
2004-02-09,4.657600
2004-02-10,4.643800
2004-02-11,4.617100
2004-02-12,4.625200
2004-02-13,4.612200
2004-02-16,4.617700
2004-02-17,4.595400
2004-02-18,4.632900
2004-02-19,4.688200
2004-02-20,4.679600
2004-02-23,4.702800
2004-02-24,4.640500
2004-02-25,4.629600
2004-02-26,4.666200
2004-02-27,4.636100
2004-03-01,4.683600
2004-03-02,4.679100
2004-03-03,4.757700
2004-03-04,4.724700
2004-03-05,4.613400
2004-03-08,4.547300
2004-03-09,4.529700
2004-03-10,4.554900
2004-03-11,4.534800
2004-03-12,4.517200
2004-03-15,4.512400
2004-03-16,4.562200
2004-03-17,4.559900
2004-03-18,4.567800
2004-03-19,4.597200
2004-03-22,4.587200
2004-03-23,4.592500
2004-03-24,4.580500
2004-03-25,4.579000
2004-03-26,4.586200
2004-03-29,4.683700
2004-03-30,4.681400
2004-03-31,4.658100
2004-04-01,4.685300
2004-04-02,4.803800
2004-04-05,4.838500
2004-04-06,4.825400
2004-04-07,4.791100
2004-04-08,4.775500
2004-04-13,4.862100
2004-04-14,4.878800
2004-04-15,4.858200
2004-04-16,4.828600
2004-04-19,4.852800
2004-04-20,4.861100
2004-04-21,4.869700
2004-04-22,4.848800
2004-04-23,4.851300
2004-04-26,4.893300
2004-04-27,4.900200
2004-04-28,4.911900
2004-04-29,4.910700
2004-04-30,4.893400
2004-05-04,4.858000
2004-05-05,4.860800
2004-05-06,4.932500
2004-05-07,5.035100
2004-05-10,5.037200
2004-05-11,5.009800
2004-05-12,5.050300
2004-05-13,5.095100
2004-05-14,5.057500
2004-05-17,5.009100
2004-05-18,5.057100
2004-05-19,5.131900
2004-05-20,5.138400
2004-05-21,5.139000
2004-05-24,5.170500
2004-05-25,5.148600
2004-05-26,5.117900
2004-05-27,5.110200
2004-05-28,5.172300
2004-06-01,5.219100
2004-06-02,5.238000
2004-06-03,5.235800
2004-06-04,5.249800
2004-06-07,5.241000
2004-06-08,5.220500
2004-06-09,5.272000
2004-06-10,5.238600
2004-06-11,5.250500
2004-06-14,5.274000
2004-06-15,5.190200
2004-06-16,5.226900
2004-06-17,5.265200
2004-06-18,5.208000
2004-06-21,5.197600
2004-06-22,5.207900
2004-06-23,5.163900
2004-06-24,5.107000
2004-06-25,5.134000
2004-06-28,5.166500
2004-06-29,5.162900
2004-06-30,5.093200
2004-07-01,5.105100
2004-07-02,5.059400
2004-07-05,5.078900
2004-07-06,5.089100
2004-07-07,5.076900
2004-07-08,5.070600
2004-07-09,5.089800
2004-07-12,5.083500
2004-07-13,5.145200
2004-07-14,5.125600
2004-07-15,5.130700
2004-07-16,5.042700
2004-07-19,5.051900
2004-07-20,5.055600
2004-07-21,5.151000
2004-07-22,5.142000
2004-07-23,5.169200
2004-07-26,5.190100
2004-07-27,5.212500
2004-07-28,5.229000
2004-07-29,5.226800
2004-07-30,5.154000
2004-08-02,5.156500
2004-08-03,5.158600
2004-08-04,5.149000
2004-08-05,5.055700
2004-08-06,4.969100
2004-08-09,5.004900
2004-08-10,4.983800
2004-08-11,5.031300
2004-08-12,4.985300
2004-08-13,4.971400
2004-08-16,5.006700
2004-08-17,4.994500
2004-08-18,4.976400
2004-08-19,4.970500
2004-08-20,4.950600
2004-08-23,5.032300
2004-08-24,5.026800
2004-08-25,4.982600
2004-08-26,4.955900
2004-08-27,4.954600
2004-08-31,4.910200
2004-09-01,4.908600
2004-09-02,4.940600
2004-09-03,4.999800
2004-09-06,4.945100
2004-09-07,4.959700
2004-09-08,4.952700
2004-09-09,4.915200
2004-09-10,4.890800
2004-09-13,4.908200
2004-09-14,4.886800
2004-09-15,4.904800
2004-09-16,4.934200
2004-09-17,4.913000
2004-09-20,4.894800
2004-09-21,4.875400
2004-09-22,4.820200
2004-09-23,4.809600
2004-09-24,4.831500
2004-09-27,4.793300
2004-09-28,4.803200
2004-09-29,4.798500
2004-09-30,4.792300
2004-10-01,4.813100
2004-10-04,4.835700
2004-10-05,4.786500
2004-10-06,4.777100
2004-10-07,4.796600
2004-10-08,4.733100
2004-10-11,4.738000
2004-10-12,4.682500
2004-10-13,4.691000
2004-10-14,4.675200
2004-10-15,4.688300
2004-10-18,4.670000
2004-10-19,4.697200
2004-10-20,4.621000
2004-10-21,4.643400
2004-10-22,4.633900
2004-10-25,4.611700
2004-10-26,4.624100
2004-10-27,4.652600
2004-10-28,4.691200
2004-10-29,4.673700
2004-11-01,4.676800
2004-11-02,4.748100
2004-11-03,4.732600
2004-11-04,4.687200
2004-11-05,4.746000
2004-11-08,4.738800
2004-11-09,4.715100
2004-11-10,4.688200
2004-11-11,4.634500
2004-11-12,4.598700
2004-11-15,4.581100
2004-11-16,4.568100
2004-11-17,4.602700
2004-11-18,4.660500
2004-11-19,4.652200
2004-11-22,4.612000
2004-11-23,4.583500
2004-11-24,4.571000
2004-11-25,4.520300
2004-11-26,4.505200
2004-11-29,4.511800
2004-11-30,4.517600
2004-12-01,4.562800
2004-12-02,4.613900
2004-12-03,4.574900
2004-12-06,4.526600
2004-12-07,4.500700
2004-12-08,4.481500
2004-12-09,4.456200
2004-12-10,4.453700
2004-12-13,4.440400
2004-12-14,4.448500
2004-12-15,4.405300
2004-12-16,4.438700
2004-12-17,4.470000
2004-12-20,4.456900
2004-12-21,4.469600
2004-12-22,4.429800
2004-12-23,4.410700
2004-12-24,4.412600
2004-12-29,4.523100
2004-12-30,4.517900
2004-12-31,4.476000
2005-01-04,4.463800
2005-01-05,4.472500
2005-01-06,4.441000
2005-01-07,4.440200
2005-01-10,4.430600
2005-01-11,4.438500
2005-01-12,4.441800
2005-01-13,4.405100
2005-01-14,4.415800
2005-01-17,4.402100
2005-01-18,4.489200
2005-01-19,4.510500
2005-01-20,4.543200
2005-01-21,4.517400
2005-01-24,4.514800
2005-01-25,4.508000
2005-01-26,4.528200
2005-01-27,4.549000
2005-01-28,4.523200
2005-01-31,4.525700
2005-02-01,4.512700
2005-02-02,4.516100
2005-02-03,4.536200
2005-02-04,4.474000
2005-02-07,4.465800
2005-02-08,4.473200
2005-02-09,4.483000
2005-02-10,4.485600
2005-02-11,4.513700
2005-02-14,4.558800
2005-02-15,4.559200
2005-02-16,4.562600
2005-02-17,4.587600
2005-02-18,4.627400
2005-02-21,4.674800
2005-02-22,4.681000
2005-02-23,4.714900
2005-02-24,4.781100
2005-02-25,4.752100
2005-02-28,4.733000
2005-03-01,4.774800
2005-03-02,4.823400
2005-03-03,4.806000
2005-03-04,4.775300
2005-03-07,4.780100
2005-03-08,4.831000
2005-03-09,4.845500
2005-03-10,4.849900
2005-03-11,4.832500
2005-03-14,4.827400
2005-03-15,4.774100
2005-03-16,4.757600
2005-03-17,4.770800
2005-03-18,4.788200
2005-03-21,4.792800
2005-03-22,4.738600
2005-03-23,4.794200
2005-03-24,4.775600
2005-03-29,4.752700
2005-03-30,4.707200
2005-03-31,4.664800
2005-04-01,4.695700
2005-04-04,4.651200
2005-04-05,4.665800
2005-04-06,4.649500
2005-04-07,4.605000
2005-04-08,4.639400
2005-04-11,4.634700
2005-04-12,4.637700
2005-04-13,4.612000
2005-04-14,4.605000
2005-04-15,4.562600
2005-04-18,4.536800
2005-04-19,4.558500
2005-04-20,4.573300
2005-04-21,4.561200
2005-04-22,4.568700
2005-04-25,4.555200
2005-04-26,4.546000
2005-04-27,4.523100
2005-04-28,4.500900
2005-04-29,4.495500
2005-05-03,4.475200
2005-05-04,4.501900
2005-05-05,4.477300
2005-05-06,4.539400
2005-05-09,4.504500
2005-05-10,4.460800
2005-05-11,4.379000
2005-05-12,4.346100
2005-05-13,4.301100
2005-05-16,4.315400
2005-05-17,4.299900
2005-05-18,4.290300
2005-05-19,4.311200
2005-05-20,4.335400
2005-05-23,4.297800
2005-05-24,4.269700
2005-05-25,4.255500
2005-05-26,4.302500
2005-05-27,4.326200
2005-05-31,4.250800
2005-06-01,4.184000
2005-06-02,4.180700
2005-06-03,4.198900
2005-06-06,4.222600
2005-06-07,4.187100
2005-06-08,4.162700
2005-06-09,4.191000
2005-06-10,4.209400
2005-06-13,4.244000
2005-06-14,4.285400
2005-06-15,4.338100
2005-06-16,4.351500
2005-06-17,4.334600
2005-06-20,4.354900
2005-06-21,4.288300
2005-06-22,4.181300
2005-06-23,4.170900
2005-06-24,4.146600
2005-06-27,4.103700
2005-06-28,4.153800
2005-06-29,4.135700
2005-06-30,4.079200
2005-07-01,4.127300
2005-07-04,4.138200
2005-07-05,4.189500
2005-07-06,4.204200
2005-07-07,4.109600
2005-07-08,4.123800
2005-07-11,4.197600
2005-07-12,4.214200
2005-07-13,4.212100
2005-07-14,4.234800
2005-07-15,4.226100
2005-07-18,4.186100
2005-07-19,4.221000
2005-07-20,4.236400
2005-07-21,4.271400
2005-07-22,4.205100
2005-07-25,4.196100
2005-07-26,4.227100
2005-07-27,4.226300
2005-07-28,4.242300
2005-07-29,4.256900
2005-08-01,4.313200
2005-08-02,4.326400
2005-08-03,4.333100
2005-08-04,4.302700
2005-08-05,4.360100
2005-08-08,4.344300
2005-08-09,4.349300
2005-08-10,4.363700
2005-08-11,4.371700
2005-08-12,4.313900
2005-08-15,4.303200
2005-08-16,4.275000
2005-08-17,4.265700
2005-08-18,4.236700
2005-08-19,4.243700
2005-08-22,4.230200
2005-08-23,4.211600
2005-08-24,4.198600
2005-08-25,4.175100
2005-08-26,4.170500
2005-08-30,4.131100
2005-08-31,4.105600
2005-09-01,4.068000
2005-09-02,4.094500
2005-09-05,4.100600
2005-09-06,4.138300
2005-09-07,4.166400
2005-09-08,4.148100
2005-09-09,4.118600
2005-09-12,4.199900
2005-09-13,4.154400
2005-09-14,4.146000
2005-09-15,4.152900
2005-09-16,4.202700
2005-09-19,4.171800
2005-09-20,4.176800
2005-09-21,4.118900
2005-09-22,4.131200
2005-09-23,4.165200
2005-09-26,4.236200
2005-09-27,4.252400
2005-09-28,4.229700
2005-09-29,4.213600
2005-09-30,4.230100
2005-10-03,4.247500
2005-10-04,4.225300
2005-10-05,4.212800
2005-10-06,4.199500
2005-10-07,4.209100
2005-10-10,4.192500
2005-10-11,4.219100
2005-10-12,4.269500
2005-10-13,4.333600
2005-10-14,4.355400
2005-10-17,4.369200
2005-10-18,4.345100
2005-10-19,4.326700
2005-10-20,4.377600
2005-10-21,4.339600
2005-10-24,4.332900
2005-10-25,4.382100
2005-10-26,4.397900
2005-10-27,4.378900
2005-10-28,4.353100
2005-10-31,4.332500
2005-11-01,4.349000
2005-11-02,4.409900
2005-11-03,4.444000
2005-11-04,4.444800
2005-11-07,4.432300
2005-11-08,4.408200
2005-11-09,4.449200
2005-11-10,4.445200
2005-11-11,4.454200
2005-11-14,4.441300
2005-11-15,4.372100
2005-11-16,4.245800
2005-11-17,4.253300
2005-11-18,4.282700
2005-11-21,4.238500
2005-11-22,4.254200
2005-11-23,4.258600
2005-11-24,4.220600
2005-11-25,4.221100
2005-11-28,4.223100
2005-11-29,4.261900
2005-11-30,4.252000
2005-12-01,4.210700
2005-12-02,4.241200
2005-12-05,4.283000
2005-12-06,4.260800
2005-12-07,4.301200
2005-12-08,4.284600
2005-12-09,4.370700
2005-12-12,4.348100
2005-12-13,4.332600
2005-12-14,4.319400
2005-12-15,4.326700
2005-12-16,4.293500
2005-12-19,4.236100
2005-12-20,4.221500
2005-12-21,4.244200
2005-12-22,4.211700
2005-12-23,4.205100
2005-12-28,4.155100
2005-12-29,4.162800
2005-12-30,4.145800
2006-01-03,4.140000
2006-01-04,4.106700
2006-01-05,4.113700
2006-01-06,4.131100
2006-01-09,4.165200
2006-01-10,4.199100
2006-01-11,4.179000
2006-01-12,4.150700
2006-01-13,4.123900
2006-01-16,4.114400
2006-01-17,4.068500
2006-01-18,4.072100
2006-01-19,4.130800
2006-01-20,4.142800
2006-01-23,4.128900
2006-01-24,4.151700
2006-01-25,4.213100
2006-01-26,4.250700
2006-01-27,4.253400
2006-01-30,4.230500
2006-01-31,4.219800
2006-02-01,4.265300
2006-02-02,4.286300
2006-02-03,4.251600
2006-02-06,4.257000
2006-02-07,4.257000
2006-02-08,4.245800
2006-02-09,4.204300
2006-02-10,4.198000
2006-02-13,4.223500
2006-02-14,4.171100
2006-02-15,4.211200
2006-02-16,4.180500
2006-02-17,4.152500
2006-02-20,4.148800
2006-02-21,4.157300
2006-02-22,4.162600
2006-02-23,4.184000
2006-02-24,4.237200
2006-02-27,4.289800
2006-02-28,4.262000
2006-03-01,4.252400
2006-03-02,4.301600
2006-03-03,4.336000
2006-03-06,4.330600
2006-03-07,4.337200
2006-03-08,4.341900
2006-03-09,4.359700
2006-03-10,4.387300
2006-03-13,4.401500
2006-03-14,4.361300
2006-03-15,4.370600
2006-03-16,4.360100
2006-03-17,4.398100
2006-03-20,4.381600
2006-03-21,4.403000
2006-03-22,4.384600
2006-03-23,4.399700
2006-03-24,4.393500
2006-03-27,4.394500
2006-03-28,4.437300
2006-03-29,4.440700
2006-03-30,4.442200
2006-03-31,4.444000
2006-04-03,4.454000
2006-04-04,4.460400
2006-04-05,4.418200
2006-04-06,4.446700
2006-04-07,4.438600
2006-04-10,4.466000
2006-04-11,4.473600
2006-04-12,4.478000
2006-04-13,4.548800
2006-04-18,4.541700
2006-04-19,4.542400
2006-04-20,4.526400
2006-04-21,4.550300
2006-04-24,4.581100
2006-04-25,4.645000
2006-04-26,4.691400
2006-04-27,4.676400
2006-04-28,4.660700
2006-05-02,4.684500
2006-05-03,4.720500
2006-05-04,4.760800
2006-05-05,4.749400
2006-05-08,4.772500
2006-05-09,4.785000
2006-05-10,4.748200
2006-05-11,4.794600
2006-05-12,4.820000
2006-05-15,4.763200
2006-05-16,4.724900
2006-05-17,4.802600
2006-05-18,4.702700
2006-05-19,4.717500
2006-05-22,4.674300
2006-05-23,4.715400
2006-05-24,4.677700
2006-05-25,4.637300
2006-05-26,4.646100
2006-05-30,4.669500
2006-05-31,4.685700
2006-06-01,4.721900
2006-06-02,4.676000
2006-06-05,4.687700
2006-06-06,4.736400
2006-06-07,4.720500
2006-06-08,4.690500
2006-06-09,4.657600
2006-06-12,4.641200
2006-06-13,4.622500
2006-06-14,4.639900
2006-06-15,4.730100
2006-06-16,4.723100
2006-06-19,4.775300
2006-06-20,4.828400
2006-06-21,4.824100
2006-06-22,4.829000
2006-06-23,4.848200
2006-06-26,4.846400
2006-06-27,4.842500
2006-06-28,4.849400
2006-06-29,4.816000
2006-06-30,4.792100
2006-07-03,4.832600
2006-07-04,4.791500
2006-07-05,4.821700
2006-07-06,4.786700
2006-07-07,4.741700
2006-07-10,4.760800
2006-07-11,4.737500
2006-07-12,4.772200
2006-07-13,4.740600
2006-07-14,4.688300
2006-07-17,4.718600
2006-07-18,4.779000
2006-07-19,4.757700
2006-07-20,4.752500
2006-07-21,4.725900
2006-07-24,4.714800
2006-07-25,4.741800
2006-07-26,4.756900
2006-07-27,4.727400
2006-07-28,4.704500
2006-07-31,4.720200
2006-08-01,4.735600
2006-08-02,4.758700
2006-08-03,4.861200
2006-08-04,4.853900
2006-08-07,4.840800
2006-08-08,4.847100
2006-08-09,4.849300
2006-08-10,4.865300
2006-08-11,4.909300
2006-08-14,4.937000
2006-08-15,4.907300
2006-08-16,4.857900
2006-08-17,4.825200
2006-08-18,4.784500
2006-08-21,4.744300
2006-08-22,4.706700
2006-08-23,4.725600
2006-08-24,4.730100
2006-08-25,4.728300
2006-08-29,4.736800
2006-08-30,4.722900
2006-08-31,4.698000
2006-09-01,4.676700
2006-09-04,4.693100
2006-09-05,4.708800
2006-09-06,4.729500
2006-09-07,4.725500
2006-09-08,4.704600
2006-09-11,4.739400
2006-09-12,4.787600
2006-09-13,4.757500
2006-09-14,4.770100
2006-09-15,4.779200
2006-09-18,4.846800
2006-09-19,4.819000
2006-09-20,4.807000
2006-09-21,4.794900
2006-09-22,4.709300
2006-09-25,4.673500
2006-09-26,4.674600
2006-09-27,4.671600
2006-09-28,4.676800
2006-09-29,4.706200
2006-10-02,4.725700
2006-10-03,4.760000
2006-10-04,4.738700
2006-10-05,4.724300
2006-10-06,4.767300
2006-10-09,4.763300
2006-10-10,4.818400
2006-10-11,4.822400
2006-10-12,4.829500
2006-10-13,4.860800
2006-10-16,4.854500
2006-10-17,4.845500
2006-10-18,4.857300
2006-10-19,4.865500
2006-10-20,4.899400
2006-10-23,4.917100
2006-10-24,4.922300
2006-10-25,4.926600
2006-10-26,4.891700
2006-10-27,4.840000
2006-10-30,4.820400
2006-10-31,4.768100
2006-11-01,4.768100
2006-11-02,4.792300
2006-11-03,4.768100
2006-11-06,4.857500
2006-11-07,4.814600
2006-11-08,4.838700
2006-11-09,4.810600
2006-11-10,4.786100
2006-11-13,4.821900
2006-11-14,4.787400
2006-11-15,4.794200
2006-11-16,4.804900
2006-11-17,4.794400
2006-11-20,4.777500
2006-11-21,4.792500
2006-11-22,4.796200
2006-11-23,4.817000
2006-11-24,4.775100
2006-11-27,4.810000
2006-11-28,4.778200
2006-11-29,4.791300
2006-11-30,4.762500
2006-12-01,4.715800
2006-12-04,4.703000
2006-12-05,4.718500
2006-12-06,4.719200
2006-12-07,4.746500
2006-12-08,4.775100
2006-12-11,4.816900
2006-12-12,4.849300
2006-12-13,4.868500
2006-12-14,4.919500
2006-12-15,4.918800
2006-12-18,4.786100
2006-12-19,4.967300
2006-12-20,4.958200
2006-12-21,4.975300
2006-12-22,4.978700
2006-12-27,5.028900
2006-12-28,5.025500
2006-12-29,4.986600
2007-01-02,5.002200
2007-01-03,5.014500
2007-01-04,5.001200
2007-01-05,5.024200
2007-01-08,5.017300
2007-01-09,5.032200
2007-01-10,5.036600
2007-01-11,5.119600
2007-01-12,5.162800
2007-01-15,5.155000
2007-01-16,5.148900
2007-01-17,5.177300
2007-01-18,5.193300
2007-01-19,5.200900
2007-01-22,5.199800
2007-01-23,5.210700
2007-01-24,5.203300
2007-01-25,5.248600
2007-01-26,5.243900
2007-01-29,5.263500
2007-01-30,5.234600
2007-01-31,5.230600
2007-02-01,5.262700
2007-02-02,5.266700
2007-02-05,5.264800
2007-02-06,5.263900
2007-02-07,5.232300
2007-02-08,5.170700
2007-02-09,5.162800
2007-02-12,5.220700
2007-02-13,5.179000
2007-02-14,5.179400
2007-02-15,5.090600
2007-02-16,5.104300
2007-02-19,5.120200
2007-02-20,5.132800
2007-02-21,5.112600
2007-02-22,5.154600
2007-02-23,5.121000
2007-02-26,5.086900
2007-02-27,5.062300
2007-02-28,5.053700
2007-03-01,5.049500
2007-03-02,5.031900
2007-03-05,5.002400
2007-03-06,5.015400
2007-03-07,5.016300
2007-03-08,5.010500
2007-03-09,5.046000
2007-03-12,5.039400
2007-03-13,5.000300
2007-03-14,4.968800
2007-03-15,5.013700
2007-03-16,5.021800
2007-03-19,5.059900
2007-03-20,5.097000
2007-03-21,5.095000
2007-03-22,5.114700
2007-03-23,5.152500
2007-03-26,5.159100
2007-03-27,5.184800
2007-03-28,5.170600
2007-03-29,5.202300
2007-03-30,5.215500
2007-04-02,5.232100
2007-04-03,5.266500
2007-04-04,5.231100
2007-04-05,5.219700
2007-04-10,5.237100
2007-04-11,5.240900
2007-04-12,5.272400
2007-04-13,5.306800
2007-04-16,5.298100
2007-04-17,5.319900
2007-04-18,5.276500
2007-04-19,5.293400
2007-04-20,5.297900
2007-04-23,5.284500
2007-04-24,5.288200
2007-04-25,5.296500
2007-04-26,5.319600
2007-04-27,5.335200
2007-04-30,5.278900
2007-05-01,5.314500
2007-05-02,5.341500
2007-05-03,5.370400
2007-05-04,5.351100
2007-05-08,5.339100
2007-05-09,5.333900
2007-05-10,5.348400
2007-05-11,5.332100
2007-05-14,5.377200
2007-05-15,5.375800
2007-05-16,5.339100
2007-05-17,5.416800
2007-05-18,5.421200
2007-05-21,5.435800
2007-05-22,5.442300
2007-05-23,5.503900
2007-05-24,5.496300
2007-05-25,5.515900
2007-05-29,5.518700
2007-05-30,5.521600
2007-05-31,5.539300
2007-06-01,5.581400
2007-06-04,5.589300
2007-06-05,5.600600
2007-06-06,5.548800
2007-06-07,5.609800
2007-06-08,5.645800
2007-06-11,5.641300
2007-06-12,5.709800
2007-06-13,5.738100
2007-06-14,5.705700
2007-06-15,5.713300
2007-06-18,5.726800
2007-06-19,5.704100
2007-06-20,5.745500
2007-06-21,5.760700
2007-06-22,5.775800
2007-06-25,5.742400
2007-06-26,5.718300
2007-06-27,5.673300
2007-06-28,5.689700
2007-06-29,5.724100
2007-07-02,5.673600
2007-07-03,5.716700
2007-07-04,5.748200
2007-07-05,5.767600
2007-07-06,5.795400
2007-07-09,5.792100
2007-07-10,5.694400
2007-07-11,5.699600
2007-07-12,5.716000
2007-07-13,5.739300
2007-07-16,5.708600
2007-07-17,5.746600
2007-07-18,5.683900
2007-07-19,5.672900
2007-07-20,5.578700
2007-07-23,5.589500
2007-07-24,5.581300
2007-07-25,5.542300
2007-07-26,5.452400
2007-07-27,5.401300
2007-07-30,5.372600
2007-07-31,5.439400
2007-08-01,5.428600
2007-08-02,5.469800
2007-08-03,5.438400
2007-08-06,5.434700
2007-08-07,5.445000
2007-08-08,5.537400
2007-08-09,5.484500
2007-08-10,5.436300
2007-08-13,5.450700
2007-08-14,5.382800
2007-08-15,5.325500
2007-08-16,5.264600
2007-08-17,5.245500
2007-08-20,5.252500
2007-08-21,5.173200
2007-08-22,5.280000
2007-08-23,5.255400
2007-08-24,5.264400
2007-08-28,5.237100
2007-08-29,5.197700
2007-08-30,5.186100
2007-08-31,5.199600
2007-09-03,5.242700
2007-09-04,5.252200
2007-09-05,5.196500
2007-09-06,5.163600
2007-09-07,5.074900
2007-09-10,5.009600
2007-09-11,4.974000
2007-09-12,4.976100
2007-09-13,5.040800
2007-09-14,4.971900
2007-09-17,4.950900
2007-09-18,5.062300
2007-09-19,5.075700
2007-09-20,5.118400
2007-09-21,5.169000
2007-09-24,5.151600
2007-09-25,5.082600
2007-09-26,5.104400
2007-09-27,5.110100
2007-09-28,5.044900
2007-10-01,5.022100
2007-10-02,5.007600
2007-10-03,5.003900
2007-10-04,4.993700
2007-10-05,5.007900
2007-10-08,5.012900
2007-10-09,4.975900
2007-10-10,5.104400
2007-10-11,5.119300
2007-10-12,5.175400
2007-10-15,5.194300
2007-10-16,5.163200
2007-10-17,5.115900
2007-10-18,5.051700
2007-10-19,4.976700
2007-10-22,4.956100
2007-10-23,4.977900
2007-10-24,4.923300
2007-10-25,4.928300
2007-10-26,4.919800
2007-10-29,4.916900
2007-10-30,4.950400
2007-10-31,5.010300
2007-11-01,5.000000
2007-11-02,4.935100
2007-11-05,4.924500
2007-11-06,4.925900
2007-11-07,4.884400
2007-11-08,4.816400
2007-11-09,4.751400
2007-11-12,4.769100
2007-11-13,4.760900
2007-11-14,4.739200
2007-11-15,4.665400
2007-11-16,4.607400
2007-11-19,4.581300
2007-11-20,4.592800
2007-11-21,4.525400
2007-11-22,4.480200
2007-11-23,4.517500
2007-11-26,4.520500
2007-11-27,4.570000
2007-11-28,4.679000
2007-11-29,4.552000
2007-11-30,4.625000
2007-12-03,4.578900
2007-12-04,4.519000
2007-12-05,4.467000
2007-12-06,4.525500
2007-12-07,4.619400
2007-12-10,4.666800
2007-12-11,4.626900
2007-12-12,4.779500
2007-12-13,4.750000
2007-12-14,4.783600
2007-12-17,4.743300
2007-12-18,4.739300
2007-12-19,4.664000
2007-12-20,4.559800
2007-12-21,4.611500
2007-12-24,4.562400
2007-12-27,4.589100
2007-12-28,4.511200
2007-12-31,4.460700
2008-01-02,4.402200
2008-01-03,4.398900
2008-01-04,4.353300
2008-01-07,4.349300
2008-01-08,4.389500
2008-01-09,4.330600
2008-01-10,4.326900
2008-01-11,4.334400
2008-01-14,4.293000
2008-01-15,4.288800
2008-01-16,4.286700
2008-01-17,4.323800
2008-01-18,4.336200
2008-01-21,4.257300
2008-01-22,4.369000
2008-01-23,4.291900
2008-01-24,4.417600
2008-01-25,4.437800
2008-01-28,4.377100
2008-01-29,4.473700
2008-01-30,4.452100
2008-01-31,4.340500
2008-02-01,4.327000
2008-02-04,4.361800
2008-02-05,4.258300
2008-02-06,4.269000
2008-02-07,4.216900
2008-02-08,4.219000
2008-02-11,4.282000
2008-02-12,4.416900
2008-02-13,4.415300
2008-02-14,4.411400
2008-02-15,4.361600
2008-02-18,4.410000
2008-02-19,4.398100
2008-02-20,4.421300
2008-02-21,4.445100
2008-02-22,4.449700
2008-02-25,4.488300
2008-02-26,4.479300
2008-02-27,4.483700
2008-02-28,4.377200
2008-02-29,4.235300
2008-03-03,4.220600
2008-03-04,4.180400
2008-03-05,4.233900
2008-03-06,4.109800
2008-03-07,4.019700
2008-03-10,3.961300
2008-03-11,4.051400
2008-03-12,4.174100
2008-03-13,4.083200
2008-03-14,4.049500
2008-03-17,3.957400
2008-03-18,3.997100
2008-03-19,3.932600
2008-03-20,3.950900
2008-03-25,4.147100
2008-03-26,4.146500
2008-03-27,4.193500
2008-03-28,4.091200
2008-03-31,3.989200
2008-04-01,4.111500
2008-04-02,4.114500
2008-04-03,4.126600
2008-04-04,4.125000
2008-04-07,4.185300
2008-04-08,4.177100
2008-04-09,4.188400
2008-04-10,4.144700
2008-04-11,4.086300
2008-04-14,4.115800
2008-04-15,4.109900
2008-04-16,4.205000
2008-04-17,4.337200
2008-04-18,4.507200
2008-04-21,4.456300
2008-04-22,4.530600
2008-04-23,4.519000
2008-04-24,4.617000
2008-04-25,4.631500
2008-04-28,4.576600
2008-04-29,4.513400
2008-04-30,4.487500
2008-05-01,4.452400
2008-05-02,4.573900
2008-05-06,4.490100
2008-05-07,4.523900
2008-05-08,4.403500
2008-05-09,4.376700
2008-05-12,4.408700
2008-05-13,4.530600
2008-05-14,4.666400
2008-05-15,4.720800
2008-05-16,4.673800
2008-05-19,4.751800
2008-05-20,4.723000
2008-05-21,4.805400
2008-05-22,4.933800
2008-05-23,4.917700
2008-05-27,4.923300
2008-05-28,4.961600
2008-05-29,5.041200
2008-05-30,5.005100
2008-06-02,4.955300
2008-06-03,5.019100
2008-06-04,4.924200
2008-06-05,5.059700
2008-06-06,5.048000
2008-06-09,5.299100
2008-06-10,5.278200
2008-06-11,5.255100
2008-06-12,5.332200
2008-06-13,5.481400
2008-06-16,5.455100
2008-06-17,5.333800
2008-06-18,5.342400
2008-06-19,5.465700
2008-06-20,5.349300
2008-06-23,5.310300
2008-06-24,5.308600
2008-06-25,5.249700
2008-06-26,5.122900
2008-06-27,5.143800
2008-06-30,5.232900
2008-07-01,5.240100
2008-07-02,5.199900
2008-07-03,5.102800
2008-07-04,5.031400
2008-07-07,4.975800
2008-07-08,4.975800
2008-07-09,4.922600
2008-07-10,4.896800
2008-07-11,4.921000
2008-07-14,4.930200
2008-07-15,4.879300
2008-07-16,4.911500
2008-07-17,4.950200
2008-07-18,5.103000
2008-07-21,5.111300
2008-07-22,5.046900
2008-07-23,5.103500
2008-07-24,4.996400
2008-07-25,5.004200
2008-07-28,4.965200
2008-07-29,4.913900
2008-07-30,4.863600
2008-07-31,4.827900
2008-08-01,4.868300
2008-08-04,4.819500
2008-08-05,4.770600
2008-08-06,4.736500
2008-08-07,4.670700
2008-08-08,4.675900
2008-08-11,4.726500
2008-08-12,4.642800
2008-08-13,4.534600
2008-08-14,4.588900
2008-08-15,4.546900
2008-08-18,4.565700
2008-08-19,4.565900
2008-08-20,4.545200
2008-08-21,4.566200
2008-08-22,4.603100
2008-08-26,4.483400
2008-08-27,4.510100
2008-08-28,4.474100
2008-08-29,4.465500
2008-09-01,4.417900
2008-09-02,4.454600
2008-09-03,4.434200
2008-09-04,4.402500
2008-09-05,4.332800
2008-09-08,4.462900
2008-09-09,4.413500
2008-09-10,4.419900
2008-09-11,4.411100
2008-09-12,4.552100
2008-09-15,4.380000
2008-09-16,4.329900
2008-09-17,4.334200
2008-09-18,4.303900
2008-09-19,4.513600
2008-09-22,4.614800
2008-09-23,4.558300
2008-09-24,4.446300
2008-09-25,4.499400
2008-09-26,4.415300
2008-09-29,4.204300
2008-09-30,4.241400
2008-10-01,4.205800
2008-10-02,4.156300
2008-10-03,4.172300
2008-10-06,3.920700
2008-10-07,3.928200
2008-10-08,3.979700
2008-10-09,4.105300
2008-10-10,4.141300
2008-10-13,4.368200
2008-10-14,4.498900
2008-10-15,4.459500
2008-10-16,4.447000
2008-10-17,4.348900
2008-10-20,4.263000
2008-10-21,4.238900
2008-10-22,4.041700
2008-10-23,4.070900
2008-10-24,3.932400
2008-10-27,3.955500
2008-10-28,3.969300
2008-10-29,3.927900
2008-10-30,3.912200
2008-10-31,3.962300
2008-11-03,3.923400
2008-11-04,3.891800
2008-11-05,3.821700
2008-11-06,3.695100
2008-11-07,3.607800
2008-11-10,3.639500
2008-11-11,3.666900
2008-11-12,3.522500
2008-11-13,3.494300
2008-11-14,3.447400
2008-11-17,3.445500
2008-11-18,3.423700
2008-11-19,3.420500
2008-11-20,3.276700
2008-11-21,3.251400
2008-11-24,3.325700
2008-11-25,3.345000
2008-11-26,3.317500
2008-11-27,3.401200
2008-11-28,3.351700
2008-12-01,3.207600
2008-12-02,3.017200
2008-12-03,2.949800
2008-12-04,3.026400
2008-12-05,3.031900
2008-12-08,3.215200
2008-12-09,3.213900
2008-12-10,3.242600
2008-12-11,3.273400
2008-12-12,3.253800
2008-12-15,3.178700
2008-12-16,3.111000
2008-12-17,2.940400
2008-12-18,2.864700
2008-12-19,2.859000
2008-12-22,2.820800
2008-12-23,2.816900
2008-12-24,2.749700
2008-12-29,2.798600
2008-12-30,2.764800
2008-12-31,2.683600
2009-01-02,2.668100
2009-01-05,2.751500
2009-01-06,2.790400
2009-01-07,2.796300
2009-01-08,2.706900
2009-01-09,2.631000
2009-01-12,2.630100
2009-01-13,2.700900
2009-01-14,2.656500
2009-01-15,2.646000
2009-01-16,2.761300
2009-01-19,2.834300
2009-01-20,2.838800
2009-01-21,2.752700
2009-01-22,2.787900
2009-01-23,2.868100
2009-01-26,2.864100
2009-01-27,2.862200
2009-01-28,2.835400
2009-01-29,2.831200
2009-01-30,2.848900
2009-02-02,2.845100
2009-02-03,2.896800
2009-02-04,2.914100
2009-02-05,2.849100
2009-02-06,2.867900
2009-02-09,2.869700
2009-02-10,2.817800
2009-02-11,2.568100
2009-02-12,2.418600
2009-02-13,2.519200
2009-02-16,2.477300
2009-02-17,2.436000
2009-02-18,2.477100
2009-02-19,2.548400
2009-02-20,2.487700
2009-02-23,2.515500
2009-02-24,2.447200
2009-02-25,2.457000
2009-02-26,2.623900
2009-02-27,2.595000
2009-03-02,2.533800
2009-03-03,2.479400
2009-03-04,2.519300
2009-03-05,2.346600
2009-03-06,2.183300
2009-03-09,2.288300
2009-03-10,2.257200
2009-03-11,2.260000
2009-03-12,2.222600
2009-03-13,2.258100
2009-03-16,2.346300
2009-03-17,2.382700
2009-03-18,2.421800
2009-03-19,2.353700
2009-03-20,2.342300
2009-03-23,2.415800
2009-03-24,2.520000
2009-03-25,2.502000
2009-03-26,2.560600
2009-03-27,2.547300
2009-03-30,2.442100
2009-03-31,2.425700
2009-04-01,2.354000
2009-04-02,2.581400
2009-04-03,2.614800
2009-04-06,2.681700
2009-04-07,2.682900
2009-04-08,2.596400
2009-04-09,2.555500
2009-04-14,2.490400
2009-04-15,2.546100
2009-04-16,2.511100
2009-04-17,2.637900
2009-04-20,2.503100
2009-04-21,2.590300
2009-04-22,2.680400
2009-04-23,2.647700
2009-04-24,2.614600
2009-04-27,2.590800
2009-04-28,2.528100
2009-04-29,2.505900
2009-04-30,2.568600
2009-05-01,2.596400
2009-05-05,2.614800
2009-05-06,2.679500
2009-05-07,2.724300
2009-05-08,2.765000
2009-05-11,2.696200
2009-05-12,2.719400
2009-05-13,2.590200
2009-05-14,2.568900
2009-05-15,2.639200
2009-05-18,2.582800
2009-05-19,2.606600
2009-05-20,2.683300
2009-05-21,2.658600
2009-05-22,2.709800
2009-05-26,2.615000
2009-05-27,2.677500
2009-05-28,2.712100
2009-05-29,2.687500
2009-06-01,2.787700
2009-06-02,2.790900
2009-06-03,2.729200
2009-06-04,2.812400
2009-06-05,2.920400
2009-06-08,3.003300
2009-06-09,2.950500
2009-06-10,3.011500
2009-06-11,3.129600
2009-06-12,3.052200
2009-06-15,2.945300
2009-06-16,2.984500
2009-06-17,2.892300
2009-06-18,2.920200
2009-06-19,2.872700
2009-06-22,2.813700
2009-06-23,2.783200
2009-06-24,2.748100
2009-06-25,2.755600
2009-06-26,2.831300
2009-06-29,2.855600
2009-06-30,2.947800
2009-07-01,3.038200
2009-07-02,2.991200
2009-07-03,2.970600
2009-07-06,2.919300
2009-07-07,2.921000
2009-07-08,2.851000
2009-07-09,2.993800
2009-07-10,2.947100
2009-07-13,2.895100
2009-07-14,2.958200
2009-07-15,3.013800
2009-07-16,3.002400
2009-07-17,3.030500
2009-07-20,3.065400
2009-07-21,3.047000
2009-07-22,3.104900
2009-07-23,3.224100
2009-07-24,3.209300
2009-07-27,3.224400
2009-07-28,3.199200
2009-07-29,3.223600
2009-07-30,3.196100
2009-07-31,3.053000
2009-08-03,3.123000
2009-08-04,3.114500
2009-08-05,3.109500
2009-08-06,3.000800
2009-08-07,3.072400
2009-08-10,3.031200
2009-08-11,3.049200
2009-08-12,3.000000
2009-08-13,2.981400
2009-08-14,2.893700
2009-08-17,2.825200
2009-08-18,2.879600
2009-08-19,2.762800
2009-08-20,2.765700
2009-08-21,2.771100
2009-08-24,2.746700
2009-08-25,2.630800
2009-08-26,2.626600
2009-08-27,2.643300
2009-08-28,2.661000
2009-09-01,2.672400
2009-09-02,2.645500
2009-09-03,2.711700
2009-09-04,2.700700
2009-09-07,2.708000
2009-09-08,2.741800
2009-09-09,2.807400
2009-09-10,2.742500
2009-09-11,2.691900
2009-09-14,2.701500
2009-09-15,2.657000
2009-09-16,2.731600
2009-09-17,2.758600
2009-09-18,2.768200
2009-09-21,2.769600
2009-09-22,2.785300
2009-09-23,2.777300
2009-09-24,2.697000
2009-09-25,2.635800
2009-09-28,2.647300
2009-09-29,2.678700
2009-09-30,2.653200
2009-10-01,2.549400
2009-10-02,2.513700
2009-10-05,2.486300
2009-10-06,2.479700
2009-10-07,2.447600
2009-10-08,2.425300
2009-10-09,2.527800
2009-10-12,2.455600
2009-10-13,2.470000
2009-10-14,2.560000
2009-10-15,2.625200
2009-10-16,2.672700
2009-10-19,2.680600
2009-10-20,2.619300
2009-10-21,2.789600
2009-10-22,2.812600
2009-10-23,2.761300
2009-10-26,2.782200
2009-10-27,2.711700
2009-10-28,2.714100
2009-10-29,2.773300
2009-10-30,2.737200
2009-11-02,2.789400
2009-11-03,2.836500
2009-11-04,2.887500
2009-11-05,2.930500
2009-11-06,2.923900
2009-11-09,2.863100
2009-11-10,2.832400
2009-11-11,2.779800
2009-11-12,2.759200
2009-11-13,2.793200
2009-11-16,2.772300
2009-11-17,2.696600
2009-11-18,2.699600
2009-11-19,2.676700
2009-11-20,2.669100
2009-11-23,2.699500
2009-11-24,2.706400
2009-11-25,2.686700
2009-11-26,2.625900
2009-11-27,2.650600
2009-11-30,2.630100
2009-12-01,2.612900
2009-12-02,2.621900
2009-12-03,2.632100
2009-12-04,2.704900
2009-12-07,2.684100
2009-12-08,2.665300
2009-12-09,2.628800
2009-12-10,2.732800
2009-12-11,2.792200
2009-12-14,2.767000
2009-12-15,2.817600
2009-12-16,2.808000
2009-12-17,2.765900
2009-12-18,2.690000
2009-12-21,2.789100
2009-12-22,2.831600
2009-12-23,2.915700
2009-12-24,2.931100
2009-12-29,3.001200
2009-12-30,2.992900
2009-12-31,2.944000
2010-01-04,2.961300
2010-01-05,3.020500
2010-01-06,3.028900
2010-01-07,3.029600
2010-01-08,3.043000
2010-01-11,2.969400
2010-01-12,2.939500
2010-01-13,2.957700
2010-01-14,2.973900
2010-01-15,2.949200
2010-01-18,2.954400
2010-01-19,3.039900
2010-01-20,3.036200
2010-01-21,2.948900
2010-01-22,2.949800
2010-01-25,2.930100
2010-01-26,2.909200
2010-01-27,2.901800
2010-01-28,2.976500
2010-01-29,2.930800
2010-02-01,2.926300
2010-02-02,2.906900
2010-02-03,2.892300
2010-02-04,2.888800
2010-02-05,2.857600
2010-02-08,2.917100
2010-02-09,2.926000
2010-02-10,2.863700
2010-02-11,2.938200
2010-02-12,2.933800
2010-02-15,2.956000
2010-02-16,2.919600
2010-02-17,2.911100
2010-02-18,2.911000
2010-02-19,2.956200
2010-02-22,2.948100
2010-02-23,2.905800
2010-02-24,2.818100
2010-02-25,2.791400
2010-02-26,2.764000
2010-03-01,2.826100
2010-03-02,2.789900
2010-03-03,2.837100
2010-03-04,2.828100
2010-03-05,2.899100
2010-03-08,2.903900
2010-03-09,2.829600
2010-03-10,2.842700
2010-03-11,2.887500
2010-03-12,2.844000
2010-03-15,2.815900
2010-03-16,2.793900
2010-03-17,2.795800
2010-03-18,2.817900
2010-03-19,2.831300
2010-03-22,2.789700
2010-03-23,2.773000
2010-03-24,2.816000
2010-03-25,2.826000
2010-03-26,2.829000
2010-03-29,2.785500
2010-03-30,2.807500
2010-03-31,2.760000
2010-04-01,2.762600
2010-04-06,2.845800
2010-04-07,2.873200
2010-04-08,2.808700
2010-04-09,2.844200
2010-04-12,2.854400
2010-04-13,2.818800
2010-04-14,2.819900
2010-04-15,2.827700
2010-04-16,2.773700
2010-04-19,2.787100
2010-04-20,2.813500
2010-04-21,2.831900
2010-04-22,2.834500
2010-04-23,2.909100
2010-04-26,2.890000
2010-04-27,2.837700
2010-04-28,2.813100
2010-04-29,2.823200
2010-04-30,2.731100
2010-05-04,2.679400
2010-05-05,2.661700
2010-05-06,2.652400
2010-05-07,2.675500
2010-05-10,2.750400
2010-05-11,2.727900
2010-05-12,2.661800
2010-05-13,2.604100
2010-05-14,2.507700
2010-05-17,2.479300
2010-05-18,2.488200
2010-05-19,2.402900
2010-05-20,2.318500
2010-05-21,2.320200
2010-05-24,2.316000
2010-05-25,2.233500
2010-05-26,2.313900
2010-05-27,2.382500
2010-05-28,2.379100
2010-06-01,2.393100
2010-06-02,2.356000
2010-06-03,2.387800
2010-06-04,2.311900
2010-06-07,2.282800
2010-06-08,2.253300
2010-06-09,2.302900
2010-06-10,2.361000
2010-06-11,2.292600
2010-06-14,2.399300
2010-06-15,2.389400
2010-06-16,2.373400
2010-06-17,2.341900
2010-06-18,2.392200
2010-06-21,2.362700
2010-06-22,2.296700
2010-06-23,2.283200
2010-06-24,2.227400
2010-06-25,2.215000
2010-06-28,2.218800
2010-06-29,2.235100
2010-06-30,2.184700
2010-07-01,2.164900
2010-07-02,2.198900
2010-07-05,2.155700
2010-07-06,2.171500
2010-07-07,2.183100
2010-07-08,2.190500
2010-07-09,2.153300
2010-07-12,2.160300
2010-07-13,2.202800
2010-07-14,2.228100
2010-07-15,2.207100
2010-07-16,2.174500
2010-07-19,2.192800
2010-07-20,2.203500
2010-07-21,2.200800
2010-07-22,2.210000
2010-07-23,2.294700
2010-07-26,2.323300
2010-07-27,2.379700
2010-07-28,2.346300
2010-07-29,2.276200
2010-07-30,2.200900
2010-08-02,2.230200
2010-08-03,2.176000
2010-08-04,2.193400
2010-08-05,2.141800
2010-08-06,2.128400
2010-08-09,2.144700
2010-08-10,2.132900
2010-08-11,2.006500
2010-08-12,1.974500
2010-08-13,1.991700
2010-08-16,1.930500
2010-08-17,1.948100
2010-08-18,1.918400
2010-08-19,1.895300
2010-08-20,1.852100
2010-08-23,1.850100
2010-08-24,1.762300
2010-08-25,1.746800
2010-08-26,1.751200
2010-08-27,1.772900
2010-08-31,1.726000
2010-09-01,1.818300
2010-09-02,1.849500
2010-09-03,1.878800
2010-09-06,1.854400
2010-09-07,1.785500
2010-09-08,1.842800
2010-09-09,1.888000
2010-09-10,1.965000
2010-09-13,1.962000
2010-09-14,1.889100
2010-09-15,1.906700
2010-09-16,1.959100
2010-09-17,1.948200
2010-09-20,1.974900
2010-09-21,1.941200
2010-09-22,1.813500
2010-09-23,1.787200
2010-09-24,1.868800
2010-09-27,1.811300
2010-09-28,1.783800
2010-09-29,1.761000
2010-09-30,1.794600
2010-10-01,1.809200
2010-10-04,1.766100
2010-10-05,1.803000
2010-10-06,1.745400
2010-10-07,1.773400
2010-10-08,1.719500
2010-10-11,1.733700
2010-10-12,1.699300
2010-10-13,1.725100
2010-10-14,1.722900
2010-10-15,1.769700
2010-10-18,1.771800
2010-10-19,1.780300
2010-10-20,1.730400
2010-10-21,1.677600
2010-10-22,1.707900
2010-10-25,1.700400
2010-10-26,1.845200
2010-10-27,1.915700
2010-10-28,1.917800
2010-10-29,1.853700
2010-11-01,1.835300
2010-11-02,1.828700
2010-11-03,1.803000
2010-11-04,1.756000
2010-11-05,1.773100
2010-11-08,1.803600
2010-11-09,1.833600
2010-11-10,1.959700
2010-11-11,1.968200
2010-11-12,2.026800
2010-11-15,2.090600
2010-11-16,2.110600
2010-11-17,2.083900
2010-11-18,2.186300
2010-11-19,2.181000
2010-11-22,2.125400
2010-11-23,2.049900
2010-11-24,2.108200
2010-11-25,2.138500
2010-11-26,2.128000
2010-11-29,2.109700
2010-11-30,2.001500
2010-12-01,2.117400
2010-12-02,2.160400
2010-12-03,2.168000
2010-12-06,2.147500
2010-12-07,2.199700
2010-12-08,2.301000
2010-12-09,2.270400
2010-12-10,2.297900
2010-12-13,2.358000
2010-12-14,2.419900
2010-12-15,2.434000
2010-12-16,2.461300
2010-12-17,2.402900
2010-12-20,2.341700
2010-12-21,2.376200
2010-12-22,2.396900
2010-12-23,2.390700
2010-12-24,2.409300
2010-12-29,2.452700
2010-12-30,2.360800
2010-12-31,2.289400
2011-01-04,2.354800
2011-01-05,2.424300
2011-01-06,2.421900
2011-01-07,2.417000
2011-01-10,2.436500
2011-01-11,2.504700
2011-01-12,2.573500
2011-01-13,2.519800
2011-01-14,2.534500
2011-01-17,2.535500
2011-01-18,2.575400
2011-01-19,2.512500
2011-01-20,2.567900
2011-01-21,2.567900
2011-01-24,2.540600
2011-01-25,2.455700
2011-01-26,2.533200
2011-01-27,2.559900
2011-01-28,2.550000
2011-01-31,2.550700
2011-02-01,2.646600
2011-02-02,2.710300
2011-02-03,2.697400
2011-02-04,2.769800
2011-02-07,2.803700
2011-02-08,2.793200
2011-02-09,2.840100
2011-02-10,2.836700
2011-02-11,2.812300
2011-02-14,2.794500
2011-02-15,2.823700
2011-02-16,2.783100
2011-02-17,2.726600
2011-02-18,2.790200
2011-02-21,2.725700
2011-02-22,2.693900
2011-02-23,2.706200
2011-02-24,2.681500
2011-02-25,2.638900
2011-02-28,2.630400
2011-03-01,2.646600
2011-03-02,2.644900
2011-03-03,2.719300
2011-03-04,2.652500
2011-03-07,2.645000
2011-03-08,2.674600
2011-03-09,2.669200
2011-03-10,2.590000
2011-03-11,2.537700
2011-03-14,2.475000
2011-03-15,2.438700
2011-03-16,2.391000
2011-03-17,2.485200
2011-03-18,2.429300
2011-03-21,2.465100
2011-03-22,2.541800
2011-03-23,2.511600
2011-03-24,2.524200
2011-03-25,2.545400
2011-03-28,2.566200
2011-03-29,2.578200
2011-03-30,2.624100
2011-03-31,2.639000
2011-04-01,2.689300
2011-04-04,2.676700
2011-04-05,2.742000
2011-04-06,2.719500
2011-04-07,2.705300
2011-04-08,2.760800
2011-04-11,2.763100
2011-04-12,2.619600
2011-04-13,2.632900
2011-04-14,2.610700
2011-04-15,2.538900
2011-04-18,2.468200
2011-04-19,2.478600
2011-04-20,2.496000
2011-04-21,2.466800
2011-04-26,2.423500
2011-04-27,2.517100
2011-04-28,2.436200
2011-05-03,2.340200
2011-05-04,2.297900
2011-05-05,2.302500
2011-05-06,2.300200
2011-05-09,2.268600
2011-05-10,2.298100
2011-05-11,2.375600
2011-05-12,2.301900
2011-05-13,2.294100
2011-05-16,2.299100
2011-05-17,2.286800
2011-05-18,2.304200
2011-05-19,2.322400
2011-05-20,2.284300
2011-05-23,2.230400
2011-05-24,2.260400
2011-05-25,2.235100
2011-05-26,2.226100
2011-05-27,2.218500
2011-05-31,2.231500
2011-06-01,2.171300
2011-06-02,2.146400
2011-06-03,2.170900
2011-06-06,2.162100
2011-06-07,2.199400
2011-06-08,2.151600
2011-06-09,2.128300
2011-06-10,2.071900
2011-06-13,2.108400
2011-06-14,2.139000
2011-06-15,2.089000
2011-06-16,2.016800
2011-06-17,2.042400
2011-06-20,2.050200
2011-06-21,2.070600
2011-06-22,2.017800
2011-06-23,1.959200
2011-06-24,1.950200
2011-06-27,1.979100
2011-06-28,2.063900
2011-06-29,2.130500
2011-06-30,2.177500
2011-07-01,2.199900
2011-07-04,2.174800
2011-07-05,2.135600
2011-07-06,2.045900
2011-07-07,2.096400
2011-07-08,2.000000
2011-07-11,1.897500
2011-07-12,1.897500
2011-07-13,1.952700
2011-07-14,1.942700
2011-07-15,1.920400
2011-07-18,1.886700
2011-07-19,1.914500
2011-07-20,1.936800
2011-07-21,2.026400
2011-07-22,1.958500
2011-07-25,1.893100
2011-07-26,1.922100
2011-07-27,1.849700
2011-07-28,1.821800
2011-07-29,1.728100
2011-08-01,1.684100
2011-08-02,1.645100
2011-08-03,1.629800
2011-08-04,1.585700
2011-08-05,1.594100
2011-08-08,1.536800
2011-08-09,1.590700
2011-08-10,1.384300
2011-08-11,1.406200
2011-08-12,1.454600
2011-08-15,1.473000
2011-08-16,1.501300
2011-08-17,1.410700
2011-08-18,1.310500
2011-08-19,1.384300
2011-08-22,1.393100
2011-08-23,1.396100
2011-08-24,1.483700
2011-08-25,1.473000
2011-08-26,1.507700
2011-08-30,1.492200
2011-08-31,1.579200
2011-09-01,1.503500
2011-09-02,1.436900
2011-09-05,1.315300
2011-09-06,1.336200
2011-09-07,1.367700
2011-09-08,1.384000
2011-09-09,1.301200
2011-09-12,1.237700
2011-09-13,1.258800
2011-09-14,1.295700
2011-09-15,1.362100
2011-09-16,1.338100
2011-09-19,1.285700
2011-09-20,1.294300
2011-09-21,1.308200
2011-09-22,1.292600
2011-09-23,1.326300
2011-09-26,1.385300
2011-09-27,1.471900
2011-09-28,1.447000
2011-09-29,1.460100
2011-09-30,1.384500
2011-10-03,1.328400
2011-10-04,1.290300
2011-10-05,1.362800
2011-10-06,1.395400
2011-10-07,1.441000
2011-10-10,1.501000
2011-10-11,1.517300
2011-10-12,1.578800
2011-10-13,1.487700
2011-10-14,1.539500
2011-10-17,1.492500
2011-10-18,1.436100
2011-10-19,1.465800
2011-10-20,1.460300
2011-10-21,1.502100
2011-10-24,1.509700
2011-10-25,1.466100
2011-10-26,1.411500
2011-10-27,1.511700
2011-10-28,1.513200
2011-10-31,1.350800
2011-11-01,1.216400
2011-11-02,1.275400
2011-11-03,1.316600
2011-11-04,1.288200
2011-11-07,1.253200
2011-11-08,1.233900
2011-11-09,1.191200
2011-11-10,1.203900
2011-11-11,1.276100
2011-11-14,1.186900
2011-11-15,1.149300
2011-11-16,1.173800
2011-11-17,1.248100
2011-11-18,1.252800
2011-11-21,1.207600
2011-11-22,1.186100
2011-11-23,1.181500
2011-11-24,1.197900
2011-11-25,1.274000
2011-11-28,1.200000
2011-11-29,1.195800
2011-11-30,1.267500
2011-12-01,1.175800
2011-12-02,1.177600
2011-12-05,1.184200
2011-12-06,1.082300
2011-12-07,1.072400
2011-12-08,0.988800
2011-12-09,1.048100
2011-12-12,1.002500
2011-12-13,1.024100
2011-12-14,1.015800
2011-12-15,1.058800
2011-12-16,0.995800
2011-12-19,1.031500
2011-12-20,1.075400
2011-12-21,1.038300
2011-12-22,1.032900
2011-12-23,1.036300
2011-12-28,1.021500
2011-12-29,0.964600
2011-12-30,0.984600
2012-01-03,1.030100
2012-01-04,1.054200
2012-01-05,1.058700
2012-01-06,1.027500
2012-01-09,0.992400
2012-01-10,1.049100
2012-01-11,0.999500
2012-01-12,0.995500
2012-01-13,0.958100
2012-01-16,0.961300
2012-01-17,0.975100
2012-01-18,0.986500
2012-01-19,1.014000
2012-01-20,1.047200
2012-01-23,1.113900
2012-01-24,1.128700
2012-01-25,1.102600
2012-01-26,1.036900
2012-01-27,1.010000
2012-01-30,0.963600
2012-01-31,0.946300
2012-02-01,1.003300
2012-02-02,1.037400
2012-02-03,1.100100
2012-02-06,1.102300
2012-02-07,1.145100
2012-02-08,1.110400
2012-02-09,1.103400
2012-02-10,1.001100
2012-02-13,0.996200
2012-02-14,0.973500
2012-02-15,0.967200
2012-02-16,1.002500
2012-02-17,1.058200
2012-02-20,1.097100
2012-02-21,1.082800
2012-02-22,1.023800
2012-02-23,0.992100
2012-02-24,0.971600
2012-02-27,0.962900
2012-02-28,0.968300
2012-02-29,1.008100
2012-03-01,1.084600
2012-03-02,1.003700
2012-03-05,1.046900
2012-03-06,1.033000
2012-03-07,1.046600
2012-03-08,1.044300
2012-03-09,1.048300
2012-03-12,1.015200
2012-03-13,1.072700
2012-03-14,1.195200
2012-03-15,1.200700
2012-03-16,1.256000
2012-03-19,1.233400
2012-03-20,1.238000
2012-03-21,1.206100
2012-03-22,1.176400
2012-03-23,1.150700
2012-03-26,1.180400
2012-03-27,1.119500
2012-03-28,1.096200
2012-03-29,1.070600
2012-03-30,1.057200
2012-04-02,1.070700
2012-04-03,1.049500
2012-04-04,1.093500
2012-04-05,1.060200
2012-04-10,0.944900
2012-04-11,0.980700
2012-04-12,0.995800
2012-04-13,0.953600
2012-04-16,0.957100
2012-04-17,1.012700
2012-04-18,1.069600
2012-04-19,1.097400
2012-04-20,1.130500
2012-04-23,1.083700
2012-04-24,1.073500
2012-04-25,1.075700
2012-04-26,1.034800
2012-04-27,1.064800
2012-04-30,1.088300
2012-05-01,1.070100
2012-05-02,1.021700
2012-05-03,1.022100
2012-05-04,0.995700
2012-05-08,0.954700
2012-05-09,0.949500
2012-05-10,1.013300
2012-05-11,0.981500
2012-05-14,0.922500
2012-05-15,0.921500
2012-05-16,0.898600
2012-05-17,0.873000
2012-05-18,0.840500
2012-05-21,0.845600
2012-05-22,0.870000
2012-05-23,0.792100
2012-05-24,0.784700
2012-05-25,0.764800
2012-05-28,0.764500
2012-05-29,0.804000
2012-05-30,0.707900
2012-05-31,0.659500
2012-06-01,0.658900
2012-06-06,0.754500
2012-06-07,0.821500
2012-06-08,0.760000
2012-06-11,0.766400
2012-06-12,0.824600
2012-06-13,0.861600
2012-06-14,0.842200
2012-06-15,0.774100
2012-06-18,0.757900
2012-06-19,0.785800
2012-06-20,0.815000
2012-06-21,0.769200
2012-06-22,0.816100
2012-06-25,0.774100
2012-06-26,0.777500
2012-06-27,0.779400
2012-06-28,0.743400
2012-06-29,0.813400
2012-07-02,0.784100
2012-07-03,0.843600
2012-07-04,0.825500
2012-07-05,0.742200
2012-07-06,0.690000
2012-07-09,0.680400
2012-07-10,0.687900
2012-07-11,0.665800
2012-07-12,0.649900
2012-07-13,0.661100
2012-07-16,0.627300
2012-07-17,0.609300
2012-07-18,0.567100
2012-07-19,0.595000
2012-07-20,0.555000
2012-07-23,0.539300
2012-07-24,0.532400
2012-07-25,0.518600
2012-07-26,0.554400
2012-07-27,0.608300
2012-07-30,0.613100
2012-07-31,0.552300
2012-08-01,0.580200
2012-08-02,0.522000
2012-08-03,0.615900
2012-08-06,0.577900
2012-08-07,0.642800
2012-08-08,0.644100
2012-08-09,0.675000
2012-08-10,0.610900
2012-08-13,0.625900
2012-08-14,0.657900
2012-08-15,0.723600
2012-08-16,0.734900
2012-08-17,0.716300
2012-08-20,0.713200
2012-08-21,0.770300
2012-08-22,0.716600
2012-08-23,0.680600
2012-08-24,0.633100
2012-08-28,0.595900
2012-08-29,0.618700
2012-08-30,0.568300
2012-08-31,0.575300
2012-09-03,0.580300
2012-09-04,0.559400
2012-09-05,0.572800
2012-09-06,0.626000
2012-09-07,0.599800
2012-09-10,0.647400
2012-09-11,0.652400
2012-09-12,0.750800
2012-09-13,0.733300
2012-09-14,0.861400
2012-09-17,0.838600
2012-09-18,0.807500
2012-09-19,0.768000
2012-09-20,0.740000
2012-09-21,0.774400
2012-09-24,0.753000
2012-09-25,0.755500
2012-09-26,0.651800
2012-09-27,0.672900
2012-09-28,0.656300
2012-10-01,0.685300
2012-10-02,0.660800
2012-10-03,0.630700
2012-10-04,0.638700
2012-10-05,0.695300
2012-10-08,0.654900
2012-10-09,0.659200
2012-10-10,0.714600
2012-10-11,0.722100
2012-10-12,0.674200
2012-10-15,0.695600
2012-10-16,0.761900
2012-10-17,0.849400
2012-10-18,0.848200
2012-10-19,0.823600
2012-10-22,0.840900
2012-10-23,0.779900
2012-10-24,0.801300
2012-10-25,0.851500
2012-10-26,0.809400
2012-10-29,0.752800
2012-10-30,0.785200
2012-10-31,0.809400
2012-11-01,0.825600
2012-11-02,0.809900
2012-11-05,0.762300
2012-11-06,0.753000
2012-11-07,0.702200
2012-11-08,0.715000
2012-11-09,0.700300
2012-11-12,0.694100
2012-11-13,0.701700
2012-11-14,0.732600
2012-11-15,0.728000
2012-11-16,0.731700
2012-11-19,0.779800
2012-11-20,0.833400
2012-11-21,0.842900
2012-11-22,0.841200
2012-11-23,0.844900
2012-11-26,0.849100
2012-11-27,0.864300
2012-11-28,0.788500
2012-11-29,0.794100
2012-11-30,0.808200
2012-12-03,0.850000
2012-12-04,0.827600
2012-12-05,0.786300
2012-12-06,0.744700
2012-12-07,0.749300
2012-12-10,0.776500
2012-12-11,0.803300
2012-12-12,0.820200
2012-12-13,0.854000
2012-12-14,0.875400
2012-12-17,0.895400
2012-12-18,0.956300
2012-12-19,0.970200
2012-12-20,0.958800
2012-12-21,0.912600
2012-12-24,0.920000
2012-12-27,0.842000
2012-12-28,0.857500
2012-12-31,0.863800
2013-01-02,0.993700
2013-01-03,1.064600
2013-01-04,1.117800
2013-01-07,1.081600
2013-01-08,1.019600
2013-01-09,1.014300
2013-01-10,1.059400
2013-01-11,1.057100
2013-01-14,1.013100
2013-01-15,0.994100
2013-01-16,0.977000
2013-01-17,1.012100
2013-01-18,0.995500
2013-01-21,1.035000
2013-01-22,1.015100
2013-01-23,0.976700
2013-01-24,0.998700
2013-01-25,1.029400
2013-01-28,1.063500
2013-01-29,1.039400
2013-01-30,1.073600
2013-01-31,1.048700
2013-02-01,1.035800
2013-02-04,1.028000
2013-02-05,1.048200
2013-02-06,1.027400
2013-02-07,1.030100
2013-02-08,1.021100
2013-02-11,1.019100
2013-02-12,1.025400
2013-02-13,1.099900
2013-02-14,1.063100
2013-02-15,1.074000
2013-02-18,1.066000
2013-02-19,1.051900
2013-02-20,1.047100
2013-02-21,0.973100
2013-02-22,0.984500
2013-02-25,0.969500
2013-02-26,0.881500
2013-02-27,0.876900
2013-02-28,0.892100
2013-03-01,0.828000
2013-03-04,0.849500
2013-03-05,0.888600
2013-03-06,0.865900
2013-03-07,0.912400
2013-03-08,0.936700
2013-03-11,0.895600
2013-03-12,0.857000
2013-03-13,0.862500
2013-03-14,0.863400
2013-03-15,0.841900
2013-03-18,0.805100
2013-03-19,0.765800
2013-03-20,0.773700
2013-03-21,0.780900
2013-03-22,0.779000
2013-03-25,0.756100
2013-03-26,0.734100
2013-03-27,0.700200
2013-03-28,0.726700
2013-04-02,0.732600
2013-04-03,0.718400
2013-04-04,0.709800
2013-04-05,0.654500
2013-04-08,0.706900
2013-04-09,0.733600
2013-04-10,0.768900
2013-04-11,0.759200
2013-04-12,0.722200
2013-04-15,0.713600
2013-04-16,0.731400
2013-04-17,0.699800
2013-04-18,0.692400
2013-04-19,0.708500
2013-04-22,0.690900
2013-04-23,0.728200
2013-04-24,0.720800
2013-04-25,0.751000
2013-04-26,0.723400
2013-04-29,0.700000
2013-04-30,0.712800
2013-05-01,0.705900
2013-05-02,0.668000
2013-05-03,0.770400
2013-05-07,0.823900
2013-05-08,0.800600
2013-05-09,0.813800
2013-05-10,0.896900
2013-05-13,0.885300
2013-05-14,0.898800
2013-05-15,0.927100
2013-05-16,0.874800
2013-05-17,0.890100
2013-05-20,0.913300
2013-05-21,0.924800
2013-05-22,0.891100
2013-05-23,0.910300
2013-05-24,0.904000
2013-05-28,0.956200
2013-05-29,0.993700
2013-05-30,0.965200
2013-05-31,1.002400
2013-06-03,0.992700
2013-06-04,1.032800
2013-06-05,1.008300
2013-06-06,1.029700
2013-06-07,1.073500
2013-06-10,1.129300
2013-06-11,1.212500
2013-06-12,1.175100
2013-06-13,1.144500
2013-06-14,1.091800
2013-06-17,1.103100
2013-06-18,1.157000
2013-06-19,1.151600
2013-06-20,1.349200
2013-06-21,1.403900
2013-06-24,1.572800
2013-06-25,1.501400
2013-06-26,1.392900
2013-06-27,1.377900
2013-06-28,1.367000
2013-07-01,1.356600
2013-07-02,1.328700
2013-07-03,1.353500
2013-07-04,1.321200
2013-07-05,1.395900
2013-07-08,1.375600
2013-07-09,1.310200
2013-07-10,1.307500
2013-07-11,1.284500
2013-07-12,1.236300
2013-07-15,1.255600
2013-07-16,1.181000
2013-07-17,1.177400
2013-07-18,1.139300
2013-07-19,1.186100
2013-07-22,1.174300
2013-07-23,1.216100
2013-07-24,1.284200
2013-07-25,1.274400
2013-07-26,1.207300
2013-07-29,1.210900
2013-07-30,1.199700
2013-07-31,1.219300
2013-08-01,1.257200
2013-08-02,1.294200
2013-08-05,1.341700
2013-08-06,1.361500
2013-08-07,1.368300
2013-08-08,1.360700
2013-08-09,1.350800
2013-08-12,1.358100
2013-08-13,1.478200
2013-08-14,1.499200
2013-08-15,1.558300
2013-08-16,1.572400
2013-08-19,1.614600
2013-08-20,1.542400
2013-08-21,1.581200
2013-08-22,1.587200
2013-08-23,1.602000
2013-08-27,1.519600
2013-08-28,1.552900
2013-08-29,1.523100
2013-08-30,1.529600
2013-09-02,1.587300
2013-09-03,1.635400
2013-09-04,1.623700
2013-09-05,1.775000
2013-09-06,1.707600
2013-09-09,1.715400
2013-09-10,1.790500
2013-09-11,1.766200
2013-09-12,1.702200
2013-09-13,1.681100
2013-09-16,1.647500
2013-09-17,1.716300
2013-09-18,1.793600
2013-09-19,1.674100
2013-09-20,1.695500
2013-09-23,1.670100
2013-09-24,1.586300
2013-09-25,1.539700
2013-09-26,1.534400
2013-09-27,1.510600
2013-09-30,1.517200
2013-10-01,1.519000
2013-10-02,1.507900
2013-10-03,1.520200
2013-10-04,1.582500
2013-10-07,1.559100
2013-10-08,1.559400
2013-10-09,1.526200
2013-10-10,1.563000
2013-10-11,1.553600
2013-10-14,1.572200
2013-10-15,1.629300
2013-10-16,1.654800
2013-10-17,1.579800
2013-10-18,1.555100
2013-10-21,1.581500
2013-10-22,1.482600
2013-10-23,1.452600
2013-10-24,1.486000
2013-10-25,1.471900
2013-10-28,1.487700
2013-10-29,1.465600
2013-10-30,1.415800
2013-10-31,1.480500
2013-11-01,1.499300
2013-11-04,1.482500
2013-11-05,1.577500
2013-11-06,1.572200
2013-11-07,1.515300
2013-11-08,1.604000
2013-11-11,1.637700
2013-11-12,1.614400
2013-11-13,1.612500
2013-11-14,1.574500
2013-11-15,1.550100
2013-11-18,1.532100
2013-11-19,1.546200
2013-11-20,1.553200
2013-11-21,1.631300
2013-11-22,1.604900
2013-11-25,1.582500
2013-11-26,1.556900
2013-11-27,1.579200
2013-11-28,1.566100
2013-11-29,1.596900
2013-12-02,1.671100
2013-12-03,1.651400
2013-12-04,1.710500
2013-12-05,1.719400
2013-12-06,1.724800
2013-12-09,1.749500
2013-12-10,1.726200
2013-12-11,1.717900
2013-12-12,1.749800
2013-12-13,1.744200
2013-12-16,1.732300
2013-12-17,1.725100
2013-12-18,1.778300
2013-12-19,1.842700
2013-12-20,1.850500
2013-12-23,1.898900
2013-12-24,1.921700
2013-12-27,2.011700
2013-12-30,1.980600
2013-12-31,1.966100
2014-01-02,1.949400
2014-01-03,1.949600
2014-01-06,1.910300
2014-01-07,1.897200
2014-01-08,1.944200
2014-01-09,1.952100
2014-01-10,1.868100
2014-01-13,1.810700
2014-01-14,1.818200
2014-01-15,1.855900
2014-01-16,1.800200
2014-01-17,1.833000
2014-01-20,1.834100
2014-01-21,1.853300
2014-01-22,1.920100
2014-01-23,1.849200
2014-01-24,1.799700
2014-01-27,1.809900
2014-01-28,1.846100
2014-01-29,1.780900
2014-01-30,1.784400
2014-01-31,1.734900
2014-02-03,1.738000
2014-02-04,1.733200
2014-02-05,1.685600
2014-02-06,1.738000
2014-02-07,1.705300
2014-02-10,1.722100
2014-02-11,1.731000
2014-02-12,1.845500
2014-02-13,1.821600
2014-02-14,1.846800
2014-02-17,1.826200
2014-02-18,1.782400
2014-02-19,1.756200
2014-02-20,1.821700
2014-02-21,1.809700
2014-02-24,1.808600
2014-02-25,1.774400
2014-02-26,1.781400
2014-02-27,1.715000
2014-02-28,1.771700
2014-03-03,1.718700
2014-03-04,1.726000
2014-03-05,1.744600
2014-03-06,1.777000
2014-03-07,1.783100
2014-03-10,1.795700
2014-03-11,1.783800
2014-03-12,1.766200
2014-03-13,1.723700
2014-03-14,1.730400
2014-03-17,1.745400
2014-03-18,1.722900
2014-03-19,1.738100
2014-03-20,1.802200
2014-03-21,1.830200
2014-03-24,1.790200
2014-03-25,1.807600
2014-03-26,1.805400
2014-03-27,1.782900
2014-03-28,1.853300
2014-03-31,1.853500
2014-04-01,1.852100
2014-04-02,1.873000
2014-04-03,1.850500
2014-04-04,1.763100
2014-04-07,1.772200
2014-04-08,1.792700
2014-04-09,1.794700
2014-04-10,1.692800
2014-04-11,1.725800
2014-04-14,1.737800
2014-04-15,1.707600
2014-04-16,1.762700
2014-04-17,1.809000
2014-04-22,1.867200
2014-04-23,1.841100
2014-04-24,1.832300
2014-04-25,1.824000
2014-04-28,1.847100
2014-04-29,1.849200
2014-04-30,1.850100
2014-05-01,1.842400
2014-05-02,1.852200
2014-05-06,1.888100
2014-05-07,1.876100
2014-05-08,1.880100
2014-05-09,1.895000
2014-05-12,1.953200
2014-05-13,1.905100
2014-05-14,1.796500
2014-05-15,1.735500
2014-05-16,1.772000
2014-05-19,1.793900
2014-05-20,1.824200
2014-05-21,1.854000
2014-05-22,1.864500
2014-05-23,1.834600
2014-05-27,1.848500
2014-05-28,1.768000
2014-05-29,1.752600
2014-05-30,1.792900
2014-06-02,1.821100
2014-06-03,1.863200
2014-06-04,1.887600
2014-06-05,1.872700
2014-06-06,1.840500
2014-06-09,1.902900
2014-06-10,1.939600
2014-06-11,1.925400
2014-06-12,1.931800
2014-06-13,1.980400
2014-06-16,1.997600
2014-06-17,2.020100
2014-06-18,1.977300
2014-06-19,1.982800
2014-06-20,2.024600
2014-06-23,1.988800
2014-06-24,1.994500
2014-06-25,1.910300
2014-06-26,1.908100
2014-06-27,1.911700
2014-06-30,1.944300
2014-07-01,1.984700
2014-07-02,2.036300
2014-07-03,2.028000
2014-07-04,2.037500
2014-07-07,2.017300
2014-07-08,1.946300
2014-07-09,1.963800
2014-07-10,1.932600
2014-07-11,1.902700
2014-07-14,1.905300
2014-07-15,1.961700
2014-07-16,1.962100
2014-07-17,1.901000
2014-07-18,1.897900
2014-07-21,1.880600
2014-07-22,1.911100
2014-07-23,1.881900
2014-07-24,1.932100
2014-07-25,1.899600
2014-07-28,1.913900
2014-07-29,1.880200
2014-07-30,1.930700
2014-07-31,1.941500
2014-08-01,1.891200
2014-08-04,1.876300
2014-08-05,1.916500
2014-08-06,1.873800
2014-08-07,1.855800
2014-08-08,1.830400
2014-08-11,1.863700
2014-08-12,1.852200
2014-08-13,1.777000
2014-08-14,1.768500
2014-08-15,1.715300
2014-08-18,1.784200
2014-08-19,1.740500
2014-08-20,1.774700
2014-08-21,1.751200
2014-08-22,1.766400
2014-08-26,1.706700
2014-08-27,1.646100
2014-08-28,1.659600
2014-08-29,1.662300
2014-09-01,1.679800
2014-09-02,1.708500
2014-09-03,1.736000
2014-09-04,1.745300
2014-09-05,1.707400
2014-09-08,1.677400
2014-09-09,1.691700
2014-09-10,1.710300
2014-09-11,1.716700
2014-09-12,1.760800
2014-09-15,1.762800
2014-09-16,1.755700
2014-09-17,1.771200
2014-09-18,1.839600
2014-09-19,1.824200
2014-09-22,1.806900
2014-09-23,1.791600
2014-09-24,1.796200
2014-09-25,1.766500
2014-09-26,1.767700
2014-09-29,1.754200
2014-09-30,1.740100
2014-10-01,1.685200
2014-10-02,1.653700
2014-10-03,1.698400
2014-10-06,1.665200
2014-10-07,1.607300
2014-10-08,1.561800
2014-10-09,1.556700
2014-10-10,1.523400
2014-10-13,1.458800
2014-10-14,1.409100
2014-10-15,1.245600
2014-10-16,1.366000
2014-10-17,1.481400
2014-10-20,1.445000
2014-10-21,1.458200
2014-10-22,1.478800
2014-10-23,1.504600
2014-10-24,1.513700
2014-10-27,1.491000
2014-10-28,1.507000
2014-10-29,1.512400
2014-10-30,1.497300
2014-10-31,1.531800
2014-11-03,1.566700
2014-11-04,1.524200
2014-11-05,1.554100
2014-11-06,1.539700
2014-11-07,1.505200
2014-11-10,1.489400
2014-11-11,1.532900
2014-11-12,1.484500
2014-11-13,1.471300
2014-11-14,1.431700
2014-11-17,1.402400
2014-11-18,1.410600
2014-11-19,1.426500
2014-11-20,1.392000
2014-11-21,1.349800
2014-11-24,1.356000
2014-11-25,1.322800
2014-11-26,1.298300
2014-11-27,1.260100
2014-11-28,1.275400
2014-12-01,1.238200
2014-12-02,1.314200
2014-12-03,1.359700
2014-12-04,1.339100
2014-12-05,1.378600
2014-12-08,1.349000
2014-12-09,1.283900
2014-12-10,1.301400
2014-12-11,1.297800
2014-12-12,1.205500
2014-12-15,1.220600
2014-12-16,1.190900
2014-12-17,1.177300
2014-12-18,1.276300
2014-12-19,1.256400
2014-12-22,1.227700
2014-12-23,1.253800
2014-12-24,1.278500
2014-12-29,1.207900
2014-12-30,1.197700
2014-12-31,1.164100
2015-01-02,1.140900
2015-01-05,1.091200
2015-01-06,1.026800
2015-01-07,1.046700
2015-01-08,1.081500
2015-01-09,1.035900
2015-01-12,1.023300
2015-01-13,1.046400
2015-01-14,0.996200
2015-01-15,1.004300
2015-01-16,1.031200
2015-01-19,1.021000
2015-01-20,1.035800
2015-01-21,0.976100
2015-01-22,0.990300
2015-01-23,0.946800
2015-01-26,0.995000
2015-01-27,0.976500
2015-01-28,0.966300
2015-01-29,0.938900
2015-01-30,0.883400
2015-02-02,0.925100
2015-02-03,0.996700
2015-02-04,1.036600
2015-02-05,1.046600
2015-02-06,1.133200
2015-02-09,1.092900
2015-02-10,1.129900
2015-02-11,1.135100
2015-02-12,1.106100
2015-02-13,1.104200
2015-02-16,1.120500
2015-02-17,1.171700
2015-02-18,1.242800
2015-02-19,1.224400
2015-02-20,1.190100
2015-02-23,1.218700
2015-02-24,1.194000
2015-02-25,1.157200
2015-02-26,1.189000
2015-02-27,1.244700
2015-03-02,1.254200
2015-03-03,1.300100
2015-03-04,1.330800
2015-03-05,1.307800
2015-03-06,1.393800
2015-03-09,1.374200
2015-03-10,1.263300
2015-03-11,1.268200
2015-03-12,1.231500
2015-03-13,1.182200
2015-03-16,1.162100
2015-03-17,1.165400
2015-03-18,1.094300
2015-03-19,1.035400
2015-03-20,1.035100
2015-03-23,1.019200
2015-03-24,1.022400
2015-03-25,1.008000
2015-03-26,1.101300
2015-03-27,1.058800
2015-03-30,1.074300
2015-03-31,1.070100
2015-04-01,1.053900
2015-04-02,1.074500
2015-04-07,1.072400
2015-04-08,1.091400
2015-04-09,1.087200
2015-04-10,1.067800
2015-04-13,1.086500
2015-04-14,1.026700
2015-04-15,1.073700
2015-04-16,1.109500
2015-04-17,1.094200
2015-04-20,1.098700
2015-04-21,1.099700
2015-04-22,1.213700
2015-04-23,1.194600
2015-04-24,1.166000
2015-04-27,1.183100
2015-04-28,1.199700
2015-04-29,1.291200
2015-04-30,1.279200
2015-05-01,1.307700
2015-05-05,1.400500
2015-05-06,1.397900
2015-05-07,1.360700
2015-05-08,1.310400
2015-05-11,1.372800
2015-05-12,1.413600
2015-05-13,1.388800
2015-05-14,1.389200
2015-05-15,1.308700
2015-05-18,1.349900
2015-05-19,1.357000
2015-05-20,1.377900
2015-05-21,1.374800
2015-05-22,1.347600
2015-05-26,1.290800
2015-05-27,1.325700
2015-05-28,1.281200
2015-05-29,1.252800
2015-06-01,1.274900
2015-06-02,1.359900
2015-06-03,1.431600
2015-06-04,1.363700
2015-06-05,1.434200
2015-06-08,1.386500
2015-06-09,1.419900
2015-06-10,1.454200
2015-06-11,1.386900
2015-06-12,1.320800
2015-06-15,1.369900
2015-06-16,1.368600
2015-06-17,1.454200
2015-06-18,1.425100
2015-06-19,1.396900
2015-06-22,1.475100
2015-06-23,1.492000
2015-06-24,1.528400
2015-06-25,1.545900
2015-06-26,1.576400
2015-06-29,1.483600
2015-06-30,1.446100
2015-07-01,1.500000
2015-07-02,1.490600
2015-07-03,1.424200
2015-07-06,1.445800
2015-07-07,1.276600
2015-07-08,1.356600
2015-07-09,1.390600
2015-07-10,1.496700
2015-07-13,1.529000
2015-07-14,1.527800
2015-07-15,1.530300
2015-07-16,1.479700
2015-07-17,1.517700
2015-07-20,1.514500
2015-07-21,1.512400
2015-07-22,1.488800
2015-07-23,1.490100
2015-07-24,1.435200
2015-07-27,1.414200
2015-07-28,1.419500
2015-07-29,1.437200
2015-07-30,1.424600
2015-07-31,1.341800
2015-08-03,1.339400
2015-08-04,1.331500
2015-08-05,1.423700
2015-08-06,1.389000
2015-08-07,1.344300
2015-08-10,1.403800
2015-08-11,1.343400
2015-08-12,1.276300
2015-08-13,1.308000
2015-08-14,1.336000
2015-08-17,1.293300
2015-08-18,1.340700
2015-08-19,1.332400
2015-08-20,1.269500
2015-08-21,1.202000
2015-08-24,1.175700
2015-08-25,1.266300
2015-08-26,1.286400
2015-08-27,1.300200
2015-08-28,1.290300
2015-09-01,1.287100
2015-09-02,1.288100
2015-09-03,1.252000
2015-09-04,1.184100
2015-09-07,1.173400
2015-09-08,1.204000
2015-09-09,1.225100
2015-09-10,1.217500
2015-09-11,1.170400
2015-09-14,1.193200
2015-09-15,1.244300
2015-09-16,1.287900
2015-09-17,1.303600
2015-09-18,1.191500
2015-09-21,1.232200
2015-09-22,1.125100
2015-09-23,1.158200
2015-09-24,1.091700
2015-09-25,1.195500
2015-09-28,1.139600
2015-09-29,1.122000
2015-09-30,1.135400
2015-10-01,1.124000
2015-10-02,1.070500
2015-10-05,1.139800
2015-10-06,1.140500
2015-10-07,1.168400
2015-10-08,1.154300
2015-10-09,1.188000
2015-10-12,1.153000
2015-10-13,1.160900
2015-10-14,1.079800
2015-10-15,1.087700
2015-10-16,1.105200
2015-10-19,1.130200
2015-10-20,1.158600
2015-10-21,1.102400
2015-10-22,1.099200
2015-10-23,1.175000
2015-10-26,1.146100
2015-10-27,1.092100
2015-10-28,1.129100
2015-10-29,1.255100
2015-10-30,1.259700
2015-11-02,1.287300
2015-11-03,1.322300
2015-11-04,1.347900
2015-11-05,1.315100
2015-11-06,1.390600
2015-11-09,1.399800
2015-11-10,1.362100
2015-11-11,1.380700
2015-11-12,1.354000
2015-11-13,1.322700
2015-11-16,1.277400
2015-11-17,1.319300
2015-11-18,1.284600
2015-11-19,1.252900
2015-11-20,1.224600
2015-11-23,1.235900
2015-11-24,1.218000
2015-11-25,1.242900
2015-11-26,1.202200
2015-11-27,1.192300
2015-11-30,1.210800
2015-12-01,1.157100
2015-12-02,1.146000
2015-12-03,1.256900
2015-12-04,1.288700
2015-12-07,1.195900
2015-12-08,1.196400
2015-12-09,1.245800
2015-12-10,1.228300
2015-12-11,1.186600
2015-12-14,1.198300
2015-12-15,1.303000
2015-12-16,1.295300
2015-12-17,1.228700
2015-12-18,1.223700
2015-12-21,1.212200
2015-12-22,1.264100
2015-12-23,1.305300
2015-12-24,1.289900
2015-12-29,1.294100
2015-12-30,1.366200
2015-12-31,1.338500
2016-01-04,1.264000
2016-01-05,1.252600
2016-01-06,1.179400
2016-01-07,1.184300
2016-01-08,1.140700
2016-01-11,1.140400
2016-01-12,1.125800
2016-01-13,1.107400
2016-01-14,1.088900
2016-01-15,1.003200
2016-01-18,1.038500
2016-01-19,1.063900
2016-01-20,1.000900
2016-01-21,1.046000
2016-01-22,1.086000
2016-01-25,1.053200
2016-01-26,1.062200
2016-01-27,1.060400
2016-01-28,1.032200
2016-01-29,0.922500
2016-02-01,0.985500
2016-02-02,0.915000
2016-02-03,0.870700
2016-02-04,0.905700
2016-02-05,0.910500
2016-02-08,0.761300
2016-02-09,0.775300
2016-02-10,0.795200
2016-02-11,0.653800
2016-02-12,0.784700
2016-02-15,0.799000
2016-02-16,0.788400
2016-02-17,0.828600
2016-02-18,0.791700
2016-02-19,0.763400
2016-02-22,0.755600
2016-02-23,0.763400
2016-02-24,0.694600
2016-02-25,0.700600
2016-02-26,0.731000
2016-02-29,0.662800
2016-03-01,0.714300
2016-03-02,0.783200
2016-03-03,0.784100
2016-03-04,0.816000
2016-03-07,0.803000
2016-03-08,0.734600
2016-03-09,0.819300
2016-03-10,0.891500
2016-03-11,0.947200
2016-03-14,0.926300
2016-03-15,0.895800
2016-03-16,0.875500
2016-03-17,0.817200
2016-03-18,0.819800
2016-03-21,0.831900
2016-03-22,0.810800
2016-03-23,0.806100
2016-03-24,0.831200
2016-03-29,0.796300
2016-03-30,0.822100
2016-03-31,0.775500
2016-04-01,0.779700
2016-04-04,0.772800
2016-04-05,0.725700
2016-04-06,0.726900
2016-04-07,0.674200
2016-04-08,0.708300
2016-04-11,0.731600
2016-04-12,0.780700
2016-04-13,0.774800
2016-04-14,0.788100
2016-04-15,0.767600
2016-04-18,0.815600
2016-04-19,0.852500
2016-04-20,0.808500
2016-04-21,0.900400
2016-04-22,0.916600
2016-04-25,0.930300
2016-04-26,0.984000
2016-04-27,0.959200
2016-04-28,0.940700
2016-04-29,0.942300
2016-05-03,0.881100
2016-05-04,0.870100
2016-05-05,0.827200
2016-05-06,0.782900
2016-05-09,0.771900
2016-05-10,0.756600
2016-05-11,0.756000
2016-05-12,0.769800
2016-05-13,0.747000
2016-05-16,0.768000
2016-05-17,0.747200
2016-05-18,0.818200
2016-05-19,0.823100
2016-05-20,0.855600
2016-05-23,0.858700
2016-05-24,0.893100
2016-05-25,0.879500
2016-05-26,0.846100
2016-05-27,0.873900
2016-05-31,0.868200
2016-06-01,0.802600
2016-06-02,0.770100
2016-06-03,0.705200
2016-06-06,0.706200
2016-06-07,0.697000
2016-06-08,0.716200
2016-06-09,0.710800
2016-06-10,0.708600
2016-06-13,0.696300
2016-06-14,0.620000
2016-06-15,0.612800
2016-06-16,0.599600
2016-06-17,0.643100
2016-06-20,0.746200
2016-06-21,0.785200
2016-06-22,0.807500
2016-06-23,0.842100
2016-06-24,0.543700
2016-06-27,0.391600
2016-06-28,0.418300
2016-06-29,0.397200
2016-06-30,0.374900
2016-07-01,0.384200
2016-07-04,0.352700
2016-07-05,0.318400
2016-07-06,0.325200
2016-07-07,0.339000
2016-07-08,0.316000
2016-07-11,0.344500
2016-07-12,0.374500
2016-07-13,0.307800
2016-07-14,0.349400
2016-07-15,0.364600
2016-07-18,0.361400
2016-07-19,0.372900
2016-07-20,0.378200
2016-07-21,0.378100
2016-07-22,0.336000
2016-07-25,0.323800
2016-07-26,0.354000
2016-07-27,0.293900
2016-07-28,0.278200
2016-07-29,0.265600
2016-08-01,0.296700
2016-08-02,0.353300
2016-08-03,0.335800
2016-08-04,0.189300
2016-08-05,0.214200
2016-08-08,0.163500
2016-08-09,0.168600
2016-08-10,0.145100
2016-08-11,0.172300
2016-08-12,0.162800
2016-08-15,0.178000
2016-08-16,0.246500
2016-08-17,0.187700
2016-08-18,0.210300
2016-08-19,0.267800
2016-08-22,0.217300
2016-08-23,0.224600
2016-08-24,0.245500
2016-08-25,0.241700
2016-08-26,0.233600
2016-08-30,0.242500
2016-08-31,0.224400
2016-09-01,0.242600
2016-09-02,0.278900
2016-09-05,0.259300
2016-09-06,0.225300
2016-09-07,0.213100
2016-09-08,0.276600
2016-09-09,0.339000
2016-09-12,0.331300
2016-09-13,0.355900
2016-09-14,0.352800
2016-09-15,0.344300
2016-09-16,0.319500
2016-09-19,0.322900
2016-09-20,0.276300
2016-09-21,0.279700
2016-09-22,0.231000
2016-09-23,0.237000
2016-09-26,0.215200
2016-09-27,0.200700
2016-09-28,0.200900
2016-09-29,0.233200
2016-09-30,0.270100
2016-10-03,0.237800
2016-10-04,0.278800
2016-10-05,0.284900
2016-10-06,0.327500
2016-10-07,0.388200
2016-10-10,0.446400
2016-10-11,0.422800
2016-10-12,0.461500
2016-10-13,0.441100
2016-10-14,0.507500
2016-10-17,0.515100
2016-10-18,0.496200
2016-10-19,0.499900
2016-10-20,0.503600
2016-10-21,0.511000
2016-10-24,0.521700
2016-10-25,0.513800
2016-10-26,0.582400
2016-10-27,0.637000
2016-10-28,0.646600
2016-10-31,0.623200
2016-11-01,0.649800
2016-11-02,0.568000
2016-11-03,0.587500
2016-11-04,0.529500
2016-11-07,0.570600
2016-11-08,0.608500
2016-11-09,0.606300
2016-11-10,0.687000
2016-11-11,0.700500
2016-11-14,0.740900
2016-11-15,0.699900
2016-11-16,0.723000
2016-11-17,0.710600
2016-11-18,0.756100
2016-11-21,0.723600
2016-11-22,0.694200
2016-11-23,0.727900
2016-11-24,0.696500
2016-11-25,0.675300
2016-11-28,0.633400
2016-11-29,0.637800
2016-11-30,0.657600
2016-12-01,0.696900
2016-12-02,0.632000
2016-12-05,0.642400
2016-12-06,0.660900
2016-12-07,0.629700
2016-12-08,0.632700
2016-12-09,0.671300
2016-12-12,0.703200
2016-12-13,0.666600
2016-12-14,0.632300
2016-12-15,0.722400
2016-12-16,0.705600
2016-12-19,0.669600
2016-12-20,0.672300
2016-12-21,0.632500
2016-12-22,0.626400
2016-12-23,0.602800
2016-12-28,0.578500
2016-12-29,0.533700
2016-12-30,0.534900
2017-01-03,0.624400
2017-01-04,0.622100
2017-01-05,0.625100
2017-01-06,0.674200
2017-01-09,0.654600
2017-01-10,0.666200
2017-01-11,0.657900
2017-01-12,0.611100
2017-01-13,0.657700
2017-01-16,0.624500
2017-01-17,0.615600
2017-01-18,0.638200
2017-01-19,0.692700
2017-01-20,0.713900
2017-01-23,0.676100
2017-01-24,0.673900
2017-01-25,0.720500
2017-01-26,0.761400
2017-01-27,0.730300
2017-01-30,0.718000
2017-01-31,0.705100
2017-02-01,0.738400
2017-02-02,0.670300
2017-02-03,0.643900
2017-02-06,0.611900
2017-02-07,0.589300
2017-02-08,0.553600
2017-02-09,0.560500
2017-02-10,0.588600
2017-02-13,0.606700
2017-02-14,0.617500
2017-02-15,0.607600
2017-02-16,0.560900
2017-02-17,0.523000
2017-02-20,0.527600
2017-02-21,0.544700
2017-02-22,0.506100
2017-02-23,0.474800
2017-02-24,0.430200
2017-02-27,0.421900
2017-02-28,0.416100
2017-03-01,0.458900
2017-03-02,0.463300
2017-03-03,0.445200
2017-03-06,0.458900
2017-03-07,0.435500
2017-03-08,0.465100
2017-03-09,0.463500
2017-03-10,0.486500
2017-03-13,0.483900
2017-03-14,0.459500
2017-03-15,0.432000
2017-03-16,0.464500
2017-03-17,0.459700
2017-03-20,0.460000
2017-03-21,0.506300
2017-03-22,0.454500
2017-03-23,0.507600
2017-03-24,0.511600
2017-03-27,0.505500
2017-03-28,0.514900
2017-03-29,0.483800
2017-03-30,0.440200
2017-03-31,0.439200
2017-04-03,0.400900
2017-04-04,0.407000
2017-04-05,0.429000
2017-04-06,0.437800
2017-04-07,0.419300
2017-04-10,0.417900
2017-04-11,0.386000
2017-04-12,0.388900
2017-04-13,0.393100
2017-04-18,0.391300
2017-04-19,0.423400
2017-04-20,0.419400
2017-04-21,0.386800
2017-04-24,0.405300
2017-04-25,0.417100
2017-04-26,0.412000
2017-04-27,0.386300
2017-04-28,0.397100
2017-05-02,0.410000
2017-05-03,0.400200
2017-05-04,0.431300
2017-05-05,0.446200
2017-05-08,0.461500
2017-05-09,0.500400
2017-05-10,0.477300
2017-05-11,0.461500
2017-05-12,0.410200
2017-05-15,0.432000
2017-05-16,0.431900
2017-05-17,0.402800
2017-05-18,0.400000
2017-05-19,0.416600
2017-05-22,0.408400
2017-05-23,0.403700
2017-05-24,0.403200
2017-05-25,0.389000
2017-05-26,0.365200
2017-05-30,0.352500
2017-05-31,0.381500
2017-06-01,0.412200
2017-06-02,0.402400
2017-06-05,0.403500
2017-06-06,0.362500
2017-06-07,0.363000
2017-06-08,0.389200
2017-06-09,0.360300
2017-06-12,0.330100
2017-06-13,0.380300
2017-06-14,0.298400
2017-06-15,0.410100
2017-06-16,0.391600
2017-06-19,0.406000
2017-06-20,0.374600
2017-06-21,0.410600
2017-06-22,0.416000
2017-06-23,0.438400
2017-06-26,0.435400
2017-06-27,0.475600
2017-06-28,0.537000
2017-06-29,0.618100
2017-06-30,0.626800
2017-07-03,0.637200
2017-07-04,0.612300
2017-07-05,0.591700
2017-07-06,0.656500
2017-07-07,0.630700
2017-07-10,0.600300
2017-07-11,0.615000
2017-07-12,0.608100
2017-07-13,0.630900
2017-07-14,0.641500
2017-07-17,0.609900
2017-07-18,0.555600
2017-07-19,0.531500
2017-07-20,0.553200
2017-07-21,0.521400
2017-07-24,0.527900
2017-07-25,0.575800
2017-07-26,0.544500
2017-07-27,0.509600
2017-07-28,0.530100
2017-07-31,0.545600
2017-08-01,0.529300
2017-08-02,0.557200
2017-08-03,0.490300
2017-08-04,0.505300
2017-08-07,0.478000
2017-08-08,0.490000
2017-08-09,0.454000
2017-08-10,0.446700
2017-08-11,0.435600
2017-08-14,0.449400
2017-08-15,0.457800
2017-08-16,0.477800
2017-08-17,0.471000
2017-08-18,0.460300
2017-08-21,0.456400
2017-08-22,0.461900
2017-08-23,0.437900
2017-08-24,0.439500
2017-08-25,0.429700
2017-08-29,0.392600
2017-08-30,0.416900
2017-08-31,0.412900
2017-09-01,0.433100
2017-09-04,0.428800
2017-09-05,0.406300
2017-09-06,0.393000
2017-09-07,0.364200
2017-09-08,0.404500
2017-09-11,0.458300
2017-09-12,0.553300
2017-09-13,0.554200
2017-09-14,0.641200
2017-09-15,0.740200
2017-09-18,0.720800
2017-09-19,0.737900
2017-09-20,0.744100
2017-09-21,0.776200
2017-09-22,0.774600
2017-09-25,0.752400
2017-09-26,0.763800
2017-09-27,0.801200
2017-09-28,0.800500
2017-09-29,0.783600
2017-10-02,0.755500
2017-10-03,0.778900
2017-10-04,0.782700
2017-10-05,0.792800
2017-10-06,0.765000
2017-10-09,0.757800
2017-10-10,0.774300
2017-10-11,0.791500
2017-10-12,0.802300
2017-10-13,0.804900
2017-10-16,0.784400
2017-10-17,0.730800
2017-10-18,0.761100
2017-10-19,0.727100
2017-10-20,0.771300
2017-10-23,0.758300
2017-10-24,0.798200
2017-10-25,0.858200
2017-10-26,0.843900
2017-10-27,0.805800
2017-10-30,0.780800
2017-10-31,0.789400
2017-11-01,0.818700
2017-11-02,0.711700
2017-11-03,0.726300
2017-11-06,0.722000
2017-11-07,0.711200
2017-11-08,0.695800
2017-11-09,0.739400
2017-11-10,0.800000
2017-11-13,0.795300
2017-11-14,0.775400
2017-11-15,0.761500
2017-11-16,0.780800
2017-11-17,0.787800
2017-11-20,0.775700
2017-11-21,0.776100
2017-11-22,0.772700
2017-11-23,0.746400
2017-11-24,0.749300
2017-11-27,0.759500
2017-11-28,0.759300
2017-11-29,0.846100
2017-11-30,0.823800
2017-12-01,0.734900
2017-12-04,0.796100
2017-12-05,0.782900
2017-12-06,0.750600
2017-12-07,0.768200
2017-12-08,0.785900
2017-12-11,0.722800
2017-12-12,0.743100
2017-12-13,0.752200
2017-12-14,0.720600
2017-12-15,0.717500
2017-12-18,0.711500
2017-12-19,0.751000
2017-12-20,0.787400
2017-12-21,0.784700
2017-12-22,0.764400
2017-12-27,0.717700
2017-12-28,0.740000
2017-12-29,0.734000
2018-01-02,0.810500
2018-01-03,0.758600
2018-01-04,0.780200
2018-01-05,0.781800
2018-01-08,0.779500
2018-01-09,0.820000
2018-01-10,0.828400
2018-01-11,0.859200
2018-01-12,0.895600
2018-01-15,0.890600
2018-01-16,0.875500
2018-01-17,0.868500
2018-01-18,0.908100
2018-01-19,0.898000
2018-01-22,0.908600
2018-01-23,0.913500
2018-01-24,0.963900
2018-01-25,0.971300
2018-01-26,1.006700
2018-01-29,1.027600
2018-01-30,1.018600
2018-01-31,1.044900
2018-02-01,1.074800
2018-02-02,1.106700
2018-02-05,1.094600
2018-02-06,1.033600
2018-02-07,1.057700
2018-02-08,1.159200
2018-02-09,1.133900
2018-02-12,1.138100
2018-02-13,1.160300
2018-02-14,1.165400
2018-02-15,1.176100
2018-02-16,1.116000
2018-02-19,1.128900
2018-02-20,1.109300
2018-02-21,1.102200
2018-02-22,1.101300
2018-02-23,1.094000
2018-02-26,1.088600
2018-02-27,1.127700
2018-02-28,1.085700
2018-03-01,1.051900
2018-03-02,1.046100
2018-03-05,1.074700
2018-03-06,1.100000
2018-03-07,1.087200
2018-03-08,1.079000
2018-03-09,1.100400
2018-03-12,1.101900
2018-03-13,1.101400
2018-03-14,1.047900
2018-03-15,1.059300
2018-03-16,1.067700
2018-03-19,1.083700
2018-03-20,1.139300
2018-03-21,1.196400
2018-03-22,1.110700
2018-03-23,1.136500
2018-03-26,1.137300
2018-03-27,1.114000
2018-03-28,1.051000
2018-03-29,1.035200
2018-04-03,1.044800
2018-04-04,1.052700
2018-04-05,1.091900
2018-04-06,1.079600
2018-04-09,1.091500
2018-04-10,1.102000
2018-04-11,1.085200
2018-04-12,1.129800
2018-04-13,1.125100
2018-04-16,1.147600
2018-04-17,1.123200
2018-04-18,1.081500
2018-04-19,1.151500
2018-04-20,1.110200
2018-04-23,1.117900
2018-04-24,1.147200
2018-04-25,1.162400
2018-04-26,1.146000
2018-04-27,1.073300
2018-04-30,1.042700
2018-05-01,1.034400
2018-05-02,1.084500
2018-05-03,1.021100
2018-05-04,1.036000
2018-05-08,1.075200
2018-05-09,1.102400
2018-05-10,1.051100
2018-05-11,1.072600
2018-05-14,1.102000
2018-05-15,1.136200
2018-05-16,1.120000
2018-05-17,1.174200
2018-05-18,1.120200
2018-05-21,1.108200
2018-05-22,1.138800
2018-05-23,1.059100
2018-05-24,1.031200
2018-05-25,0.975600
2018-05-29,0.886900
2018-05-30,0.875300
2018-05-31,0.871600
2018-06-01,0.916900
2018-06-04,0.944000
2018-06-05,0.945300
2018-06-06,1.027900
2018-06-07,1.048300
2018-06-08,1.041000
2018-06-11,1.046100
2018-06-12,1.039200
2018-06-13,1.014400
2018-06-14,0.994400
2018-06-15,0.981900
2018-06-18,0.987400
2018-06-19,0.954200
2018-06-20,0.962900
2018-06-21,0.965000
2018-06-22,1.002100
2018-06-25,0.982900
2018-06-26,0.978700
2018-06-27,0.940700
2018-06-28,0.939700
2018-06-29,0.964200
2018-07-02,0.942000
2018-07-03,0.927000
2018-07-04,0.962200
2018-07-05,0.953400
2018-07-06,0.970100
2018-07-09,0.977300
2018-07-10,1.003200
2018-07-11,1.001200
2018-07-12,0.976500
2018-07-13,0.975800
2018-07-16,0.996400
2018-07-17,0.973200
2018-07-18,0.938300
2018-07-19,0.909700
2018-07-20,0.942000
2018-07-23,0.971100
2018-07-24,0.970100
2018-07-25,0.974600
2018-07-26,0.985200
2018-07-27,0.988200
2018-07-30,1.038900
2018-07-31,1.018600
2018-08-01,1.069100
2018-08-02,1.063300
2018-08-03,1.012900
2018-08-06,0.985400
2018-08-07,1.006800
2018-08-08,1.002000
2018-08-09,0.993600
2018-08-10,0.945500
2018-08-13,0.963800
2018-08-14,0.965500
2018-08-15,0.927700
2018-08-16,0.936400
2018-08-17,0.939700
2018-08-20,0.932500
2018-08-21,0.968900
2018-08-22,0.974600
2018-08-23,0.976100
2018-08-24,0.975000
2018-08-28,1.000200
2018-08-29,1.047600
2018-08-30,1.024100
2018-08-31,1.002300
2018-09-03,0.984400
2018-09-04,0.994400
2018-09-05,1.028300
2018-09-06,0.985000
2018-09-07,1.014300
2018-09-10,1.025900
2018-09-11,1.069200
2018-09-12,1.056100
2018-09-13,1.073500
2018-09-14,1.096200
2018-09-17,1.105200
2018-09-18,1.118400
2018-09-19,1.162500
2018-09-20,1.153000
2018-09-21,1.117100
2018-09-24,1.155900
2018-09-25,1.173800
2018-09-26,1.145300
2018-09-27,1.152000
2018-09-28,1.137700
2018-10-01,1.135500
2018-10-02,1.097900
2018-10-03,1.119600
2018-10-04,1.208600
2018-10-05,1.253900
2018-10-08,1.230100
2018-10-09,1.228900
2018-10-10,1.258100
2018-10-11,1.216500
2018-10-12,1.171500
2018-10-15,1.138200
2018-10-16,1.144900
2018-10-17,1.105000
2018-10-18,1.093500
2018-10-19,1.101600
2018-10-22,1.060200
2018-10-23,1.036300
2018-10-24,1.005300
2018-10-25,0.992300
2018-10-26,0.930500
2018-10-29,0.948200
2018-10-30,0.960800
2018-10-31,0.997400
2018-11-01,1.017600
2018-11-02,1.057100
2018-11-05,1.064300
2018-11-06,1.088200
2018-11-07,1.091400
2018-11-08,1.125200
2018-11-09,1.064400
2018-11-12,1.000800
2018-11-13,1.060800
2018-11-14,1.049000
2018-11-15,0.912700
2018-11-16,0.950100
2018-11-19,0.912100
2018-11-20,0.924300
2018-11-21,0.940900
2018-11-22,0.970100
2018-11-23,0.947100
2018-11-26,0.972200
2018-11-27,0.955800
2018-11-28,0.937900
2018-11-29,0.914700
2018-11-30,0.930000
2018-12-03,0.890000
2018-12-04,0.880000
2018-12-05,0.910000
2018-12-06,0.840000
2018-12-07,0.867900
2018-12-10,0.788000
2018-12-11,0.810300
2018-12-12,0.885400
2018-12-13,0.895700
2018-12-14,0.852000
2018-12-17,0.884300
2018-12-18,0.916300
2018-12-19,0.891600
2018-12-20,0.874800
2018-12-21,0.926600
2018-12-24,0.879800
2018-12-27,0.909900
2018-12-28,0.894900
2018-12-31,0.901100
2019-01-02,0.837500
2019-01-03,0.814100
2019-01-04,0.906400
2019-01-07,0.877300
2019-01-08,0.884400
2019-01-09,0.889000
2019-01-10,0.909200
2019-01-11,0.931800
2019-01-14,0.942300
2019-01-15,0.927900
2019-01-16,0.927900
2019-01-17,0.966300
2019-01-18,0.982400
2019-01-21,0.965200
2019-01-22,0.951800
2019-01-23,0.966100
2019-01-24,0.913900
2019-01-25,0.952800
2019-01-28,0.924500
2019-01-29,0.932400
2019-01-30,0.930100
2019-01-31,0.884100
2019-02-01,0.890300
2019-02-04,0.890300
2019-02-05,0.879000
2019-02-06,0.874500
2019-02-07,0.840300
2019-02-08,0.800400
2019-02-11,0.823600
2019-02-12,0.839400
2019-02-13,0.841900
2019-02-14,0.800400
2019-02-15,0.821300
2019-02-18,0.830100
2019-02-19,0.838700
2019-02-20,0.879200
2019-02-21,0.872800
2019-02-22,0.871000
2019-02-25,0.849800
2019-02-26,0.885300
2019-02-27,0.961500
2019-02-28,0.961600
2019-03-01,0.959800
2019-03-04,0.942500
2019-03-05,0.950400
2019-03-06,0.893300
2019-03-07,0.833900
2019-03-08,0.863000
2019-03-11,0.843200
2019-03-12,0.846800
2019-03-13,0.874800
2019-03-14,0.899400
2019-03-15,0.884400
2019-03-18,0.865500
2019-03-19,0.873400
2019-03-20,0.839600
2019-03-21,0.771600
2019-03-22,0.746400
2019-03-25,0.705200
2019-03-26,0.751100
2019-03-27,0.742100
2019-03-28,0.696300
2019-03-29,0.734600
2019-04-01,0.731400
2019-04-02,0.725300
2019-04-03,0.763600
2019-04-04,0.787600
2019-04-05,0.804900
2019-04-08,0.790400
2019-04-09,0.792000
2019-04-10,0.791600
2019-04-11,0.841400
2019-04-12,0.893900
2019-04-15,0.899100
2019-04-16,0.902700
2019-04-17,0.911000
2019-04-18,0.871600
2019-04-23,0.897900
2019-04-24,0.850200
2019-04-25,0.828600
2019-04-26,0.808500
2019-04-29,0.825200
2019-04-30,0.862500
2019-05-01,0.838300
2019-05-02,0.866700
2019-05-03,0.908700
2019-05-07,0.870600
2019-05-08,0.841600
2019-05-09,0.830700
2019-05-10,0.841900
2019-05-13,0.814700
2019-05-14,0.791100
2019-05-15,0.799600
2019-05-16,0.781400
2019-05-17,0.757600
2019-05-20,0.794800
2019-05-21,0.813900
2019-05-22,0.758300
2019-05-23,0.696500
2019-05-24,0.656900
2019-05-28,0.669600
2019-05-29,0.613900
2019-05-30,0.643600
2019-05-31,0.652200
2019-06-03,0.598200
2019-06-04,0.645500
2019-06-05,0.587500
2019-06-06,0.579100
2019-06-07,0.563700
2019-06-10,0.559400
2019-06-11,0.585300
2019-06-12,0.573600
2019-06-13,0.579900
2019-06-14,0.598800
2019-06-17,0.590600
2019-06-18,0.551700
2019-06-19,0.607300
2019-06-20,0.547800
2019-06-21,0.594700
2019-06-24,0.562000
2019-06-25,0.551300
2019-06-26,0.573200
2019-06-27,0.600500
2019-06-28,0.609700
2019-07-01,0.567300
2019-07-02,0.503000
2019-07-03,0.473600
2019-07-04,0.467800
2019-07-05,0.536800
2019-07-08,0.481800
2019-07-09,0.496700
2019-07-10,0.530200
2019-07-11,0.619400
2019-07-12,0.615000
2019-07-15,0.553300
2019-07-16,0.599000
2019-07-17,0.533900
2019-07-18,0.525800
2019-07-19,0.502800
2019-07-22,0.484700
2019-07-23,0.461100
2019-07-24,0.456800
2019-07-25,0.481900
2019-07-26,0.450700
2019-07-29,0.419500
2019-07-30,0.386800
2019-07-31,0.382900
2019-08-01,0.327700
2019-08-02,0.341300
2019-08-05,0.286100
2019-08-06,0.301800
2019-08-07,0.308500
2019-08-08,0.352000
2019-08-09,0.318900
2019-08-12,0.311800
2019-08-13,0.323900
2019-08-14,0.307900
2019-08-15,0.299300
2019-08-16,0.364900
2019-08-19,0.368200
2019-08-20,0.347700
2019-08-21,0.346700
2019-08-22,0.392200
2019-08-23,0.363000
2019-08-27,0.298500
2019-08-28,0.252800
2019-08-29,0.258900
2019-08-30,0.297600
2019-09-02,0.248700
2019-09-03,0.226300
2019-09-04,0.310700
2019-09-05,0.395200
2019-09-06,0.304600
2019-09-09,0.386300
2019-09-10,0.413000
2019-09-11,0.431200
2019-09-12,0.443400
2019-09-13,0.538200
2019-09-16,0.468400
2019-09-17,0.463500
2019-09-18,0.463500
2019-09-19,0.431600
2019-09-20,0.438000
2019-09-23,0.356600
2019-09-24,0.346200
2019-09-25,0.337400
2019-09-26,0.331300
2019-09-27,0.269600
2019-09-30,0.259300
2019-10-01,0.228500
2019-10-02,0.262100
2019-10-03,0.248900
2019-10-04,0.212800
2019-10-07,0.219700
2019-10-08,0.181700
2019-10-09,0.232900
2019-10-10,0.319800
2019-10-11,0.488200
2019-10-14,0.412400
2019-10-15,0.466200
2019-10-16,0.444100
2019-10-17,0.443100
2019-10-18,0.465600
2019-10-21,0.508900
2019-10-22,0.461600
2019-10-23,0.449600
2019-10-24,0.392100
2019-10-25,0.420500
2019-10-28,0.482500
2019-10-29,0.478600
2019-10-30,0.447500
2019-10-31,0.405300
2019-11-01,0.443300
2019-11-04,0.457400
2019-11-05,0.507900
2019-11-06,0.497000
2019-11-07,0.494000
2019-11-08,0.527100
2019-11-11,0.527100
2019-11-12,0.539500
2019-11-13,0.514400
2019-11-14,0.461000
2019-11-15,0.469900
2019-11-18,0.514000
2019-11-19,0.508600
2019-11-20,0.508300
2019-11-21,0.530500
2019-11-22,0.530500
2019-11-25,0.469300
2019-11-26,0.427000
2019-11-27,0.463000
2019-11-28,0.463500
2019-11-29,0.496100
2019-12-02,0.533700
2019-12-03,0.477000
2019-12-04,0.533700
2019-12-05,0.570800
2019-12-06,0.544900
2019-12-09,0.553000
2019-12-10,0.548800
2019-12-11,0.537000
2019-12-12,0.612200
2019-12-13,0.570900
2019-12-16,0.628500
2019-12-17,0.519600
2019-12-18,0.544600
2019-12-19,0.590300
2019-12-20,0.557700
2019-12-23,0.544700
2019-12-24,0.550600
2019-12-27,0.551800
2019-12-30,0.611300
2019-12-31,0.549600
2020-01-02,0.551900
2020-01-03,0.534900
2020-01-06,0.546000
2020-01-07,0.574900
2020-01-08,0.658700
2020-01-09,0.597900
2020-01-10,0.504200
2020-01-13,0.511900
2020-01-14,0.491100
2020-01-15,0.428300
2020-01-16,0.403500
2020-01-17,0.399500
2020-01-20,0.425600
2020-01-21,0.418800
2020-01-22,0.426600
2020-01-23,0.381000
2020-01-24,0.382000
2020-01-27,0.333600
2020-01-28,0.376900
2020-01-29,0.367100
2020-01-30,0.401000
2020-01-31,0.401000
2020-02-03,0.381200
2020-02-04,0.393700
2020-02-05,0.422400
2020-02-06,0.415400
2020-02-07,0.401600
2020-02-10,0.389600
2020-02-11,0.412800
2020-02-12,0.453700
2020-02-13,0.482000
2020-02-14,0.468800
2020-02-17,0.487900
2020-02-18,0.445800
2020-02-19,0.452000
2020-02-20,0.438300
2020-02-21,0.430400
2020-02-24,0.392000
2020-02-25,0.362700
2020-02-26,0.342800
2020-02-27,0.308300
2020-02-28,0.282200
2020-03-02,0.250900
2020-03-03,0.224500
2020-03-04,0.201700
2020-03-05,0.160500
2020-03-06,0.065200
2020-03-09,0.069700
2020-03-10,0.104900
2020-03-11,0.162400
2020-03-12,0.199600
2020-03-13,0.283500
2020-03-16,0.340500
2020-03-17,0.390800
2020-03-18,0.518700
2020-03-19,0.483800
2020-03-20,0.234200
2020-03-23,0.155200
2020-03-24,0.180800
2020-03-25,0.161600
2020-03-26,0.145800
2020-03-27,0.144900
2020-03-30,0.137400
2020-03-31,0.154800
2020-04-01,0.121400
2020-04-02,0.122800
2020-04-03,0.110600
2020-04-06,0.116300
2020-04-07,0.184400
2020-04-08,0.170900
2020-04-09,0.093300
2020-04-14,0.105900
2020-04-15,0.081700
2020-04-16,0.083100
2020-04-17,0.116600
2020-04-20,0.171100
2020-04-21,0.104900
2020-04-22,0.118900
2020-04-23,0.100100
2020-04-24,0.109800
2020-04-27,0.125000
2020-04-28,0.107000
2020-04-29,0.105900
2020-04-30,0.105900
2020-05-01,0.104700
2020-05-04,0.081400
2020-05-05,0.081400
2020-05-06,0.054700
2020-05-07,0.105900
2020-05-11,0.045100
2020-05-12,0.097500
2020-05-13,0.024300
2020-05-14,0.050800
2020-05-15,0.040600
2020-05-18,0.038000
2020-05-19,0.051100
2020-05-20,0.027000
2020-05-21,-0.023700
2020-05-22,-0.036800
2020-05-26,0.002500
2020-05-27,-0.019000
2020-05-28,-0.033600
2020-05-29,-0.020000
2020-06-01,0.016400
2020-06-02,-0.022700
2020-06-03,0.048600
2020-06-04,0.055100
2020-06-05,0.078200
2020-06-08,0.086200
2020-06-09,0.046300
2020-06-10,0.003800
2020-06-11,0.000200
2020-06-12,0.050800
2020-06-15,0.000300
2020-06-16,-0.010400
2020-06-17,-0.006000
2020-06-18,0.005300
2020-06-19,-0.011600
2020-06-22,-0.053400
2020-06-23,0.004900
2020-06-24,-0.043200
2020-06-25,-0.026700
2020-06-26,-0.024500
2020-06-29,-0.040700
2020-06-30,-0.070200
2020-07-01,-0.037600
2020-07-02,-0.070000
2020-07-03,-0.063100
2020-07-06,-0.052400
2020-07-07,-0.047500
2020-07-08,-0.029000
2020-07-09,-0.055100
2020-07-10,-0.079100
2020-07-13,-0.054700
2020-07-14,-0.102000
2020-07-15,-0.043700
2020-07-16,-0.094400
2020-07-17,-0.078400
2020-07-20,-0.093400
2020-07-21,-0.088500
2020-07-22,-0.106300
2020-07-23,-0.126900
2020-07-24,-0.106300
2020-07-27,-0.137000
2020-07-28,-0.081800
2020-07-29,-0.115300
2020-07-30,-0.138800
2020-07-31,-0.142600
2020-08-03,-0.126300
2020-08-04,-0.134900
2020-08-05,-0.104400
2020-08-06,-0.087400
2020-08-07,-0.059400
2020-08-10,-0.057700
2020-08-11,-0.025200
2020-08-12,-0.004800
2020-08-13,-0.015200
2020-08-14,-0.019800
2020-08-17,-0.044600
2020-08-18,-0.035700
2020-08-19,-0.021600
2020-08-20,-0.024200
2020-08-21,-0.054000
2020-08-24,-0.034500
2020-08-25,0.004400
2020-08-26,0.015200
2020-08-27,0.037100
2020-08-28,-0.021100
2020-09-01,-0.028000
2020-09-02,-0.063700
2020-09-03,-0.052800
2020-09-04,-0.064400
2020-09-07,-0.050700
2020-09-08,-0.119900
2020-09-09,-0.056900
2020-09-10,-0.071500
2020-09-11,-0.136300
2020-09-14,-0.077400
2020-09-15,-0.060400
2020-09-16,-0.031600
2020-09-17,-0.106500
2020-09-18,-0.114200
2020-09-21,-0.130000
2020-09-22,-0.064200
2020-09-23,-0.043100
2020-09-24,-0.072400
2020-09-25,-0.081400
2020-09-28,-0.066800
2020-09-29,-0.076600
2020-09-30,-0.050300
2020-10-01,-0.063500
2020-10-02,-0.040100
2020-10-05,-0.019100
2020-10-06,-0.011800
2020-10-07,0.008700
2020-10-08,-0.001300
2020-10-09,-0.029800
2020-10-12,-0.012000
2020-10-13,-0.061800
2020-10-14,-0.044300
2020-10-15,-0.077700
2020-10-16,-0.073900
2020-10-19,-0.079400
2020-10-20,-0.068000
2020-10-21,-0.045900
2020-10-22,-0.003400
2020-10-23,-0.011100
2020-10-26,0.006800
2020-10-27,-0.029800
2020-10-28,-0.060200
2020-10-29,-0.065800
2020-10-30,-0.046700
2020-11-02,-0.059600
2020-11-03,-0.014700
2020-11-04,-0.050200
2020-11-05,-0.033900
2020-11-06,-0.009200
2020-11-09,0.058200
2020-11-10,0.066500
2020-11-11,0.085100
2020-11-12,0.028900
2020-11-13,0.036200
2020-11-16,0.047200
2020-11-17,0.036000
2020-11-18,0.050800
2020-11-19,0.035000
2020-11-20,0.028900
2020-11-23,0.035400
2020-11-24,0.043000
2020-11-25,0.030300
2020-11-26,0.023500
2020-11-27,0.030900
2020-11-30,0.036800
2020-12-01,0.071500
2020-12-02,0.058900
2020-12-03,0.050600
2020-12-04,0.055600
2020-12-07,0.003600
2020-12-08,-0.006900
2020-12-09,-0.018200
2020-12-10,-0.061900
2020-12-11,-0.084200
2020-12-14,-0.036500
2020-12-15,-0.025500
2020-12-16,0.013400
2020-12-17,-0.004000
2020-12-18,-0.023900
2020-12-21,-0.067400
2020-12-22,-0.076300
2020-12-23,0.016300
2020-12-24,-0.019900
2020-12-29,-0.044200
2020-12-30,-0.042300
2020-12-31,-0.050300
2021-01-04,-0.049400
2021-01-05,-0.065500
2021-01-06,-0.044800
2021-01-07,-0.005800
2021-01-08,0.008600
2021-01-11,0.028300
2021-01-12,0.062400
2021-01-13,0.027800
2021-01-14,0.016600
2021-01-15,-0.005800
2021-01-18,-0.005300
2021-01-19,0.005400
2021-01-20,0.001500
2021-01-21,0.026000
2021-01-22,0.015700
2021-01-25,-0.027500
2021-01-26,-0.013900
2021-01-27,-0.022400
2021-01-28,0.001200
2021-01-29,0.018700
2021-02-01,0.019600
2021-02-02,0.042800
2021-02-03,0.061200
2021-02-04,0.112000
2021-02-05,0.148800
2021-02-08,0.142600
2021-02-09,0.125700
2021-02-10,0.136900
2021-02-11,0.120800
2021-02-12,0.153700
2021-02-15,0.163900
2021-02-16,0.203400
2021-02-17,0.174000
2021-02-18,0.213200
2021-02-19,0.270300
2021-02-22,0.263300
2021-02-23,0.268100
2021-02-24,0.286300
2021-02-25,0.348300
2021-02-26,0.393000
2021-03-01,0.344000
2021-03-02,0.295100
2021-03-03,0.341700
2021-03-04,0.322100
2021-03-05,0.361900
2021-03-08,0.341900
2021-03-09,0.324300
2021-03-10,0.312900
2021-03-11,0.328300
2021-03-12,0.376800
2021-03-15,0.359000
2021-03-16,0.359300
2021-03-17,0.394300
2021-03-18,0.407600
2021-03-19,0.381300
2021-03-22,0.362700
2021-03-23,0.321100
2021-03-24,0.321100
2021-03-25,0.307900
2021-03-26,0.321300
2021-03-29,0.341300
2021-03-30,0.377800
2021-03-31,0.388800
2021-04-01,0.363300
2021-04-06,0.366500
2021-04-07,0.363200
2021-04-08,0.341900
2021-04-09,0.359300
2021-04-12,0.359100
2021-04-13,0.355500
2021-04-14,0.369600
2021-04-15,0.313300
2021-04-16,0.336600
2021-04-19,0.331000
2021-04-20,0.319900
2021-04-21,0.323900
2021-04-22,0.314000
2021-04-23,0.321700
2021-04-26,0.333800
2021-04-27,0.347500
2021-04-28,0.362200
2021-04-29,0.393800
2021-04-30,0.396300
2021-05-04,0.353400
2021-05-05,0.366200
2021-05-06,0.331400
2021-05-07,0.308700
2021-05-10,0.326700
2021-05-11,0.367700
2021-05-12,0.420700
2021-05-13,0.429800
2021-05-14,0.405500
2021-05-17,0.403000
2021-05-18,0.399200
2021-05-19,0.383100
2021-05-20,0.380300
2021-05-21,0.374800
2021-05-24,0.354900
2021-05-25,0.338600
2021-05-26,0.318700
2021-05-27,0.368500
2021-05-28,0.358000
2021-06-01,0.385600
2021-06-02,0.361200
2021-06-03,0.386600
2021-06-04,0.361200
2021-06-07,0.378200
2021-06-08,0.356900
2021-06-09,0.332900
2021-06-10,0.352100
2021-06-11,0.316500
2021-06-14,0.334400
2021-06-15,0.358200
2021-06-16,0.353700
2021-06-17,0.411400
2021-06-18,0.403900
2021-06-21,0.404700
2021-06-22,0.412600
2021-06-23,0.408200
2021-06-24,0.373400
2021-06-25,0.395700
2021-06-28,0.372500
2021-06-29,0.365800
2021-06-30,0.365800
2021-07-01,0.356900
2021-07-02,0.340400
2021-07-05,0.337800
2021-07-06,0.285600
2021-07-07,0.267400
2021-07-08,0.268800
2021-07-09,0.320000
2021-07-12,0.312000
2021-07-13,0.303000
2021-07-14,0.318000
2021-07-15,0.381900
2021-07-16,0.345600
2021-07-19,0.276700
2021-07-20,0.282500
2021-07-21,0.318000
2021-07-22,0.286200
2021-07-23,0.303700
2021-07-26,0.298200
2021-07-27,0.296400
2021-07-28,0.297600
2021-07-29,0.291200
2021-07-30,0.283500
2021-08-02,0.261400
2021-08-03,0.243500
2021-08-04,0.261500
2021-08-05,0.256800
2021-08-06,0.335600
2021-08-09,0.311400
2021-08-10,0.326100
2021-08-11,0.315800
2021-08-12,0.337200
2021-08-13,0.325300
2021-08-16,0.320500
2021-08-17,0.321600
2021-08-18,0.317100
2021-08-19,0.292000
2021-08-20,0.268600
2021-08-23,0.286900
2021-08-24,0.294700
2021-08-25,0.333100
2021-08-26,0.329700
2021-08-27,0.319600
2021-08-31,0.348700
2021-09-01,0.327200
2021-09-02,0.314400
2021-09-03,0.328100
2021-09-06,0.311900
2021-09-07,0.343700
2021-09-08,0.343500
2021-09-09,0.368400
2021-09-10,0.370600
2021-09-13,0.377700
2021-09-14,0.380400
2021-09-15,0.403600
2021-09-16,0.444700
2021-09-17,0.476400
2021-09-20,0.432500
2021-09-21,0.434600
2021-09-22,0.438100
2021-09-23,0.547400
2021-09-24,0.562800
2021-09-27,0.572700
2021-09-28,0.600300
2021-09-29,0.590700
2021-09-30,0.628200
2021-10-01,0.622100
2021-10-04,0.599800
2021-10-05,0.678300
2021-10-06,0.686800
2021-10-07,0.692800
2021-10-08,0.764000
2021-10-11,0.795800
2021-10-12,0.769100
2021-10-13,0.721200
2021-10-14,0.693700
2021-10-15,0.743800
2021-10-18,0.825400
2021-10-19,0.844700
2021-10-20,0.825000
2021-10-21,0.865100
2021-10-22,0.836600
2021-10-25,0.804700
2021-10-26,0.781000
2021-10-27,0.684000
2021-10-28,0.723200
2021-10-29,0.807400
2021-11-01,0.820000
2021-11-02,0.765600
2021-11-03,0.804200
2021-11-04,0.632800
2021-11-05,0.538000
2021-11-08,0.549400
2021-11-09,0.563900
2021-11-10,0.678500
2021-11-11,0.666700
2021-11-12,0.645600
2021-11-15,0.675200
2021-11-16,0.701000
2021-11-17,0.696100
2021-11-18,0.654200
2021-11-19,0.609200
2021-11-22,0.653100
2021-11-23,0.706800
2021-11-24,0.734800
2021-11-25,0.702800
2021-11-26,0.551500
2021-11-29,0.586500
2021-11-30,0.589400
2021-12-01,0.623900
2021-12-02,0.589400
2021-12-03,0.559800
2021-12-06,0.529500
2021-12-07,0.520400
2021-12-08,0.526600
2021-12-09,0.508700
2021-12-10,0.486500
2021-12-13,0.474300
2021-12-14,0.500100
2021-12-15,0.519600
2021-12-16,0.552000
2021-12-17,0.573900
2021-12-20,0.578300
2021-12-21,0.673700
2021-12-22,0.687400
2021-12-23,0.719200
2021-12-24,0.711500
2021-12-29,0.781800
2021-12-30,0.754700
2021-12-31,0.772500
2022-01-04,0.861700
2022-01-05,0.863900
2022-01-06,0.925000
2022-01-07,0.943700
2022-01-10,0.969400
2022-01-11,0.963500
2022-01-12,0.944000
2022-01-13,0.903800
2022-01-14,0.922400
2022-01-17,0.957300
2022-01-18,0.994200
2022-01-19,1.046500
2022-01-20,1.009200
2022-01-21,0.970500
2022-01-24,0.941500
2022-01-25,0.963100
2022-01-26,1.004600
2022-01-27,1.040900
2022-01-28,1.045400
2022-01-31,1.116100
2022-02-01,1.124300
2022-02-02,1.080700
2022-02-03,1.206400
2022-02-04,1.249300
2022-02-07,1.269100
2022-02-08,1.330900
2022-02-09,1.259200
2022-02-10,1.359500
2022-02-11,1.379900
2022-02-14,1.426400
2022-02-15,1.463900
2022-02-16,1.363300
2022-02-17,1.290300
2022-02-18,1.243600
2022-02-21,1.236500
2022-02-22,1.297100
2022-02-23,1.283900
2022-02-24,1.251800
2022-02-25,1.211500
2022-02-28,1.150500
2022-03-01,0.882100
2022-03-02,1.072300
2022-03-03,1.140400
2022-03-04,1.009100
2022-03-07,1.114500
2022-03-08,1.263000
2022-03-09,1.342100
2022-03-10,1.345600
2022-03-11,1.340100
2022-03-14,1.417100
2022-03-15,1.361500
2022-03-16,1.399600
2022-03-17,1.350500
2022-03-18,1.235300
2022-03-21,1.359400
2022-03-22,1.466400
2022-03-23,1.435400
2022-03-24,1.395600
2022-03-25,1.463000
2022-03-28,1.419600
2022-03-29,1.429000
2022-03-30,1.432800
2022-03-31,1.422000
2022-04-01,1.424900
2022-04-04,1.417100
2022-04-05,1.500900
2022-04-06,1.558300
2022-04-07,1.550800
2022-04-08,1.544600
2022-04-11,1.650000
2022-04-12,1.602600
2022-04-13,1.590400
2022-04-14,1.645600
2022-04-19,1.729900
2022-04-20,1.694000
2022-04-21,1.819800
2022-04-22,1.755800
2022-04-25,1.663300
2022-04-26,1.601700
2022-04-27,1.614400
2022-04-28,1.661200
2022-04-29,1.711100
2022-05-03,1.748800
2022-05-04,1.767300
2022-05-05,1.697600
2022-05-06,1.710700
2022-05-09,1.611700
2022-05-10,1.518000
2022-05-11,1.519000
2022-05-12,1.368800
2022-05-13,1.410300
2022-05-16,1.409900
2022-05-17,1.615700
2022-05-18,1.611100
2022-05-19,1.629000
2022-05-20,1.646400
2022-05-23,1.723200
2022-05-24,1.601000
2022-05-25,1.619900
2022-05-26,1.668000
2022-05-27,1.614400
2022-05-30,1.679200
2022-05-31,1.762700
2022-06-01,1.809300
2022-06-06,1.937200
2022-06-07,1.905700
2022-06-08,1.914600
2022-06-09,2.007300
2022-06-10,2.164900
2022-06-13,2.243800
2022-06-14,2.251800
2022-06-15,2.099700
2022-06-16,2.221600
2022-06-17,2.254700
2022-06-20,2.350200
2022-06-21,2.371300
2022-06-22,2.189600
2022-06-23,1.984700
2022-06-24,1.997600
2022-06-27,2.075400
2022-06-28,2.181700
2022-06-29,2.093500
2022-06-30,1.954300
2022-07-01,1.735500
2022-07-04,1.889000
2022-07-05,1.799500
2022-07-06,1.760300
2022-07-07,1.850400
2022-07-08,1.920900
2022-07-11,1.878100
2022-07-12,1.769500
2022-07-13,1.789600
2022-07-14,1.869600
2022-07-15,1.865600
2022-07-18,1.902200
2022-07-19,1.993800
2022-07-20,1.948200
2022-07-21,1.855800
2022-07-22,1.766100
2022-07-25,1.733000
2022-07-26,1.719800
2022-07-27,1.771700
2022-07-28,1.643300
2022-07-29,1.645000
2022-08-01,1.615600
2022-08-02,1.642400
2022-08-03,1.732100
2022-08-04,1.711000
2022-08-05,1.919500
2022-08-08,1.770400
2022-08-09,1.817800
2022-08-10,1.817800
2022-08-11,1.897800
2022-08-12,1.946400
2022-08-15,1.838900
2022-08-16,1.970600
2022-08-17,2.186600
2022-08-18,2.164000
2022-08-19,2.302600
2022-08-22,2.388900
2022-08-23,2.468500
2022-08-24,2.704800
2022-08-25,2.635300
2022-08-26,2.551900
2022-08-30,2.709100
2022-08-31,2.826100
2022-09-01,2.881500
2022-09-02,2.846700
2022-09-05,2.921700
2022-09-06,2.963900
2022-09-07,2.897200
2022-09-08,2.897200
2022-09-09,2.996300
2022-09-12,2.938100
2022-09-13,3.039900
2022-09-14,3.026900
2022-09-15,3.047500
2022-09-16,3.088700
2022-09-20,3.238600
2022-09-21,3.303600
2022-09-22,3.488900
2022-09-23,3.938500
2022-09-26,4.342800
2022-09-27,4.481900
2022-09-28,4.213900
2022-09-29,4.286800
2022-09-30,4.267800
2022-10-03,4.092500
2022-10-04,3.986300
2022-10-05,4.090200
2022-10-06,4.239100
2022-10-07,4.245700
2022-10-10,4.493400
2022-10-11,4.396500
2022-10-12,4.384800
2022-10-13,4.159700
2022-10-14,4.177100
2022-10-17,3.822300
2022-10-18,3.760300
2022-10-19,3.731700
2022-10-20,3.770000
2022-10-21,3.995300
2022-10-24,3.686700
2022-10-25,3.611000
2022-10-26,3.556300
2022-10-27,3.422600
2022-10-28,3.408000
2022-10-31,3.536500
2022-11-01,3.386300
2022-11-02,3.292900
2022-11-03,3.320000
2022-11-04,3.337000
2022-11-07,3.441100
2022-11-08,3.418400
2022-11-09,3.368100
2022-11-10,3.209400
2022-11-11,3.280100
2022-11-14,3.274200
2022-11-15,3.233900
2022-11-16,3.097900
2022-11-17,3.161000
2022-11-18,3.207900
2022-11-21,3.186000
2022-11-22,3.144000
2022-11-23,3.069000
2022-11-24,3.092000
2022-11-25,3.186400
2022-11-28,3.167800
2022-11-29,3.116400
2022-11-30,3.203800
2022-12-01,3.173100
2022-12-02,3.213200
2022-12-05,3.267100
2022-12-06,3.170600
2022-12-07,3.105400
2022-12-08,3.162300
2022-12-09,3.207800
2022-12-12,3.229600
2022-12-13,3.293700
2022-12-14,3.269900
2022-12-15,3.203900
2022-12-16,3.308300
2022-12-19,3.430800
2022-12-20,3.557600
2022-12-21,3.524900
2022-12-22,3.606000
2022-12-23,3.625900
2022-12-28,3.645600
2022-12-29,3.647100
2022-12-30,3.620800
2023-01-03,3.612200
2023-01-04,3.498900
2023-01-05,3.488900
2023-01-06,3.385700
2023-01-09,3.484600
2023-01-10,3.436300
2023-01-11,3.267300
2023-01-12,3.249400
2023-01-13,3.248100
2023-01-16,3.286700
2023-01-17,3.257700
2023-01-18,3.234000
2023-01-19,3.269700
2023-01-20,3.250100
2023-01-23,3.257200
2023-01-24,3.172300
2023-01-25,3.162600
2023-01-26,3.164500
2023-01-27,3.224800
2023-01-30,3.229700
2023-01-31,3.212700
2023-02-01,3.208700
2023-02-02,2.864800
2023-02-03,2.918700
2023-02-06,3.114100
2023-02-07,3.196200
2023-02-08,3.159900
2023-02-09,3.190900
2023-02-10,3.310500
2023-02-13,3.347500
2023-02-14,3.414000
2023-02-15,3.376000
2023-02-16,3.391600
2023-02-17,3.433800
2023-02-20,3.370200
2023-02-21,3.517600
2023-02-22,3.541800
2023-02-23,3.525200
2023-02-24,3.634000
2023-02-27,3.711400
2023-02-28,3.718000
2023-03-01,3.711600
2023-03-02,3.727000
2023-03-03,3.735300
2023-03-06,3.744000
2023-03-07,3.763600
2023-03-08,3.716200
2023-03-09,3.755800
2023-03-10,3.554600
2023-03-13,3.328700
2023-03-14,3.463200
2023-03-15,3.279300
2023-03-16,3.305000
2023-03-17,3.186600
2023-03-20,3.204900
2023-03-21,3.255800
2023-03-22,3.430100
2023-03-23,3.251500
2023-03-24,3.160800
2023-03-27,3.266600
2023-03-28,3.342000
2023-03-29,3.365000
2023-03-30,3.437000
2023-03-31,3.453800
2023-04-03,3.341500
2023-04-04,3.348500
2023-04-05,3.338700
2023-04-06,3.341000
2023-04-11,3.448200
2023-04-12,3.471600
2023-04-13,3.457200
2023-04-14,3.558400
2023-04-17,3.591100
2023-04-18,3.650500
2023-04-19,3.794100
2023-04-20,3.720200
2023-04-21,3.712800
2023-04-24,3.710700
2023-04-25,3.635400
2023-04-26,3.638600
2023-04-27,3.717900
2023-04-28,3.667800
2023-05-02,3.614500
2023-05-03,3.638600
2023-05-04,3.589100
2023-05-05,3.667700
2023-05-09,3.736100
2023-05-10,3.707200
2023-05-11,3.621900
2023-05-12,3.672800
2023-05-15,3.711000
2023-05-16,3.704700
2023-05-17,3.733300
2023-05-18,3.863000
2023-05-19,3.907000
2023-05-22,3.967800
2023-05-23,4.086100
2023-05-24,4.206500
2023-05-25,4.397000
2023-05-26,4.380600
2023-05-30,4.268800
2023-05-31,4.191500
2023-06-01,4.150800
2023-06-02,4.186600
2023-06-05,4.265600
2023-06-06,4.286600
2023-06-07,4.360200
2023-06-08,4.320600
2023-06-09,4.314100
2023-06-12,4.414700
2023-06-13,4.558800
2023-06-14,4.560600
2023-06-15,4.595600
2023-06-16,4.628800
2023-06-19,4.720700
2023-06-20,4.558000
2023-06-21,4.638500
2023-06-22,4.625700
2023-06-23,4.603500
2023-06-26,4.614400
2023-06-27,4.726500
2023-06-28,4.648500
2023-06-29,4.680400
2023-06-30,4.728900
2023-07-03,4.786700
2023-07-04,4.763800
2023-07-05,4.829900
2023-07-06,4.966900
2023-07-07,4.909900
2023-07-10,4.906900
2023-07-11,4.927600
2023-07-12,4.778200
2023-07-13,4.673500
2023-07-14,4.643400
2023-07-17,4.612500
2023-07-18,4.507600
2023-07-19,4.367300
2023-07-20,4.455000
2023-07-21,4.439900
2023-07-24,4.417700
2023-07-25,4.445900
2023-07-26,4.466100
2023-07-27,4.441200
2023-07-28,4.478800
2023-07-31,4.435900
2023-08-01,4.562500
2023-08-02,4.544900
2023-08-03,4.559000
2023-08-04,4.515700
2023-08-07,4.523300
2023-08-08,4.512000
2023-08-09,4.510600
2023-08-10,4.485300
2023-08-11,4.629900
2023-08-14,4.688000
2023-08-15,4.713600
2023-08-16,4.736500
2023-08-17,4.832100
2023-08-18,4.794400
2023-08-21,4.840000
2023-08-22,4.784400
2023-08-23,4.579700
2023-08-24,4.551700
2023-08-25,4.601100
2023-08-29,4.567000
2023-08-30,4.532500
2023-08-31,4.453400
2023-09-01,4.478100
2023-09-04,4.530100
2023-09-05,4.583000
2023-09-06,4.610000
2023-09-07,4.514800
2023-09-08,4.439000
2023-09-11,4.499200
2023-09-12,4.441100
2023-09-13,4.368800
2023-09-14,4.282500
2023-09-15,4.344900
2023-09-18,4.395200
2023-09-19,4.343700
2023-09-20,4.200600
2023-09-21,4.230400
2023-09-22,4.193000
2023-09-25,4.222200
2023-09-26,4.219600
2023-09-27,4.280800
2023-09-28,4.463600
2023-09-29,4.327000
2023-10-02,4.439300
2023-10-03,4.469600
2023-10-04,4.488700
2023-10-05,4.412600
2023-10-06,4.453600
2023-10-09,4.351900
2023-10-10,4.304200
2023-10-11,4.247000
2023-10-12,4.328300
2023-10-13,4.320400
2023-10-16,4.393100
2023-10-17,4.419000
2023-10-18,4.559900
2023-10-19,4.565600
2023-10-20,4.489100
2023-10-23,4.455500
2023-10-24,4.411500
2023-10-25,4.452500
2023-10-26,4.427600
2023-10-27,4.427600
2023-10-30,4.391900
2023-10-31,4.355500
2023-11-01,4.328700
2023-11-02,4.234400
2023-11-03,4.157000
2023-11-06,4.213400
2023-11-07,4.139700
2023-11-08,4.121700
2023-11-09,4.138300
2023-11-10,4.191800
2023-11-13,4.213000
2023-11-14,4.056700
2023-11-15,4.094300
2023-11-16,4.001900
2023-11-17,4.013100
2023-11-20,4.015700
2023-11-21,4.017200
2023-11-22,4.081800
2023-11-23,4.177900
2023-11-24,4.216500
2023-11-27,4.138700
2023-11-28,4.089900
2023-11-29,3.992700
2023-11-30,4.065500
2023-12-01,4.025400
2023-12-04,4.064700
2023-12-05,3.927000
2023-12-06,3.895600
2023-12-07,3.914600
2023-12-08,3.957100
2023-12-11,4.020300
2023-12-12,3.909900
2023-12-13,3.763200
2023-12-14,3.693400
2023-12-15,3.628000
2023-12-18,3.633000
2023-12-19,3.564000
2023-12-20,3.429600
2023-12-21,3.394500
2023-12-22,3.359900
2023-12-27,3.306600
2023-12-28,3.323400
2023-12-29,3.358300
2024-01-02,3.443000
2024-01-03,3.500300
2024-01-04,3.549600
2024-01-05,3.606700
2024-01-08,3.629200
2024-01-09,3.635400
2024-01-10,3.644100
2024-01-11,3.674200
2024-01-12,3.599500
2024-01-15,3.597600
2024-01-16,3.593600
2024-01-17,3.789800
2024-01-18,3.744900
2024-01-19,3.742900
2024-01-22,3.723800
2024-01-23,3.822100
2024-01-24,3.855100
2024-01-25,3.816500
2024-01-26,3.807500
2024-01-29,3.744900
2024-01-30,3.774400
2024-01-31,3.642700
2024-02-01,3.589300
2024-02-02,3.797400
2024-02-05,3.924000
2024-02-06,3.843500
2024-02-07,3.858200
2024-02-08,3.942600
2024-02-09,4.004300
2024-02-12,3.977100
2024-02-13,4.073900
2024-02-14,3.976200
2024-02-15,3.961300
2024-02-16,4.026700
2024-02-19,4.032600
2024-02-20,3.965400
2024-02-21,4.009900
2024-02-22,4.019300
2024-02-23,3.976100
2024-02-26,4.006700
2024-02-27,4.052600
2024-02-28,4.070200
2024-02-29,4.016700
2024-03-01,3.993300
2024-03-04,4.041600
2024-03-05,3.943800
2024-03-06,3.937000
2024-03-07,3.957000
2024-03-08,3.911900
2024-03-11,3.889100
2024-03-12,3.858200
2024-03-13,3.917700
2024-03-14,3.982000
2024-03-15,4.002300
2024-03-18,3.986000
2024-03-19,3.939000
2024-03-20,3.939000
2024-03-21,3.847200
2024-03-22,3.798300
2024-03-25,3.854100
2024-03-26,3.842200
2024-03-27,3.810200
2024-03-28,3.802000
2024-04-02,3.928500
2024-04-03,3.915100
2024-04-04,3.862800
2024-04-05,3.922600
2024-04-08,3.945900
2024-04-09,3.896700
2024-04-10,4.028700
2024-04-11,4.119900
2024-04-12,4.039100
2024-04-15,4.138300
2024-04-16,4.205400
2024-04-17,4.206400
2024-04-18,4.179700
2024-04-19,4.140300
2024-04-22,4.078900
2024-04-23,4.133600
2024-04-24,4.219100
2024-04-25,4.253700
2024-04-26,4.232800
2024-04-29,4.192700
2024-04-30,4.268100
2024-05-01,4.279700
2024-05-02,4.192700
2024-05-03,4.120200
2024-05-07,4.027100
2024-05-08,4.022500
2024-05-09,4.008100
2024-05-10,4.039200
2024-05-13,4.043400
2024-05-14,4.044400
2024-05-15,3.948100
2024-05-16,3.947300
2024-05-17,4.014900
2024-05-20,4.054900
2024-05-21,4.032300
2024-05-22,4.141100
2024-05-23,4.193100
2024-05-24,4.184500
2024-05-28,4.184500
2024-05-29,4.294700
2024-05-30,4.258100
2024-05-31,4.204500
2024-06-03,4.138100
2024-06-04,4.105600
2024-06-05,4.111600
2024-06-06,4.083200
2024-06-07,4.165800
2024-06-10,4.206700
2024-06-11,4.149900
2024-06-12,4.027500
2024-06-13,4.039200
2024-06-14,3.951300
2024-06-17,3.998700
2024-06-18,3.948700
2024-06-19,3.961400
2024-06-20,3.924900
2024-06-21,3.944600
2024-06-24,3.959900
2024-06-25,3.952300
2024-06-26,4.025200
2024-06-27,4.024200
2024-06-28,4.048400
2024-07-01,4.107100
2024-07-02,4.092600
2024-07-03,4.028800
2024-07-04,4.062800
2024-07-05,3.997900
2024-07-08,3.982400
2024-07-09,4.025000
2024-07-10,3.995900
2024-07-11,3.928400
2024-07-12,3.967900
2024-07-15,3.952900
2024-07-16,3.952900
2024-07-17,3.936400
2024-07-18,3.891500
2024-07-19,3.947000
2024-07-22,3.976100
2024-07-23,3.967800
2024-07-24,3.950500
2024-07-25,3.924800
2024-07-26,3.902700
2024-07-29,3.857400
2024-07-30,3.849900
2024-07-31,3.785700
2024-08-01,3.669400
2024-08-02,3.624400
2024-08-05,3.630100
2024-08-06,3.691500
2024-08-07,3.730300
2024-08-08,3.735400
2024-08-09,3.717000
2024-08-12,3.720000
2024-08-13,3.662900
2024-08-14,3.612400
2024-08-15,3.716500
2024-08-16,3.733200
2024-08-19,3.760900
2024-08-20,3.737000
2024-08-21,3.723800
2024-08-22,3.785200
2024-08-23,3.740100
2024-08-27,3.795400
2024-08-28,3.799500
2024-08-29,3.811000
2024-08-30,3.792000
2024-09-02,3.827600
2024-09-03,3.767300
2024-09-04,3.709700
2024-09-05,3.700200
2024-09-06,3.653200
2024-09-09,3.610700
2024-09-10,3.581900
2024-09-11,3.581900
2024-09-12,3.524600
2024-09-13,3.513600
2024-09-16,3.496200
2024-09-17,3.523700
2024-09-18,3.602900
2024-09-19,3.630600
2024-09-20,3.655600
2024-09-23,3.662800
2024-09-24,3.659800
2024-09-25,3.716700
2024-09-26,3.702700
2024-09-27,3.710700
2024-09-30,3.738600
2024-10-01,3.683800
2024-10-02,3.776700
2024-10-03,3.726200
2024-10-04,3.881300
2024-10-07,3.949600
2024-10-08,3.924200
2024-10-09,3.909500
2024-10-10,3.946900
2024-10-11,3.945900
2024-10-14,3.923000
2024-10-15,3.932500
2024-10-16,3.808500
2024-10-17,3.835800
2024-10-18,3.786600
2024-10-21,3.848900
2024-10-22,3.875100
2024-10-23,3.924300
2024-10-24,3.905100
2024-10-25,3.905100
2024-10-28,4.024400
2024-10-29,4.009200
2024-10-30,4.098200
2024-10-31,4.169000
2024-11-01,4.190300
2024-11-04,4.199700
2024-11-05,4.304400
2024-11-06,4.271300
2024-11-07,4.197400
2024-11-08,4.210100
2024-11-11,4.136600
2024-11-12,4.180400
2024-11-13,4.234200
2024-11-14,4.173900
2024-11-15,4.156700
2024-11-18,4.163300
2024-11-19,4.108900
2024-11-20,4.141000
2024-11-21,4.168400
2024-11-22,4.109800
2024-11-25,4.074800
2024-11-26,4.065800
2024-11-27,4.081100
2024-11-28,4.073500
2024-11-29,3.997700
2024-12-02,3.980700
2024-12-03,3.991400
2024-12-04,3.988000
2024-12-05,4.028000
2024-12-06,4.046400
2024-12-09,4.020700
2024-12-10,4.068100
2024-12-11,4.058800
2024-12-12,4.070100
2024-12-13,4.129200
2024-12-16,4.163100
2024-12-17,4.244000
2024-12-18,4.211200
2024-12-19,4.222400
2024-12-20,4.147200
2024-12-23,4.206700
2024-12-24,4.268600
2024-12-27,4.260200
2024-12-30,4.269900
2024-12-31,4.190000
2025-01-02,4.199400
2025-01-03,4.215300
2025-01-06,4.273700
2025-01-07,4.269100
2025-01-08,4.398800
2025-01-09,4.363900
2025-01-10,4.416100
2025-01-13,4.474600
2025-01-14,4.483800
2025-01-15,4.322200
2025-01-16,4.238400
2025-01-17,4.218900
2025-01-20,4.236000
2025-01-21,4.221900
2025-01-22,4.226900
2025-01-23,4.231700
2025-01-24,4.233700
2025-01-27,4.152900
2025-01-28,4.205100
2025-01-29,4.237000
2025-01-30,4.149300
2025-01-31,4.106800
2025-02-03,4.063900
2025-02-04,4.121200
2025-02-05,3.972100
2025-02-06,4.043000
2025-02-07,4.030200
2025-02-10,4.041100
2025-02-11,4.102400
2025-02-12,4.140800
2025-02-13,4.091000
2025-02-14,4.102500
2025-02-17,4.103500
2025-02-18,4.140700
2025-02-19,4.200700
2025-02-20,4.201900
2025-02-21,4.162300
2025-02-24,4.128100
2025-02-25,4.086300
2025-02-26,4.098200
2025-02-27,4.078600
2025-02-28,4.065100
2025-03-03,4.122800
2025-03-04,4.059000
2025-03-05,4.208100
2025-03-06,4.213800
2025-03-07,4.154400
2025-03-10,4.135500
2025-03-11,4.138100
2025-03-12,4.189200
2025-03-13,4.161500
2025-03-14,4.139600
2025-03-17,4.131500
2025-03-18,4.151500
2025-03-19,4.150900
2025-03-20,4.184500
2025-03-21,4.196800
2025-03-24,4.203000
2025-03-25,4.238900
2025-03-26,4.224400
2025-03-27,4.234900
2025-03-28,4.177200
2025-03-31,4.152700
2025-04-01,4.109300
2025-04-02,4.112000
2025-04-03,3.962000
2025-04-04,3.930900
2025-04-07,3.967100
2025-04-08,3.951500
2025-04-09,4.038900
2025-04-10,3.996300
2025-04-11,4.068200
2025-04-14,4.023100
2025-04-15,3.990900
2025-04-16,3.914100
2025-04-17,3.871700
2025-04-22,3.897200
2025-04-23,3.946800
2025-04-24,3.904400
2025-04-25,3.801700
2025-04-28,3.850800
2025-04-29,3.835200
2025-04-30,3.810500
2025-05-01,3.800500
2025-05-02,3.876000
2025-05-06,3.840000
2025-05-07,3.843800
2025-05-08,3.890300
2025-05-09,3.884600
2025-05-12,4.038600
2025-05-13,4.005400
2025-05-14,4.069100
2025-05-15,4.021100
2025-05-16,3.974400
2025-05-19,4.037100
2025-05-20,4.077900
2025-05-21,4.123900
2025-05-22,4.102800
2025-05-23,4.037200
2025-05-27,4.038500
2025-05-28,4.144400
2025-05-29,4.032100
2025-05-30,4.054700
2025-06-02,4.015100
2025-06-03,3.977200
2025-06-04,4.021500
2025-06-05,4.012400
2025-06-06,4.016700
2025-06-09,4.062800
2025-06-10,3.971700
2025-06-11,4.025900
2025-06-12,3.886500
2025-06-13,3.986100
2025-06-16,3.933100
2025-06-17,3.947300
2025-06-18,3.931100
2025-06-19,3.973500
2025-06-20,3.938900
2025-06-23,3.894000
2025-06-24,3.885900
2025-06-25,3.917300
2025-06-26,3.846500
2025-06-27,3.879700
2025-06-30,3.823100
2025-07-01,3.823600
2025-07-02,3.966300
2025-07-03,3.928500
2025-07-04,3.923800
2025-07-07,3.926200
2025-07-08,3.953900
2025-07-09,3.938500
2025-07-10,3.961200
2025-07-11,3.976200
2025-07-14,3.880800
2025-07-15,3.940600
2025-07-16,3.986500
2025-07-17,3.986900
2025-07-18,4.019900
2025-07-21,3.972000
2025-07-22,3.940700
2025-07-23,3.915500
2025-07-24,3.939500
2025-07-25,3.943900
2025-07-28,3.962500
2025-07-29,3.938700
2025-07-30,3.930500
2025-07-31,3.888300
2025-08-01,3.843400
2025-08-04,3.834900
2025-08-05,3.832800
2025-08-06,3.839200
2025-08-07,3.891600
2025-08-08,3.914900
2025-08-11,3.890300
2025-08-12,3.928800
2025-08-13,3.897500
2025-08-14,3.946400
2025-08-15,3.967300
2025-08-18,4.022300
2025-08-19,4.033100
2025-08-20,3.972700
2025-08-21,4.022200
2025-08-22,3.986500
2025-08-26,4.024000
2025-08-27,4.012500
2025-08-28,4.002200
2025-08-29,4.004700
2025-09-01,4.021900
2025-09-02,4.060100
2025-09-03,4.022100
2025-09-04,4.023400
2025-09-05,3.950100
2025-09-08,3.922200
2025-09-09,3.952300
2025-09-10,3.972600
2025-09-11,3.959700
2025-09-12,3.995800
2025-09-15,3.978300
2025-09-16,3.995700
2025-09-17,3.981800
2025-09-18,4.001300
2025-09-19,4.034400
2025-09-22,4.024500
2025-09-23,4.007200
2025-09-24,4.001000
2025-09-25,4.078500
2025-09-26,4.086400
2025-09-29,4.039700
2025-09-30,4.036300
2025-10-01,4.020600
2025-10-02,4.053600
2025-10-03,4.033800
2025-10-06,4.044600
2025-10-07,4.080500
2025-10-08,4.069800
2025-10-09,4.094800
2025-10-10,4.034700
2025-10-13,4.020000
2025-10-14,3.946000
2025-10-15,3.911300
2025-10-16,3.890200
2025-10-17,3.908000
2025-10-20,3.887000
2025-10-21,3.878800
2025-10-22,3.798800
2025-10-23,3.808700
2025-10-24,3.826500
2025-10-27,3.812000
2025-10-28,3.804500
2025-10-29,3.811400
2025-10-30,3.840700
2025-10-31,3.823400
2025-11-03,3.852000
2025-11-04,3.819100
2025-11-05,3.874800
2025-11-06,3.847800
2025-11-07,3.866400
2025-11-10,3.864600
2025-11-11,3.798800
2025-11-12,3.816200
2025-11-13,3.848800
2025-11-14,3.933900
2025-11-17,3.921900
2025-11-18,3.917300
2025-11-19,3.960100
2025-11-20,3.907500
2025-11-21,3.885000
2025-11-24,3.928000
2025-11-25,3.874300
2025-11-26,3.828400
2025-11-27,3.860100
2025-11-28,3.855700
2025-12-01,3.849900
2025-12-02,3.873700
2025-12-03,3.855800
2025-12-04,3.837300
2025-12-05,3.887800
2025-12-08,3.961900
2025-12-09,3.947000
2025-12-10,3.962800
2025-12-11,3.930500
2025-12-12,3.943800
2025-12-15,3.922800
2025-12-16,3.948300
2025-12-17,3.893300
2025-12-18,3.916400
2025-12-19,3.954400
2025-12-22,3.966300
2025-12-23,3.954800
2025-12-24,3.963900
2025-12-29,3.945800
2025-12-30,3.945800
2025-12-31,3.928100
2026-01-02,3.965500
2026-01-05,3.945300
2026-01-06,3.921300
2026-01-07,3.861600
2026-01-08,3.858600
2026-01-09,3.825900
2026-01-12,3.826200
2026-01-13,3.848100
2026-01-14,3.806800
2026-01-15,3.847200
2026-01-16,3.877600
2026-01-19,3.874200
2026-01-20,3.910200
2026-01-21,3.899500
2026-01-22,3.920800
2026-01-23,3.956000
2026-01-26,3.958000
2026-01-27,3.978800
2026-01-28,3.988100
2026-01-29,3.946600
2026-01-30,3.960400
2026-02-02,3.949900
2026-02-03,3.958100
2026-02-04,3.970700
2026-02-05,3.945800
2026-02-06,3.920500
2026-02-09,3.919500
2026-02-10,3.901500
2026-02-11,3.899300
2026-02-12,3.868300
2026-02-13,3.828700
2026-02-16,3.818600
2026-02-17,3.803700
2026-02-18,3.807600
2026-02-19,3.798900
2026-02-20,3.786600
2026-02-23,3.756600
2026-02-24,3.763900
2026-02-25,3.773000
2026-02-26,3.722700
2026-02-27,3.697200
2026-03-02,3.767600
2026-03-03,3.914700
2026-03-04,3.848300
2026-03-05,3.942700
2026-03-06,4.078800
2026-03-09,4.092800
2026-03-10,3.993000
2026-03-11,4.143800
2026-03-12,4.229400
2026-03-13,4.262300
2026-03-16,4.212400
2026-03-17,4.148200
2026-03-18,4.211900
2026-03-19,4.402100
2026-03-20,4.542800
2026-03-23,4.452600
2026-03-24,4.449500
2026-03-25,4.374600
2026-03-26,4.496000
2026-03-27,4.496000
2026-03-30,4.462500
2026-03-31,4.439000
2026-04-01,4.345900
2026-04-02,4.354700
2026-04-07,4.457000
2026-04-08,4.218500
2026-04-09,4.293400
2026-04-10,4.299100
2026-04-13,4.362200
2026-04-14,4.283600
2026-04-15,4.282800
2026-04-16,4.309000
2026-04-17,4.202200
2026-04-20,4.284500
2026-04-21,4.342200
2026-04-22,4.371500
2026-04-23,4.405100
2026-04-24,4.418900
2026-04-27,4.449300
2026-04-28,4.482200
2026-04-29,4.562400
2026-04-30,4.493600
2026-05-01,4.464700
2026-05-05,4.563800
2026-05-06,4.433700
2026-05-07,4.418600
2026-05-08,4.425100
2026-05-11,4.512800
2026-05-12,4.597500
2026-05-13,4.565700
2026-05-14,4.512700
2026-05-15,4.652100
2026-05-18,4.629600
2026-05-19,4.615100
2026-05-20,4.489300
2026-05-21,4.471500
2026-05-22,4.420000
2026-05-26,4.391900
2026-05-27,4.366000
2026-05-28,4.331700
2026-05-29,4.308300
2026-06-01,4.417300
2026-06-02,4.389200
2026-06-03,4.444200
2026-06-04,4.429800
2026-06-05,4.430900
2026-06-08,4.467100
2026-06-09,4.437300
2026-06-10,4.453700
2026-06-11,4.433800
2026-06-12,4.354900
2026-06-15,4.307500
2026-06-16,4.316100
2026-06-17,4.271600
2026-06-18,4.272300
2026-06-19,4.272300
2026-06-22,4.327000
2026-06-23,4.280300
2026-06-24,4.227800
2026-06-25,4.227500
2026-06-26,4.247900
2026-06-29,4.242400
2026-06-30,4.278000
2026-07-01,4.268300
2026-07-02,4.261800
2026-07-03,4.278100
2026-07-06,4.279900
2026-07-07,4.320800
2026-07-08,4.475300
2026-07-09,4.407500
2026-07-10,4.386800
2026-07-13,4.483800
2026-07-14,4.469000
2026-07-15,4.467900
2026-07-16,4.496700
2026-07-17,4.478700
2026-07-20,4.545700
2026-07-21,4.545300
2026-07-22,4.575200
2026-07-23,4.640500
2026-07-24,4.567800
2026-07-27,4.519900
2026-07-28,4.482000
2026-07-29,4.560800
2026-07-30,4.523500
2026-07-31,4.556900
2026-08-03,4.465600
2026-08-04,4.421700
2026-08-05,4.387100
2026-08-06,4.430400
2026-08-07,4.435600
2026-08-10,4.497900
2026-08-11,4.468800
2026-08-12,4.481500
2026-08-13,4.468600
2026-08-14,4.523700
2026-08-17,4.555000
2026-08-18,4.573000
2026-08-19,4.554500
2026-08-20,4.561000
2026-08-21,4.556200
2026-08-24,4.569100
2026-08-25,4.513100
2026-08-26,4.529000
2026-08-27,4.545600
2026-08-28,4.593500
2026-09-01,4.661600
2026-09-02,4.697500
2026-09-03,4.608500
2026-09-04,4.608200
2026-09-07,4.639000
2026-09-08,4.638400
2026-09-09,4.735000
2026-09-10,4.894900
2026-09-11,4.864300
2026-09-14,4.942100
2026-09-15,4.928800
2026-09-16,4.806700
2026-09-17,4.759800
