date,taux
2004-09-06,3.457222
2004-09-07,3.479518
2004-09-08,3.507894
2004-09-09,3.430628
2004-09-10,3.374729
2004-09-13,3.410319
2004-09-14,3.395882
2004-09-15,3.395869
2004-09-16,3.404290
2004-09-17,3.360508
2004-09-20,3.349658
2004-09-21,3.360755
2004-09-22,3.346642
2004-09-23,3.262857
2004-09-24,3.319032
2004-09-27,3.289943
2004-09-28,3.285461
2004-09-29,3.325002
2004-09-30,3.329645
2004-10-01,3.324627
2004-10-04,3.364847
2004-10-05,3.326839
2004-10-06,3.321582
2004-10-07,3.326921
2004-10-08,3.256038
2004-10-11,3.258747
2004-10-12,3.212326
2004-10-13,3.231775
2004-10-14,3.207420
2004-10-15,3.185599
2004-10-18,3.186001
2004-10-19,3.206780
2004-10-20,3.159253
2004-10-21,3.163300
2004-10-22,3.169520
2004-10-25,3.120885
2004-10-26,3.114680
2004-10-27,3.123763
2004-10-28,3.215798
2004-10-29,3.148274
2004-11-01,3.166007
2004-11-02,3.198306
2004-11-03,3.198585
2004-11-04,3.198585
2004-11-05,3.199013
2004-11-08,3.198948
2004-11-09,3.181206
2004-11-10,3.159263
2004-11-11,3.126083
2004-11-12,3.108582
2004-11-15,3.080632
2004-11-16,3.082819
2004-11-17,3.096114
2004-11-18,3.130978
2004-11-19,3.111386
2004-11-22,3.081893
2004-11-23,3.074642
2004-11-24,3.055217
2004-11-25,3.037011
2004-11-26,3.039590
2004-11-29,3.083054
2004-11-30,3.056039
2004-12-01,3.030214
2004-12-02,3.075817
2004-12-03,3.038063
2004-12-06,2.982293
2004-12-07,2.955818
2004-12-08,2.974732
2004-12-09,2.914437
2004-12-10,2.906785
2004-12-13,2.917142
2004-12-14,2.912693
2004-12-15,2.881719
2004-12-16,2.930941
2004-12-17,2.989225
2004-12-20,2.944170
2004-12-21,2.986814
2004-12-22,3.001131
2004-12-23,2.962626
2004-12-24,2.922460
2004-12-27,2.984759
2004-12-28,2.971164
2004-12-29,3.065629
2004-12-30,3.061266
2004-12-31,3.061771
2005-01-03,2.993412
2005-01-04,3.034202
2005-01-05,3.064513
2005-01-06,2.998407
2005-01-07,2.967263
2005-01-10,2.968441
2005-01-11,2.976360
2005-01-12,2.984051
2005-01-13,2.936373
2005-01-14,2.945857
2005-01-17,2.925319
2005-01-18,2.950131
2005-01-19,2.927043
2005-01-20,2.968481
2005-01-21,2.965278
2005-01-24,2.933447
2005-01-25,2.920556
2005-01-26,2.963987
2005-01-27,3.001752
2005-01-28,2.947417
2005-01-31,2.952600
2005-02-01,2.953251
2005-02-02,2.951856
2005-02-03,2.986255
2005-02-04,2.946519
2005-02-07,2.945409
2005-02-08,2.955995
2005-02-09,2.918918
2005-02-10,2.894823
2005-02-11,2.904452
2005-02-14,2.934796
2005-02-15,2.953714
2005-02-16,2.930206
2005-02-17,3.018536
2005-02-18,3.077197
2005-02-21,3.096127
2005-02-22,3.095464
2005-02-23,3.072510
2005-02-24,3.091217
2005-02-25,3.130557
2005-02-28,3.108968
2005-03-01,3.117828
2005-03-02,3.152276
2005-03-03,3.120423
2005-03-04,3.071260
2005-03-07,3.035682
2005-03-08,3.055814
2005-03-09,3.111091
2005-03-10,3.103992
2005-03-11,3.103633
2005-03-14,3.122234
2005-03-15,3.079818
2005-03-16,3.103919
2005-03-17,3.081320
2005-03-18,3.115344
2005-03-21,3.137073
2005-03-22,3.110467
2005-03-23,3.152729
2005-03-24,3.130275
2005-03-29,3.139768
2005-03-30,3.120471
2005-03-31,3.055552
2005-04-01,2.988040
2005-04-04,3.006962
2005-04-05,3.003989
2005-04-06,2.990048
2005-04-07,2.959325
2005-04-08,2.961669
2005-04-11,2.950696
2005-04-12,2.952967
2005-04-13,2.929876
2005-04-14,2.938217
2005-04-15,2.884481
2005-04-18,2.884595
2005-04-19,2.852209
2005-04-20,2.849702
2005-04-21,2.885189
2005-04-22,2.853716
2005-04-25,2.843927
2005-04-26,2.828318
2005-04-27,2.806626
2005-04-28,2.794539
2005-04-29,2.817269
2005-05-02,2.782372
2005-05-03,2.762620
2005-05-04,2.791348
2005-05-05,2.776380
2005-05-06,2.808927
2005-05-09,2.816788
2005-05-10,2.752518
2005-05-11,2.736200
2005-05-12,2.745409
2005-05-13,2.722748
2005-05-16,2.733366
2005-05-17,2.737237
2005-05-18,2.717710
2005-05-19,2.732218
2005-05-20,2.778832
2005-05-23,2.758261
2005-05-24,2.706048
2005-05-25,2.683282
2005-05-26,2.715439
2005-05-27,2.705417
2005-05-30,2.703884
2005-05-31,2.670875
2005-06-01,2.624428
2005-06-02,2.635626
2005-06-03,2.583288
2005-06-06,2.613554
2005-06-07,2.567534
2005-06-08,2.536351
2005-06-09,2.555074
2005-06-10,2.570711
2005-06-13,2.580149
2005-06-14,2.586574
2005-06-15,2.662174
2005-06-16,2.716210
2005-06-17,2.697238
2005-06-20,2.688967
2005-06-21,2.596863
2005-06-22,2.538029
2005-06-23,2.544975
2005-06-24,2.532312
2005-06-27,2.515156
2005-06-28,2.545097
2005-06-29,2.518737
2005-06-30,2.536771
2005-07-01,2.539682
2005-07-04,2.585905
2005-07-05,2.643977
2005-07-06,2.648715
2005-07-07,2.601050
2005-07-08,2.598124
2005-07-11,2.622469
2005-07-12,2.634484
2005-07-13,2.655088
2005-07-14,2.686469
2005-07-15,2.695135
2005-07-18,2.664293
2005-07-19,2.686176
2005-07-20,2.711534
2005-07-21,2.679679
2005-07-22,2.645816
2005-07-25,2.640080
2005-07-26,2.661947
2005-07-27,2.645861
2005-07-28,2.658386
2005-07-29,2.663855
2005-08-01,2.715904
2005-08-02,2.716786
2005-08-03,2.759316
2005-08-04,2.754356
2005-08-05,2.802851
2005-08-08,2.808472
2005-08-09,2.801464
2005-08-10,2.785394
2005-08-11,2.782232
2005-08-12,2.738867
2005-08-15,2.708122
2005-08-16,2.680457
2005-08-17,2.659129
2005-08-18,2.642183
2005-08-19,2.641965
2005-08-22,2.654377
2005-08-23,2.640375
2005-08-24,2.632548
2005-08-25,2.611539
2005-08-26,2.618864
2005-08-29,2.624638
2005-08-30,2.646965
2005-08-31,2.583883
2005-09-01,2.550290
2005-09-02,2.522403
2005-09-05,2.512282
2005-09-06,2.542138
2005-09-07,2.550959
2005-09-08,2.536161
2005-09-09,2.530550
2005-09-12,2.588647
2005-09-13,2.582407
2005-09-14,2.573969
2005-09-15,2.606180
2005-09-16,2.628094
2005-09-19,2.615443
2005-09-20,2.580560
2005-09-21,2.550037
2005-09-22,2.546045
2005-09-23,2.588645
2005-09-26,2.647862
2005-09-27,2.643038
2005-09-28,2.684416
2005-09-29,2.718525
2005-09-30,2.717672
2005-10-03,2.782656
2005-10-04,2.741615
2005-10-05,2.743900
2005-10-06,2.751241
2005-10-07,2.777126
2005-10-10,2.758285
2005-10-11,2.748499
2005-10-12,2.769911
2005-10-13,2.815834
2005-10-14,2.812812
2005-10-17,2.836178
2005-10-18,2.834938
2005-10-19,2.802360
2005-10-20,2.843481
2005-10-21,2.796001
2005-10-24,2.785248
2005-10-25,2.835306
2005-10-26,2.932416
2005-10-27,2.926022
2005-10-28,2.943773
2005-10-31,2.943459
2005-11-01,2.967890
2005-11-02,3.033919
2005-11-03,3.029115
2005-11-04,3.026473
2005-11-07,3.072936
2005-11-08,3.058412
2005-11-09,3.093413
2005-11-10,3.110323
2005-11-11,3.092048
2005-11-14,3.077393
2005-11-15,3.106551
2005-11-16,3.009688
2005-11-17,3.041368
2005-11-18,3.134204
2005-11-21,3.133201
2005-11-22,3.102686
2005-11-23,3.069331
2005-11-24,2.983983
2005-11-25,3.003283
2005-11-28,3.024744
2005-11-29,3.024796
2005-11-30,3.059734
2005-12-01,2.981740
2005-12-02,3.003533
2005-12-05,3.005291
2005-12-06,2.981618
2005-12-07,2.982416
2005-12-08,2.990273
2005-12-09,3.045760
2005-12-12,3.044874
2005-12-13,3.039149
2005-12-14,3.015158
2005-12-15,3.021474
2005-12-16,3.003307
2005-12-19,3.010908
2005-12-20,3.031651
2005-12-21,3.068746
2005-12-22,3.073584
2005-12-23,3.079900
2005-12-27,3.048789
2005-12-28,3.011001
2005-12-29,3.030863
2005-12-30,2.933457
2006-01-02,3.058238
2006-01-03,3.054867
2006-01-04,2.978919
2006-01-05,2.949153
2006-01-06,2.954218
2006-01-09,2.946347
2006-01-10,2.978524
2006-01-11,3.007897
2006-01-12,2.976961
2006-01-13,2.971375
2006-01-16,2.976116
2006-01-17,2.965441
2006-01-18,3.004157
2006-01-19,3.062808
2006-01-20,3.064805
2006-01-23,3.096102
2006-01-24,3.093745
2006-01-25,3.118908
2006-01-26,3.133290
2006-01-27,3.160981
2006-01-30,3.185890
2006-01-31,3.189189
2006-02-01,3.203168
2006-02-02,3.248260
2006-02-03,3.226922
2006-02-06,3.182116
2006-02-07,3.178698
2006-02-08,3.199440
2006-02-09,3.203576
2006-02-10,3.148828
2006-02-13,3.189024
2006-02-14,3.198962
2006-02-15,3.198024
2006-02-16,3.206868
2006-02-17,3.171159
2006-02-20,3.135594
2006-02-21,3.162239
2006-02-22,3.147872
2006-02-23,3.189104
2006-02-24,3.210300
2006-02-27,3.236831
2006-02-28,3.233870
2006-03-01,3.244062
2006-03-02,3.301886
2006-03-03,3.345704
2006-03-06,3.340659
2006-03-07,3.349978
2006-03-08,3.369982
2006-03-09,3.372917
2006-03-10,3.404625
2006-03-13,3.414955
2006-03-14,3.374086
2006-03-15,3.396726
2006-03-16,3.411822
2006-03-17,3.441719
2006-03-20,3.407852
2006-03-21,3.421936
2006-03-22,3.386930
2006-03-23,3.389964
2006-03-24,3.395366
2006-03-27,3.364931
2006-03-28,3.464870
2006-03-29,3.493950
2006-03-30,3.523249
2006-03-31,3.523786
2006-04-03,3.581485
2006-04-04,3.565040
2006-04-05,3.552929
2006-04-06,3.538435
2006-04-07,3.571567
2006-04-10,3.581280
2006-04-11,3.561730
2006-04-12,3.562327
2006-04-13,3.636172
2006-04-18,3.633937
2006-04-19,3.627484
2006-04-20,3.618244
2006-04-21,3.607276
2006-04-24,3.622622
2006-04-25,3.708344
2006-04-26,3.730018
2006-04-27,3.714451
2006-04-28,3.692116
2006-05-02,3.693747
2006-05-03,3.695038
2006-05-04,3.722702
2006-05-05,3.682506
2006-05-08,3.694825
2006-05-09,3.719267
2006-05-10,3.692531
2006-05-11,3.744053
2006-05-12,3.717060
2006-05-15,3.684140
2006-05-16,3.646004
2006-05-17,3.674855
2006-05-18,3.632030
2006-05-19,3.609134
2006-05-22,3.543088
2006-05-23,3.552631
2006-05-24,3.529300
2006-05-25,3.520682
2006-05-26,3.521862
2006-05-29,3.545333
2006-05-30,3.585063
2006-05-31,3.630928
2006-06-01,3.655931
2006-06-02,3.604294
2006-06-05,3.615971
2006-06-06,3.678356
2006-06-07,3.694134
2006-06-08,3.662119
2006-06-09,3.597851
2006-06-12,3.581379
2006-06-13,3.551409
2006-06-14,3.570573
2006-06-15,3.627811
2006-06-16,3.612491
2006-06-19,3.652005
2006-06-20,3.664714
2006-06-21,3.707557
2006-06-22,3.721573
2006-06-23,3.758605
2006-06-26,3.779250
2006-06-27,3.795501
2006-06-28,3.795854
2006-06-29,3.764304
2006-06-30,3.787403
2006-07-03,3.783776
2006-07-04,3.775444
2006-07-05,3.828801
2006-07-06,3.819343
2006-07-07,3.791261
2006-07-10,3.800661
2006-07-11,3.778107
2006-07-12,3.797968
2006-07-13,3.756123
2006-07-14,3.696321
2006-07-17,3.703814
2006-07-18,3.731583
2006-07-19,3.749020
2006-07-20,3.713605
2006-07-21,3.674638
2006-07-24,3.673834
2006-07-25,3.666305
2006-07-26,3.708831
2006-07-27,3.649063
2006-07-28,3.637125
2006-07-31,3.658048
2006-08-01,3.671752
2006-08-02,3.660845
2006-08-03,3.705587
2006-08-04,3.640474
2006-08-07,3.647696
2006-08-08,3.645675
2006-08-09,3.671135
2006-08-10,3.664134
2006-08-11,3.710532
2006-08-14,3.749751
2006-08-15,3.714259
2006-08-16,3.695405
2006-08-17,3.671291
2006-08-18,3.681644
2006-08-21,3.640696
2006-08-22,3.571528
2006-08-23,3.558774
2006-08-24,3.559653
2006-08-25,3.555864
2006-08-28,3.559296
2006-08-29,3.575344
2006-08-30,3.562751
2006-08-31,3.540849
2006-09-01,3.534761
2006-09-04,3.527966
2006-09-05,3.554221
2006-09-06,3.611646
2006-09-07,3.635892
2006-09-08,3.576621
2006-09-11,3.608549
2006-09-12,3.637656
2006-09-13,3.633384
2006-09-14,3.618597
2006-09-15,3.590632
2006-09-18,3.664955
2006-09-19,3.615433
2006-09-20,3.593680
2006-09-21,3.602987
2006-09-22,3.510902
2006-09-25,3.472598
2006-09-26,3.485307
2006-09-27,3.481272
2006-09-28,3.511665
2006-09-29,3.523460
2006-10-02,3.542073
2006-10-03,3.484359
2006-10-04,3.473739
2006-10-05,3.469996
2006-10-06,3.494416
2006-10-09,3.525291
2006-10-10,3.556699
2006-10-11,3.571533
2006-10-12,3.571086
2006-10-13,3.594799
2006-10-16,3.592351
2006-10-17,3.566828
2006-10-18,3.576736
2006-10-19,3.603791
2006-10-20,3.611181
2006-10-23,3.648108
2006-10-24,3.648664
2006-10-25,3.661966
2006-10-26,3.648381
2006-10-27,3.605348
2006-10-30,3.597666
2006-10-31,3.635801
2006-11-01,3.575573
2006-11-02,3.587707
2006-11-03,3.622116
2006-11-06,3.655987
2006-11-07,3.623452
2006-11-08,3.627381
2006-11-09,3.634152
2006-11-10,3.591829
2006-11-13,3.604136
2006-11-14,3.586180
2006-11-15,3.615097
2006-11-16,3.609624
2006-11-17,3.616804
2006-11-20,3.585750
2006-11-21,3.590893
2006-11-22,3.582380
2006-11-23,3.612004
2006-11-24,3.569172
2006-11-27,3.588025
2006-11-28,3.552467
2006-11-29,3.558986
2006-11-30,3.567448
2006-12-01,3.555616
2006-12-04,3.524711
2006-12-05,3.528422
2006-12-06,3.558883
2006-12-07,3.580145
2006-12-08,3.586268
2006-12-11,3.629685
2006-12-12,3.632758
2006-12-13,3.637640
2006-12-14,3.685232
2006-12-15,3.678732
2006-12-18,3.724341
2006-12-19,3.750463
2006-12-20,3.760787
2006-12-21,3.773300
2006-12-22,3.776660
2006-12-27,3.807686
2006-12-28,3.821377
2006-12-29,3.833257
2007-01-02,3.809569
2007-01-03,3.804535
2007-01-04,3.813993
2007-01-05,3.850664
2007-01-08,3.842545
2007-01-09,3.849770
2007-01-10,3.871007
2007-01-11,3.852858
2007-01-12,3.889521
2007-01-15,3.892346
2007-01-16,3.884375
2007-01-17,3.885722
2007-01-18,3.929180
2007-01-19,3.903267
2007-01-22,3.899091
2007-01-23,3.891425
2007-01-24,3.908091
2007-01-25,3.921581
2007-01-26,3.965640
2007-01-29,3.971495
2007-01-30,3.955221
2007-01-31,3.959948
2007-02-01,3.911321
2007-02-02,3.927569
2007-02-05,3.874563
2007-02-06,3.882022
2007-02-07,3.881742
2007-02-08,3.910638
2007-02-09,3.936837
2007-02-12,3.954574
2007-02-13,3.961262
2007-02-14,3.954753
2007-02-15,3.903051
2007-02-16,3.899225
2007-02-19,3.928851
2007-02-20,3.940451
2007-02-21,3.929547
2007-02-22,3.941602
2007-02-23,3.923178
2007-02-26,3.873904
2007-02-27,3.845287
2007-02-28,3.805601
2007-03-01,3.805979
2007-03-02,3.793128
2007-03-05,3.758838
2007-03-06,3.783857
2007-03-07,3.788736
2007-03-08,3.793404
2007-03-09,3.818556
2007-03-12,3.805846
2007-03-13,3.788793
2007-03-14,3.761880
2007-03-15,3.779616
2007-03-16,3.796760
2007-03-19,3.825897
2007-03-20,3.811362
2007-03-21,3.822280
2007-03-22,3.799188
2007-03-23,3.860998
2007-03-26,3.874646
2007-03-27,3.889529
2007-03-28,3.900226
2007-03-29,3.917712
2007-03-30,3.927126
2007-04-02,3.945002
2007-04-03,3.966270
2007-04-04,3.944578
2007-04-05,3.953399
2007-04-10,4.000802
2007-04-11,4.011539
2007-04-12,4.040727
2007-04-13,4.064549
2007-04-16,4.062284
2007-04-17,4.048233
2007-04-18,4.027831
2007-04-19,4.050907
2007-04-20,4.076461
2007-04-23,4.068024
2007-04-24,4.043767
2007-04-25,4.061475
2007-04-26,4.072194
2007-04-27,4.101603
2007-04-30,4.056495
2007-05-02,4.087528
2007-05-03,4.100329
2007-05-04,4.066579
2007-05-07,4.106421
2007-05-08,4.078356
2007-05-09,4.094302
2007-05-10,4.092647
2007-05-11,4.064395
2007-05-14,4.139547
2007-05-15,4.167188
2007-05-16,4.194196
2007-05-17,4.191998
2007-05-18,4.199388
2007-05-21,4.213729
2007-05-22,4.218460
2007-05-23,4.240798
2007-05-24,4.251826
2007-05-25,4.261423
2007-05-28,4.260448
2007-05-29,4.283870
2007-05-30,4.284921
2007-05-31,4.316455
2007-06-01,4.335646
2007-06-04,4.343550
2007-06-05,4.366307
2007-06-06,4.355811
2007-06-07,4.397414
2007-06-08,4.419433
2007-06-11,4.414822
2007-06-12,4.465356
2007-06-13,4.501526
2007-06-14,4.466546
2007-06-15,4.501810
2007-06-18,4.496002
2007-06-19,4.450506
2007-06-20,4.499967
2007-06-21,4.482873
2007-06-22,4.506332
2007-06-25,4.449927
2007-06-26,4.447480
2007-06-27,4.398682
2007-06-28,4.427694
2007-06-29,4.428274
2007-07-02,4.406590
2007-07-03,4.403622
2007-07-04,4.464658
2007-07-05,4.508906
2007-07-06,4.553651
2007-07-09,4.536137
2007-07-10,4.472615
2007-07-11,4.430417
2007-07-12,4.488370
2007-07-13,4.491567
2007-07-16,4.483942
2007-07-17,4.486805
2007-07-18,4.482288
2007-07-19,4.480235
2007-07-20,4.377452
2007-07-23,4.349737
2007-07-24,4.347779
2007-07-25,4.341827
2007-07-26,4.281623
2007-07-27,4.242674
2007-07-30,4.223525
2007-07-31,4.276054
2007-08-01,4.258635
2007-08-02,4.297529
2007-08-03,4.255126
2007-08-06,4.242540
2007-08-07,4.271423
2007-08-08,4.346531
2007-08-09,4.268204
2007-08-10,4.231378
2007-08-13,4.242534
2007-08-14,4.267418
2007-08-15,4.168454
2007-08-16,4.070047
2007-08-17,4.064218
2007-08-20,4.073567
2007-08-21,3.983036
2007-08-22,4.115971
2007-08-23,4.095586
2007-08-24,4.071955
2007-08-27,4.101358
2007-08-28,4.075042
2007-08-29,4.024993
2007-08-30,4.049255
2007-08-31,4.119312
2007-09-03,4.098054
2007-09-04,4.076324
2007-09-05,4.071237
2007-09-06,4.053053
2007-09-07,4.001776
2007-09-10,3.934912
2007-09-11,3.929900
2007-09-12,3.960719
2007-09-13,4.030219
2007-09-14,4.000801
2007-09-17,4.033372
2007-09-18,4.076937
2007-09-19,4.117198
2007-09-20,4.162342
2007-09-21,4.162530
2007-09-24,4.160157
2007-09-25,4.119571
2007-09-26,4.192087
2007-09-27,4.191031
2007-09-28,4.154333
2007-10-01,4.136528
2007-10-02,4.127180
2007-10-03,4.088876
2007-10-04,4.094787
2007-10-05,4.135359
2007-10-08,4.147826
2007-10-09,4.130599
2007-10-10,4.180268
2007-10-11,4.218750
2007-10-12,4.244282
2007-10-15,4.278884
2007-10-16,4.261825
2007-10-17,4.237242
2007-10-18,4.141536
2007-10-19,4.084063
2007-10-22,4.029753
2007-10-23,4.044313
2007-10-24,4.001964
2007-10-25,3.982809
2007-10-26,4.014286
2007-10-29,4.006995
2007-10-30,4.033751
2007-10-31,4.101199
2007-11-01,4.060988
2007-11-02,3.996997
2007-11-05,3.986554
2007-11-06,4.027735
2007-11-07,3.972170
2007-11-08,3.946395
2007-11-09,3.884773
2007-11-12,3.898232
2007-11-13,3.910684
2007-11-14,3.970168
2007-11-15,3.919037
2007-11-16,3.891340
2007-11-19,3.858151
2007-11-20,3.845227
2007-11-21,3.781926
2007-11-22,3.771699
2007-11-23,3.802071
2007-11-26,3.817106
2007-11-27,3.781273
2007-11-28,3.875875
2007-11-29,3.861391
2007-11-30,3.908134
2007-12-03,3.872102
2007-12-04,3.804800
2007-12-05,3.828268
2007-12-06,3.859624
2007-12-07,3.956995
2007-12-10,4.007712
2007-12-11,4.017048
2007-12-12,4.077206
2007-12-13,4.077327
2007-12-14,4.071946
2007-12-17,4.073355
2007-12-18,4.100501
2007-12-19,4.067425
2007-12-20,4.072863
2007-12-21,4.080430
2007-12-24,4.079944
2007-12-27,4.136428
2007-12-28,4.112154
2007-12-31,4.114826
2008-01-02,4.034390
2008-01-03,3.940281
2008-01-04,3.866983
2008-01-07,3.873237
2008-01-08,3.898210
2008-01-09,3.839962
2008-01-10,3.853477
2008-01-11,3.828124
2008-01-14,3.787576
2008-01-15,3.756667
2008-01-16,3.735748
2008-01-17,3.688227
2008-01-18,3.648687
2008-01-21,3.577126
2008-01-22,3.588702
2008-01-23,3.556988
2008-01-24,3.664044
2008-01-25,3.729284
2008-01-28,3.611369
2008-01-29,3.652451
2008-01-30,3.691485
2008-01-31,3.587661
2008-02-01,3.591203
2008-02-04,3.585837
2008-02-05,3.466011
2008-02-06,3.491672
2008-02-07,3.427328
2008-02-08,3.414341
2008-02-11,3.378442
2008-02-12,3.446947
2008-02-13,3.477433
2008-02-14,3.532327
2008-02-15,3.474631
2008-02-18,3.538669
2008-02-19,3.546929
2008-02-20,3.574567
2008-02-21,3.647823
2008-02-22,3.599399
2008-02-25,3.593958
2008-02-26,3.654799
2008-02-27,3.609080
2008-02-28,3.560509
2008-02-29,3.432481
2008-03-03,3.399802
2008-03-04,3.418668
2008-03-05,3.449271
2008-03-06,3.449979
2008-03-07,3.432953
2008-03-10,3.392387
2008-03-11,3.452475
2008-03-12,3.451645
2008-03-13,3.388579
2008-03-14,3.417025
2008-03-17,3.353718
2008-03-18,3.433113
2008-03-19,3.483187
2008-03-20,3.555801
2008-03-25,3.661790
2008-03-26,3.672812
2008-03-27,3.676203
2008-03-28,3.717098
2008-03-31,3.696378
2008-04-01,3.750665
2008-04-02,3.756306
2008-04-03,3.763022
2008-04-04,3.722726
2008-04-07,3.788910
2008-04-08,3.790161
2008-04-09,3.794370
2008-04-10,3.716544
2008-04-11,3.668587
2008-04-14,3.699880
2008-04-15,3.756729
2008-04-16,3.796441
2008-04-17,3.886969
2008-04-18,4.002179
2008-04-21,3.983041
2008-04-22,4.005805
2008-04-23,3.972713
2008-04-24,3.982797
2008-04-25,3.985719
2008-04-28,4.005629
2008-04-29,3.966466
2008-04-30,3.945167
2008-05-02,4.014249
2008-05-05,3.983578
2008-05-06,3.907653
2008-05-07,3.959639
2008-05-08,3.887718
2008-05-09,3.802547
2008-05-12,3.833639
2008-05-13,3.922098
2008-05-14,3.981840
2008-05-15,4.045898
2008-05-16,4.052795
2008-05-19,4.042051
2008-05-20,4.046137
2008-05-21,4.124869
2008-05-22,4.165615
2008-05-23,4.154120
2008-05-26,4.166877
2008-05-27,4.175348
2008-05-28,4.221184
2008-05-29,4.316620
2008-05-30,4.267615
2008-06-02,4.238685
2008-06-03,4.298979
2008-06-04,4.246687
2008-06-05,4.389946
2008-06-06,4.435483
2008-06-09,4.527565
2008-06-10,4.536513
2008-06-11,4.519306
2008-06-12,4.583614
2008-06-13,4.635621
2008-06-16,4.724605
2008-06-17,4.668666
2008-06-18,4.661755
2008-06-19,4.730363
2008-06-20,4.642189
2008-06-23,4.605327
2008-06-24,4.583309
2008-06-25,4.608971
2008-06-26,4.550255
2008-06-27,4.504016
2008-06-30,4.626691
2008-07-01,4.559594
2008-07-02,4.661184
2008-07-03,4.546377
2008-07-04,4.481117
2008-07-07,4.412043
2008-07-08,4.408425
2008-07-09,4.419326
2008-07-10,4.398999
2008-07-11,4.395101
2008-07-14,4.391715
2008-07-15,4.319175
2008-07-16,4.375682
2008-07-17,4.438354
2008-07-18,4.547003
2008-07-21,4.640365
2008-07-22,4.612324
2008-07-23,4.650362
2008-07-24,4.535885
2008-07-25,4.507886
2008-07-28,4.460388
2008-07-29,4.422395
2008-07-30,4.377175
2008-07-31,4.311081
2008-08-01,4.275923
2008-08-04,4.265286
2008-08-05,4.233339
2008-08-06,4.234040
2008-08-07,4.109514
2008-08-08,4.073609
2008-08-11,4.103361
2008-08-12,4.059442
2008-08-13,4.042046
2008-08-14,4.027752
2008-08-15,4.021142
2008-08-18,3.983229
2008-08-19,3.925216
2008-08-20,3.948441
2008-08-21,4.053527
2008-08-22,4.114131
2008-08-25,4.013989
2008-08-26,3.954557
2008-08-27,4.076946
2008-08-28,4.140356
2008-08-29,4.108836
2008-09-01,4.017861
2008-09-02,4.103156
2008-09-03,4.051539
2008-09-04,3.995195
2008-09-05,3.860656
2008-09-08,3.941873
2008-09-09,3.956666
2008-09-10,3.950405
2008-09-11,3.885228
2008-09-12,3.970491
2008-09-15,3.828610
2008-09-16,3.796397
2008-09-17,3.884106
2008-09-18,3.912765
2008-09-19,4.076985
2008-09-22,4.176903
2008-09-23,4.131651
2008-09-24,4.050319
2008-09-25,4.086254
2008-09-26,4.018684
2008-09-29,3.883861
2008-09-30,3.876793
2008-10-01,3.903711
2008-10-02,3.853528
2008-10-03,3.788316
2008-10-06,3.677085
2008-10-07,3.767573
2008-10-08,3.684479
2008-10-09,3.832118
2008-10-10,3.829075
2008-10-13,3.955730
2008-10-14,4.004222
2008-10-15,3.937570
2008-10-16,3.843358
2008-10-17,3.777778
2008-10-20,3.800637
2008-10-21,3.725679
2008-10-22,3.610193
2008-10-23,3.580136
2008-10-24,3.564594
2008-10-27,3.536347
2008-10-28,3.536580
2008-10-29,3.555396
2008-10-30,3.553687
2008-10-31,3.575729
2008-11-03,3.604393
2008-11-04,3.584951
2008-11-05,3.540679
2008-11-06,3.469869
2008-11-07,3.383793
2008-11-10,3.384067
2008-11-11,3.331833
2008-11-12,3.311961
2008-11-13,3.265339
2008-11-14,3.287340
2008-11-17,3.258034
2008-11-18,3.234711
2008-11-19,3.206474
2008-11-20,3.128135
2008-11-21,3.149356
2008-11-24,3.159021
2008-11-25,3.188213
2008-11-26,3.188326
2008-11-27,3.207066
2008-11-28,3.161135
2008-12-01,3.069090
2008-12-02,3.068474
2008-12-03,3.089179
2008-12-04,3.047671
2008-12-05,3.096725
2008-12-08,3.153976
2008-12-09,3.238078
2008-12-10,3.247856
2008-12-11,3.225791
2008-12-12,3.195208
2008-12-15,3.222852
2008-12-16,3.188258
2008-12-17,3.061416
2008-12-18,3.034456
2008-12-19,2.977034
2008-12-22,2.962106
2008-12-23,2.951667
2008-12-24,2.953946
2008-12-29,2.945213
2008-12-30,2.950697
2008-12-31,2.951955
2009-01-02,2.934726
2009-01-05,2.910637
2009-01-06,2.974300
2009-01-07,2.966778
2009-01-08,2.937475
2009-01-09,2.866637
2009-01-12,2.865499
2009-01-13,2.834478
2009-01-14,2.815140
2009-01-15,2.822222
2009-01-16,2.889411
2009-01-19,2.876282
2009-01-20,2.887426
2009-01-21,2.906466
2009-01-22,2.921071
2009-01-23,2.873188
2009-01-26,3.056304
2009-01-27,3.115557
2009-01-28,3.006663
2009-01-29,2.998303
2009-01-30,3.016111
2009-02-02,2.956978
2009-02-03,2.926663
2009-02-04,2.989297
2009-02-05,2.900160
2009-02-06,2.924368
2009-02-09,2.947169
2009-02-10,2.899947
2009-02-11,2.827195
2009-02-12,2.745986
2009-02-13,2.791243
2009-02-16,2.747725
2009-02-17,2.696391
2009-02-18,2.701848
2009-02-19,2.830036
2009-02-20,2.777146
2009-02-23,2.760109
2009-02-24,2.715406
2009-02-25,2.701275
2009-02-26,2.830025
2009-02-27,2.788909
2009-03-02,2.745158
2009-03-03,2.752359
2009-03-04,2.766933
2009-03-05,2.719354
2009-03-06,2.704588
2009-03-09,2.725308
2009-03-10,2.775337
2009-03-11,2.847201
2009-03-12,2.781273
2009-03-13,2.811294
2009-03-16,2.813610
2009-03-17,2.860116
2009-03-18,2.893900
2009-03-19,2.838610
2009-03-20,2.748838
2009-03-23,2.762161
2009-03-24,2.816202
2009-03-25,2.827995
2009-03-26,2.825986
2009-03-27,2.754743
2009-03-30,2.716113
2009-03-31,2.703401
2009-04-01,2.692094
2009-04-02,2.797475
2009-04-03,2.837778
2009-04-06,2.859146
2009-04-07,2.838491
2009-04-08,2.833845
2009-04-09,2.850680
2009-04-14,2.790516
2009-04-15,2.737008
2009-04-16,2.791873
2009-04-17,2.826478
2009-04-20,2.776670
2009-04-21,2.737573
2009-04-22,2.788433
2009-04-23,2.785681
2009-04-24,2.774399
2009-04-27,2.704437
2009-04-28,2.707723
2009-04-29,2.701027
2009-04-30,2.722236
2009-05-04,2.727757
2009-05-05,2.721767
2009-05-06,2.710573
2009-05-07,2.823223
2009-05-08,2.797953
2009-05-11,2.749032
2009-05-12,2.786854
2009-05-13,2.705783
2009-05-14,2.714787
2009-05-15,2.743849
2009-05-18,2.730923
2009-05-19,2.798704
2009-05-20,2.824459
2009-05-21,2.765770
2009-05-22,2.836623
2009-05-25,2.933912
2009-05-26,2.945213
2009-05-27,2.995783
2009-05-28,3.023640
2009-05-29,2.998543
2009-06-01,2.996100
2009-06-02,2.977200
2009-06-03,2.913322
2009-06-04,3.028417
2009-06-05,3.120824
2009-06-08,3.142823
2009-06-09,3.124098
2009-06-10,3.133558
2009-06-11,3.182908
2009-06-12,3.103623
2009-06-15,3.039672
2009-06-16,3.018073
2009-06-17,2.964379
2009-06-18,3.011207
2009-06-19,2.997051
2009-06-22,2.927732
2009-06-23,2.944293
2009-06-24,2.897112
2009-06-25,2.853046
2009-06-26,2.822283
2009-06-29,2.817590
2009-06-30,2.853217
2009-07-01,2.838182
2009-07-02,2.763912
2009-07-03,2.760954
2009-07-06,2.733748
2009-07-07,2.739976
2009-07-08,2.742341
2009-07-09,2.755925
2009-07-10,2.707895
2009-07-13,2.693344
2009-07-14,2.755192
2009-07-15,2.776381
2009-07-16,2.756362
2009-07-17,2.781615
2009-07-20,2.817384
2009-07-21,2.791785
2009-07-22,2.757776
2009-07-23,2.750405
2009-07-24,2.788441
2009-07-27,2.835597
2009-07-28,2.786613
2009-07-29,2.759044
2009-07-30,2.755146
2009-07-31,2.683288
2009-08-03,2.708434
2009-08-04,2.728560
2009-08-05,2.778756
2009-08-06,2.804401
2009-08-07,2.875375
2009-08-10,2.870469
2009-08-11,2.819711
2009-08-12,2.847495
2009-08-13,2.799099
2009-08-14,2.730790
2009-08-17,2.708154
2009-08-18,2.712098
2009-08-19,2.681448
2009-08-20,2.675527
2009-08-21,2.720128
2009-08-24,2.734433
2009-08-25,2.693300
2009-08-26,2.660393
2009-08-27,2.657169
2009-08-28,2.677550
2009-08-31,2.689295
2009-09-01,2.694486
2009-09-02,2.661924
2009-09-03,2.676405
2009-09-04,2.641565
2009-09-07,2.637216
2009-09-08,2.660352
2009-09-09,2.690322
2009-09-10,2.618732
2009-09-11,2.600690
2009-09-14,2.599513
2009-09-15,2.625872
2009-09-16,2.658806
2009-09-17,2.692577
2009-09-18,2.679787
2009-09-21,2.661120
2009-09-22,2.664787
2009-09-23,2.681030
2009-09-24,2.620522
2009-09-25,2.589742
2009-09-28,2.575276
2009-09-29,2.599635
2009-09-30,2.589285
2009-10-01,2.609515
2009-10-02,2.532024
2009-10-05,2.530145
2009-10-06,2.556522
2009-10-07,2.537339
2009-10-08,2.510642
2009-10-09,2.614384
2009-10-12,2.599613
2009-10-13,2.571429
2009-10-14,2.609283
2009-10-15,2.680480
2009-10-16,2.682730
2009-10-19,2.672150
2009-10-20,2.617733
2009-10-21,2.647579
2009-10-22,2.633339
2009-10-23,2.677619
2009-10-26,2.690418
2009-10-27,2.604278
2009-10-28,2.579538
2009-10-29,2.654182
2009-10-30,2.613528
2009-11-02,2.580730
2009-11-03,2.568148
2009-11-04,2.624379
2009-11-05,2.649580
2009-11-06,2.662513
2009-11-09,2.599664
2009-11-10,2.568194
2009-11-11,2.586094
2009-11-12,2.601016
2009-11-13,2.584487
2009-11-16,2.585471
2009-11-17,2.563621
2009-11-18,2.570161
2009-11-19,2.551310
2009-11-20,2.595105
2009-11-23,2.601625
2009-11-24,2.555497
2009-11-25,2.567608
2009-11-26,2.487713
2009-11-27,2.498801
2009-11-30,2.486814
2009-12-01,2.459853
2009-12-02,2.469369
2009-12-03,2.509483
2009-12-04,2.568514
2009-12-07,2.513290
2009-12-08,2.449144
2009-12-09,2.470646
2009-12-10,2.493593
2009-12-11,2.526222
2009-12-14,2.497207
2009-12-15,2.510885
2009-12-16,2.489070
2009-12-17,2.435009
2009-12-18,2.447590
2009-12-21,2.483837
2009-12-22,2.515518
2009-12-23,2.533333
2009-12-24,2.539013
2009-12-28,2.584844
2009-12-29,2.612223
2009-12-30,2.636462
2009-12-31,2.636762
2010-01-04,2.682613
2010-01-05,2.651431
2010-01-06,2.660899
2010-01-07,2.637719
2010-01-08,2.611123
2010-01-11,2.582406
2010-01-12,2.562714
2010-01-13,2.567011
2010-01-14,2.560407
2010-01-15,2.523325
2010-01-18,2.526113
2010-01-19,2.550368
2010-01-20,2.500466
2010-01-21,2.498975
2010-01-22,2.454947
2010-01-25,2.471453
2010-01-26,2.448842
2010-01-27,2.437468
2010-01-28,2.456009
2010-01-29,2.479838
2010-02-01,2.447326
2010-02-02,2.472298
2010-02-03,2.480961
2010-02-04,2.466984
2010-02-05,2.422774
2010-02-08,2.411514
2010-02-09,2.414256
2010-02-10,2.413661
2010-02-11,2.436193
2010-02-12,2.411956
2010-02-15,2.429913
2010-02-16,2.416118
2010-02-17,2.402620
2010-02-18,2.405031
2010-02-19,2.439762
2010-02-22,2.446121
2010-02-23,2.343865
2010-02-24,2.344172
2010-02-25,2.306440
2010-02-26,2.288816
2010-03-01,2.288716
2010-03-02,2.280862
2010-03-03,2.320552
2010-03-04,2.307263
2010-03-05,2.339984
2010-03-08,2.335794
2010-03-09,2.292554
2010-03-10,2.321268
2010-03-11,2.338441
2010-03-12,2.373005
2010-03-15,2.340703
2010-03-16,2.323735
2010-03-17,2.268777
2010-03-18,2.295041
2010-03-19,2.307715
2010-03-22,2.282777
2010-03-23,2.261862
2010-03-24,2.292332
2010-03-25,2.311671
2010-03-26,2.339844
2010-03-29,2.301721
2010-03-30,2.314209
2010-03-31,2.275743
2010-04-01,2.288376
2010-04-06,2.321013
2010-04-07,2.305271
2010-04-08,2.282588
2010-04-09,2.335696
2010-04-12,2.338833
2010-04-13,2.291359
2010-04-14,2.291476
2010-04-15,2.291281
2010-04-16,2.258965
2010-04-19,2.231058
2010-04-20,2.243984
2010-04-21,2.235898
2010-04-22,2.224104
2010-04-23,2.242455
2010-04-26,2.248752
2010-04-27,2.260952
2010-04-28,2.261381
2010-04-29,2.241737
2010-04-30,2.181532
2010-05-03,2.199631
2010-05-04,2.143195
2010-05-05,2.012390
2010-05-06,1.998420
2010-05-07,1.922618
2010-05-10,2.023952
2010-05-11,2.022053
2010-05-12,2.049809
2010-05-13,2.016158
2010-05-14,1.942390
2010-05-17,2.004882
2010-05-18,1.944177
2010-05-19,1.938825
2010-05-20,1.853446
2010-05-21,1.866673
2010-05-24,1.854946
2010-05-25,1.830760
2010-05-26,1.901824
2010-05-27,1.958243
2010-05-28,1.775680
2010-05-31,1.749549
2010-06-01,1.747459
2010-06-02,1.753496
2010-06-03,1.816353
2010-06-04,1.782052
2010-06-07,1.817461
2010-06-08,1.803447
2010-06-09,1.774527
2010-06-10,1.802461
2010-06-11,1.767525
2010-06-14,1.787969
2010-06-15,1.828264
2010-06-16,1.819541
2010-06-17,1.838235
2010-06-18,1.876304
2010-06-21,1.902494
2010-06-22,1.878570
2010-06-23,1.852769
2010-06-24,1.800744
2010-06-25,1.821267
2010-06-28,1.812653
2010-06-29,1.766055
2010-06-30,1.792705
2010-07-01,1.793595
2010-07-02,1.783537
2010-07-05,1.728427
2010-07-06,1.771404
2010-07-07,1.756539
2010-07-08,1.800029
2010-07-09,1.808032
2010-07-12,1.764802
2010-07-13,1.773907
2010-07-14,1.812031
2010-07-15,1.854970
2010-07-16,1.827305
2010-07-19,1.870361
2010-07-20,1.843763
2010-07-21,1.822761
2010-07-22,1.836474
2010-07-23,1.867744
2010-07-26,1.915771
2010-07-27,1.963387
2010-07-28,1.923796
2010-07-29,1.924237
2010-07-30,1.881774
2010-08-02,1.916782
2010-08-03,1.814075
2010-08-04,1.801543
2010-08-05,1.782300
2010-08-06,1.751894
2010-08-09,1.727436
2010-08-10,1.738317
2010-08-11,1.632966
2010-08-12,1.618130
2010-08-13,1.616800
2010-08-16,1.578917
2010-08-17,1.618102
2010-08-18,1.569903
2010-08-19,1.561374
2010-08-20,1.546236
2010-08-23,1.556322
2010-08-24,1.453162
2010-08-25,1.474960
2010-08-26,1.497069
2010-08-27,1.491380
2010-08-30,1.476918
2010-08-31,1.471474
2010-09-01,1.544583
2010-09-02,1.554606
2010-09-03,1.599046
2010-09-06,1.584850
2010-09-07,1.524332
2010-09-08,1.576698
2010-09-09,1.622303
2010-09-10,1.672132
2010-09-13,1.704993
2010-09-14,1.668873
2010-09-15,1.712160
2010-09-16,1.799299
2010-09-17,1.741258
2010-09-20,1.783079
2010-09-21,1.782392
2010-09-22,1.718332
2010-09-23,1.640196
2010-09-24,1.658299
2010-09-27,1.620923
2010-09-28,1.618490
2010-09-29,1.667506
2010-09-30,1.714901
2010-10-01,1.750423
2010-10-04,1.679085
2010-10-05,1.670260
2010-10-06,1.632099
2010-10-07,1.654321
2010-10-08,1.663190
2010-10-11,1.642318
2010-10-12,1.603681
2010-10-13,1.631960
2010-10-14,1.635948
2010-10-15,1.674450
2010-10-18,1.733313
2010-10-19,1.761524
2010-10-20,1.799485
2010-10-21,1.834658
2010-10-22,1.851921
2010-10-25,1.830356
2010-10-26,1.886371
2010-10-27,1.934452
2010-10-28,1.904973
2010-10-29,1.886598
2010-11-01,1.871619
2010-11-02,1.861615
2010-11-03,1.814591
2010-11-04,1.803296
2010-11-05,1.781101
2010-11-08,1.753493
2010-11-09,1.760714
2010-11-10,1.775613
2010-11-11,1.778559
2010-11-12,1.850051
2010-11-15,1.908924
2010-11-16,1.910091
2010-11-17,1.942599
2010-11-18,2.009559
2010-11-19,2.024078
2010-11-22,1.974791
2010-11-23,1.889841
2010-11-24,1.957928
2010-11-25,2.005954
2010-11-26,2.019416
2010-11-29,2.025288
2010-11-30,2.018896
2010-12-01,2.067095
2010-12-02,2.086866
2010-12-03,2.108108
2010-12-06,2.037588
2010-12-07,2.091421
2010-12-08,2.172338
2010-12-09,2.189683
2010-12-10,2.222609
2010-12-13,2.233370
2010-12-14,2.254887
2010-12-15,2.278849
2010-12-16,2.306019
2010-12-17,2.275663
2010-12-20,2.211661
2010-12-21,2.218749
2010-12-22,2.175135
2010-12-23,2.171177
2010-12-24,2.170338
2010-12-27,2.219403
2010-12-28,2.150589
2010-12-29,2.199467
2010-12-30,2.149476
2010-12-31,2.148071
2011-01-03,2.140025
2011-01-04,2.114890
2011-01-05,2.128838
2011-01-06,2.171798
2011-01-07,2.135604
2011-01-10,2.096985
2011-01-11,2.091841
2011-01-12,2.205648
2011-01-13,2.272029
2011-01-14,2.285548
2011-01-17,2.298424
2011-01-18,2.372157
2011-01-19,2.352419
2011-01-20,2.442684
2011-01-21,2.487169
2011-01-24,2.455460
2011-01-25,2.442970
2011-01-26,2.507357
2011-01-27,2.523324
2011-01-28,2.575938
2011-01-31,2.546051
2011-02-01,2.575492
2011-02-02,2.562060
2011-02-03,2.553662
2011-02-04,2.566307
2011-02-07,2.583426
2011-02-08,2.588408
2011-02-09,2.615227
2011-02-10,2.637359
2011-02-11,2.590255
2011-02-14,2.616229
2011-02-15,2.629512
2011-02-16,2.565418
2011-02-17,2.524275
2011-02-18,2.564430
2011-02-21,2.533792
2011-02-22,2.546577
2011-02-23,2.543410
2011-02-24,2.526199
2011-02-25,2.546680
2011-02-28,2.554468
2011-03-01,2.585865
2011-03-02,2.577163
2011-03-03,2.748297
2011-03-04,2.762834
2011-03-07,2.784400
2011-03-08,2.751372
2011-03-09,2.756119
2011-03-10,2.707846
2011-03-11,2.665080
2011-03-14,2.654632
2011-03-15,2.548124
2011-03-16,2.496159
2011-03-17,2.570701
2011-03-18,2.607431
2011-03-21,2.706813
2011-03-22,2.713340
2011-03-23,2.695162
2011-03-24,2.699946
2011-03-25,2.729021
2011-03-28,2.770209
2011-03-29,2.777831
2011-03-30,2.812147
2011-03-31,2.827138
2011-04-01,2.879857
2011-04-04,2.863055
2011-04-05,2.852251
2011-04-06,2.887022
2011-04-07,2.888496
2011-04-08,2.960819
2011-04-11,2.962047
2011-04-12,2.903678
2011-04-13,2.934187
2011-04-14,2.886113
2011-04-15,2.892189
2011-04-18,2.794440
2011-04-19,2.823366
2011-04-20,2.828567
2011-04-21,2.790407
2011-04-26,2.781045
2011-04-27,2.819387
2011-04-28,2.788575
2011-04-29,2.795532
2011-05-02,2.800468
2011-05-03,2.813544
2011-05-04,2.888064
2011-05-05,2.775952
2011-05-06,2.729990
2011-05-09,2.656794
2011-05-10,2.670376
2011-05-11,2.685065
2011-05-12,2.632807
2011-05-13,2.636065
2011-05-16,2.661822
2011-05-17,2.655065
2011-05-18,2.650741
2011-05-19,2.713858
2011-05-20,2.630813
2011-05-23,2.573665
2011-05-24,2.589694
2011-05-25,2.534330
2011-05-26,2.496835
2011-05-27,2.460424
2011-05-30,2.462797
2011-05-31,2.519149
2011-06-01,2.486124
2011-06-02,2.475574
2011-06-03,2.483926
2011-06-06,2.524655
2011-06-07,2.559772
2011-06-08,2.532839
2011-06-09,2.481354
2011-06-10,2.428635
2011-06-13,2.422717
2011-06-14,2.462922
2011-06-15,2.431682
2011-06-16,2.392447
2011-06-17,2.421225
2011-06-20,2.446910
2011-06-21,2.447091
2011-06-22,2.441242
2011-06-23,2.340679
2011-06-24,2.335204
2011-06-27,2.349877
2011-06-28,2.415635
2011-06-29,2.457336
2011-06-30,2.497027
2011-07-01,2.552500
2011-07-04,2.542273
2011-07-05,2.539490
2011-07-06,2.450345
2011-07-07,2.493589
2011-07-08,2.372106
2011-07-11,2.244521
2011-07-12,2.276503
2011-07-13,2.255600
2011-07-14,2.289279
2011-07-15,2.215692
2011-07-18,2.202530
2011-07-19,2.244676
2011-07-20,2.258384
2011-07-21,2.360830
2011-07-22,2.311959
2011-07-25,2.290359
2011-07-26,2.255697
2011-07-27,2.146804
2011-07-28,2.155466
2011-07-29,2.090328
2011-08-01,2.045943
2011-08-02,2.002582
2011-08-03,2.010549
2011-08-04,1.948529
2011-08-05,1.915349
2011-08-08,1.885332
2011-08-09,1.901361
2011-08-10,1.719259
2011-08-11,1.738882
2011-08-12,1.763915
2011-08-15,1.748255
2011-08-16,1.732772
2011-08-17,1.695130
2011-08-18,1.535118
2011-08-19,1.614075
2011-08-22,1.654232
2011-08-23,1.580314
2011-08-24,1.683718
2011-08-25,1.663781
2011-08-26,1.604192
2011-08-29,1.737941
2011-08-30,1.632991
2011-08-31,1.694958
2011-09-01,1.718301
2011-09-02,1.574118
2011-09-05,1.481542
2011-09-06,1.486660
2011-09-07,1.515817
2011-09-08,1.430768
2011-09-09,1.380523
2011-09-12,1.386018
2011-09-13,1.462072
2011-09-14,1.517399
2011-09-15,1.658456
2011-09-16,1.551198
2011-09-19,1.482826
2011-09-20,1.490175
2011-09-21,1.511948
2011-09-22,1.471493
2011-09-23,1.420859
2011-09-26,1.443777
2011-09-27,1.621098
2011-09-28,1.613433
2011-09-29,1.626108
2011-09-30,1.550982
2011-10-03,1.500695
2011-10-04,1.409854
2011-10-05,1.530700
2011-10-06,1.555154
2011-10-07,1.640574
2011-10-10,1.701391
2011-10-11,1.710786
2011-10-12,1.788766
2011-10-13,1.745468
2011-10-14,1.835819
2011-10-17,1.736207
2011-10-18,1.745297
2011-10-19,1.792146
2011-10-20,1.835531
2011-10-21,1.848434
2011-10-24,1.809874
2011-10-25,1.778842
2011-10-26,1.697428
2011-10-27,1.768549
2011-10-28,1.787231
2011-10-31,1.705485
2011-11-01,1.540368
2011-11-02,1.599509
2011-11-03,1.602634
2011-11-04,1.564611
2011-11-07,1.560851
2011-11-08,1.587190
2011-11-09,1.574566
2011-11-10,1.682969
2011-11-11,1.761270
2011-11-14,1.769340
2011-11-15,1.881179
2011-11-16,1.943203
2011-11-17,1.946337
2011-11-18,1.973694
2011-11-21,1.913723
2011-11-22,1.964922
2011-11-23,2.082218
2011-11-24,2.144443
2011-11-25,2.205821
2011-11-28,2.158476
2011-11-29,2.143892
2011-11-30,1.918098
2011-12-01,1.847257
2011-12-02,1.816467
2011-12-05,1.780492
2011-12-06,1.838540
2011-12-07,1.806757
2011-12-08,1.796371
2011-12-09,1.802955
2011-12-12,1.771108
2011-12-13,1.769574
2011-12-14,1.721551
2011-12-15,1.669876
2011-12-16,1.600479
2011-12-19,1.630349
2011-12-20,1.676290
2011-12-21,1.650846
2011-12-22,1.665855
2011-12-23,1.606955
2011-12-27,1.587194
2011-12-28,1.576498
2011-12-29,1.573412
2011-12-30,1.555175
2012-01-02,1.643013
2012-01-03,1.655824
2012-01-04,1.696250
2012-01-05,1.697940
2012-01-06,1.733516
2012-01-09,1.701191
2012-01-10,1.676942
2012-01-11,1.594099
2012-01-12,1.475893
2012-01-13,1.461470
2012-01-16,1.423511
2012-01-17,1.452836
2012-01-18,1.476967
2012-01-19,1.486456
2012-01-20,1.526694
2012-01-23,1.542784
2012-01-24,1.566144
2012-01-25,1.541486
2012-01-26,1.474728
2012-01-27,1.444993
2012-01-30,1.417668
2012-01-31,1.438854
2012-02-01,1.416449
2012-02-02,1.401277
2012-02-03,1.433223
2012-02-06,1.408829
2012-02-07,1.439721
2012-02-08,1.454921
2012-02-09,1.462122
2012-02-10,1.447415
2012-02-13,1.429919
2012-02-14,1.452102
2012-02-15,1.458026
2012-02-16,1.482327
2012-02-17,1.522791
2012-02-20,1.523192
2012-02-21,1.519047
2012-02-22,1.495318
2012-02-23,1.462111
2012-02-24,1.446048
2012-02-27,1.412498
2012-02-28,1.402965
2012-02-29,1.394641
2012-03-01,1.378629
2012-03-02,1.345520
2012-03-05,1.353298
2012-03-06,1.357573
2012-03-07,1.346006
2012-03-08,1.324988
2012-03-09,1.332691
2012-03-12,1.329985
2012-03-13,1.347384
2012-03-14,1.399399
2012-03-15,1.454493
2012-03-16,1.534066
2012-03-19,1.513366
2012-03-20,1.522057
2012-03-21,1.483517
2012-03-22,1.450375
2012-03-23,1.410121
2012-03-26,1.419446
2012-03-27,1.414802
2012-03-28,1.394916
2012-03-29,1.370975
2012-03-30,1.355798
2012-04-02,1.323725
2012-04-03,1.339160
2012-04-04,1.337202
2012-04-05,1.341699
2012-04-10,1.324728
2012-04-11,1.323515
2012-04-12,1.286841
2012-04-13,1.291046
2012-04-16,1.329225
2012-04-17,1.343669
2012-04-18,1.336816
2012-04-19,1.362720
2012-04-20,1.378692
2012-04-23,1.381716
2012-04-24,1.355234
2012-04-25,1.339591
2012-04-26,1.306433
2012-04-27,1.301196
2012-04-30,1.256945
2012-05-02,1.225816
2012-05-03,1.219070
2012-05-04,1.178056
2012-05-07,1.150439
2012-05-08,1.129701
2012-05-09,1.164526
2012-05-10,1.144236
2012-05-11,1.134302
2012-05-14,1.118821
2012-05-15,1.152034
2012-05-16,1.180354
2012-05-17,1.132977
2012-05-18,1.132098
2012-05-21,1.132357
2012-05-22,1.120430
2012-05-23,1.076001
2012-05-24,1.006202
2012-05-25,0.988338
2012-05-28,0.975438
2012-05-29,0.977314
2012-05-30,0.964676
2012-05-31,0.886337
2012-06-01,0.791012
2012-06-04,0.856284
2012-06-05,0.860423
2012-06-06,0.944830
2012-06-07,1.045221
2012-06-08,0.999661
2012-06-11,1.035687
2012-06-12,1.120343
2012-06-13,1.140038
2012-06-14,1.118425
2012-06-15,1.071866
2012-06-18,1.060514
2012-06-19,1.116391
2012-06-20,1.191040
2012-06-21,1.150052
2012-06-22,1.153947
2012-06-25,1.088501
2012-06-26,1.120807
2012-06-27,1.136088
2012-06-28,1.119873
2012-06-29,1.171851
2012-07-02,1.107036
2012-07-03,1.048122
2012-07-04,1.018135
2012-07-05,0.960356
2012-07-06,0.839453
2012-07-09,0.833520
2012-07-10,0.820811
2012-07-11,0.776971
2012-07-12,0.742936
2012-07-13,0.723864
2012-07-16,0.682969
2012-07-17,0.675288
2012-07-18,0.669590
2012-07-19,0.683683
2012-07-20,0.654668
2012-07-23,0.718582
2012-07-24,0.793893
2012-07-25,0.816390
2012-07-26,0.784232
2012-07-27,0.803490
2012-07-30,0.759512
2012-07-31,0.705619
2012-08-01,0.714396
2012-08-02,0.671199
2012-08-03,0.702436
2012-08-06,0.722574
2012-08-07,0.766766
2012-08-08,0.734557
2012-08-09,0.727900
2012-08-10,0.685053
2012-08-13,0.740018
2012-08-14,0.749678
2012-08-15,0.802451
2012-08-16,0.800604
2012-08-17,0.807593
2012-08-20,0.806029
2012-08-21,0.834065
2012-08-22,0.805196
2012-08-23,0.753744
2012-08-24,0.719749
2012-08-27,0.731611
2012-08-28,0.731138
2012-08-29,0.764250
2012-08-30,0.740044
2012-08-31,0.749647
2012-09-03,0.746955
2012-09-04,0.765179
2012-09-05,0.773764
2012-09-06,0.812034
2012-09-07,0.810290
2012-09-10,0.829414
2012-09-11,0.811471
2012-09-12,0.856412
2012-09-13,0.806382
2012-09-14,0.886965
2012-09-17,0.894897
2012-09-18,0.860407
2012-09-19,0.855779
2012-09-20,0.847546
2012-09-21,0.847245
2012-09-24,0.840584
2012-09-25,0.829712
2012-09-26,0.785190
2012-09-27,0.774022
2012-09-28,0.757000
2012-10-01,0.786554
2012-10-02,0.781680
2012-10-03,0.769108
2012-10-04,0.778649
2012-10-05,0.806685
2012-10-08,0.788489
2012-10-09,0.786387
2012-10-10,0.764423
2012-10-11,0.770616
2012-10-12,0.747246
2012-10-15,0.739215
2012-10-16,0.794674
2012-10-17,0.841036
2012-10-18,0.854649
2012-10-19,0.848377
2012-10-22,0.863953
2012-10-23,0.845175
2012-10-24,0.833288
2012-10-25,0.843344
2012-10-26,0.799874
2012-10-29,0.781113
2012-10-30,0.778660
2012-10-31,0.782853
2012-11-01,0.778170
2012-11-02,0.757253
2012-11-05,0.739645
2012-11-06,0.734433
2012-11-07,0.688558
2012-11-08,0.682784
2012-11-09,0.662298
2012-11-12,0.660478
2012-11-13,0.648965
2012-11-14,0.667929
2012-11-15,0.654501
2012-11-16,0.644099
2012-11-19,0.655594
2012-11-20,0.693988
2012-11-21,0.729783
2012-11-22,0.725953
2012-11-23,0.716186
2012-11-26,0.696853
2012-11-27,0.710139
2012-11-28,0.644657
2012-11-29,0.662774
2012-11-30,0.654112
2012-12-03,0.678789
2012-12-04,0.675487
2012-12-05,0.636831
2012-12-06,0.612945
2012-12-07,0.560786
2012-12-10,0.556249
2012-12-11,0.574382
2012-12-12,0.572258
2012-12-13,0.571738
2012-12-14,0.575244
2012-12-17,0.607609
2012-12-18,0.632179
2012-12-19,0.650528
2012-12-20,0.629149
2012-12-21,0.617280
2012-12-24,0.612677
2012-12-27,0.606988
2012-12-28,0.584034
2012-12-31,0.582569
2013-01-02,0.670012
2013-01-03,0.709890
2013-01-04,0.774753
2013-01-07,0.765442
2013-01-08,0.742795
2013-01-09,0.728316
2013-01-10,0.778410
2013-01-11,0.812153
2013-01-14,0.790953
2013-01-15,0.786045
2013-01-16,0.780346
2013-01-17,0.855940
2013-01-18,0.855872
2013-01-21,0.857592
2013-01-22,0.841224
2013-01-23,0.818104
2013-01-24,0.815114
2013-01-25,0.929498
2013-01-28,1.002349
2013-01-29,0.976470
2013-01-30,1.024012
2013-01-31,0.993750
2013-02-01,0.927908
2013-02-04,0.930811
2013-02-05,0.957517
2013-02-06,0.937297
2013-02-07,0.892433
2013-02-08,0.887294
2013-02-11,0.882747
2013-02-12,0.914757
2013-02-13,0.942869
2013-02-14,0.905208
2013-02-15,0.900665
2013-02-18,0.895461
2013-02-19,0.897450
2013-02-20,0.920049
2013-02-21,0.871923
2013-02-22,0.830883
2013-02-25,0.873299
2013-02-26,0.778880
2013-02-27,0.732884
2013-02-28,0.738305
2013-03-01,0.701138
2013-03-04,0.695266
2013-03-05,0.714693
2013-03-06,0.717231
2013-03-07,0.751858
2013-03-08,0.768068
2013-03-11,0.746741
2013-03-12,0.734169
2013-03-13,0.727574
2013-03-14,0.725510
2013-03-15,0.704518
2013-03-18,0.665391
2013-03-19,0.654887
2013-03-20,0.673536
2013-03-21,0.664062
2013-03-22,0.679255
2013-03-25,0.661142
2013-03-26,0.679604
2013-03-27,0.637139
2013-03-28,0.645350
2013-04-02,0.674141
2013-04-03,0.640867
2013-04-04,0.597057
2013-04-05,0.548280
2013-04-08,0.559154
2013-04-09,0.599908
2013-04-10,0.649539
2013-04-11,0.631289
2013-04-12,0.610398
2013-04-15,0.601148
2013-04-16,0.606716
2013-04-17,0.593979
2013-04-18,0.572964
2013-04-19,0.596960
2013-04-22,0.559880
2013-04-23,0.567554
2013-04-24,0.555328
2013-04-25,0.566612
2013-04-26,0.554805
2013-04-29,0.546403
2013-04-30,0.538203
2013-05-02,0.517260
2013-05-03,0.534024
2013-05-06,0.554984
2013-05-07,0.581443
2013-05-08,0.578691
2013-05-09,0.562777
2013-05-10,0.633419
2013-05-13,0.625498
2013-05-14,0.621074
2013-05-15,0.618456
2013-05-16,0.584269
2013-05-17,0.565690
2013-05-20,0.577768
2013-05-21,0.633313
2013-05-22,0.590969
2013-05-23,0.621665
2013-05-24,0.649429
2013-05-27,0.666099
2013-05-28,0.684208
2013-05-29,0.744496
2013-05-30,0.753265
2013-05-31,0.748110
2013-06-03,0.775567
2013-06-04,0.789768
2013-06-05,0.773259
2013-06-06,0.831238
2013-06-07,0.835444
2013-06-10,0.858040
2013-06-11,0.949871
2013-06-12,0.917331
2013-06-13,0.859617
2013-06-14,0.804366
2013-06-17,0.799246
2013-06-18,0.848088
2013-06-19,0.833296
2013-06-20,0.999759
2013-06-21,1.035951
2013-06-24,1.191543
2013-06-25,1.150468
2013-06-26,1.064338
2013-06-27,1.004974
2013-06-28,1.049546
2013-07-01,1.014472
2013-07-02,0.976221
2013-07-03,0.961462
2013-07-04,0.890892
2013-07-05,0.938453
2013-07-08,0.884935
2013-07-09,0.866117
2013-07-10,0.871897
2013-07-11,0.877074
2013-07-12,0.833922
2013-07-15,0.774889
2013-07-16,0.760951
2013-07-17,0.744955
2013-07-18,0.730023
2013-07-19,0.705775
2013-07-22,0.723511
2013-07-23,0.789542
2013-07-24,0.839763
2013-07-25,0.854322
2013-07-26,0.851456
2013-07-29,0.865338
2013-07-30,0.864040
2013-07-31,0.879376
2013-08-01,0.872709
2013-08-02,0.857773
2013-08-05,0.870975
2013-08-06,0.892516
2013-08-07,0.888903
2013-08-08,0.884165
2013-08-09,0.876620
2013-08-12,0.882044
2013-08-13,0.967248
2013-08-14,0.981360
2013-08-15,1.029655
2013-08-16,1.016756
2013-08-19,1.056032
2013-08-20,1.025121
2013-08-21,1.057050
2013-08-22,1.074771
2013-08-23,1.140080
2013-08-26,1.075996
2013-08-27,1.053367
2013-08-28,1.061096
2013-08-29,1.053548
2013-08-30,1.062530
2013-09-02,1.091648
2013-09-03,1.096708
2013-09-04,1.108916
2013-09-05,1.210333
2013-09-06,1.121490
2013-09-09,1.126667
2013-09-10,1.190622
2013-09-11,1.145296
2013-09-12,1.087398
2013-09-13,1.088684
2013-09-16,1.051565
2013-09-17,1.077451
2013-09-18,1.105655
2013-09-19,1.026509
2013-09-20,1.055343
2013-09-23,1.024311
2013-09-24,0.976945
2013-09-25,0.979894
2013-09-26,0.980030
2013-09-27,0.938663
2013-09-30,0.944975
2013-10-01,0.942215
2013-10-02,0.942084
2013-10-03,0.957147
2013-10-04,0.972099
2013-10-07,0.939247
2013-10-08,0.960744
2013-10-09,0.955851
2013-10-10,0.990799
2013-10-11,0.983107
2013-10-14,0.982179
2013-10-15,0.998658
2013-10-16,1.052179
2013-10-17,1.000220
2013-10-18,0.956984
2013-10-21,0.962459
2013-10-22,0.922478
2013-10-23,0.904515
2013-10-24,0.901226
2013-10-25,0.912291
2013-10-28,0.902857
2013-10-29,0.903051
2013-10-30,0.866062
2013-10-31,0.815166
2013-11-01,0.803289
2013-11-04,0.796774
2013-11-05,0.865821
2013-11-06,0.873938
2013-11-07,0.786912
2013-11-08,0.846813
2013-11-11,0.840201
2013-11-12,0.857975
2013-11-13,0.824423
2013-11-14,0.813333
2013-11-15,0.822381
2013-11-18,0.809213
2013-11-19,0.823344
2013-11-20,0.833684
2013-11-21,0.853877
2013-11-22,0.853516
2013-11-25,0.834067
2013-11-26,0.826757
2013-11-27,0.827954
2013-11-28,0.820480
2013-11-29,0.823256
2013-12-02,0.847984
2013-12-03,0.844946
2013-12-04,0.883117
2013-12-05,0.947001
2013-12-06,0.964170
2013-12-09,0.949532
2013-12-10,0.947484
2013-12-11,0.952034
2013-12-12,0.973571
2013-12-13,0.976462
2013-12-16,0.969516
2013-12-17,0.960381
2013-12-18,0.974234
2013-12-19,1.005056
2013-12-20,1.018723
2013-12-23,1.019064
2013-12-24,1.018476
2013-12-27,1.079584
2013-12-30,1.073043
2013-12-31,1.071142
2014-01-02,1.068321
2014-01-03,1.060670
2014-01-06,1.032791
2014-01-07,1.023688
2014-01-08,1.026947
2014-01-09,1.036946
2014-01-10,0.989995
2014-01-13,0.971602
2014-01-14,0.973912
2014-01-15,0.998566
2014-01-16,0.948632
2014-01-17,0.930210
2014-01-20,0.895516
2014-01-21,0.902060
2014-01-22,0.923649
2014-01-23,0.894251
2014-01-24,0.856436
2014-01-27,0.860742
2014-01-28,0.862305
2014-01-29,0.837715
2014-01-30,0.807200
2014-01-31,0.765108
2014-02-03,0.749922
2014-02-04,0.753767
2014-02-05,0.753118
2014-02-06,0.812401
2014-02-07,0.773073
2014-02-10,0.787888
2014-02-11,0.796958
2014-02-12,0.796857
2014-02-13,0.771316
2014-02-14,0.788897
2014-02-17,0.787529
2014-02-18,0.776944
2014-02-19,0.764247
2014-02-20,0.791268
2014-02-21,0.774965
2014-02-24,0.793862
2014-02-25,0.775674
2014-02-26,0.737450
2014-02-27,0.696891
2014-02-28,0.786064
2014-03-03,0.737232
2014-03-04,0.740202
2014-03-05,0.749709
2014-03-06,0.796557
2014-03-07,0.809630
2014-03-10,0.773794
2014-03-11,0.789882
2014-03-12,0.754661
2014-03-13,0.737291
2014-03-14,0.715137
2014-03-17,0.727177
2014-03-18,0.733390
2014-03-19,0.760917
2014-03-20,0.829618
2014-03-21,0.811050
2014-03-24,0.781782
2014-03-25,0.762188
2014-03-26,0.735828
2014-03-27,0.708317
2014-03-28,0.728171
2014-03-31,0.758831
2014-04-01,0.763392
2014-04-02,0.786492
2014-04-03,0.780455
2014-04-04,0.728546
2014-04-07,0.714546
2014-04-08,0.739063
2014-04-09,0.770300
2014-04-10,0.732647
2014-04-11,0.704727
2014-04-14,0.709303
2014-04-15,0.700121
2014-04-16,0.686146
2014-04-17,0.719048
2014-04-22,0.747428
2014-04-23,0.750325
2014-04-24,0.737715
2014-04-25,0.724190
2014-04-28,0.745509
2014-04-29,0.736325
2014-04-30,0.706065
2014-05-02,0.688043
2014-05-05,0.671932
2014-05-06,0.684252
2014-05-07,0.712429
2014-05-08,0.670754
2014-05-09,0.658900
2014-05-12,0.665126
2014-05-13,0.624857
2014-05-14,0.583941
2014-05-15,0.548753
2014-05-16,0.570723
2014-05-19,0.577292
2014-05-20,0.580085
2014-05-21,0.600689
2014-05-22,0.579514
2014-05-23,0.573360
2014-05-26,0.568944
2014-05-27,0.545085
2014-05-28,0.523971
2014-05-29,0.531958
2014-05-30,0.555714
2014-06-02,0.542709
2014-06-03,0.585944
2014-06-04,0.592263
2014-06-05,0.580714
2014-06-06,0.485197
2014-06-09,0.516822
2014-06-10,0.548743
2014-06-11,0.538916
2014-06-12,0.525378
2014-06-13,0.523628
2014-06-16,0.505281
2014-06-17,0.533429
2014-06-18,0.527489
2014-06-19,0.481983
2014-06-20,0.513346
2014-06-23,0.494134
2014-06-24,0.499755
2014-06-25,0.464447
2014-06-26,0.455568
2014-06-27,0.472564
2014-06-30,0.471047
2014-07-01,0.448411
2014-07-02,0.465150
2014-07-03,0.469556
2014-07-04,0.438019
2014-07-07,0.442766
2014-07-08,0.421044
2014-07-09,0.424956
2014-07-10,0.408631
2014-07-11,0.415599
2014-07-14,0.423101
2014-07-15,0.408587
2014-07-16,0.414760
2014-07-17,0.408177
2014-07-18,0.398454
2014-07-21,0.401574
2014-07-22,0.417041
2014-07-23,0.397387
2014-07-24,0.422900
2014-07-25,0.405603
2014-07-28,0.401670
2014-07-29,0.391894
2014-07-30,0.411708
2014-07-31,0.428619
2014-08-01,0.410386
2014-08-04,0.392403
2014-08-05,0.419011
2014-08-06,0.384200
2014-08-07,0.374002
2014-08-08,0.360916
2014-08-11,0.362074
2014-08-12,0.364713
2014-08-13,0.348594
2014-08-14,0.333858
2014-08-15,0.331107
2014-08-18,0.339916
2014-08-19,0.329870
2014-08-20,0.319971
2014-08-21,0.324358
2014-08-22,0.328223
2014-08-25,0.283045
2014-08-26,0.292393
2014-08-27,0.259506
2014-08-28,0.267898
2014-08-29,0.276186
2014-09-01,0.261553
2014-09-02,0.287958
2014-09-03,0.296054
2014-09-04,0.254762
2014-09-05,0.235421
2014-09-08,0.234198
2014-09-09,0.272512
2014-09-10,0.286063
2014-09-11,0.285177
2014-09-12,0.322353
2014-09-15,0.295412
2014-09-16,0.303447
2014-09-17,0.292021
2014-09-18,0.331781
2014-09-19,0.294632
2014-09-22,0.278909
2014-09-23,0.295290
2014-09-24,0.278567
2014-09-25,0.258089
2014-09-26,0.253733
2014-09-29,0.249798
2014-09-30,0.240229
2014-10-01,0.213306
2014-10-02,0.231513
2014-10-03,0.258457
2014-10-06,0.243642
2014-10-07,0.240234
2014-10-08,0.233469
2014-10-09,0.217858
2014-10-10,0.232392
2014-10-13,0.250218
2014-10-14,0.218111
2014-10-15,0.182109
2014-10-16,0.221325
2014-10-17,0.257446
2014-10-20,0.236908
2014-10-21,0.251455
2014-10-22,0.253394
2014-10-23,0.254613
2014-10-24,0.256383
2014-10-27,0.257646
2014-10-28,0.256746
2014-10-29,0.259340
2014-10-30,0.227748
2014-10-31,0.217512
2014-11-03,0.220134
2014-11-04,0.208363
2014-11-05,0.207861
2014-11-06,0.202913
2014-11-07,0.201082
2014-11-10,0.203949
2014-11-11,0.206811
2014-11-12,0.195340
2014-11-13,0.198413
2014-11-14,0.193265
2014-11-17,0.207640
2014-11-18,0.202295
2014-11-19,0.248328
2014-11-20,0.225599
2014-11-21,0.201605
2014-11-24,0.200313
2014-11-25,0.187230
2014-11-26,0.183801
2014-11-27,0.166573
2014-11-28,0.169892
2014-12-01,0.179604
2014-12-02,0.204715
2014-12-03,0.197503
2014-12-04,0.195725
2014-12-05,0.207230
2014-12-08,0.181242
2014-12-09,0.178075
2014-12-10,0.176970
2014-12-11,0.170587
2014-12-12,0.155212
2014-12-15,0.158048
2014-12-16,0.134067
2014-12-17,0.130432
2014-12-18,0.138039
2014-12-19,0.125899
2014-12-22,0.119943
2014-12-23,0.114691
2014-12-24,0.112690
2014-12-29,0.089305
2014-12-30,0.073146
2014-12-31,0.071021
2015-01-02,0.059107
2015-01-05,0.055208
2015-01-06,0.043906
2015-01-07,0.060279
2015-01-08,0.074207
2015-01-09,0.071343
2015-01-12,0.049625
2015-01-13,0.045641
2015-01-14,0.016449
2015-01-15,-0.004612
2015-01-16,-0.013624
2015-01-19,-0.013099
2015-01-20,0.010067
2015-01-21,0.051013
2015-01-22,0.037098
2015-01-23,-0.030018
2015-01-26,-0.002313
2015-01-27,0.005546
2015-01-28,0.000923
2015-01-29,-0.015966
2015-01-30,-0.019233
2015-02-02,-0.049666
2015-02-03,-0.038482
2015-02-04,-0.036495
2015-02-05,-0.027939
2015-02-06,-0.037949
2015-02-09,-0.026705
2015-02-10,-0.017329
2015-02-11,-0.021277
2015-02-12,-0.037706
2015-02-13,-0.051038
2015-02-16,-0.052657
2015-02-17,-0.038548
2015-02-18,-0.038745
2015-02-19,-0.043840
2015-02-20,-0.068909
2015-02-23,-0.063855
2015-02-24,-0.053782
2015-02-25,-0.079271
2015-02-26,-0.103618
2015-02-27,-0.080536
2015-03-02,-0.074674
2015-03-03,-0.052263
2015-03-04,-0.047092
2015-03-05,-0.064182
2015-03-06,-0.048420
2015-03-09,-0.083655
2015-03-10,-0.119939
2015-03-11,-0.119152
2015-03-12,-0.103594
2015-03-13,-0.075940
2015-03-16,-0.064311
2015-03-17,-0.043498
2015-03-18,-0.094810
2015-03-19,-0.092414
2015-03-20,-0.099372
2015-03-23,-0.066723
2015-03-24,-0.054778
2015-03-25,-0.050387
2015-03-26,-0.069599
2015-03-27,-0.070217
2015-03-30,-0.075880
2015-03-31,-0.082917
2015-04-01,-0.105281
2015-04-02,-0.088969
2015-04-07,-0.094934
2015-04-08,-0.113111
2015-04-09,-0.127176
2015-04-10,-0.124439
2015-04-13,-0.126695
2015-04-14,-0.128179
2015-04-15,-0.139276
2015-04-16,-0.140138
2015-04-17,-0.146420
2015-04-20,-0.132073
2015-04-21,-0.127143
2015-04-22,-0.100242
2015-04-23,-0.091396
2015-04-24,-0.090106
2015-04-27,-0.085663
2015-04-28,-0.101648
2015-04-29,-0.031271
2015-04-30,0.030906
2015-05-04,0.067538
2015-05-05,0.106396
2015-05-06,0.121960
2015-05-07,0.137255
2015-05-08,0.105000
2015-05-11,0.117660
2015-05-12,0.175780
2015-05-13,0.153853
2015-05-14,0.174172
2015-05-15,0.148224
2015-05-18,0.151262
2015-05-19,0.132130
2015-05-20,0.125781
2015-05-21,0.125574
2015-05-22,0.120360
2015-05-25,0.121055
2015-05-26,0.100994
2015-05-27,0.082370
2015-05-28,0.072300
2015-05-29,0.057783
2015-06-01,0.051661
2015-06-02,0.151883
2015-06-03,0.241121
2015-06-04,0.233298
2015-06-05,0.251957
2015-06-08,0.261814
2015-06-09,0.309195
2015-06-10,0.301634
2015-06-11,0.271484
2015-06-12,0.248938
2015-06-15,0.247932
2015-06-16,0.245651
2015-06-17,0.237755
2015-06-18,0.228291
2015-06-19,0.210625
2015-06-22,0.265355
2015-06-23,0.255284
2015-06-24,0.222064
2015-06-25,0.230475
2015-06-26,0.262885
2015-06-29,0.219007
2015-06-30,0.190996
2015-07-01,0.206114
2015-07-02,0.202425
2015-07-03,0.173445
2015-07-06,0.155693
2015-07-07,0.107627
2015-07-08,0.123010
2015-07-09,0.132702
2015-07-10,0.227468
2015-07-13,0.220268
2015-07-14,0.198674
2015-07-15,0.147646
2015-07-16,0.180046
2015-07-17,0.139712
2015-07-20,0.125235
2015-07-21,0.137501
2015-07-22,0.125625
2015-07-23,0.118643
2015-07-24,0.091444
2015-07-27,0.084343
2015-07-28,0.100235
2015-07-29,0.095192
2015-07-30,0.067470
2015-07-31,0.075328
2015-08-03,0.056363
2015-08-04,0.062024
2015-08-05,0.109861
2015-08-06,0.091369
2015-08-07,0.060964
2015-08-10,0.065296
2015-08-11,0.040835
2015-08-12,0.032399
2015-08-13,0.047885
2015-08-14,0.055869
2015-08-17,0.052635
2015-08-18,0.069461
2015-08-19,0.074422
2015-08-20,0.035490
2015-08-21,0.046558
2015-08-24,0.028127
2015-08-25,0.124612
2015-08-26,0.122397
2015-08-27,0.129527
2015-08-28,0.116517
2015-08-31,0.138223
2015-09-01,0.186205
2015-09-02,0.181024
2015-09-03,0.121863
2015-09-04,0.098373
2015-09-07,0.084914
2015-09-08,0.096235
2015-09-09,0.102741
2015-09-10,0.092334
2015-09-11,0.075044
2015-09-14,0.062320
2015-09-15,0.108180
2015-09-16,0.130960
2015-09-17,0.153003
2015-09-18,0.077371
2015-09-21,0.096065
2015-09-22,0.043686
2015-09-23,0.050735
2015-09-24,0.042609
2015-09-25,0.081085
2015-09-28,0.058984
2015-09-29,0.058250
2015-09-30,0.040239
2015-10-01,0.001884
2015-10-02,-0.023096
2015-10-05,0.011025
2015-10-06,0.048871
2015-10-07,0.049251
2015-10-08,0.033102
2015-10-09,0.050008
2015-10-12,0.027853
2015-10-13,0.031939
2015-10-14,0.006641
2015-10-15,0.005622
2015-10-16,0.011777
2015-10-19,0.012161
2015-10-20,0.064593
2015-10-21,0.034409
2015-10-22,-0.070351
2015-10-23,-0.049871
2015-10-26,-0.054661
2015-10-27,-0.082186
2015-10-28,-0.075220
2015-10-29,-0.043403
2015-10-30,-0.025507
2015-11-02,-0.000564
2015-11-03,-0.009026
2015-11-04,-0.022417
2015-11-05,-0.005591
2015-11-06,0.048082
2015-11-09,0.023332
2015-11-10,-0.023198
2015-11-11,-0.030129
2015-11-12,-0.030415
2015-11-13,-0.060802
2015-11-16,-0.075905
2015-11-17,-0.076871
2015-11-18,-0.085968
2015-11-19,-0.099819
2015-11-20,-0.108445
2015-11-23,-0.082308
2015-11-24,-0.091445
2015-11-25,-0.128237
2015-11-26,-0.126179
2015-11-27,-0.147466
2015-11-30,-0.130889
2015-12-01,-0.135935
2015-12-02,-0.153668
2015-12-03,-0.023985
2015-12-04,0.045912
2015-12-07,-0.006524
2015-12-08,-0.014853
2015-12-09,-0.023984
2015-12-10,-0.038219
2015-12-11,-0.071708
2015-12-14,-0.039269
2015-12-15,0.011709
2015-12-16,0.018079
2015-12-17,-0.002042
2015-12-18,-0.037252
2015-12-21,-0.043811
2015-12-22,-0.011540
2015-12-23,0.017497
2015-12-28,0.011282
2015-12-29,0.033110
2015-12-30,0.017391
2016-01-04,-0.028807
2016-01-05,-0.042088
2016-01-06,-0.064523
2016-01-07,-0.041406
2016-01-08,-0.056175
2016-01-11,-0.033726
2016-01-12,-0.007701
2016-01-13,-0.039292
2016-01-14,-0.063155
2016-01-15,-0.079074
2016-01-18,-0.077281
2016-01-19,-0.082538
2016-01-20,-0.108120
2016-01-21,-0.159021
2016-01-22,-0.139655
2016-01-25,-0.143597
2016-01-26,-0.163439
2016-01-27,-0.154225
2016-01-28,-0.182542
2016-01-29,-0.230400
2016-02-01,-0.230361
2016-02-02,-0.243940
2016-02-03,-0.243399
2016-02-04,-0.238568
2016-02-05,-0.233946
2016-02-08,-0.268044
2016-02-09,-0.250383
2016-02-10,-0.261454
2016-02-11,-0.281607
2016-02-12,-0.266634
2016-02-15,-0.257807
2016-02-16,-0.248870
2016-02-17,-0.251297
2016-02-18,-0.274794
2016-02-19,-0.293485
2016-02-22,-0.299721
2016-02-23,-0.268658
2016-02-24,-0.316957
2016-02-25,-0.314107
2016-02-26,-0.330435
2016-02-29,-0.364537
2016-03-01,-0.354030
2016-03-02,-0.326254
2016-03-03,-0.340334
2016-03-04,-0.317685
2016-03-07,-0.322929
2016-03-08,-0.353977
2016-03-09,-0.301966
2016-03-10,-0.317941
2016-03-11,-0.244325
2016-03-14,-0.250957
2016-03-15,-0.213337
2016-03-16,-0.233185
2016-03-17,-0.256835
2016-03-18,-0.273091
2016-03-21,-0.266072
2016-03-22,-0.268607
2016-03-23,-0.262230
2016-03-24,-0.281107
2016-03-29,-0.305017
2016-03-30,-0.293804
2016-03-31,-0.295311
2016-04-01,-0.312388
2016-04-04,-0.297392
2016-04-05,-0.330815
2016-04-06,-0.326672
2016-04-07,-0.348194
2016-04-08,-0.350649
2016-04-11,-0.336497
2016-04-12,-0.368548
2016-04-13,-0.364018
2016-04-14,-0.357924
2016-04-15,-0.367762
2016-04-18,-0.355898
2016-04-19,-0.346706
2016-04-20,-0.358567
2016-04-21,-0.317878
2016-04-22,-0.307880
2016-04-25,-0.292942
2016-04-26,-0.277429
2016-04-27,-0.277569
2016-04-28,-0.302932
2016-04-29,-0.266758
2016-05-02,-0.263400
2016-05-03,-0.316276
2016-05-04,-0.304740
2016-05-05,-0.335320
2016-05-06,-0.345051
2016-05-09,-0.355915
2016-05-10,-0.361458
2016-05-11,-0.367414
2016-05-12,-0.359211
2016-05-13,-0.356658
2016-05-16,-0.346670
2016-05-17,-0.351980
2016-05-18,-0.324087
2016-05-19,-0.336605
2016-05-20,-0.324468
2016-05-23,-0.324807
2016-05-24,-0.329250
2016-05-25,-0.345852
2016-05-26,-0.345117
2016-05-27,-0.365414
2016-05-30,-0.334012
2016-05-31,-0.326369
2016-06-01,-0.354397
2016-06-02,-0.345754
2016-06-03,-0.379438
2016-06-06,-0.377276
2016-06-07,-0.386434
2016-06-08,-0.383900
2016-06-09,-0.399379
2016-06-10,-0.402218
2016-06-13,-0.395022
2016-06-14,-0.421588
2016-06-15,-0.434454
2016-06-16,-0.440542
2016-06-17,-0.438425
2016-06-20,-0.421353
2016-06-21,-0.430487
2016-06-22,-0.415814
2016-06-23,-0.400213
2016-06-24,-0.503826
2016-06-27,-0.510525
2016-06-28,-0.512579
2016-06-29,-0.525006
2016-06-30,-0.522291
2016-07-01,-0.536312
2016-07-04,-0.545454
2016-07-05,-0.572260
2016-07-06,-0.577953
2016-07-07,-0.569628
2016-07-08,-0.593086
2016-07-11,-0.594061
2016-07-12,-0.554708
2016-07-13,-0.570031
2016-07-14,-0.533729
2016-07-15,-0.528818
2016-07-18,-0.543539
2016-07-19,-0.530276
2016-07-20,-0.519446
2016-07-21,-0.498480
2016-07-22,-0.506558
2016-07-25,-0.513928
2016-07-26,-0.512300
2016-07-27,-0.528589
2016-07-28,-0.524368
2016-07-29,-0.547644
2016-08-01,-0.548652
2016-08-02,-0.503157
2016-08-03,-0.507091
2016-08-04,-0.546576
2016-08-05,-0.539236
2016-08-08,-0.527499
2016-08-09,-0.543400
2016-08-10,-0.564886
2016-08-11,-0.567679
2016-08-12,-0.564419
2016-08-15,-0.533985
2016-08-16,-0.524160
2016-08-17,-0.520300
2016-08-18,-0.545537
2016-08-19,-0.528130
2016-08-22,-0.538482
2016-08-23,-0.542224
2016-08-24,-0.538390
2016-08-25,-0.520067
2016-08-26,-0.529224
2016-08-29,-0.529249
2016-08-30,-0.538671
2016-08-31,-0.537109
2016-09-01,-0.514137
2016-09-02,-0.524826
2016-09-05,-0.529776
2016-09-06,-0.556696
2016-09-07,-0.585237
2016-09-08,-0.553458
2016-09-09,-0.509470
2016-09-12,-0.490603
2016-09-13,-0.487503
2016-09-14,-0.502758
2016-09-15,-0.488352
2016-09-16,-0.514518
2016-09-19,-0.513106
2016-09-20,-0.527925
2016-09-21,-0.513610
2016-09-22,-0.557762
2016-09-23,-0.555775
2016-09-26,-0.574074
2016-09-27,-0.608423
2016-09-28,-0.602288
2016-09-29,-0.580207
2016-09-30,-0.594515
2016-10-03,-0.576847
2016-10-04,-0.570134
2016-10-05,-0.534419
2016-10-06,-0.507812
2016-10-07,-0.512070
2016-10-10,-0.481874
2016-10-11,-0.485629
2016-10-12,-0.471592
2016-10-13,-0.486951
2016-10-14,-0.473595
2016-10-17,-0.476450
2016-10-18,-0.485843
2016-10-19,-0.504100
2016-10-20,-0.490039
2016-10-21,-0.499513
2016-10-24,-0.492378
2016-10-25,-0.477505
2016-10-26,-0.436240
2016-10-27,-0.395301
2016-10-28,-0.380615
2016-10-31,-0.381569
2016-11-01,-0.370997
2016-11-02,-0.401401
2016-11-03,-0.387965
2016-11-04,-0.415404
2016-11-07,-0.397175
2016-11-08,-0.394814
2016-11-09,-0.401625
2016-11-10,-0.308451
2016-11-11,-0.297969
2016-11-14,-0.266110
2016-11-15,-0.291704
2016-11-16,-0.282526
2016-11-17,-0.298394
2016-11-18,-0.326262
2016-11-21,-0.326782
2016-11-22,-0.385324
2016-11-23,-0.336839
2016-11-24,-0.385832
2016-11-25,-0.399018
2016-11-28,-0.426946
2016-11-29,-0.412859
2016-11-30,-0.415925
2016-12-01,-0.372208
2016-12-02,-0.340072
2016-12-05,-0.322937
2016-12-06,-0.319642
2016-12-07,-0.311258
2016-12-08,-0.299007
2016-12-09,-0.394318
2016-12-12,-0.350892
2016-12-13,-0.392889
2016-12-14,-0.407476
2016-12-15,-0.394377
2016-12-16,-0.416856
2016-12-19,-0.438253
2016-12-20,-0.434196
2016-12-21,-0.440733
2016-12-22,-0.433743
2016-12-23,-0.447306
2016-12-27,-0.454727
2016-12-28,-0.475644
2016-12-29,-0.459018
2016-12-30,-0.473372
2017-01-02,-0.505375
2017-01-03,-0.448786
2017-01-04,-0.437412
2017-01-05,-0.406408
2017-01-06,-0.391077
2017-01-09,-0.404260
2017-01-10,-0.398812
2017-01-11,-0.400280
2017-01-12,-0.406343
2017-01-13,-0.407443
2017-01-16,-0.416984
2017-01-17,-0.449798
2017-01-18,-0.398627
2017-01-19,-0.364781
2017-01-20,-0.352349
2017-01-23,-0.356889
2017-01-24,-0.358448
2017-01-25,-0.309903
2017-01-26,-0.290584
2017-01-27,-0.286354
2017-01-30,-0.276533
2017-01-31,-0.280017
2017-02-01,-0.288338
2017-02-02,-0.333837
2017-02-03,-0.332514
2017-02-06,-0.382422
2017-02-07,-0.378684
2017-02-08,-0.424506
2017-02-09,-0.429385
2017-02-10,-0.405838
2017-02-13,-0.409647
2017-02-14,-0.411449
2017-02-15,-0.391634
2017-02-16,-0.391583
2017-02-17,-0.434267
2017-02-20,-0.437524
2017-02-21,-0.439055
2017-02-22,-0.509258
2017-02-23,-0.524232
2017-02-24,-0.555178
2017-02-27,-0.549081
2017-02-28,-0.540368
2017-03-01,-0.493555
2017-03-02,-0.465256
2017-03-03,-0.420100
2017-03-06,-0.415888
2017-03-07,-0.453284
2017-03-08,-0.407431
2017-03-09,-0.387497
2017-03-10,-0.335344
2017-03-13,-0.300759
2017-03-14,-0.305079
2017-03-15,-0.333001
2017-03-16,-0.299058
2017-03-17,-0.296045
2017-03-20,-0.300480
2017-03-21,-0.259452
2017-03-22,-0.316197
2017-03-23,-0.314855
2017-03-24,-0.296274
2017-03-27,-0.291321
2017-03-28,-0.297530
2017-03-29,-0.349368
2017-03-30,-0.352478
2017-03-31,-0.364296
2017-04-03,-0.406373
2017-04-04,-0.450859
2017-04-05,-0.430282
2017-04-06,-0.443425
2017-04-07,-0.471391
2017-04-10,-0.479886
2017-04-11,-0.481191
2017-04-12,-0.480835
2017-04-13,-0.504048
2017-04-18,-0.489622
2017-04-19,-0.448196
2017-04-20,-0.412513
2017-04-21,-0.403404
2017-04-24,-0.308221
2017-04-25,-0.302823
2017-04-26,-0.302165
2017-04-27,-0.336203
2017-04-28,-0.348880
2017-05-02,-0.353449
2017-05-03,-0.349465
2017-05-04,-0.306892
2017-05-05,-0.290654
2017-05-08,-0.276966
2017-05-09,-0.262143
2017-05-10,-0.277294
2017-05-11,-0.252889
2017-05-12,-0.277319
2017-05-15,-0.270906
2017-05-16,-0.275163
2017-05-17,-0.302890
2017-05-18,-0.332300
2017-05-19,-0.313787
2017-05-22,-0.291447
2017-05-23,-0.297270
2017-05-24,-0.297563
2017-05-25,-0.318451
2017-05-26,-0.343624
2017-05-29,-0.376094
2017-05-30,-0.381977
2017-05-31,-0.392116
2017-06-01,-0.374779
2017-06-02,-0.397397
2017-06-05,-0.386063
2017-06-06,-0.403945
2017-06-07,-0.404430
2017-06-08,-0.397755
2017-06-09,-0.399716
2017-06-12,-0.407059
2017-06-13,-0.387061
2017-06-14,-0.388409
2017-06-15,-0.329500
2017-06-16,-0.349294
2017-06-19,-0.341716
2017-06-20,-0.350081
2017-06-21,-0.335075
2017-06-22,-0.348099
2017-06-23,-0.336440
2017-06-26,-0.347137
2017-06-27,-0.265879
2017-06-28,-0.235053
2017-06-29,-0.192980
2017-06-30,-0.171833
2017-07-03,-0.194049
2017-07-04,-0.192842
2017-07-05,-0.190612
2017-07-06,-0.119644
2017-07-07,-0.126756
2017-07-10,-0.147270
2017-07-11,-0.130937
2017-07-12,-0.153868
2017-07-13,-0.154126
2017-07-14,-0.162657
2017-07-17,-0.159620
2017-07-18,-0.169812
2017-07-19,-0.186199
2017-07-20,-0.194584
2017-07-21,-0.212660
2017-07-24,-0.224620
2017-07-25,-0.183594
2017-07-26,-0.193185
2017-07-27,-0.215385
2017-07-28,-0.203398
2017-07-31,-0.213489
2017-08-01,-0.234471
2017-08-02,-0.257879
2017-08-03,-0.255350
2017-08-04,-0.247642
2017-08-07,-0.257017
2017-08-08,-0.251364
2017-08-09,-0.285252
2017-08-10,-0.289552
2017-08-11,-0.314245
2017-08-14,-0.297297
2017-08-15,-0.271942
2017-08-16,-0.270507
2017-08-17,-0.272191
2017-08-18,-0.303062
2017-08-21,-0.300409
2017-08-22,-0.299280
2017-08-23,-0.317960
2017-08-24,-0.333579
2017-08-25,-0.311058
2017-08-28,-0.339692
2017-08-29,-0.364371
2017-08-30,-0.337295
2017-08-31,-0.352246
2017-09-01,-0.335064
2017-09-04,-0.353532
2017-09-05,-0.368226
2017-09-06,-0.366797
2017-09-07,-0.384249
2017-09-08,-0.384241
2017-09-11,-0.378463
2017-09-12,-0.341772
2017-09-13,-0.320509
2017-09-14,-0.310271
2017-09-15,-0.284654
2017-09-18,-0.266212
2017-09-19,-0.275012
2017-09-20,-0.280331
2017-09-21,-0.262750
2017-09-22,-0.255999
2017-09-25,-0.276426
2017-09-26,-0.296680
2017-09-27,-0.257460
2017-09-28,-0.252112
2017-09-29,-0.256772
2017-10-02,-0.273910
2017-10-03,-0.266483
2017-10-04,-0.283647
2017-10-05,-0.264440
2017-10-06,-0.218781
2017-10-09,-0.260477
2017-10-10,-0.259906
2017-10-11,-0.253805
2017-10-12,-0.267452
2017-10-13,-0.299344
2017-10-16,-0.322253
2017-10-17,-0.325994
2017-10-18,-0.304522
2017-10-19,-0.305739
2017-10-20,-0.263186
2017-10-23,-0.283693
2017-10-24,-0.248602
2017-10-25,-0.232490
2017-10-26,-0.271402
2017-10-27,-0.310060
2017-10-30,-0.330873
2017-10-31,-0.323969
2017-11-01,-0.328795
2017-11-02,-0.321078
2017-11-03,-0.337185
2017-11-06,-0.350421
2017-11-07,-0.352143
2017-11-08,-0.367423
2017-11-09,-0.327569
2017-11-10,-0.314985
2017-11-13,-0.302345
2017-11-14,-0.299061
2017-11-15,-0.334021
2017-11-16,-0.317815
2017-11-17,-0.317985
2017-11-20,-0.321495
2017-11-21,-0.326536
2017-11-22,-0.302418
2017-11-23,-0.298450
2017-11-24,-0.295421
2017-11-27,-0.312116
2017-11-28,-0.309496
2017-11-29,-0.267596
2017-11-30,-0.275618
2017-12-01,-0.296988
2017-12-04,-0.304429
2017-12-05,-0.313571
2017-12-06,-0.351964
2017-12-07,-0.352644
2017-12-08,-0.343674
2017-12-11,-0.334030
2017-12-12,-0.319469
2017-12-13,-0.319058
2017-12-14,-0.292562
2017-12-15,-0.305088
2017-12-18,-0.287636
2017-12-19,-0.246813
2017-12-20,-0.205440
2017-12-21,-0.184274
2017-12-22,-0.185911
2017-12-27,-0.212622
2017-12-28,-0.178989
2017-12-29,-0.165891
2018-01-02,-0.158394
2018-01-03,-0.172192
2018-01-04,-0.154146
2018-01-05,-0.164337
2018-01-08,-0.182959
2018-01-09,-0.165223
2018-01-10,-0.146830
2018-01-11,-0.081041
2018-01-12,-0.063458
2018-01-15,-0.079295
2018-01-16,-0.088514
2018-01-17,-0.082800
2018-01-18,-0.073847
2018-01-19,-0.079169
2018-01-22,-0.082786
2018-01-23,-0.089814
2018-01-24,-0.067571
2018-01-25,-0.004528
2018-01-26,0.002633
2018-01-29,0.062178
2018-01-30,0.054380
2018-01-31,0.046598
2018-02-01,0.063457
2018-02-02,0.097146
2018-02-05,0.064174
2018-02-06,0.047932
2018-02-07,0.061226
2018-02-08,0.125044
2018-02-09,0.083782
2018-02-12,0.075543
2018-02-13,0.062016
2018-02-14,0.083013
2018-02-15,0.089887
2018-02-16,0.050258
2018-02-19,0.073594
2018-02-20,0.057147
2018-02-21,0.056195
2018-02-22,0.048981
2018-02-23,0.012372
2018-02-26,0.009359
2018-02-27,0.029685
2018-02-28,0.011679
2018-03-01,-0.007975
2018-03-02,-0.012871
2018-03-05,-0.008710
2018-03-06,0.032943
2018-03-07,0.025832
2018-03-08,0.017148
2018-03-09,0.015932
2018-03-12,-0.005622
2018-03-13,-0.007300
2018-03-14,-0.016809
2018-03-15,-0.039666
2018-03-16,-0.036255
2018-03-19,-0.032243
2018-03-20,-0.034437
2018-03-21,-0.024684
2018-03-22,-0.081739
2018-03-23,-0.068008
2018-03-26,-0.069122
2018-03-27,-0.088674
2018-03-28,-0.097158
2018-03-29,-0.104291
2018-04-03,-0.097342
2018-04-04,-0.101593
2018-04-05,-0.082940
2018-04-06,-0.089859
2018-04-09,-0.085842
2018-04-10,-0.071987
2018-04-11,-0.079386
2018-04-12,-0.076669
2018-04-13,-0.075390
2018-04-16,-0.075215
2018-04-17,-0.083812
2018-04-18,-0.074819
2018-04-19,-0.023230
2018-04-20,-0.014668
2018-04-23,0.000709
2018-04-24,0.012117
2018-04-25,0.007725
2018-04-26,-0.000024
2018-04-27,-0.041546
2018-04-30,-0.043290
2018-05-02,-0.038841
2018-05-03,-0.063519
2018-05-04,-0.063620
2018-05-07,-0.074577
2018-05-08,-0.057930
2018-05-09,-0.045410
2018-05-10,-0.065488
2018-05-11,-0.045701
2018-05-14,-0.004027
2018-05-15,0.017400
2018-05-16,-0.014735
2018-05-17,-0.006068
2018-05-18,-0.017335
2018-05-21,-0.068929
2018-05-22,-0.063166
2018-05-23,-0.100206
2018-05-24,-0.131920
2018-05-25,-0.194970
2018-05-28,-0.241075
2018-05-29,-0.266496
2018-05-30,-0.269203
2018-05-31,-0.249491
2018-06-01,-0.184653
2018-06-04,-0.170815
2018-06-05,-0.200798
2018-06-06,-0.135087
2018-06-07,-0.105797
2018-06-08,-0.155745
2018-06-11,-0.106508
2018-06-12,-0.099682
2018-06-13,-0.120148
2018-06-14,-0.156926
2018-06-15,-0.196298
2018-06-18,-0.202618
2018-06-19,-0.230548
2018-06-20,-0.223806
2018-06-21,-0.258756
2018-06-22,-0.264289
2018-06-25,-0.259299
2018-06-26,-0.255531
2018-06-27,-0.257341
2018-06-28,-0.272223
2018-06-29,-0.262053
2018-07-02,-0.273614
2018-07-03,-0.264311
2018-07-04,-0.257443
2018-07-05,-0.248660
2018-07-06,-0.262290
2018-07-09,-0.245288
2018-07-10,-0.238281
2018-07-11,-0.238765
2018-07-12,-0.250038
2018-07-13,-0.266710
2018-07-16,-0.242128
2018-07-17,-0.249816
2018-07-18,-0.258784
2018-07-19,-0.259859
2018-07-20,-0.239634
2018-07-23,-0.211186
2018-07-24,-0.204184
2018-07-25,-0.205732
2018-07-26,-0.208531
2018-07-27,-0.195875
2018-07-30,-0.162169
2018-07-31,-0.161894
2018-08-01,-0.122287
2018-08-02,-0.139671
2018-08-03,-0.182563
2018-08-06,-0.195468
2018-08-07,-0.184727
2018-08-08,-0.195239
2018-08-09,-0.222523
2018-08-10,-0.263170
2018-08-13,-0.264264
2018-08-14,-0.263076
2018-08-15,-0.276534
2018-08-16,-0.274212
2018-08-17,-0.281939
2018-08-20,-0.280467
2018-08-21,-0.253297
2018-08-22,-0.242552
2018-08-23,-0.230109
2018-08-24,-0.219129
2018-08-27,-0.202635
2018-08-28,-0.196978
2018-08-29,-0.175247
2018-08-30,-0.218566
2018-08-31,-0.232372
2018-09-03,-0.238973
2018-09-04,-0.222180
2018-09-05,-0.179983
2018-09-06,-0.195795
2018-09-07,-0.181104
2018-09-10,-0.169408
2018-09-11,-0.144121
2018-09-12,-0.168881
2018-09-13,-0.150449
2018-09-14,-0.135004
2018-09-17,-0.117684
2018-09-18,-0.107865
2018-09-19,-0.100404
2018-09-20,-0.098331
2018-09-21,-0.121281
2018-09-24,-0.069752
2018-09-25,-0.048953
2018-09-26,-0.044489
2018-09-27,-0.045766
2018-09-28,-0.090254
2018-10-01,-0.076450
2018-10-02,-0.129385
2018-10-03,-0.106396
2018-10-04,-0.046260
2018-10-05,-0.030377
2018-10-08,-0.051164
2018-10-09,-0.051670
2018-10-10,-0.029447
2018-10-11,-0.049641
2018-10-12,-0.070682
2018-10-15,-0.083074
2018-10-16,-0.088591
2018-10-17,-0.107730
2018-10-18,-0.116108
2018-10-19,-0.136956
2018-10-22,-0.122818
2018-10-23,-0.141693
2018-10-24,-0.162532
2018-10-25,-0.162359
2018-10-26,-0.190854
2018-10-29,-0.163858
2018-10-30,-0.182297
2018-10-31,-0.170639
2018-11-01,-0.157764
2018-11-02,-0.144485
2018-11-05,-0.150609
2018-11-06,-0.143741
2018-11-07,-0.122836
2018-11-08,-0.119719
2018-11-09,-0.145564
2018-11-12,-0.168677
2018-11-13,-0.160178
2018-11-14,-0.153593
2018-11-15,-0.202430
2018-11-16,-0.195411
2018-11-19,-0.173384
2018-11-20,-0.198597
2018-11-21,-0.180295
2018-11-22,-0.176014
2018-11-23,-0.202495
2018-11-26,-0.178923
2018-11-27,-0.199067
2018-11-28,-0.192104
2018-11-29,-0.217611
2018-11-30,-0.234259
2018-12-03,-0.229846
2018-12-04,-0.246597
2018-12-05,-0.252941
2018-12-06,-0.278737
2018-12-07,-0.240807
2018-12-10,-0.225579
2018-12-11,-0.247019
2018-12-12,-0.219754
2018-12-13,-0.230987
2018-12-14,-0.242694
2018-12-17,-0.232583
2018-12-18,-0.236404
2018-12-19,-0.234036
2018-12-20,-0.240437
2018-12-21,-0.240179
2018-12-27,-0.266807
2018-12-28,-0.262847
2019-01-02,-0.329729
2019-01-03,-0.316077
2019-01-04,-0.301293
2019-01-07,-0.286962
2019-01-08,-0.264709
2019-01-09,-0.272804
2019-01-10,-0.300716
2019-01-11,-0.314029
2019-01-14,-0.322170
2019-01-15,-0.333023
2019-01-16,-0.316485
2019-01-17,-0.303559
2019-01-18,-0.292341
2019-01-21,-0.286225
2019-01-22,-0.297049
2019-01-23,-0.298476
2019-01-24,-0.328903
2019-01-25,-0.313155
2019-01-28,-0.303731
2019-01-29,-0.302470
2019-01-30,-0.301269
2019-01-31,-0.320057
2019-02-01,-0.328080
2019-02-04,-0.313781
2019-02-05,-0.303255
2019-02-06,-0.309376
2019-02-07,-0.354684
2019-02-08,-0.374222
2019-02-11,-0.353315
2019-02-12,-0.343158
2019-02-13,-0.335440
2019-02-14,-0.360550
2019-02-15,-0.350828
2019-02-18,-0.352862
2019-02-19,-0.352248
2019-02-20,-0.356193
2019-02-21,-0.320725
2019-02-22,-0.348969
2019-02-25,-0.337208
2019-02-26,-0.332827
2019-02-27,-0.306336
2019-02-28,-0.278002
2019-03-01,-0.259724
2019-03-04,-0.279707
2019-03-05,-0.287467
2019-03-06,-0.314430
2019-03-07,-0.360349
2019-03-08,-0.351772
2019-03-11,-0.363637
2019-03-12,-0.360960
2019-03-13,-0.360960
2019-03-14,-0.348418
2019-03-15,-0.344450
2019-03-18,-0.339086
2019-03-19,-0.318733
2019-03-20,-0.331420
2019-03-21,-0.360323
2019-03-22,-0.405297
2019-03-25,-0.395307
2019-03-26,-0.391679
2019-03-27,-0.464595
2019-03-28,-0.443323
2019-03-29,-0.448789
2019-04-01,-0.436630
2019-04-02,-0.437884
2019-04-03,-0.405490
2019-04-04,-0.407637
2019-04-05,-0.400379
2019-04-08,-0.399283
2019-04-09,-0.405301
2019-04-10,-0.435279
2019-04-11,-0.422841
2019-04-12,-0.372580
2019-04-15,-0.362179
2019-04-16,-0.370935
2019-04-17,-0.354888
2019-04-18,-0.391250
2019-04-23,-0.384991
2019-04-24,-0.416958
2019-04-25,-0.418781
2019-04-26,-0.426887
2019-04-29,-0.404504
2019-04-30,-0.388772
2019-05-02,-0.411608
2019-05-03,-0.411038
2019-05-06,-0.412591
2019-05-07,-0.446132
2019-05-08,-0.458639
2019-05-09,-0.469405
2019-05-10,-0.448374
2019-05-13,-0.464677
2019-05-14,-0.476588
2019-05-15,-0.507119
2019-05-16,-0.481103
2019-05-17,-0.499670
2019-05-20,-0.491414
2019-05-21,-0.480644
2019-05-22,-0.483265
2019-05-23,-0.505655
2019-05-24,-0.499370
2019-05-27,-0.519837
2019-05-28,-0.525934
2019-05-29,-0.539785
2019-05-30,-0.532882
2019-05-31,-0.564250
2019-06-03,-0.554704
2019-06-04,-0.550336
2019-06-05,-0.578882
2019-06-06,-0.558380
2019-06-07,-0.584973
2019-06-10,-0.566107
2019-06-11,-0.571741
2019-06-12,-0.573668
2019-06-13,-0.576285
2019-06-14,-0.583110
2019-06-17,-0.577172
2019-06-18,-0.654003
2019-06-19,-0.626700
2019-06-20,-0.643104
2019-06-21,-0.609838
2019-06-24,-0.623447
2019-06-25,-0.642678
2019-06-26,-0.636536
2019-06-27,-0.624986
2019-06-28,-0.644169
2019-07-01,-0.665114
2019-07-02,-0.672528
2019-07-03,-0.676471
2019-07-04,-0.684563
2019-07-05,-0.646311
2019-07-08,-0.669320
2019-07-09,-0.645634
2019-07-10,-0.615958
2019-07-11,-0.602039
2019-07-12,-0.591477
2019-07-15,-0.615762
2019-07-16,-0.618789
2019-07-17,-0.649094
2019-07-18,-0.656280
2019-07-19,-0.675998
2019-07-22,-0.688970
2019-07-23,-0.698818
2019-07-24,-0.715880
2019-07-25,-0.671580
2019-07-26,-0.693479
2019-07-29,-0.711460
2019-07-30,-0.707287
2019-07-31,-0.724145
2019-08-01,-0.734245
2019-08-02,-0.750533
2019-08-05,-0.776561
2019-08-06,-0.789399
2019-08-07,-0.845302
2019-08-08,-0.820794
2019-08-09,-0.834993
2019-08-12,-0.847728
2019-08-13,-0.839349
2019-08-14,-0.865392
2019-08-15,-0.893291
2019-08-16,-0.904825
2019-08-19,-0.884437
2019-08-20,-0.918779
2019-08-21,-0.897221
2019-08-22,-0.860177
2019-08-23,-0.875613
2019-08-26,-0.877969
2019-08-27,-0.885993
2019-08-28,-0.902172
2019-08-29,-0.901564
2019-08-30,-0.916335
2019-09-02,-0.912164
2019-09-03,-0.902071
2019-09-04,-0.874970
2019-09-05,-0.837309
2019-09-06,-0.857336
2019-09-09,-0.827550
2019-09-10,-0.824273
2019-09-11,-0.821522
2019-09-12,-0.786527
2019-09-13,-0.724678
2019-09-16,-0.716420
2019-09-17,-0.714559
2019-09-18,-0.724597
2019-09-19,-0.708742
2019-09-20,-0.718786
2019-09-23,-0.762786
2019-09-24,-0.758710
2019-09-25,-0.765730
2019-09-26,-0.754212
2019-09-27,-0.773479
2019-09-30,-0.770481
2019-10-01,-0.747786
2019-10-02,-0.748716
2019-10-03,-0.782341
2019-10-04,-0.782599
2019-10-07,-0.783756
2019-10-08,-0.801179
2019-10-09,-0.772702
2019-10-10,-0.696546
2019-10-11,-0.682578
2019-10-14,-0.681391
2019-10-15,-0.680158
2019-10-16,-0.629584
2019-10-17,-0.629808
2019-10-18,-0.613133
2019-10-21,-0.601049
2019-10-22,-0.608199
2019-10-23,-0.620643
2019-10-24,-0.622444
2019-10-25,-0.604004
2019-10-28,-0.572594
2019-10-29,-0.577205
2019-10-30,-0.580084
2019-10-31,-0.620725
2019-11-01,-0.617603
2019-11-04,-0.596857
2019-11-05,-0.572802
2019-11-06,-0.565629
2019-11-07,-0.525901
2019-11-08,-0.516828
2019-11-11,-0.516078
2019-11-12,-0.514565
2019-11-13,-0.545235
2019-11-14,-0.568154
2019-11-15,-0.568289
2019-11-18,-0.572548
2019-11-19,-0.566422
2019-11-20,-0.584914
2019-11-21,-0.558581
2019-11-22,-0.571498
2019-11-25,-0.577576
2019-11-26,-0.592097
2019-11-27,-0.578494
2019-11-28,-0.580243
2019-11-29,-0.567529
2019-12-02,-0.518672
2019-12-03,-0.567708
2019-12-04,-0.575549
2019-12-05,-0.533273
2019-12-06,-0.539439
2019-12-09,-0.554709
2019-12-10,-0.545736
2019-12-11,-0.557986
2019-12-12,-0.545679
2019-12-13,-0.518374
2019-12-16,-0.537605
2019-12-17,-0.532200
2019-12-18,-0.511341
2019-12-19,-0.486016
2019-12-20,-0.500637
2019-12-23,-0.508232
2019-12-27,-0.499445
2019-12-30,-0.446377
2020-01-02,-0.478606
2020-01-03,-0.520394
2020-01-06,-0.541757
2020-01-07,-0.532864
2020-01-08,-0.515378
2020-01-09,-0.480771
2020-01-10,-0.476936
2020-01-13,-0.459723
2020-01-14,-0.465400
2020-01-15,-0.484652
2020-01-16,-0.488901
2020-01-17,-0.486053
2020-01-20,-0.490923
2020-01-21,-0.486799
2020-01-22,-0.515292
2020-01-23,-0.542245
2020-01-24,-0.548601
2020-01-27,-0.593877
2020-01-28,-0.586342
2020-01-29,-0.595243
2020-01-30,-0.612630
2020-01-31,-0.635856
2020-02-03,-0.647418
2020-02-04,-0.622323
2020-02-05,-0.600994
2020-02-06,-0.586976
2020-02-07,-0.617331
2020-02-10,-0.618581
2020-02-11,-0.620615
2020-02-12,-0.608017
2020-02-13,-0.607090
2020-02-14,-0.628042
2020-02-17,-0.625349
2020-02-18,-0.620976
2020-02-19,-0.623951
2020-02-20,-0.629376
2020-02-21,-0.629843
2020-02-24,-0.662652
2020-02-25,-0.677037
2020-02-26,-0.678638
2020-02-27,-0.730982
2020-02-28,-0.780545
2020-03-02,-0.808645
2020-03-03,-0.773415
2020-03-04,-0.814926
2020-03-05,-0.845009
2020-03-06,-0.876859
2020-03-09,-0.996219
2020-03-10,-0.921194
2020-03-11,-0.900764
2020-03-12,-0.913885
2020-03-13,-0.769582
2020-03-16,-0.671092
2020-03-17,-0.633629
2020-03-18,-0.493086
2020-03-19,-0.401238
2020-03-20,-0.500030
2020-03-23,-0.541789
2020-03-24,-0.505888
2020-03-25,-0.478868
2020-03-26,-0.531871
2020-03-27,-0.642335
2020-03-30,-0.688523
2020-03-31,-0.665276
2020-04-01,-0.620679
2020-04-02,-0.588843
2020-04-03,-0.597769
2020-04-06,-0.579599
2020-04-07,-0.523384
2020-04-08,-0.491202
2020-04-09,-0.510897
2020-04-14,-0.555821
2020-04-15,-0.612890
2020-04-16,-0.609273
2020-04-17,-0.624530
2020-04-20,-0.603768
2020-04-21,-0.611218
2020-04-22,-0.582930
2020-04-23,-0.591847
2020-04-24,-0.609046
2020-04-27,-0.594750
2020-04-28,-0.627826
2020-04-29,-0.660404
2020-04-30,-0.721052
2020-05-04,-0.717082
2020-05-05,-0.744265
2020-05-06,-0.712008
2020-05-07,-0.713422
2020-05-08,-0.727757
2020-05-11,-0.713730
2020-05-12,-0.676384
2020-05-13,-0.698648
2020-05-14,-0.721442
2020-05-15,-0.716624
2020-05-18,-0.682777
2020-05-19,-0.630935
2020-05-20,-0.632815
2020-05-21,-0.642965
2020-05-22,-0.643294
2020-05-25,-0.644489
2020-05-26,-0.591080
2020-05-27,-0.580706
2020-05-28,-0.590678
2020-05-29,-0.608127
2020-06-01,-0.590693
2020-06-02,-0.606347
2020-06-03,-0.562370
2020-06-04,-0.543363
2020-06-05,-0.511468
2020-06-08,-0.543957
2020-06-09,-0.544504
2020-06-10,-0.535357
2020-06-11,-0.592640
2020-06-12,-0.610510
2020-06-15,-0.624138
2020-06-16,-0.602558
2020-06-17,-0.613503
2020-06-18,-0.619848
2020-06-19,-0.626975
2020-06-22,-0.663483
2020-06-23,-0.644372
2020-06-24,-0.635274
2020-06-25,-0.683931
2020-06-26,-0.680724
2020-06-29,-0.670680
2020-06-30,-0.686989
2020-07-01,-0.617670
2020-07-02,-0.642509
2020-07-03,-0.655959
2020-07-06,-0.647857
2020-07-07,-0.643210
2020-07-08,-0.643273
2020-07-09,-0.657125
2020-07-10,-0.679420
2020-07-13,-0.624545
2020-07-14,-0.639443
2020-07-15,-0.652852
2020-07-16,-0.666394
2020-07-17,-0.665222
2020-07-20,-0.671769
2020-07-21,-0.666233
2020-07-22,-0.695014
2020-07-23,-0.676800
2020-07-24,-0.645949
2020-07-27,-0.678170
2020-07-28,-0.694656
2020-07-29,-0.696745
2020-07-30,-0.733663
2020-07-31,-0.715228
2020-08-03,-0.705045
2020-08-04,-0.738477
2020-08-05,-0.699936
2020-08-06,-0.727344
2020-08-07,-0.718035
2020-08-10,-0.720075
2020-08-11,-0.682178
2020-08-12,-0.666744
2020-08-13,-0.626578
2020-08-14,-0.629706
2020-08-17,-0.643013
2020-08-18,-0.657184
2020-08-19,-0.676396
2020-08-20,-0.698466
2020-08-21,-0.696910
2020-08-24,-0.693388
2020-08-25,-0.641592
2020-08-26,-0.626692
2020-08-27,-0.650653
2020-08-28,-0.646179
2020-08-31,-0.629841
2020-09-01,-0.637460
2020-09-02,-0.684595
2020-09-03,-0.701446
2020-09-04,-0.691428
2020-09-07,-0.694991
2020-09-08,-0.710930
2020-09-09,-0.680221
2020-09-10,-0.654088
2020-09-11,-0.683829
2020-09-14,-0.698890
2020-09-15,-0.687977
2020-09-16,-0.695024
2020-09-17,-0.698190
2020-09-18,-0.702603
2020-09-21,-0.727276
2020-09-22,-0.714621
2020-09-23,-0.712242
2020-09-24,-0.715016
2020-09-25,-0.713539
2020-09-28,-0.712608
2020-09-29,-0.720015
2020-09-30,-0.713959
2020-10-01,-0.705192
2020-10-02,-0.728363
2020-10-05,-0.715262
2020-10-06,-0.718563
2020-10-07,-0.700219
2020-10-08,-0.715127
2020-10-09,-0.739112
2020-10-12,-0.742992
2020-10-13,-0.751127
2020-10-14,-0.768807
2020-10-15,-0.795873
2020-10-16,-0.809242
2020-10-19,-0.803263
2020-10-20,-0.801042
2020-10-21,-0.786301
2020-10-22,-0.775222
2020-10-23,-0.756683
2020-10-26,-0.753116
2020-10-27,-0.782946
2020-10-28,-0.802751
2020-10-29,-0.813916
2020-10-30,-0.808496
2020-11-02,-0.811949
2020-11-03,-0.804228
2020-11-04,-0.817245
2020-11-05,-0.799292
2020-11-06,-0.791850
2020-11-09,-0.740676
2020-11-10,-0.698425
2020-11-11,-0.709889
2020-11-12,-0.719783
2020-11-13,-0.738741
2020-11-16,-0.739575
2020-11-17,-0.741213
2020-11-18,-0.739201
2020-11-19,-0.747274
2020-11-20,-0.761942
2020-11-23,-0.760634
2020-11-24,-0.761368
2020-11-25,-0.761957
2020-11-26,-0.763070
2020-11-27,-0.762559
2020-11-30,-0.752005
2020-12-01,-0.721374
2020-12-02,-0.702260
2020-12-03,-0.734314
2020-12-04,-0.740055
2020-12-07,-0.767429
2020-12-08,-0.787922
2020-12-09,-0.784972
2020-12-10,-0.783278
2020-12-11,-0.809979
2020-12-14,-0.785021
2020-12-15,-0.787381
2020-12-16,-0.738205
2020-12-17,-0.754185
2020-12-18,-0.745008
2020-12-21,-0.758667
2020-12-22,-0.752748
2020-12-23,-0.717495
2020-12-28,-0.700765
2020-12-29,-0.723169
2020-12-30,-0.723951
2021-01-04,-0.745520
2021-01-05,-0.748651
2021-01-06,-0.725173
2021-01-07,-0.731133
2021-01-08,-0.731686
2021-01-11,-0.714708
2021-01-12,-0.696334
2021-01-13,-0.715531
2021-01-14,-0.751784
2021-01-15,-0.741771
2021-01-18,-0.728642
2021-01-19,-0.718675
2021-01-20,-0.727836
2021-01-21,-0.704570
2021-01-22,-0.719277
2021-01-25,-0.747490
2021-01-26,-0.744268
2021-01-27,-0.758442
2021-01-28,-0.754401
2021-01-29,-0.736799
2021-02-01,-0.727711
2021-02-02,-0.707656
2021-02-03,-0.698594
2021-02-04,-0.683592
2021-02-05,-0.693848
2021-02-08,-0.674388
2021-02-09,-0.685470
2021-02-10,-0.693054
2021-02-11,-0.708175
2021-02-12,-0.680158
2021-02-15,-0.651730
2021-02-16,-0.641539
2021-02-17,-0.641155
2021-02-18,-0.613776
2021-02-19,-0.611189
2021-02-22,-0.628880
2021-02-23,-0.602306
2021-02-24,-0.587676
2021-02-25,-0.549735
2021-02-26,-0.553486
2021-03-01,-0.624844
2021-03-02,-0.621487
2021-03-03,-0.612867
2021-03-04,-0.620023
2021-03-05,-0.605395
2021-03-08,-0.598729
2021-03-09,-0.616246
2021-03-10,-0.607629
2021-03-11,-0.629978
2021-03-12,-0.607830
2021-03-15,-0.627561
2021-03-16,-0.645239
2021-03-17,-0.621430
2021-03-18,-0.602095
2021-03-19,-0.625370
2021-03-22,-0.640017
2021-03-23,-0.661913
2021-03-24,-0.664253
2021-03-25,-0.681580
2021-03-26,-0.667111
2021-03-29,-0.655495
2021-03-30,-0.609634
2021-03-31,-0.619152
2021-04-01,-0.646027
2021-04-06,-0.635611
2021-04-07,-0.644033
2021-04-08,-0.660179
2021-04-09,-0.618677
2021-04-12,-0.624865
2021-04-13,-0.625796
2021-04-14,-0.613338
2021-04-15,-0.608402
2021-04-16,-0.602716
2021-04-19,-0.569902
2021-04-20,-0.586938
2021-04-21,-0.609958
2021-04-22,-0.603987
2021-04-23,-0.595557
2021-04-26,-0.600216
2021-04-27,-0.591875
2021-04-28,-0.578463
2021-04-29,-0.547661
2021-04-30,-0.567790
2021-05-03,-0.566418
2021-05-04,-0.596758
2021-05-05,-0.589689
2021-05-06,-0.588347
2021-05-07,-0.583804
2021-05-10,-0.576878
2021-05-11,-0.540497
2021-05-12,-0.510734
2021-05-13,-0.497501
2021-05-14,-0.502578
2021-05-17,-0.490893
2021-05-18,-0.493677
2021-05-19,-0.495581
2021-05-20,-0.487094
2021-05-21,-0.512510
2021-05-24,-0.508825
2021-05-25,-0.538744
2021-05-26,-0.565402
2021-05-27,-0.542849
2021-05-28,-0.553035
2021-05-31,-0.542524
2021-06-01,-0.546212
2021-06-02,-0.560684
2021-06-03,-0.556284
2021-06-04,-0.573682
2021-06-07,-0.562217
2021-06-08,-0.574060
2021-06-09,-0.602430
2021-06-10,-0.592149
2021-06-11,-0.611782
2021-06-14,-0.594629
2021-06-15,-0.583772
2021-06-16,-0.586694
2021-06-17,-0.565146
2021-06-18,-0.564380
2021-06-21,-0.539541
2021-06-22,-0.538739
2021-06-23,-0.553403
2021-06-24,-0.554280
2021-06-25,-0.537769
2021-06-28,-0.545623
2021-06-29,-0.540150
2021-06-30,-0.559759
2021-07-01,-0.571018
2021-07-02,-0.589254
2021-07-05,-0.572052
2021-07-06,-0.603062
2021-07-07,-0.626715
2021-07-08,-0.638626
2021-07-09,-0.620888
2021-07-12,-0.625842
2021-07-13,-0.627505
2021-07-14,-0.630899
2021-07-15,-0.646101
2021-07-16,-0.655125
2021-07-19,-0.672539
2021-07-20,-0.712519
2021-07-21,-0.696986
2021-07-22,-0.703481
2021-07-23,-0.709687
2021-07-26,-0.710581
2021-07-27,-0.735535
2021-07-28,-0.744718
2021-07-29,-0.743335
2021-07-30,-0.747668
2021-08-02,-0.763496
2021-08-03,-0.783290
2021-08-04,-0.794869
2021-08-05,-0.791350
2021-08-06,-0.752954
2021-08-09,-0.756019
2021-08-10,-0.758796
2021-08-11,-0.736576
2021-08-12,-0.732978
2021-08-13,-0.731762
2021-08-16,-0.752971
2021-08-17,-0.740129
2021-08-18,-0.746821
2021-08-19,-0.745723
2021-08-20,-0.751299
2021-08-23,-0.747672
2021-08-24,-0.741726
2021-08-25,-0.719192
2021-08-26,-0.697091
2021-08-27,-0.695685
2021-08-30,-0.708261
2021-08-31,-0.684620
2021-09-01,-0.680468
2021-09-02,-0.688000
2021-09-03,-0.669214
2021-09-06,-0.667933
2021-09-07,-0.635141
2021-09-08,-0.632759
2021-09-09,-0.654924
2021-09-10,-0.648324
2021-09-13,-0.647326
2021-09-14,-0.647679
2021-09-15,-0.632919
2021-09-16,-0.626500
2021-09-17,-0.613335
2021-09-20,-0.643521
2021-09-21,-0.654270
2021-09-22,-0.642045
2021-09-23,-0.597123
2021-09-24,-0.568449
2021-09-27,-0.562709
2021-09-28,-0.534315
2021-09-29,-0.567634
2021-09-30,-0.540946
2021-10-01,-0.579585
2021-10-04,-0.563572
2021-10-05,-0.565709
2021-10-06,-0.553029
2021-10-07,-0.558433
2021-10-08,-0.537093
2021-10-11,-0.507196
2021-10-12,-0.487507
2021-10-13,-0.494025
2021-10-14,-0.527843
2021-10-15,-0.509500
2021-10-18,-0.473296
2021-10-19,-0.424542
2021-10-20,-0.469138
2021-10-21,-0.435994
2021-10-22,-0.423558
2021-10-25,-0.450790
2021-10-26,-0.457960
2021-10-27,-0.481274
2021-10-28,-0.442041
2021-10-29,-0.369895
2021-11-01,-0.387070
2021-11-02,-0.474926
2021-11-03,-0.467593
2021-11-04,-0.558608
2021-11-05,-0.586486
2021-11-08,-0.588878
2021-11-09,-0.595979
2021-11-10,-0.565585
2021-11-11,-0.531915
2021-11-12,-0.567856
2021-11-15,-0.554488
2021-11-16,-0.562877
2021-11-17,-0.562742
2021-11-18,-0.570125
2021-11-19,-0.630806
2021-11-22,-0.622750
2021-11-23,-0.562029
2021-11-24,-0.556304
2021-11-25,-0.560986
2021-11-26,-0.626982
2021-11-29,-0.600141
2021-11-30,-0.637105
2021-12-01,-0.580485
2021-12-02,-0.624648
2021-12-03,-0.606302
2021-12-06,-0.628276
2021-12-07,-0.600065
2021-12-08,-0.558807
2021-12-09,-0.599609
2021-12-10,-0.591144
2021-12-13,-0.605708
2021-12-15,-0.591315
2021-12-16,-0.594918
2021-12-17,-0.618772
2021-12-20,-0.621839
2021-12-21,-0.584755
2021-12-22,-0.549302
2021-12-23,-0.527286
2021-12-24,-0.527899
2021-12-27,-0.515999
2021-12-28,-0.513004
2021-12-29,-0.493206
2021-12-30,-0.477469
2021-12-31,-0.478652
2022-01-03,-0.437004
2022-01-04,-0.433498
2022-01-05,-0.421918
2022-01-06,-0.398181
2022-01-07,-0.382148
2022-01-10,-0.361790
2022-01-11,-0.354733
2022-01-12,-0.379690
2022-01-13,-0.383083
2022-01-14,-0.368554
2022-01-17,-0.335178
2022-01-18,-0.338083
2022-01-19,-0.321601
2022-01-20,-0.339963
2022-01-21,-0.378952
2022-01-24,-0.413727
2022-01-25,-0.413091
2022-01-26,-0.387462
2022-01-27,-0.356722
2022-01-28,-0.337567
2022-01-31,-0.267003
2022-02-01,-0.249815
2022-02-02,-0.224254
2022-02-03,-0.096441
2022-02-04,0.017093
2022-02-07,0.048684
2022-02-08,0.063650
2022-02-09,0.008700
2022-02-10,0.042227
2022-02-11,0.053351
2022-02-14,0.017840
2022-02-15,0.068096
2022-02-16,0.020063
2022-02-17,-0.016196
2022-02-18,-0.067218
2022-02-21,-0.071176
2022-02-22,0.026045
2022-02-23,0.038607
2022-02-24,-0.048857
2022-02-25,-0.013720
2022-02-28,-0.112991
2022-03-01,-0.326992
2022-03-02,-0.298307
2022-03-03,-0.220241
2022-03-04,-0.383866
2022-03-07,-0.331619
2022-03-08,-0.222629
2022-03-09,-0.113810
2022-03-10,-0.007049
2022-03-11,0.033133
2022-03-14,0.086538
2022-03-15,0.045582
2022-03-16,0.089755
2022-03-17,0.122463
2022-03-18,0.101007
2022-03-21,0.157671
2022-03-22,0.258084
2022-03-23,0.236921
2022-03-24,0.281587
2022-03-25,0.349062
2022-03-28,0.382228
2022-03-29,0.421544
2022-03-30,0.536392
2022-03-31,0.423416
2022-04-01,0.440191
2022-04-04,0.370334
2022-04-05,0.428391
2022-04-06,0.498169
2022-04-07,0.525973
2022-04-08,0.539141
2022-04-11,0.648596
2022-04-12,0.613089
2022-04-13,0.598012
2022-04-14,0.613421
2022-04-19,0.699289
2022-04-20,0.634838
2022-04-21,0.696199
2022-04-22,0.779919
2022-04-25,0.686086
2022-04-26,0.659932
2022-04-27,0.621378
2022-04-28,0.719014
2022-04-29,0.743911
2022-05-02,0.776926
2022-05-03,0.741327
2022-05-04,0.821549
2022-05-05,0.812014
2022-05-06,0.903652
2022-05-09,0.877999
2022-05-10,0.779645
2022-05-11,0.780742
2022-05-12,0.614579
2022-05-13,0.700524
2022-05-16,0.695013
2022-05-17,0.837908
2022-05-18,0.869944
2022-05-19,0.775649
2022-05-20,0.784674
2022-05-23,0.798804
2022-05-24,0.829570
2022-05-25,0.767114
2022-05-26,0.733880
2022-05-27,0.731067
2022-05-30,0.886933
2022-05-31,0.967475
2022-06-01,0.944222
2022-06-02,1.081462
2022-06-03,1.115651
2022-06-06,1.144525
2022-06-07,1.134213
2022-06-08,1.212309
2022-06-09,1.298348
2022-06-10,1.363081
2022-06-13,1.505681
2022-06-14,1.587617
2022-06-15,1.547101
2022-06-16,1.677735
2022-06-17,1.546421
2022-06-20,1.545383
2022-06-21,1.572959
2022-06-22,1.439045
2022-06-23,1.159112
2022-06-24,1.249372
2022-06-27,1.287068
2022-06-28,1.406469
2022-06-29,1.324569
2022-06-30,1.105550
2022-07-01,0.957606
2022-07-04,1.033156
2022-07-05,0.897784
2022-07-06,0.787138
2022-07-07,0.925982
2022-07-08,0.942901
2022-07-11,0.864774
2022-07-12,0.748221
2022-07-13,0.837996
2022-07-14,0.897992
2022-07-15,0.839444
2022-07-18,0.915485
2022-07-19,0.975144
2022-07-20,0.969766
2022-07-21,1.020536
2022-07-22,0.768352
2022-07-25,0.792923
2022-07-26,0.643034
2022-07-27,0.667520
2022-07-28,0.502884
2022-07-29,0.551334
2022-08-01,0.480413
2022-08-02,0.462850
2022-08-03,0.594221
2022-08-04,0.532284
2022-08-05,0.649593
2022-08-08,0.612837
2022-08-09,0.687363
2022-08-10,0.616150
2022-08-11,0.658994
2022-08-12,0.682498
2022-08-15,0.678330
2022-08-16,0.712262
2022-08-17,0.838494
2022-08-18,0.871083
2022-08-19,0.980515
2022-08-22,1.048047
2022-08-23,1.119745
2022-08-24,1.149863
2022-08-25,1.093056
2022-08-26,1.187107
2022-08-29,1.301709
2022-08-30,1.297239
2022-08-31,1.364827
2022-09-01,1.381684
2022-09-02,1.270191
2022-09-05,1.356021
2022-09-06,1.341307
2022-09-07,1.336119
2022-09-08,1.401309
2022-09-09,1.502240
2022-09-12,1.464748
2022-09-13,1.564901
2022-09-14,1.599998
2022-09-15,1.609432
2022-09-16,1.704593
2022-09-19,1.695865
2022-09-20,1.840249
2022-09-21,1.803755
2022-09-22,1.903187
2022-09-23,1.955407
2022-09-26,2.026671
2022-09-27,2.080186
2022-09-28,2.037383
2022-09-29,2.086909
2022-09-30,1.953103
2022-10-03,1.846346
2022-10-04,1.726629
2022-10-05,1.821217
2022-10-06,1.897066
2022-10-07,2.002705
2022-10-10,1.998964
2022-10-11,2.101652
2022-10-12,2.086726
2022-10-13,2.092888
2022-10-14,2.019156
2022-10-17,2.014753
2022-10-18,2.040672
2022-10-19,2.164931
2022-10-20,2.213895
2022-10-21,2.211598
2022-10-24,2.108266
2022-10-25,2.020431
2022-10-26,1.998238
2022-10-27,1.888206
2022-10-28,1.914886
2022-10-31,1.980471
2022-11-01,1.963470
2022-11-02,1.974148
2022-11-03,2.086341
2022-11-04,2.126096
2022-11-07,2.183868
2022-11-08,2.189404
2022-11-09,2.189404
2022-11-10,2.036128
2022-11-11,2.062442
2022-11-14,2.027529
2022-11-15,2.033414
2022-11-16,1.986902
2022-11-17,1.990699
2022-11-18,1.968813
2022-11-21,1.938660
2022-11-22,1.971672
2022-11-23,1.966560
2022-11-24,1.877470
2022-11-25,1.974616
2022-11-28,1.992633
2022-11-29,1.931199
2022-11-30,1.959184
2022-12-01,1.832203
2022-12-02,1.865568
2022-12-05,1.887548
2022-12-06,1.830279
2022-12-07,1.800508
2022-12-08,1.826139
2022-12-09,1.925676
2022-12-12,1.919560
2022-12-13,1.881783
2022-12-14,1.930595
2022-12-15,1.978569
2022-12-16,2.213009
2022-12-19,2.208580
2022-12-20,2.290521
2022-12-21,2.296299
2022-12-22,2.375317
2022-12-23,2.414544
2022-12-27,2.430859
2022-12-28,2.431940
2022-12-29,2.422944
2022-12-30,2.450907
2023-01-02,2.443439
2023-01-03,2.378829
2023-01-04,2.290647
2023-01-05,2.361702
2023-01-06,2.311519
2023-01-09,2.301507
2023-01-10,2.326958
2023-01-11,2.253515
2023-01-12,2.206112
2023-01-13,2.180030
2023-01-16,2.179013
2023-01-17,2.172734
2023-01-18,2.066209
2023-01-19,2.099670
2023-01-20,2.183905
2023-01-23,2.216655
2023-01-24,2.227444
2023-01-25,2.143494
2023-01-26,2.214077
2023-01-27,2.264166
2023-01-30,2.322220
2023-01-31,2.289458
2023-02-01,2.312145
2023-02-02,2.199796
2023-02-03,2.210114
2023-02-06,2.280753
2023-02-07,2.321971
2023-02-08,2.374995
2023-02-09,2.316728
2023-02-10,2.379739
2023-02-13,2.412530
2023-02-14,2.477024
2023-02-15,2.506521
2023-02-16,2.570742
2023-02-17,2.511574
2023-02-20,2.498806
2023-02-21,2.626418
2023-02-22,2.589394
2023-02-23,2.560734
2023-02-24,2.654706
2023-02-27,2.665565
2023-02-28,2.801031
2023-03-01,2.800068
2023-03-02,2.810285
2023-03-03,2.805710
2023-03-06,2.881660
2023-03-07,2.801890
2023-03-08,2.812615
2023-03-09,2.806902
2023-03-10,2.603181
2023-03-13,2.293532
2023-03-14,2.534778
2023-03-15,2.222294
2023-03-16,2.247994
2023-03-17,2.167458
2023-03-20,2.108315
2023-03-21,2.266353
2023-03-22,2.401860
2023-03-23,2.246495
2023-03-24,2.099509
2023-03-27,2.255869
2023-03-28,2.263042
2023-03-29,2.315895
2023-03-30,2.394740
2023-03-31,2.353588
2023-04-03,2.339682
2023-04-04,2.357709
2023-04-05,2.235879
2023-04-06,2.189220
2023-04-11,2.333715
2023-04-12,2.389260
2023-04-13,2.387281
2023-04-14,2.441188
2023-04-17,2.481269
2023-04-18,2.476500
2023-04-19,2.534908
2023-04-20,2.501171
2023-04-21,2.509848
2023-04-24,2.522310
2023-04-25,2.434553
2023-04-26,2.369750
2023-04-27,2.443237
2023-04-28,2.370434
2023-05-02,2.368644
2023-05-03,2.248682
2023-05-04,2.256380
2023-05-05,2.245943
2023-05-08,2.291520
2023-05-09,2.291237
2023-05-10,2.242364
2023-05-11,2.174836
2023-05-12,2.214408
2023-05-15,2.258259
2023-05-16,2.273224
2023-05-17,2.297998
2023-05-18,2.371378
2023-05-19,2.448087
2023-05-22,2.445207
2023-05-23,2.496721
2023-05-24,2.431497
2023-05-25,2.483245
2023-05-26,2.528198
2023-05-29,2.483675
2023-05-30,2.397364
2023-05-31,2.285026
2023-06-01,2.265776
2023-06-02,2.319931
2023-06-05,2.416131
2023-06-06,2.372899
2023-06-07,2.414496
2023-06-08,2.424828
2023-06-09,2.435373
2023-06-12,2.415021
2023-06-13,2.452970
2023-06-14,2.511746
2023-06-15,2.535362
2023-06-16,2.570268
2023-06-19,2.607043
2023-06-20,2.560626
2023-06-21,2.559223
2023-06-22,2.604646
2023-06-23,2.471258
2023-06-26,2.466888
2023-06-27,2.446554
2023-06-28,2.483938
2023-06-29,2.527091
2023-06-30,2.575417
2023-07-03,2.573194
2023-07-04,2.598917
2023-07-05,2.586687
2023-07-06,2.718800
2023-07-07,2.727345
2023-07-10,2.743236
2023-07-11,2.753699
2023-07-12,2.734021
2023-07-13,2.628414
2023-07-14,2.572445
2023-07-17,2.587026
2023-07-18,2.473719
2023-07-19,2.482943
2023-07-20,2.581838
2023-07-21,2.532746
2023-07-24,2.522734
2023-07-25,2.512766
2023-07-26,2.577089
2023-07-27,2.515013
2023-07-28,2.537104
2023-07-31,2.534655
2023-08-01,2.540422
2023-08-02,2.521113
2023-08-03,2.563778
2023-08-04,2.609761
2023-08-07,2.570444
2023-08-08,2.470425
2023-08-09,2.510492
2023-08-10,2.522555
2023-08-11,2.595402
2023-08-14,2.611609
2023-08-15,2.673760
2023-08-16,2.649655
2023-08-17,2.676504
2023-08-18,2.610450
2023-08-21,2.660707
2023-08-22,2.650710
2023-08-23,2.511268
2023-08-24,2.533069
2023-08-25,2.560519
2023-08-28,2.571501
2023-08-29,2.594310
2023-08-30,2.544032
2023-08-31,2.516474
2023-09-01,2.539804
2023-09-04,2.563650
2023-09-05,2.579226
2023-09-06,2.607368
2023-09-07,2.661869
2023-09-08,2.638352
2023-09-11,2.619860
2023-09-12,2.633978
2023-09-13,2.656169
2023-09-14,2.634634
2023-09-15,2.677407
2023-09-18,2.744188
2023-09-19,2.762768
2023-09-20,2.736170
2023-09-21,2.763482
2023-09-22,2.739757
2023-09-25,2.777209
2023-09-26,2.776466
2023-09-27,2.763482
2023-09-28,2.911812
2023-09-29,2.778480
2023-10-02,2.814511
2023-10-03,2.834295
2023-10-04,2.864079
2023-10-05,2.807988
2023-10-06,2.816890
2023-10-09,2.752512
2023-10-10,2.744430
2023-10-11,2.688946
2023-10-12,2.711631
2023-10-13,2.753992
2023-10-16,2.734651
2023-10-17,2.794071
2023-10-18,2.805285
2023-10-19,2.870721
2023-10-20,2.799750
2023-10-23,2.830811
2023-10-24,2.764482
2023-10-25,2.777803
2023-10-26,2.748286
2023-10-27,2.737304
2023-10-30,2.741164
2023-10-31,2.681065
2023-11-01,2.672728
2023-11-02,2.621580
2023-11-03,2.587661
2023-11-06,2.641670
2023-11-07,2.612226
2023-11-08,2.582364
2023-11-09,2.589757
2023-11-10,2.623349
2023-11-13,2.658202
2023-11-14,2.581791
2023-11-15,2.566103
2023-11-16,2.524870
2023-11-17,2.515049
2023-11-20,2.549494
2023-11-21,2.524622
2023-11-22,2.498392
2023-11-23,2.572756
2023-11-24,2.592966
2023-11-27,2.542137
2023-11-28,2.497847
2023-11-29,2.386225
2023-11-30,2.412220
2023-12-01,2.339906
2023-12-04,2.245692
2023-12-05,2.214796
2023-12-06,2.204811
2023-12-07,2.137396
2023-12-08,2.251140
2023-12-11,2.211627
2023-12-12,2.197660
2023-12-13,2.149041
2023-12-14,2.065618
2023-12-15,2.012510
2023-12-18,2.029345
2023-12-19,1.982339
2023-12-20,1.944372
2023-12-21,1.923009
2023-12-22,1.860312
2023-12-27,1.845807
2023-12-28,1.837241
2023-12-29,1.883776
2024-01-02,1.922011
2024-01-03,1.926352
2024-01-04,2.010880
2024-01-05,2.080786
2024-01-08,2.056363
2024-01-09,2.079993
2024-01-10,2.106951
2024-01-11,2.093533
2024-01-12,2.038329
2024-01-15,2.084757
2024-01-16,2.068294
2024-01-17,2.174417
2024-01-18,2.195579
2024-01-19,2.213247
2024-01-22,2.172882
2024-01-23,2.214466
2024-01-24,2.207389
2024-01-25,2.170110
2024-01-26,2.176507
2024-01-29,2.104074
2024-01-30,2.112240
2024-01-31,2.047361
2024-02-01,2.045630
2024-02-02,2.101605
2024-02-05,2.198663
2024-02-06,2.203768
2024-02-07,2.188183
2024-02-08,2.251830
2024-02-09,2.302878
2024-02-12,2.292416
2024-02-13,2.323553
2024-02-14,2.320464
2024-02-15,2.277001
2024-02-16,2.374727
2024-02-19,2.371986
2024-02-20,2.334579
2024-02-21,2.372221
2024-02-22,2.411125
2024-02-23,2.376715
2024-02-26,2.416364
2024-02-27,2.430029
2024-02-28,2.448793
2024-02-29,2.426652
2024-03-01,2.431107
2024-03-04,2.379628
2024-03-05,2.331482
2024-03-06,2.324139
2024-03-07,2.316515
2024-03-08,2.243500
2024-03-11,2.295278
2024-03-12,2.328491
2024-03-13,2.345143
2024-03-14,2.410465
2024-03-15,2.434830
2024-03-18,2.442453
2024-03-19,2.407086
2024-03-20,2.419946
2024-03-21,2.385367
2024-03-22,2.309236
2024-03-25,2.364038
2024-03-26,2.349448
2024-03-27,2.288746
2024-03-28,2.298922
2024-04-02,2.375336
2024-04-03,2.380510
2024-04-04,2.321016
2024-04-05,2.348748
2024-04-08,2.402902
2024-04-09,2.364642
2024-04-10,2.407661
2024-04-11,2.432218
2024-04-12,2.313311
2024-04-15,2.393566
2024-04-16,2.440825
2024-04-17,2.436309
2024-04-18,2.459212
2024-04-19,2.499805
2024-04-22,2.468034
2024-04-23,2.467821
2024-04-24,2.542990
2024-04-25,2.603149
2024-04-26,2.546122
2024-04-29,2.511545
2024-04-30,2.580491
2024-05-02,2.555657
2024-05-03,2.481390
2024-05-06,2.458403
2024-05-07,2.434117
2024-05-08,2.468107
2024-05-09,2.488717
2024-05-10,2.509301
2024-05-13,2.496744
2024-05-14,2.521638
2024-05-15,2.441461
2024-05-16,2.451567
2024-05-17,2.515796
2024-05-20,2.527764
2024-05-21,2.504215
2024-05-22,2.538172
2024-05-23,2.611558
2024-05-24,2.630001
2024-05-27,2.567295
2024-05-28,2.582372
2024-05-29,2.657476
2024-05-30,2.661644
2024-05-31,2.642500
2024-06-03,2.599337
2024-06-04,2.541887
2024-06-05,2.523283
2024-06-06,2.581999
2024-06-07,2.652088
2024-06-10,2.672134
2024-06-11,2.617446
2024-06-12,2.535236
2024-06-13,2.517007
2024-06-14,2.338506
2024-06-17,2.404907
2024-06-18,2.400618
2024-06-19,2.408036
2024-06-20,2.439401
2024-06-21,2.375921
2024-06-24,2.410566
2024-06-25,2.387483
2024-06-26,2.420642
2024-06-27,2.425081
2024-06-28,2.423419
2024-07-01,2.542067
2024-07-02,2.542028
2024-07-03,2.549523
2024-07-04,2.550591
2024-07-05,2.525447
2024-07-08,2.490727
2024-07-09,2.514013
2024-07-10,2.487843
2024-07-11,2.414340
2024-07-12,2.441495
2024-07-15,2.410485
2024-07-16,2.373408
2024-07-17,2.370058
2024-07-18,2.343624
2024-07-19,2.388228
2024-07-22,2.399060
2024-07-23,2.363065
2024-07-24,2.332762
2024-07-25,2.296105
2024-07-26,2.294517
2024-07-29,2.280591
2024-07-30,2.217705
2024-07-31,2.187690
2024-08-01,2.141922
2024-08-02,2.050409
2024-08-05,1.998970
2024-08-06,2.038726
2024-08-07,2.137292
2024-08-08,2.124540
2024-08-09,2.086803
2024-08-12,2.092379
2024-08-13,2.055187
2024-08-14,2.052896
2024-08-15,2.134221
2024-08-16,2.133957
2024-08-19,2.143705
2024-08-20,2.117498
2024-08-21,2.097532
2024-08-22,2.113837
2024-08-23,2.123056
2024-08-26,2.122934
2024-08-27,2.147898
2024-08-28,2.128984
2024-08-29,2.127507
2024-08-30,2.140116
2024-09-02,2.193353
2024-09-03,2.139555
2024-09-04,2.077672
2024-09-05,2.059540
2024-09-06,2.040526
2024-09-09,2.017615
2024-09-10,2.009830
2024-09-11,1.941400
2024-09-12,1.967903
2024-09-13,1.993052
2024-09-16,1.987584
2024-09-17,2.000589
2024-09-18,2.043941
2024-09-19,2.035633
2024-09-20,2.049184
2024-09-23,2.006137
2024-09-24,1.961957
2024-09-25,1.983303
2024-09-26,1.940227
2024-09-27,1.938349
2024-09-30,1.929023
2024-10-01,1.842748
2024-10-02,1.910474
2024-10-03,1.963948
2024-10-04,2.016164
2024-10-07,2.071276
2024-10-08,2.083655
2024-10-09,2.076642
2024-10-10,2.091831
2024-10-11,2.110031
2024-10-14,2.104371
2024-10-15,2.057267
2024-10-16,2.009205
2024-10-17,2.018316
2024-10-18,1.982889
2024-10-21,2.070037
2024-10-22,2.078573
2024-10-23,2.083848
2024-10-24,2.042237
2024-10-25,2.075927
2024-10-28,2.056262
2024-10-29,2.110541
2024-10-30,2.179965
2024-10-31,2.245757
2024-11-01,2.202558
2024-11-04,2.217533
2024-11-05,2.224936
2024-11-06,2.195667
2024-11-07,2.203723
2024-11-08,2.171640
2024-11-11,2.132123
2024-11-12,2.119074
2024-11-13,2.164927
2024-11-14,2.138849
2024-11-15,2.155301
2024-11-18,2.182729
2024-11-19,2.135762
2024-11-20,2.150163
2024-11-21,2.097941
2024-11-22,2.055724
2024-11-25,2.014768
2024-11-26,2.030084
2024-11-27,1.999658
2024-11-28,1.971195
2024-11-29,1.922683
2024-12-02,1.854659
2024-12-03,1.878646
2024-12-04,1.915178
2024-12-05,1.957351
2024-12-06,1.934338
2024-12-09,1.932671
2024-12-10,1.903931
2024-12-11,1.902034
2024-12-12,1.983130
2024-12-13,2.015664
2024-12-16,2.011627
2024-12-17,2.012861
2024-12-18,2.032600
2024-12-19,2.092963
2024-12-20,2.049615
2024-12-23,2.084822
2024-12-24,2.090155
2024-12-27,2.126310
2024-12-30,2.130018
2025-01-02,2.113736
2025-01-03,2.172863
2025-01-06,2.232778
2025-01-07,2.220565
2025-01-08,2.259386
2025-01-09,2.272372
2025-01-10,2.326424
2025-01-13,2.355645
2025-01-14,2.395365
2025-01-15,2.303405
2025-01-16,2.317580
2025-01-17,2.263853
2025-01-20,2.273036
2025-01-21,2.264263
2025-01-22,2.264263
2025-01-23,2.306205
2025-01-24,2.349448
2025-01-27,2.299387
2025-01-28,2.308307
2025-01-29,2.301670
2025-01-30,2.252520
2025-01-31,2.205164
2025-02-03,2.129644
2025-02-04,2.163463
2025-02-05,2.130769
2025-02-06,2.134500
2025-02-07,2.153762
2025-02-10,2.099669
2025-02-11,2.169208
2025-02-12,2.227726
2025-02-13,2.168534
2025-02-14,2.173053
2025-02-17,2.219004
2025-02-18,2.229010
2025-02-19,2.281986
2025-02-20,2.268429
2025-02-21,2.203213
2025-02-24,2.189894
2025-02-25,2.181168
2025-02-26,2.168146
2025-02-27,2.125482
2025-02-28,2.107409
2025-03-03,2.191083
2025-03-04,2.129716
2025-03-05,2.390381
2025-03-06,2.525330
2025-03-07,2.458822
2025-03-10,2.434273
2025-03-11,2.475510
2025-03-12,2.490622
2025-03-13,2.461608
2025-03-14,2.463105
2025-03-17,2.434126
2025-03-18,2.460726
2025-03-19,2.429634
2025-03-20,2.402813
2025-03-21,2.369599
2025-03-24,2.377675
2025-03-25,2.392447
2025-03-26,2.389397
2025-03-27,2.357566
2025-03-28,2.303487
2025-03-31,2.271935
2025-04-01,2.258702
2025-04-02,2.265577
2025-04-03,2.200526
2025-04-04,2.080840
2025-04-07,2.085286
2025-04-08,2.176419
2025-04-09,2.082959
2025-04-10,2.121877
2025-04-11,2.067778
2025-04-14,2.093216
2025-04-15,2.089106
2025-04-16,2.054117
2025-04-17,2.024444
2025-04-22,2.008411
2025-04-23,2.064610
2025-04-24,2.000869
2025-04-25,2.019972
2025-04-28,2.045154
2025-04-29,2.028648
2025-04-30,1.993545
2025-05-02,2.038723
2025-05-05,2.048590
2025-05-06,2.070597
2025-05-07,2.019919
2025-05-08,2.040405
2025-05-09,2.091144
2025-05-12,2.226062
2025-05-13,2.233577
2025-05-14,2.233507
2025-05-15,2.194072
2025-05-16,2.146761
2025-05-19,2.149214
2025-05-20,2.157774
2025-05-21,2.181669
2025-05-22,2.175613
2025-05-23,2.094810
2025-05-26,2.107200
2025-05-27,2.097474
2025-05-28,2.109836
2025-05-29,2.076924
2025-05-30,2.081878
2025-06-02,2.087418
2025-06-03,2.053577
2025-06-04,2.098284
2025-06-05,2.161846
2025-06-06,2.165193
2025-06-09,2.160712
2025-06-10,2.117530
2025-06-11,2.124097
2025-06-12,2.086127
2025-06-13,2.108117
2025-06-16,2.113563
2025-06-17,2.133539
2025-06-18,2.113982
2025-06-19,2.110168
2025-06-20,2.117252
2025-06-23,2.112309
2025-06-24,2.135946
2025-06-25,2.149380
2025-06-26,2.121039
2025-06-27,2.156419
2025-06-30,2.155960
2025-07-01,2.136116
2025-07-02,2.188565
2025-07-03,2.158923
2025-07-04,2.117486
2025-07-07,2.160604
2025-07-08,2.201373
2025-07-09,2.190462
2025-07-10,2.216798
2025-07-11,2.243817
2025-07-14,2.234396
2025-07-15,2.199962
2025-07-16,2.188804
2025-07-17,2.175720
2025-07-18,2.196176
2025-07-21,2.122358
2025-07-22,2.102507
2025-07-23,2.109291
2025-07-24,2.209524
2025-07-25,2.253032
2025-07-28,2.208676
2025-07-29,2.231018
2025-07-30,2.247713
2025-07-31,2.246565
2025-08-01,2.201770
2025-08-04,2.178731
2025-08-05,2.177782
2025-08-06,2.177507
2025-08-07,2.189378
2025-08-08,2.238189
2025-08-11,2.243894
2025-08-12,2.275696
2025-08-13,2.214203
2025-08-14,2.229910
2025-08-15,2.286352
2025-08-18,2.266744
2025-08-19,2.262561
2025-08-20,2.226401
2025-08-21,2.267399
2025-08-22,2.257395
2025-08-25,2.286346
2025-08-26,2.233608
2025-08-27,2.214482
2025-08-28,2.209137
2025-08-29,2.219643
2025-09-01,2.239415
2025-09-02,2.277151
2025-09-03,2.243454
2025-09-04,2.222600
2025-09-05,2.185566
2025-09-08,2.160671
2025-09-09,2.183689
2025-09-10,2.185586
2025-09-11,2.220959
2025-09-12,2.263580
2025-09-15,2.251773
2025-09-16,2.250655
2025-09-17,2.242497
2025-09-18,2.261080
2025-09-19,2.281045
2025-09-22,2.277030
2025-09-23,2.293693
2025-09-24,2.285220
2025-09-25,2.313854
2025-09-26,2.297855
2025-09-29,2.279231
2025-09-30,2.273388
2025-10-01,2.253117
2025-10-02,2.273710
2025-10-03,2.268830
2025-10-06,2.265218
2025-10-07,2.280455
2025-10-08,2.238555
2025-10-09,2.260036
2025-10-10,2.234062
2025-10-13,2.190831
2025-10-14,2.178836
2025-10-15,2.145040
2025-10-16,2.152812
2025-10-17,2.151056
2025-10-20,2.155974
2025-10-21,2.136049
2025-10-22,2.146315
2025-10-23,2.157706
2025-10-24,2.214828
2025-10-27,2.214882
2025-10-28,2.210415
2025-10-29,2.210611
2025-10-30,2.234915
2025-10-31,2.225221
2025-11-03,2.241218
2025-11-04,2.234907
2025-11-05,2.241146
2025-11-06,2.244109
2025-11-07,2.247992
2025-11-10,2.247429
2025-11-11,2.244881
2025-11-12,2.237111
2025-11-13,2.272852
2025-11-14,2.291231
2025-11-17,2.298044
2025-11-18,2.265176
2025-11-19,2.268191
2025-11-20,2.285113
2025-11-21,2.257960
2025-11-24,2.275312
2025-11-25,2.261385
2025-11-26,2.266928
2025-11-27,2.266860
2025-11-28,2.277053
2025-12-01,2.324213
2025-12-02,2.339061
2025-12-03,2.317674
2025-12-04,2.343404
2025-12-05,2.366687
2025-12-08,2.446677
2025-12-09,2.442625
2025-12-10,2.469431
2025-12-11,2.447596
2025-12-12,2.463121
2025-12-15,2.439193
2025-12-16,2.450326
2025-12-17,2.442140
2025-12-18,2.442188
2025-12-19,2.468694
2025-12-22,2.482785
2025-12-23,2.462984
2025-12-24,2.461986
2025-12-29,2.413116
2025-12-30,2.442886
2025-12-31,2.440725
2026-01-02,2.459426
2026-01-05,2.452190
2026-01-06,2.410594
2026-01-07,2.388966
2026-01-08,2.410063
2026-01-09,2.405232
2026-01-12,2.390544
2026-01-13,2.399866
2026-01-14,2.379622
2026-01-15,2.381519
2026-01-16,2.406787
2026-01-19,2.380948
2026-01-20,2.399547
2026-01-21,2.403121
2026-01-22,2.423707
2026-01-23,2.442769
2026-01-26,2.415745
2026-01-27,2.412275
2026-01-28,2.392015
2026-01-29,2.372891
2026-01-30,2.378927
2026-02-02,2.397892
2026-02-03,2.424290
2026-02-04,2.399532
2026-02-05,2.397388
2026-02-06,2.376794
2026-02-09,2.369809
2026-02-10,2.337444
2026-02-11,2.344962
2026-02-12,2.332462
2026-02-13,2.294036
2026-02-16,2.300804
2026-02-17,2.282626
2026-02-18,2.298614
2026-02-19,2.306909
2026-02-20,2.301707
2026-02-23,2.282340
2026-02-24,2.272949
2026-02-25,2.273903
2026-02-26,2.267043
2026-02-27,2.232981
2026-03-02,2.283207
2026-03-03,2.402486
2026-03-04,2.361027
2026-03-05,2.443631
2026-03-06,2.504772
2026-03-09,2.527359
2026-03-10,2.465543
2026-03-11,2.542316
2026-03-12,2.562184
2026-03-13,2.582527
2026-03-16,2.555305
2026-03-17,2.537848
2026-03-18,2.598040
2026-03-19,2.632398
2026-03-20,2.731937
2026-03-23,2.659637
2026-03-24,2.704443
2026-03-25,2.662197
2026-03-26,2.740311
2026-03-27,2.782944
2026-03-30,2.715551
2026-03-31,2.693980
2026-04-01,2.670026
2026-04-02,2.702180
2026-04-07,2.756391
2026-04-08,2.586781
2026-04-09,2.673143
2026-04-10,2.696521
2026-04-13,2.722280
2026-04-14,2.696579
2026-04-15,2.663320
2026-04-16,2.656767
2026-04-17,2.587155
2026-04-20,2.596847
2026-04-21,2.618729
2026-04-22,2.648456
2026-04-23,2.674483
2026-04-24,2.673980
2026-04-27,2.674431
2026-04-28,2.722951
2026-04-29,2.779001
2026-04-30,2.727342
2026-05-04,2.748128
2026-05-05,2.756454
2026-05-06,2.654105
2026-05-07,2.638560
2026-05-08,2.656178
2026-05-11,2.704813
2026-05-12,2.778816
2026-05-13,2.783056
2026-05-14,2.734506
2026-05-15,2.829754
2026-05-18,2.789278
2026-05-19,2.846549
2026-05-20,2.818128
2026-05-21,2.761215
2026-05-22,2.727452
2026-05-25,2.628009
2026-05-26,2.678689
2026-05-27,2.657673
2026-05-28,2.673674
2026-05-29,2.649485
2026-06-01,2.718322
2026-06-02,2.675350
2026-06-03,2.716811
2026-06-04,2.718650
2026-06-05,2.741650
2026-06-08,2.749478
2026-06-09,2.738898
2026-06-10,2.758900
2026-06-11,2.719589
2026-06-12,2.717140
2026-06-15,2.644518
2026-06-16,2.641365
2026-06-17,2.638307
2026-06-18,2.655425
2026-06-19,2.697888
2026-06-22,2.658561
2026-06-23,2.625495
2026-06-24,2.602343
2026-06-25,2.584226
2026-06-26,2.572665
2026-06-29,2.583231
2026-06-30,2.583214
2026-07-01,2.600773
2026-07-02,2.613413
2026-07-03,2.639982
2026-07-06,2.639876
2026-07-07,2.684270
2026-07-08,2.767430
2026-07-09,2.762919
2026-07-10,2.743048
2026-07-13,2.773516
2026-07-14,2.806506
2026-07-15,2.818657
2026-07-16,2.840490
2026-07-17,2.830884
2026-07-20,2.838345
2026-07-21,2.881029
2026-07-22,2.893659
2026-07-23,2.929735
2026-07-24,2.895429
2026-07-27,2.845310
2026-07-28,2.832497
2026-07-29,2.855896
2026-07-30,2.857349
2026-07-31,2.886247
2026-08-03,2.840390
2026-08-04,2.783068
2026-08-05,2.794933
2026-08-06,2.803403
2026-08-07,2.812203
2026-08-10,2.862658
2026-08-11,2.842050
2026-08-12,2.828104
2026-08-13,2.825674
2026-08-14,2.862656
2026-08-17,2.880912
2026-08-18,2.931485
2026-08-19,2.939162
2026-08-20,2.934321
2026-08-21,2.917812
2026-08-24,2.937997
2026-08-25,2.892459
2026-08-26,2.899789
2026-08-27,2.930342
2026-08-28,2.943170
2026-08-31,3.007748
2026-09-01,3.026202
2026-09-02,3.059278
2026-09-03,3.023995
2026-09-04,3.014340
2026-09-07,3.056176
2026-09-08,3.059055
2026-09-09,3.113642
2026-09-10,3.210195
2026-09-11,3.235365
2026-09-14,3.299014
2026-09-15,3.282754
2026-09-16,3.276291
2026-09-17,3.238692
2026-09-18,3.295734
