date,taux
2004-09-06,3.828505
2004-09-07,3.839294
2004-09-08,3.863753
2004-09-09,3.789113
2004-09-10,3.740559
2004-09-13,3.766501
2004-09-14,3.754878
2004-09-15,3.754161
2004-09-16,3.759353
2004-09-17,3.721681
2004-09-20,3.706810
2004-09-21,3.715771
2004-09-22,3.697950
2004-09-23,3.618512
2004-09-24,3.670473
2004-09-27,3.641475
2004-09-28,3.643500
2004-09-29,3.680833
2004-09-30,3.684609
2004-10-01,3.695513
2004-10-04,3.731321
2004-10-05,3.691712
2004-10-06,3.685543
2004-10-07,3.694443
2004-10-08,3.631479
2004-10-11,3.637608
2004-10-12,3.591487
2004-10-13,3.608255
2004-10-14,3.586203
2004-10-15,3.571965
2004-10-18,3.574137
2004-10-19,3.595914
2004-10-20,3.549741
2004-10-21,3.550295
2004-10-22,3.553691
2004-10-25,3.507358
2004-10-26,3.501185
2004-10-27,3.508102
2004-10-28,3.595269
2004-10-29,3.518322
2004-11-01,3.550197
2004-11-02,3.578949
2004-11-03,3.578963
2004-11-04,3.579185
2004-11-05,3.579617
2004-11-08,3.578541
2004-11-09,3.549644
2004-11-10,3.532368
2004-11-11,3.507633
2004-11-12,3.486095
2004-11-15,3.453968
2004-11-16,3.441488
2004-11-17,3.458252
2004-11-18,3.489678
2004-11-19,3.471472
2004-11-22,3.442570
2004-11-23,3.435424
2004-11-24,3.423155
2004-11-25,3.408268
2004-11-26,3.410169
2004-11-29,3.452562
2004-11-30,3.427349
2004-12-01,3.402757
2004-12-02,3.441112
2004-12-03,3.405647
2004-12-06,3.353145
2004-12-07,3.324014
2004-12-08,3.334743
2004-12-09,3.265209
2004-12-10,3.248667
2004-12-13,3.259253
2004-12-14,3.250226
2004-12-15,3.211463
2004-12-16,3.248877
2004-12-17,3.304274
2004-12-20,3.263826
2004-12-21,3.300730
2004-12-22,3.302132
2004-12-23,3.266959
2004-12-24,3.221706
2004-12-27,3.289010
2004-12-28,3.292318
2004-12-29,3.368347
2004-12-30,3.365098
2004-12-31,3.364073
2005-01-03,3.304362
2005-01-04,3.331801
2005-01-05,3.362033
2005-01-06,3.307315
2005-01-07,3.275709
2005-01-10,3.276929
2005-01-11,3.278225
2005-01-12,3.286660
2005-01-13,3.245208
2005-01-14,3.247229
2005-01-17,3.224290
2005-01-18,3.246141
2005-01-19,3.217198
2005-01-20,3.261418
2005-01-21,3.264279
2005-01-24,3.232531
2005-01-25,3.214973
2005-01-26,3.258820
2005-01-27,3.291549
2005-01-28,3.240453
2005-01-31,3.242895
2005-02-01,3.243383
2005-02-02,3.234378
2005-02-03,3.264534
2005-02-04,3.219989
2005-02-07,3.207429
2005-02-08,3.211479
2005-02-09,3.176264
2005-02-10,3.157362
2005-02-11,3.177400
2005-02-14,3.207878
2005-02-15,3.220805
2005-02-16,3.193875
2005-02-17,3.294869
2005-02-18,3.363726
2005-02-21,3.382916
2005-02-22,3.390761
2005-02-23,3.369918
2005-02-24,3.391120
2005-02-25,3.428670
2005-02-28,3.404514
2005-03-01,3.419808
2005-03-02,3.464808
2005-03-03,3.437822
2005-03-04,3.389126
2005-03-07,3.350903
2005-03-08,3.377460
2005-03-09,3.439115
2005-03-10,3.432908
2005-03-11,3.438312
2005-03-14,3.452076
2005-03-15,3.402366
2005-03-16,3.406337
2005-03-17,3.380092
2005-03-18,3.416327
2005-03-21,3.433026
2005-03-22,3.397061
2005-03-23,3.439210
2005-03-24,3.412485
2005-03-29,3.422571
2005-03-30,3.404753
2005-03-31,3.342998
2005-04-01,3.280991
2005-04-04,3.304297
2005-04-05,3.299045
2005-04-06,3.288445
2005-04-07,3.262213
2005-04-08,3.270893
2005-04-11,3.258669
2005-04-12,3.256114
2005-04-13,3.229788
2005-04-14,3.240234
2005-04-15,3.190950
2005-04-18,3.191628
2005-04-19,3.161509
2005-04-20,3.160111
2005-04-21,3.204441
2005-04-22,3.165054
2005-04-25,3.152671
2005-04-26,3.135191
2005-04-27,3.111031
2005-04-28,3.103754
2005-04-29,3.135635
2005-05-02,3.104339
2005-05-03,3.088712
2005-05-04,3.120926
2005-05-05,3.105940
2005-05-06,3.137228
2005-05-09,3.141798
2005-05-10,3.073037
2005-05-11,3.050843
2005-05-12,3.055878
2005-05-13,3.024271
2005-05-16,3.035757
2005-05-17,3.041923
2005-05-18,3.014909
2005-05-19,3.028887
2005-05-20,3.072390
2005-05-23,3.048009
2005-05-24,3.000920
2005-05-25,2.986357
2005-05-26,3.025189
2005-05-27,3.023510
2005-05-30,3.022552
2005-05-31,2.977443
2005-06-01,2.947936
2005-06-02,2.941170
2005-06-03,2.879971
2005-06-06,2.921682
2005-06-07,2.871079
2005-06-08,2.840871
2005-06-09,2.867830
2005-06-10,2.874960
2005-06-13,2.894612
2005-06-14,2.900928
2005-06-15,2.980823
2005-06-16,3.034656
2005-06-17,3.012134
2005-06-20,3.016521
2005-06-21,2.925846
2005-06-22,2.860064
2005-06-23,2.865997
2005-06-24,2.847568
2005-06-27,2.830527
2005-06-28,2.865381
2005-06-29,2.840690
2005-06-30,2.859954
2005-07-01,2.853716
2005-07-04,2.891650
2005-07-05,2.940841
2005-07-06,2.944242
2005-07-07,2.906100
2005-07-08,2.894829
2005-07-11,2.917815
2005-07-12,2.926237
2005-07-13,2.947068
2005-07-14,2.983067
2005-07-15,2.989918
2005-07-18,2.955820
2005-07-19,2.979004
2005-07-20,3.006456
2005-07-21,2.979960
2005-07-22,2.942557
2005-07-25,2.933551
2005-07-26,2.951781
2005-07-27,2.933347
2005-07-28,2.941957
2005-07-29,2.946492
2005-08-01,2.993333
2005-08-02,2.994597
2005-08-03,3.044881
2005-08-04,3.036954
2005-08-05,3.086407
2005-08-08,3.089889
2005-08-09,3.078098
2005-08-10,3.059670
2005-08-11,3.059696
2005-08-12,3.019945
2005-08-15,2.993001
2005-08-16,2.968005
2005-08-17,2.944063
2005-08-18,2.925970
2005-08-19,2.921649
2005-08-22,2.933502
2005-08-23,2.908595
2005-08-24,2.898006
2005-08-25,2.876161
2005-08-26,2.878184
2005-08-29,2.881362
2005-08-30,2.900061
2005-08-31,2.837156
2005-09-01,2.810946
2005-09-02,2.786676
2005-09-05,2.776706
2005-09-06,2.803705
2005-09-07,2.812842
2005-09-08,2.796559
2005-09-09,2.781709
2005-09-12,2.841372
2005-09-13,2.832958
2005-09-14,2.817085
2005-09-15,2.846349
2005-09-16,2.869872
2005-09-19,2.856651
2005-09-20,2.817468
2005-09-21,2.781074
2005-09-22,2.779903
2005-09-23,2.811717
2005-09-26,2.873735
2005-09-27,2.866689
2005-09-28,2.901897
2005-09-29,2.923770
2005-09-30,2.920379
2005-10-03,2.989396
2005-10-04,2.946615
2005-10-05,2.946772
2005-10-06,2.953980
2005-10-07,2.972134
2005-10-10,2.945419
2005-10-11,2.953636
2005-10-12,2.980251
2005-10-13,3.036065
2005-10-14,3.035251
2005-10-17,3.056293
2005-10-18,3.056791
2005-10-19,3.027339
2005-10-20,3.058968
2005-10-21,3.003069
2005-10-24,2.997112
2005-10-25,3.048422
2005-10-26,3.148448
2005-10-27,3.145984
2005-10-28,3.158188
2005-10-31,3.157663
2005-11-01,3.174250
2005-11-02,3.243932
2005-11-03,3.242355
2005-11-04,3.244958
2005-11-07,3.279794
2005-11-08,3.265146
2005-11-09,3.295877
2005-11-10,3.319820
2005-11-11,3.301166
2005-11-14,3.289557
2005-11-15,3.323082
2005-11-16,3.223476
2005-11-17,3.248869
2005-11-18,3.324241
2005-11-21,3.324890
2005-11-22,3.296773
2005-11-23,3.265133
2005-11-24,3.172294
2005-11-25,3.199121
2005-11-28,3.211743
2005-11-29,3.211761
2005-11-30,3.246677
2005-12-01,3.172430
2005-12-02,3.197939
2005-12-05,3.202623
2005-12-06,3.169000
2005-12-07,3.165534
2005-12-08,3.172942
2005-12-09,3.223444
2005-12-12,3.218016
2005-12-13,3.203364
2005-12-14,3.171463
2005-12-15,3.175083
2005-12-16,3.151244
2005-12-19,3.160222
2005-12-20,3.177048
2005-12-21,3.207235
2005-12-22,3.206896
2005-12-23,3.213898
2005-12-27,3.171317
2005-12-28,3.130117
2005-12-29,3.154067
2005-12-30,3.034588
2006-01-02,3.198458
2006-01-03,3.199990
2006-01-04,3.128090
2006-01-05,3.096299
2006-01-06,3.097749
2006-01-09,3.079641
2006-01-10,3.103473
2006-01-11,3.127275
2006-01-12,3.098941
2006-01-13,3.091864
2006-01-16,3.099861
2006-01-17,3.091463
2006-01-18,3.119872
2006-01-19,3.182989
2006-01-20,3.184889
2006-01-23,3.220049
2006-01-24,3.218566
2006-01-25,3.245965
2006-01-26,3.271116
2006-01-27,3.296429
2006-01-30,3.312034
2006-01-31,3.314368
2006-02-01,3.330187
2006-02-02,3.379162
2006-02-03,3.358570
2006-02-06,3.311160
2006-02-07,3.313530
2006-02-08,3.341970
2006-02-09,3.344957
2006-02-10,3.282339
2006-02-13,3.324666
2006-02-14,3.337805
2006-02-15,3.352494
2006-02-16,3.342274
2006-02-17,3.305510
2006-02-20,3.268930
2006-02-21,3.291127
2006-02-22,3.267009
2006-02-23,3.302437
2006-02-24,3.325424
2006-02-27,3.347732
2006-02-28,3.340577
2006-03-01,3.345676
2006-03-02,3.411127
2006-03-03,3.450444
2006-03-06,3.445520
2006-03-07,3.456174
2006-03-08,3.482961
2006-03-09,3.491620
2006-03-10,3.528888
2006-03-13,3.535514
2006-03-14,3.493479
2006-03-15,3.507239
2006-03-16,3.518788
2006-03-17,3.546409
2006-03-20,3.514856
2006-03-21,3.531226
2006-03-22,3.493149
2006-03-23,3.501815
2006-03-24,3.508627
2006-03-27,3.480452
2006-03-28,3.576974
2006-03-29,3.608503
2006-03-30,3.638142
2006-03-31,3.640546
2006-04-03,3.704685
2006-04-04,3.692954
2006-04-05,3.688912
2006-04-06,3.684071
2006-04-07,3.727608
2006-04-10,3.726234
2006-04-11,3.699859
2006-04-12,3.698365
2006-04-13,3.781264
2006-04-18,3.783191
2006-04-19,3.778885
2006-04-20,3.769826
2006-04-21,3.759966
2006-04-24,3.775291
2006-04-25,3.865521
2006-04-26,3.882257
2006-04-27,3.862612
2006-04-28,3.827660
2006-05-02,3.835708
2006-05-03,3.842953
2006-05-04,3.868870
2006-05-05,3.829995
2006-05-08,3.840438
2006-05-09,3.864167
2006-05-10,3.839072
2006-05-11,3.896196
2006-05-12,3.878094
2006-05-15,3.861712
2006-05-16,3.820385
2006-05-17,3.855202
2006-05-18,3.812388
2006-05-19,3.785805
2006-05-22,3.717673
2006-05-23,3.723377
2006-05-24,3.692707
2006-05-25,3.681896
2006-05-26,3.681052
2006-05-29,3.703295
2006-05-30,3.742529
2006-05-31,3.783876
2006-06-01,3.807503
2006-06-02,3.748419
2006-06-05,3.755092
2006-06-06,3.818369
2006-06-07,3.836062
2006-06-08,3.806582
2006-06-09,3.743717
2006-06-12,3.728231
2006-06-13,3.699341
2006-06-14,3.709668
2006-06-15,3.767903
2006-06-16,3.754273
2006-06-19,3.788389
2006-06-20,3.797876
2006-06-21,3.841428
2006-06-22,3.856913
2006-06-23,3.897996
2006-06-26,3.913913
2006-06-27,3.922416
2006-06-28,3.923284
2006-06-29,3.893135
2006-06-30,3.911944
2006-07-03,3.909414
2006-07-04,3.901969
2006-07-05,3.958920
2006-07-06,3.943612
2006-07-07,3.910547
2006-07-10,3.918210
2006-07-11,3.894687
2006-07-12,3.914577
2006-07-13,3.876306
2006-07-14,3.818735
2006-07-17,3.823115
2006-07-18,3.845206
2006-07-19,3.858774
2006-07-20,3.822036
2006-07-21,3.785728
2006-07-24,3.783386
2006-07-25,3.778260
2006-07-26,3.820255
2006-07-27,3.759419
2006-07-28,3.748166
2006-07-31,3.766458
2006-08-01,3.787655
2006-08-02,3.775555
2006-08-03,3.813994
2006-08-04,3.743637
2006-08-07,3.753709
2006-08-08,3.751210
2006-08-09,3.777204
2006-08-10,3.771678
2006-08-11,3.809707
2006-08-14,3.849166
2006-08-15,3.812667
2006-08-16,3.788096
2006-08-17,3.756889
2006-08-18,3.763791
2006-08-21,3.721590
2006-08-22,3.664664
2006-08-23,3.645612
2006-08-24,3.661347
2006-08-25,3.659586
2006-08-28,3.664089
2006-08-29,3.675846
2006-08-30,3.655616
2006-08-31,3.617832
2006-09-01,3.618054
2006-09-04,3.608047
2006-09-05,3.634186
2006-09-06,3.693219
2006-09-07,3.713366
2006-09-08,3.642539
2006-09-11,3.667578
2006-09-12,3.701336
2006-09-13,3.700948
2006-09-14,3.672050
2006-09-15,3.639041
2006-09-18,3.714184
2006-09-19,3.663746
2006-09-20,3.641792
2006-09-21,3.651494
2006-09-22,3.568164
2006-09-25,3.542942
2006-09-26,3.551280
2006-09-27,3.534787
2006-09-28,3.564918
2006-09-29,3.576810
2006-10-02,3.591913
2006-10-03,3.545582
2006-10-04,3.533070
2006-10-05,3.527739
2006-10-06,3.562138
2006-10-09,3.586803
2006-10-10,3.617546
2006-10-11,3.630045
2006-10-12,3.630362
2006-10-13,3.654725
2006-10-16,3.656675
2006-10-17,3.629789
2006-10-18,3.643264
2006-10-19,3.671282
2006-10-20,3.670909
2006-10-23,3.708976
2006-10-24,3.704875
2006-10-25,3.719298
2006-10-26,3.700738
2006-10-27,3.650683
2006-10-30,3.639008
2006-10-31,3.666355
2006-11-01,3.615551
2006-11-02,3.623302
2006-11-03,3.657847
2006-11-06,3.687806
2006-11-07,3.649747
2006-11-08,3.650908
2006-11-09,3.655314
2006-11-10,3.620155
2006-11-13,3.632587
2006-11-14,3.613054
2006-11-15,3.641154
2006-11-16,3.634748
2006-11-17,3.641807
2006-11-20,3.614928
2006-11-21,3.616884
2006-11-22,3.613655
2006-11-23,3.638992
2006-11-24,3.600042
2006-11-27,3.620923
2006-11-28,3.588490
2006-11-29,3.592103
2006-11-30,3.598822
2006-12-01,3.587856
2006-12-04,3.564125
2006-12-05,3.562520
2006-12-06,3.588438
2006-12-07,3.605191
2006-12-08,3.607648
2006-12-11,3.648904
2006-12-12,3.649697
2006-12-13,3.651667
2006-12-14,3.698829
2006-12-15,3.692907
2006-12-18,3.740119
2006-12-19,3.769466
2006-12-20,3.781403
2006-12-21,3.794176
2006-12-22,3.795963
2006-12-27,3.824148
2006-12-28,3.846312
2006-12-29,3.860389
2007-01-02,3.839656
2007-01-03,3.836796
2007-01-04,3.847103
2007-01-05,3.880535
2007-01-08,3.874242
2007-01-09,3.883791
2007-01-10,3.905273
2007-01-11,3.894416
2007-01-12,3.935597
2007-01-15,3.935740
2007-01-16,3.924700
2007-01-17,3.925470
2007-01-18,3.972164
2007-01-19,3.937570
2007-01-22,3.931818
2007-01-23,3.921436
2007-01-24,3.937856
2007-01-25,3.953708
2007-01-26,4.001058
2007-01-29,4.012308
2007-01-30,3.998063
2007-01-31,4.001748
2007-02-01,3.954652
2007-02-02,3.981584
2007-02-05,3.925794
2007-02-06,3.929798
2007-02-07,3.924753
2007-02-08,3.947287
2007-02-09,3.977137
2007-02-12,4.000653
2007-02-13,4.007633
2007-02-14,4.002614
2007-02-15,3.947380
2007-02-16,3.941785
2007-02-19,3.969696
2007-02-20,3.982024
2007-02-21,3.968446
2007-02-22,3.979643
2007-02-23,3.957237
2007-02-26,3.907867
2007-02-27,3.880384
2007-02-28,3.849514
2007-03-01,3.848045
2007-03-02,3.840807
2007-03-05,3.806688
2007-03-06,3.822776
2007-03-07,3.828564
2007-03-08,3.830437
2007-03-09,3.855221
2007-03-12,3.838626
2007-03-13,3.818618
2007-03-14,3.793072
2007-03-15,3.809635
2007-03-16,3.823362
2007-03-19,3.845743
2007-03-20,3.829899
2007-03-21,3.843349
2007-03-22,3.827140
2007-03-23,3.894312
2007-03-26,3.908801
2007-03-27,3.922441
2007-03-28,3.935573
2007-03-29,3.950686
2007-03-30,3.957278
2007-04-02,3.968283
2007-04-03,3.997009
2007-04-04,3.978653
2007-04-05,3.987825
2007-04-10,4.034732
2007-04-11,4.044639
2007-04-12,4.075868
2007-04-13,4.103278
2007-04-16,4.099200
2007-04-17,4.084158
2007-04-18,4.057696
2007-04-19,4.081673
2007-04-20,4.110045
2007-04-23,4.098956
2007-04-24,4.072989
2007-04-25,4.090610
2007-04-26,4.099770
2007-04-27,4.129323
2007-04-30,4.077098
2007-05-02,4.108860
2007-05-03,4.123061
2007-05-04,4.093491
2007-05-07,4.131173
2007-05-08,4.100852
2007-05-09,4.118062
2007-05-10,4.117209
2007-05-11,4.088465
2007-05-14,4.165702
2007-05-15,4.192914
2007-05-16,4.216777
2007-05-17,4.212334
2007-05-18,4.219856
2007-05-21,4.235329
2007-05-22,4.240205
2007-05-23,4.258004
2007-05-24,4.272570
2007-05-25,4.280403
2007-05-28,4.279153
2007-05-29,4.299083
2007-05-30,4.300642
2007-05-31,4.329848
2007-06-01,4.346773
2007-06-04,4.354846
2007-06-05,4.378943
2007-06-06,4.375947
2007-06-07,4.421256
2007-06-08,4.451104
2007-06-11,4.445382
2007-06-12,4.497791
2007-06-13,4.536680
2007-06-14,4.502675
2007-06-15,4.542686
2007-06-18,4.539148
2007-06-19,4.493608
2007-06-20,4.535127
2007-06-21,4.523885
2007-06-22,4.550688
2007-06-25,4.495810
2007-06-26,4.491664
2007-06-27,4.435117
2007-06-28,4.460176
2007-06-29,4.457793
2007-07-02,4.433882
2007-07-03,4.435995
2007-07-04,4.497570
2007-07-05,4.543743
2007-07-06,4.587318
2007-07-09,4.570818
2007-07-10,4.505489
2007-07-11,4.464542
2007-07-12,4.520798
2007-07-13,4.520314
2007-07-16,4.510513
2007-07-17,4.510191
2007-07-18,4.503950
2007-07-19,4.498342
2007-07-20,4.391143
2007-07-23,4.364265
2007-07-24,4.363370
2007-07-25,4.356736
2007-07-26,4.302644
2007-07-27,4.270866
2007-07-30,4.253982
2007-07-31,4.303375
2007-08-01,4.286896
2007-08-02,4.322614
2007-08-03,4.281370
2007-08-06,4.274553
2007-08-07,4.300279
2007-08-08,4.372150
2007-08-09,4.305044
2007-08-10,4.286135
2007-08-13,4.298604
2007-08-14,4.323199
2007-08-15,4.238955
2007-08-16,4.166541
2007-08-17,4.172365
2007-08-20,4.175299
2007-08-21,4.109101
2007-08-22,4.195534
2007-08-23,4.183231
2007-08-24,4.150577
2007-08-27,4.179874
2007-08-28,4.157941
2007-08-29,4.119550
2007-08-30,4.143167
2007-08-31,4.203754
2007-09-03,4.181820
2007-09-04,4.163180
2007-09-05,4.160582
2007-09-06,4.138495
2007-09-07,4.106891
2007-09-10,4.034730
2007-09-11,4.021735
2007-09-12,4.048782
2007-09-13,4.101047
2007-09-14,4.072251
2007-09-17,4.101155
2007-09-18,4.139123
2007-09-19,4.190653
2007-09-20,4.244449
2007-09-21,4.256588
2007-09-24,4.256445
2007-09-25,4.214716
2007-09-26,4.291085
2007-09-27,4.289942
2007-09-28,4.250321
2007-10-01,4.240688
2007-10-02,4.227668
2007-10-03,4.188316
2007-10-04,4.193185
2007-10-05,4.235596
2007-10-08,4.244133
2007-10-09,4.218591
2007-10-10,4.263813
2007-10-11,4.299427
2007-10-12,4.316844
2007-10-15,4.342990
2007-10-16,4.337297
2007-10-17,4.316896
2007-10-18,4.230393
2007-10-19,4.176369
2007-10-22,4.112964
2007-10-23,4.125209
2007-10-24,4.088157
2007-10-25,4.072866
2007-10-26,4.101828
2007-10-29,4.092137
2007-10-30,4.121502
2007-10-31,4.174457
2007-11-01,4.142462
2007-11-02,4.087987
2007-11-05,4.078525
2007-11-06,4.118529
2007-11-07,4.067448
2007-11-08,4.051296
2007-11-09,4.000178
2007-11-12,4.002179
2007-11-13,4.013172
2007-11-14,4.064116
2007-11-15,4.026614
2007-11-16,4.005649
2007-11-19,3.981417
2007-11-20,3.971798
2007-11-21,3.930262
2007-11-22,3.932646
2007-11-23,3.949512
2007-11-26,3.952926
2007-11-27,3.923516
2007-11-28,4.011786
2007-11-29,3.997187
2007-11-30,4.032588
2007-12-03,4.002088
2007-12-04,3.937807
2007-12-05,3.960667
2007-12-06,3.996617
2007-12-07,4.085794
2007-12-10,4.134014
2007-12-11,4.142965
2007-12-12,4.205143
2007-12-13,4.196008
2007-12-14,4.186783
2007-12-17,4.189443
2007-12-18,4.210296
2007-12-19,4.183864
2007-12-20,4.188882
2007-12-21,4.197909
2007-12-24,4.197114
2007-12-27,4.248776
2007-12-28,4.224086
2007-12-31,4.230142
2008-01-02,4.170138
2008-01-03,4.081556
2008-01-04,4.016307
2008-01-07,4.016039
2008-01-08,4.024594
2008-01-09,3.983976
2008-01-10,3.986966
2008-01-11,3.972282
2008-01-14,3.926923
2008-01-15,3.905390
2008-01-16,3.889825
2008-01-17,3.858412
2008-01-18,3.830004
2008-01-21,3.776794
2008-01-22,3.807292
2008-01-23,3.768162
2008-01-24,3.848700
2008-01-25,3.900258
2008-01-28,3.806024
2008-01-29,3.846747
2008-01-30,3.884845
2008-01-31,3.787285
2008-02-01,3.784511
2008-02-04,3.778778
2008-02-05,3.685989
2008-02-06,3.711710
2008-02-07,3.676061
2008-02-08,3.666509
2008-02-11,3.644911
2008-02-12,3.714622
2008-02-13,3.749556
2008-02-14,3.797266
2008-02-15,3.754807
2008-02-18,3.807885
2008-02-19,3.820242
2008-02-20,3.839171
2008-02-21,3.888253
2008-02-22,3.839404
2008-02-25,3.841242
2008-02-26,3.900310
2008-02-27,3.873495
2008-02-28,3.832734
2008-02-29,3.719193
2008-03-03,3.674898
2008-03-04,3.683830
2008-03-05,3.718433
2008-03-06,3.713090
2008-03-07,3.694080
2008-03-10,3.658417
2008-03-11,3.686711
2008-03-12,3.673837
2008-03-13,3.629919
2008-03-14,3.654914
2008-03-17,3.619382
2008-03-18,3.682184
2008-03-19,3.700424
2008-03-20,3.735668
2008-03-25,3.825174
2008-03-26,3.836804
2008-03-27,3.860614
2008-03-28,3.893392
2008-03-31,3.873336
2008-04-01,3.914974
2008-04-02,3.921697
2008-04-03,3.939768
2008-04-04,3.895021
2008-04-07,3.955004
2008-04-08,3.960663
2008-04-09,3.975174
2008-04-10,3.898369
2008-04-11,3.848080
2008-04-14,3.878707
2008-04-15,3.924682
2008-04-16,3.958732
2008-04-17,4.045897
2008-04-18,4.128020
2008-04-21,4.113898
2008-04-22,4.126645
2008-04-23,4.105476
2008-04-24,4.129370
2008-04-25,4.131168
2008-04-28,4.161862
2008-04-29,4.126747
2008-04-30,4.100266
2008-05-02,4.157635
2008-05-05,4.130666
2008-05-06,4.073991
2008-05-07,4.130961
2008-05-08,4.062112
2008-05-09,3.987383
2008-05-12,3.994880
2008-05-13,4.069174
2008-05-14,4.113987
2008-05-15,4.175303
2008-05-16,4.161346
2008-05-19,4.155950
2008-05-20,4.155604
2008-05-21,4.222802
2008-05-22,4.255006
2008-05-23,4.228082
2008-05-26,4.248081
2008-05-27,4.261567
2008-05-28,4.308435
2008-05-29,4.401580
2008-05-30,4.354025
2008-06-02,4.332125
2008-06-03,4.387568
2008-06-04,4.340805
2008-06-05,4.437993
2008-06-06,4.461964
2008-06-09,4.540218
2008-06-10,4.575925
2008-06-11,4.577244
2008-06-12,4.635993
2008-06-13,4.678561
2008-06-16,4.735832
2008-06-17,4.689687
2008-06-18,4.679072
2008-06-19,4.731139
2008-06-20,4.660372
2008-06-23,4.631421
2008-06-24,4.632645
2008-06-25,4.644476
2008-06-26,4.593288
2008-06-27,4.555211
2008-06-30,4.653374
2008-07-01,4.590889
2008-07-02,4.680627
2008-07-03,4.612450
2008-07-04,4.546046
2008-07-07,4.465277
2008-07-08,4.459623
2008-07-09,4.451608
2008-07-10,4.433950
2008-07-11,4.429289
2008-07-14,4.432201
2008-07-15,4.376891
2008-07-16,4.429595
2008-07-17,4.485982
2008-07-18,4.585163
2008-07-21,4.665961
2008-07-22,4.652163
2008-07-23,4.685983
2008-07-24,4.594736
2008-07-25,4.572800
2008-07-28,4.537329
2008-07-29,4.498484
2008-07-30,4.451299
2008-07-31,4.392534
2008-08-01,4.357323
2008-08-04,4.349313
2008-08-05,4.320347
2008-08-06,4.321288
2008-08-07,4.229698
2008-08-08,4.195356
2008-08-11,4.223109
2008-08-12,4.175688
2008-08-13,4.170788
2008-08-14,4.157082
2008-08-15,4.147704
2008-08-18,4.110758
2008-08-19,4.061558
2008-08-20,4.072172
2008-08-21,4.159651
2008-08-22,4.207576
2008-08-25,4.121179
2008-08-26,4.076257
2008-08-27,4.181700
2008-08-28,4.217955
2008-08-29,4.193562
2008-09-01,4.128166
2008-09-02,4.208358
2008-09-03,4.161083
2008-09-04,4.116370
2008-09-05,3.988595
2008-09-08,4.072401
2008-09-09,4.094191
2008-09-10,4.083721
2008-09-11,4.025766
2008-09-12,4.109433
2008-09-15,4.005847
2008-09-16,3.976414
2008-09-17,4.056740
2008-09-18,4.083999
2008-09-19,4.227712
2008-09-22,4.308573
2008-09-23,4.276044
2008-09-24,4.212467
2008-09-25,4.249722
2008-09-26,4.201290
2008-09-29,4.113162
2008-09-30,4.092442
2008-10-01,4.118583
2008-10-02,4.086772
2008-10-03,4.016736
2008-10-06,3.926395
2008-10-07,3.945046
2008-10-08,3.870502
2008-10-09,4.037448
2008-10-10,4.064970
2008-10-13,4.198604
2008-10-14,4.221319
2008-10-15,4.229147
2008-10-16,4.176866
2008-10-17,4.086330
2008-10-20,4.112955
2008-10-21,4.055664
2008-10-22,3.949535
2008-10-23,3.896589
2008-10-24,3.867873
2008-10-27,3.871858
2008-10-28,3.891437
2008-10-29,3.916260
2008-10-30,3.925908
2008-10-31,3.951972
2008-11-03,3.979652
2008-11-04,3.962857
2008-11-05,3.936698
2008-11-06,3.877813
2008-11-07,3.802085
2008-11-10,3.795864
2008-11-11,3.757943
2008-11-12,3.723810
2008-11-13,3.698650
2008-11-14,3.692286
2008-11-17,3.670328
2008-11-18,3.659065
2008-11-19,3.611371
2008-11-20,3.534044
2008-11-21,3.539362
2008-11-24,3.548606
2008-11-25,3.540292
2008-11-26,3.522703
2008-11-27,3.533594
2008-11-28,3.485765
2008-12-01,3.391463
2008-12-02,3.371329
2008-12-03,3.342770
2008-12-04,3.332895
2008-12-05,3.375645
2008-12-08,3.428722
2008-12-09,3.509192
2008-12-10,3.527570
2008-12-11,3.520289
2008-12-12,3.498615
2008-12-15,3.547113
2008-12-16,3.505043
2008-12-17,3.396586
2008-12-18,3.378733
2008-12-19,3.343564
2008-12-22,3.325439
2008-12-23,3.319034
2008-12-24,3.321190
2008-12-29,3.311255
2008-12-30,3.320969
2008-12-31,3.322640
2009-01-02,3.305290
2009-01-05,3.311422
2009-01-06,3.390158
2009-01-07,3.383258
2009-01-08,3.353600
2009-01-09,3.293373
2009-01-12,3.290584
2009-01-13,3.266298
2009-01-14,3.255160
2009-01-15,3.243053
2009-01-16,3.304799
2009-01-19,3.306581
2009-01-20,3.323755
2009-01-21,3.352224
2009-01-22,3.400804
2009-01-23,3.365081
2009-01-26,3.532108
2009-01-27,3.582139
2009-01-28,3.459747
2009-01-29,3.473722
2009-01-30,3.526337
2009-02-02,3.490276
2009-02-03,3.466352
2009-02-04,3.522241
2009-02-05,3.448191
2009-02-06,3.483765
2009-02-09,3.492065
2009-02-10,3.458899
2009-02-11,3.394898
2009-02-12,3.274740
2009-02-13,3.323456
2009-02-16,3.294000
2009-02-17,3.259315
2009-02-18,3.257882
2009-02-19,3.359649
2009-02-20,3.311505
2009-02-23,3.277362
2009-02-24,3.241994
2009-02-25,3.236081
2009-02-26,3.356959
2009-02-27,3.314629
2009-03-02,3.294746
2009-03-03,3.313706
2009-03-04,3.349938
2009-03-05,3.277863
2009-03-06,3.246206
2009-03-09,3.242326
2009-03-10,3.292920
2009-03-11,3.367538
2009-03-12,3.298692
2009-03-13,3.330705
2009-03-16,3.339352
2009-03-17,3.391996
2009-03-18,3.424456
2009-03-19,3.342491
2009-03-20,3.255968
2009-03-23,3.269134
2009-03-24,3.325487
2009-03-25,3.330783
2009-03-26,3.320850
2009-03-27,3.270890
2009-03-30,3.243913
2009-03-31,3.231177
2009-04-01,3.223083
2009-04-02,3.308606
2009-04-03,3.341147
2009-04-06,3.352800
2009-04-07,3.345535
2009-04-08,3.349117
2009-04-09,3.380011
2009-04-14,3.321763
2009-04-15,3.271432
2009-04-16,3.322458
2009-04-17,3.354946
2009-04-20,3.304200
2009-04-21,3.254062
2009-04-22,3.298551
2009-04-23,3.293578
2009-04-24,3.296795
2009-04-27,3.228344
2009-04-28,3.235246
2009-04-29,3.230870
2009-04-30,3.246689
2009-05-04,3.256150
2009-05-05,3.246545
2009-05-06,3.246130
2009-05-07,3.368782
2009-05-08,3.369471
2009-05-11,3.314262
2009-05-12,3.349665
2009-05-13,3.281548
2009-05-14,3.291119
2009-05-15,3.326468
2009-05-18,3.317927
2009-05-19,3.387392
2009-05-20,3.394604
2009-05-21,3.343965
2009-05-22,3.429918
2009-05-25,3.506883
2009-05-26,3.512837
2009-05-27,3.569025
2009-05-28,3.610956
2009-05-29,3.603461
2009-06-01,3.603826
2009-06-02,3.596893
2009-06-03,3.522759
2009-06-04,3.624088
2009-06-05,3.686317
2009-06-08,3.687082
2009-06-09,3.664409
2009-06-10,3.678976
2009-06-11,3.733726
2009-06-12,3.647570
2009-06-15,3.575061
2009-06-16,3.560028
2009-06-17,3.518181
2009-06-18,3.577343
2009-06-19,3.568028
2009-06-22,3.494122
2009-06-23,3.504768
2009-06-24,3.475557
2009-06-25,3.442107
2009-06-26,3.411294
2009-06-29,3.389697
2009-06-30,3.424812
2009-07-01,3.414884
2009-07-02,3.353993
2009-07-03,3.355312
2009-07-06,3.326708
2009-07-07,3.329550
2009-07-08,3.335742
2009-07-09,3.342707
2009-07-10,3.293058
2009-07-13,3.277264
2009-07-14,3.336155
2009-07-15,3.355695
2009-07-16,3.345289
2009-07-17,3.372538
2009-07-20,3.395521
2009-07-21,3.370172
2009-07-22,3.333445
2009-07-23,3.325943
2009-07-24,3.356448
2009-07-27,3.389814
2009-07-28,3.335635
2009-07-29,3.301596
2009-07-30,3.289327
2009-07-31,3.207055
2009-08-03,3.228763
2009-08-04,3.238176
2009-08-05,3.277094
2009-08-06,3.292569
2009-08-07,3.355300
2009-08-10,3.351514
2009-08-11,3.308376
2009-08-12,3.343677
2009-08-13,3.301504
2009-08-14,3.237881
2009-08-17,3.210551
2009-08-18,3.212306
2009-08-19,3.181531
2009-08-20,3.177236
2009-08-21,3.199853
2009-08-24,3.218104
2009-08-25,3.187111
2009-08-26,3.148194
2009-08-27,3.144764
2009-08-28,3.170912
2009-08-31,3.185749
2009-09-01,3.207278
2009-09-02,3.180354
2009-09-03,3.211161
2009-09-04,3.174009
2009-09-07,3.180994
2009-09-08,3.211260
2009-09-09,3.247225
2009-09-10,3.182084
2009-09-11,3.158010
2009-09-14,3.145917
2009-09-15,3.171549
2009-09-16,3.207506
2009-09-17,3.237907
2009-09-18,3.221951
2009-09-21,3.217367
2009-09-22,3.219410
2009-09-23,3.230797
2009-09-24,3.175418
2009-09-25,3.129354
2009-09-28,3.112874
2009-09-29,3.132064
2009-09-30,3.115789
2009-10-01,3.141384
2009-10-02,3.067271
2009-10-05,3.064051
2009-10-06,3.092140
2009-10-07,3.070115
2009-10-08,3.041845
2009-10-09,3.130630
2009-10-12,3.120605
2009-10-13,3.103675
2009-10-14,3.144536
2009-10-15,3.219305
2009-10-16,3.208716
2009-10-19,3.198888
2009-10-20,3.143223
2009-10-21,3.175889
2009-10-22,3.158246
2009-10-23,3.207711
2009-10-26,3.225874
2009-10-27,3.138163
2009-10-28,3.109582
2009-10-29,3.177211
2009-10-30,3.134575
2009-11-02,3.105889
2009-11-03,3.101565
2009-11-04,3.159032
2009-11-05,3.189526
2009-11-06,3.203272
2009-11-09,3.146282
2009-11-10,3.109805
2009-11-11,3.129632
2009-11-12,3.148259
2009-11-13,3.136783
2009-11-16,3.135523
2009-11-17,3.108282
2009-11-18,3.115056
2009-11-19,3.097747
2009-11-20,3.132313
2009-11-23,3.134993
2009-11-24,3.092874
2009-11-25,3.094228
2009-11-26,3.025909
2009-11-27,3.039188
2009-11-30,3.014624
2009-12-01,2.990488
2009-12-02,3.002508
2009-12-03,3.035175
2009-12-04,3.091055
2009-12-07,3.029407
2009-12-08,2.984915
2009-12-09,3.009024
2009-12-10,3.034446
2009-12-11,3.069243
2009-12-14,3.040413
2009-12-15,3.056667
2009-12-16,3.034483
2009-12-17,2.984465
2009-12-18,2.995982
2009-12-21,3.037822
2009-12-22,3.080086
2009-12-23,3.103913
2009-12-24,3.108609
2009-12-28,3.149028
2009-12-29,3.172355
2009-12-30,3.196031
2009-12-31,3.196709
2010-01-04,3.224404
2010-01-05,3.195299
2010-01-06,3.210983
2010-01-07,3.181740
2010-01-08,3.162815
2010-01-11,3.134303
2010-01-12,3.113436
2010-01-13,3.120762
2010-01-14,3.122475
2010-01-15,3.088360
2010-01-18,3.080494
2010-01-19,3.108783
2010-01-20,3.062673
2010-01-21,3.064445
2010-01-22,3.038301
2010-01-25,3.042691
2010-01-26,3.021395
2010-01-27,3.002804
2010-01-28,3.025628
2010-01-29,3.060493
2010-02-01,3.006057
2010-02-02,3.018950
2010-02-03,3.024710
2010-02-04,3.001951
2010-02-05,2.961507
2010-02-08,2.965409
2010-02-09,2.971714
2010-02-10,2.973490
2010-02-11,2.993249
2010-02-12,2.976670
2010-02-15,2.993616
2010-02-16,2.983603
2010-02-17,2.978712
2010-02-18,2.987757
2010-02-19,3.025539
2010-02-22,3.033255
2010-02-23,2.938742
2010-02-24,2.922292
2010-02-25,2.893899
2010-02-26,2.878115
2010-03-01,2.881067
2010-03-02,2.876603
2010-03-03,2.912611
2010-03-04,2.900953
2010-03-05,2.929120
2010-03-08,2.926371
2010-03-09,2.881820
2010-03-10,2.908032
2010-03-11,2.920523
2010-03-12,2.953097
2010-03-15,2.915996
2010-03-16,2.900229
2010-03-17,2.860179
2010-03-18,2.881504
2010-03-19,2.889608
2010-03-22,2.859704
2010-03-23,2.839599
2010-03-24,2.872063
2010-03-25,2.896778
2010-03-26,2.927807
2010-03-29,2.889187
2010-03-30,2.903052
2010-03-31,2.860845
2010-04-01,2.876750
2010-04-06,2.920939
2010-04-07,2.904185
2010-04-08,2.888744
2010-04-09,2.936929
2010-04-12,2.934489
2010-04-13,2.898359
2010-04-14,2.900041
2010-04-15,2.904703
2010-04-16,2.872871
2010-04-19,2.854923
2010-04-20,2.858643
2010-04-21,2.847592
2010-04-22,2.813856
2010-04-23,2.843173
2010-04-26,2.824081
2010-04-27,2.843265
2010-04-28,2.831896
2010-04-29,2.829242
2010-04-30,2.782973
2010-05-03,2.799934
2010-05-04,2.734828
2010-05-05,2.624521
2010-05-06,2.646380
2010-05-07,2.587740
2010-05-10,2.688286
2010-05-11,2.674272
2010-05-12,2.700373
2010-05-13,2.664498
2010-05-14,2.592017
2010-05-17,2.635265
2010-05-18,2.542100
2010-05-19,2.532793
2010-05-20,2.438782
2010-05-21,2.434777
2010-05-24,2.417818
2010-05-25,2.371631
2010-05-26,2.443819
2010-05-27,2.490971
2010-05-28,2.414894
2010-05-31,2.385203
2010-06-01,2.381733
2010-06-02,2.395306
2010-06-03,2.468766
2010-06-04,2.433677
2010-06-07,2.480262
2010-06-08,2.464296
2010-06-09,2.439485
2010-06-10,2.466172
2010-06-11,2.431281
2010-06-14,2.448020
2010-06-15,2.486112
2010-06-16,2.480972
2010-06-17,2.492431
2010-06-18,2.522876
2010-06-21,2.540114
2010-06-22,2.509934
2010-06-23,2.479038
2010-06-24,2.435085
2010-06-25,2.451225
2010-06-28,2.438064
2010-06-29,2.392085
2010-06-30,2.410793
2010-07-01,2.400368
2010-07-02,2.387665
2010-07-05,2.331947
2010-07-06,2.372470
2010-07-07,2.364190
2010-07-08,2.394598
2010-07-09,2.385385
2010-07-12,2.346511
2010-07-13,2.357362
2010-07-14,2.377008
2010-07-15,2.424226
2010-07-16,2.395651
2010-07-19,2.429224
2010-07-20,2.409757
2010-07-21,2.404723
2010-07-22,2.432118
2010-07-23,2.453964
2010-07-26,2.489312
2010-07-27,2.519590
2010-07-28,2.485212
2010-07-29,2.479282
2010-07-30,2.439207
2010-08-02,2.475359
2010-08-03,2.380369
2010-08-04,2.360826
2010-08-05,2.329008
2010-08-06,2.285014
2010-08-09,2.267296
2010-08-10,2.289082
2010-08-11,2.191911
2010-08-12,2.178073
2010-08-13,2.178811
2010-08-16,2.126592
2010-08-17,2.160668
2010-08-18,2.107088
2010-08-19,2.099527
2010-08-20,2.080353
2010-08-23,2.088916
2010-08-24,1.980005
2010-08-25,1.975188
2010-08-26,1.999929
2010-08-27,1.984996
2010-08-30,1.984983
2010-08-31,1.972862
2010-09-01,2.055038
2010-09-02,2.081307
2010-09-03,2.134465
2010-09-06,2.118432
2010-09-07,2.059277
2010-09-08,2.097512
2010-09-09,2.129825
2010-09-10,2.181236
2010-09-13,2.218128
2010-09-14,2.174812
2010-09-15,2.220100
2010-09-16,2.310270
2010-09-17,2.249001
2010-09-20,2.289156
2010-09-21,2.287268
2010-09-22,2.212849
2010-09-23,2.144874
2010-09-24,2.166027
2010-09-27,2.119427
2010-09-28,2.105454
2010-09-29,2.134676
2010-09-30,2.182079
2010-10-01,2.224065
2010-10-04,2.144950
2010-10-05,2.142664
2010-10-06,2.108292
2010-10-07,2.132866
2010-10-08,2.142341
2010-10-11,2.127194
2010-10-12,2.088505
2010-10-13,2.123352
2010-10-14,2.133171
2010-10-15,2.178863
2010-10-18,2.218082
2010-10-19,2.241894
2010-10-20,2.270574
2010-10-21,2.305518
2010-10-22,2.312748
2010-10-25,2.296946
2010-10-26,2.345321
2010-10-27,2.403559
2010-10-28,2.374518
2010-10-29,2.362431
2010-11-01,2.340048
2010-11-02,2.323792
2010-11-03,2.268954
2010-11-04,2.270459
2010-11-05,2.263814
2010-11-08,2.229330
2010-11-09,2.237453
2010-11-10,2.253491
2010-11-11,2.275269
2010-11-12,2.337849
2010-11-15,2.392142
2010-11-16,2.404684
2010-11-17,2.440831
2010-11-18,2.516247
2010-11-19,2.527805
2010-11-22,2.485657
2010-11-23,2.407374
2010-11-24,2.494532
2010-11-25,2.543109
2010-11-26,2.563233
2010-11-29,2.582259
2010-11-30,2.576862
2010-12-01,2.635737
2010-12-02,2.673380
2010-12-03,2.715393
2010-12-06,2.656533
2010-12-07,2.718924
2010-12-08,2.784705
2010-12-09,2.762035
2010-12-10,2.790551
2010-12-13,2.800241
2010-12-14,2.834232
2010-12-15,2.858613
2010-12-16,2.889752
2010-12-17,2.855679
2010-12-20,2.785051
2010-12-21,2.786925
2010-12-22,2.757185
2010-12-23,2.771895
2010-12-24,2.773174
2010-12-27,2.828024
2010-12-28,2.767574
2010-12-29,2.828550
2010-12-30,2.778422
2010-12-31,2.780265
2011-01-03,2.776573
2011-01-04,2.737331
2011-01-05,2.738909
2011-01-06,2.785874
2011-01-07,2.748306
2011-01-10,2.697691
2011-01-11,2.701336
2011-01-12,2.811125
2011-01-13,2.846503
2011-01-14,2.827754
2011-01-17,2.844045
2011-01-18,2.915541
2011-01-19,2.902417
2011-01-20,2.976323
2011-01-21,3.007700
2011-01-24,2.967671
2011-01-25,2.965404
2011-01-26,3.018019
2011-01-27,3.030308
2011-01-28,3.055697
2011-01-31,3.029014
2011-02-01,3.074911
2011-02-02,3.048767
2011-02-03,3.066730
2011-02-04,3.066455
2011-02-07,3.092946
2011-02-08,3.090088
2011-02-09,3.114748
2011-02-10,3.131179
2011-02-11,3.091166
2011-02-14,3.119681
2011-02-15,3.132642
2011-02-16,3.064650
2011-02-17,3.030714
2011-02-18,3.060626
2011-02-21,3.022047
2011-02-22,3.012398
2011-02-23,2.997710
2011-02-24,2.989723
2011-02-25,3.009936
2011-02-28,3.022282
2011-03-01,3.058361
2011-03-02,3.050136
2011-03-03,3.190896
2011-03-04,3.190191
2011-03-07,3.214237
2011-03-08,3.183229
2011-03-09,3.190556
2011-03-10,3.141407
2011-03-11,3.101315
2011-03-14,3.091384
2011-03-15,2.996343
2011-03-16,2.946551
2011-03-17,3.020020
2011-03-18,3.049032
2011-03-21,3.129095
2011-03-22,3.139006
2011-03-23,3.126381
2011-03-24,3.137812
2011-03-25,3.160694
2011-03-28,3.202521
2011-03-29,3.207037
2011-03-30,3.247807
2011-03-31,3.257649
2011-04-01,3.302838
2011-04-04,3.285678
2011-04-05,3.275484
2011-04-06,3.311120
2011-04-07,3.313717
2011-04-08,3.371153
2011-04-11,3.370890
2011-04-12,3.323839
2011-04-13,3.348390
2011-04-14,3.300556
2011-04-15,3.299179
2011-04-18,3.212708
2011-04-19,3.222298
2011-04-20,3.226204
2011-04-21,3.196220
2011-04-26,3.189284
2011-04-27,3.224334
2011-04-28,3.187609
2011-04-29,3.185696
2011-05-02,3.187924
2011-05-03,3.193547
2011-05-04,3.246151
2011-05-05,3.169785
2011-05-06,3.110357
2011-05-09,3.038512
2011-05-10,3.055329
2011-05-11,3.072509
2011-05-12,3.027992
2011-05-13,3.023356
2011-05-16,3.047541
2011-05-17,3.040864
2011-05-18,3.032781
2011-05-19,3.095300
2011-05-20,3.012588
2011-05-23,2.964368
2011-05-24,2.984692
2011-05-25,2.943110
2011-05-26,2.903254
2011-05-27,2.874380
2011-05-30,2.874697
2011-05-31,2.930435
2011-06-01,2.897171
2011-06-02,2.880780
2011-06-03,2.886201
2011-06-06,2.924044
2011-06-07,2.962286
2011-06-08,2.941878
2011-06-09,2.906377
2011-06-10,2.856646
2011-06-13,2.858539
2011-06-14,2.898651
2011-06-15,2.877634
2011-06-16,2.857049
2011-06-17,2.877817
2011-06-20,2.900544
2011-06-21,2.902065
2011-06-22,2.900285
2011-06-23,2.818742
2011-06-24,2.810641
2011-06-27,2.832367
2011-06-28,2.880023
2011-06-29,2.919491
2011-06-30,2.944231
2011-07-01,2.983586
2011-07-04,2.967319
2011-07-05,2.966615
2011-07-06,2.887005
2011-07-07,2.932965
2011-07-08,2.822591
2011-07-11,2.701732
2011-07-12,2.741869
2011-07-13,2.734614
2011-07-14,2.771203
2011-07-15,2.696931
2011-07-18,2.680785
2011-07-19,2.716528
2011-07-20,2.729928
2011-07-21,2.817225
2011-07-22,2.772254
2011-07-25,2.751054
2011-07-26,2.709051
2011-07-27,2.601395
2011-07-28,2.615052
2011-07-29,2.549846
2011-08-01,2.507276
2011-08-02,2.468659
2011-08-03,2.483686
2011-08-04,2.429241
2011-08-05,2.435827
2011-08-08,2.422625
2011-08-09,2.429746
2011-08-10,2.280720
2011-08-11,2.288706
2011-08-12,2.309366
2011-08-15,2.286506
2011-08-16,2.275227
2011-08-17,2.225274
2011-08-18,2.073684
2011-08-19,2.126565
2011-08-22,2.163777
2011-08-23,2.095957
2011-08-24,2.193870
2011-08-25,2.183989
2011-08-26,2.125462
2011-08-29,2.235943
2011-08-30,2.143624
2011-08-31,2.205279
2011-09-01,2.228161
2011-09-02,2.094938
2011-09-05,1.998921
2011-09-06,2.000055
2011-09-07,2.033365
2011-09-08,1.927171
2011-09-09,1.882836
2011-09-12,1.847349
2011-09-13,1.930340
2011-09-14,1.982585
2011-09-15,2.114771
2011-09-16,2.002478
2011-09-19,1.933368
2011-09-20,1.940680
2011-09-21,1.964243
2011-09-22,1.912249
2011-09-23,1.867605
2011-09-26,1.900303
2011-09-27,2.077265
2011-09-28,2.063595
2011-09-29,2.076884
2011-09-30,1.993217
2011-10-03,1.944282
2011-10-04,1.853748
2011-10-05,1.980571
2011-10-06,1.999997
2011-10-07,2.100239
2011-10-10,2.170337
2011-10-11,2.184874
2011-10-12,2.268659
2011-10-13,2.225515
2011-10-14,2.336833
2011-10-17,2.239584
2011-10-18,2.235500
2011-10-19,2.288610
2011-10-20,2.311069
2011-10-21,2.334755
2011-10-24,2.305578
2011-10-25,2.282108
2011-10-26,2.216002
2011-10-27,2.276591
2011-10-28,2.303997
2011-10-31,2.220241
2011-11-01,2.042999
2011-11-02,2.110133
2011-11-03,2.148483
2011-11-04,2.089239
2011-11-07,2.080889
2011-11-08,2.104828
2011-11-09,2.074271
2011-11-10,2.186774
2011-11-11,2.272299
2011-11-14,2.280628
2011-11-15,2.388506
2011-11-16,2.443637
2011-11-17,2.450737
2011-11-18,2.470659
2011-11-21,2.407369
2011-11-22,2.469168
2011-11-23,2.587780
2011-11-24,2.637779
2011-11-25,2.712773
2011-11-28,2.688878
2011-11-29,2.683552
2011-11-30,2.511178
2011-12-01,2.431255
2011-12-02,2.389441
2011-12-05,2.343961
2011-12-06,2.401364
2011-12-07,2.359810
2011-12-08,2.361019
2011-12-09,2.353346
2011-12-12,2.321688
2011-12-13,2.319814
2011-12-14,2.247276
2011-12-15,2.204891
2011-12-16,2.142344
2011-12-19,2.169552
2011-12-20,2.223761
2011-12-21,2.196451
2011-12-22,2.209308
2011-12-23,2.167619
2011-12-27,2.152486
2011-12-28,2.144841
2011-12-29,2.138959
2011-12-30,2.127631
2012-01-02,2.209752
2012-01-03,2.230554
2012-01-04,2.271880
2012-01-05,2.270814
2012-01-06,2.296170
2012-01-09,2.259665
2012-01-10,2.236542
2012-01-11,2.163035
2012-01-12,2.050688
2012-01-13,2.025751
2012-01-16,1.999244
2012-01-17,2.020261
2012-01-18,2.044044
2012-01-19,2.063293
2012-01-20,2.109944
2012-01-23,2.143125
2012-01-24,2.175270
2012-01-25,2.152861
2012-01-26,2.073544
2012-01-27,2.037579
2012-01-30,1.999659
2012-01-31,2.033188
2012-02-01,2.011203
2012-02-02,2.003116
2012-02-03,2.034983
2012-02-06,2.019614
2012-02-07,2.051131
2012-02-08,2.062942
2012-02-09,2.065786
2012-02-10,2.049384
2012-02-13,2.024794
2012-02-14,2.044472
2012-02-15,2.049137
2012-02-16,2.066595
2012-02-17,2.109138
2012-02-20,2.105369
2012-02-21,2.107825
2012-02-22,2.081928
2012-02-23,2.044710
2012-02-24,2.034182
2012-02-27,2.002009
2012-02-28,1.993439
2012-02-29,1.989982
2012-03-01,1.966497
2012-03-02,1.934096
2012-03-05,1.948675
2012-03-06,1.954105
2012-03-07,1.940987
2012-03-08,1.921987
2012-03-09,1.925932
2012-03-12,1.919826
2012-03-13,1.941552
2012-03-14,1.999109
2012-03-15,2.051914
2012-03-16,2.130988
2012-03-19,2.105600
2012-03-20,2.117401
2012-03-21,2.079478
2012-03-22,2.049029
2012-03-23,2.006833
2012-03-26,2.027055
2012-03-27,2.020410
2012-03-28,2.006815
2012-03-29,1.978421
2012-03-30,1.950660
2012-04-02,1.921667
2012-04-03,1.937091
2012-04-04,1.937997
2012-04-05,1.949771
2012-04-10,1.929294
2012-04-11,1.921267
2012-04-12,1.877650
2012-04-13,1.881132
2012-04-16,1.915403
2012-04-17,1.928499
2012-04-18,1.919893
2012-04-19,1.934698
2012-04-20,1.967209
2012-04-23,1.962619
2012-04-24,1.936256
2012-04-25,1.924869
2012-04-26,1.903326
2012-04-27,1.881449
2012-04-30,1.838103
2012-05-02,1.811697
2012-05-03,1.799850
2012-05-04,1.757865
2012-05-07,1.729269
2012-05-08,1.694879
2012-05-09,1.728419
2012-05-10,1.710098
2012-05-11,1.688487
2012-05-14,1.654930
2012-05-15,1.687340
2012-05-16,1.718484
2012-05-17,1.675156
2012-05-18,1.665174
2012-05-21,1.671183
2012-05-22,1.661280
2012-05-23,1.609417
2012-05-24,1.519829
2012-05-25,1.499296
2012-05-28,1.494098
2012-05-29,1.490760
2012-05-30,1.466823
2012-05-31,1.363182
2012-06-01,1.247018
2012-06-04,1.323517
2012-06-05,1.328864
2012-06-06,1.423551
2012-06-07,1.546738
2012-06-08,1.496861
2012-06-11,1.537743
2012-06-12,1.634402
2012-06-13,1.663244
2012-06-14,1.643973
2012-06-15,1.593654
2012-06-18,1.582797
2012-06-19,1.647520
2012-06-20,1.724944
2012-06-21,1.679122
2012-06-22,1.684022
2012-06-25,1.616721
2012-06-26,1.655087
2012-06-27,1.674378
2012-06-28,1.659391
2012-06-29,1.725660
2012-07-02,1.655597
2012-07-03,1.597586
2012-07-04,1.559298
2012-07-05,1.504290
2012-07-06,1.389357
2012-07-09,1.390558
2012-07-10,1.376173
2012-07-11,1.326274
2012-07-12,1.287853
2012-07-13,1.270203
2012-07-16,1.224640
2012-07-17,1.206672
2012-07-18,1.197405
2012-07-19,1.207267
2012-07-20,1.169017
2012-07-23,1.230480
2012-07-24,1.321078
2012-07-25,1.345183
2012-07-26,1.319726
2012-07-27,1.346544
2012-07-30,1.315058
2012-07-31,1.246447
2012-08-01,1.268413
2012-08-02,1.207070
2012-08-03,1.230471
2012-08-06,1.273459
2012-08-07,1.324066
2012-08-08,1.286027
2012-08-09,1.274964
2012-08-10,1.223866
2012-08-13,1.295479
2012-08-14,1.299205
2012-08-15,1.362246
2012-08-16,1.361821
2012-08-17,1.369975
2012-08-20,1.366015
2012-08-21,1.396489
2012-08-22,1.353126
2012-08-23,1.290419
2012-08-24,1.242156
2012-08-27,1.260080
2012-08-28,1.259342
2012-08-29,1.301131
2012-08-30,1.277509
2012-08-31,1.291497
2012-09-03,1.285705
2012-09-04,1.314349
2012-09-05,1.329630
2012-09-06,1.367742
2012-09-07,1.359522
2012-09-10,1.380930
2012-09-11,1.359653
2012-09-12,1.411329
2012-09-13,1.348979
2012-09-14,1.445207
2012-09-17,1.448424
2012-09-18,1.410320
2012-09-19,1.407057
2012-09-20,1.398119
2012-09-21,1.400570
2012-09-24,1.389913
2012-09-25,1.375935
2012-09-26,1.315160
2012-09-27,1.304127
2012-09-28,1.285076
2012-10-01,1.314880
2012-10-02,1.310210
2012-10-03,1.296949
2012-10-04,1.313455
2012-10-05,1.348971
2012-10-08,1.327778
2012-10-09,1.323025
2012-10-10,1.299499
2012-10-11,1.300425
2012-10-12,1.272891
2012-10-15,1.261236
2012-10-16,1.325123
2012-10-17,1.379732
2012-10-18,1.385919
2012-10-19,1.373249
2012-10-22,1.381246
2012-10-23,1.362731
2012-10-24,1.357221
2012-10-25,1.375640
2012-10-26,1.326992
2012-10-29,1.304413
2012-10-30,1.303416
2012-10-31,1.306550
2012-11-01,1.303127
2012-11-02,1.282539
2012-11-05,1.265221
2012-11-06,1.260159
2012-11-07,1.213503
2012-11-08,1.206747
2012-11-09,1.178748
2012-11-12,1.176799
2012-11-13,1.158508
2012-11-14,1.179539
2012-11-15,1.168195
2012-11-16,1.156896
2012-11-19,1.169275
2012-11-20,1.212244
2012-11-21,1.251001
2012-11-22,1.249110
2012-11-23,1.240281
2012-11-26,1.218568
2012-11-27,1.226412
2012-11-28,1.148369
2012-11-29,1.165922
2012-11-30,1.154935
2012-12-03,1.184255
2012-12-04,1.175269
2012-12-05,1.133497
2012-12-06,1.114618
2012-12-07,1.071446
2012-12-10,1.066413
2012-12-11,1.089338
2012-12-12,1.085654
2012-12-13,1.085665
2012-12-14,1.089156
2012-12-17,1.121767
2012-12-18,1.146645
2012-12-19,1.165625
2012-12-20,1.140707
2012-12-21,1.125602
2012-12-24,1.124686
2012-12-27,1.111495
2012-12-28,1.085878
2012-12-31,1.085540
2013-01-02,1.186099
2013-01-03,1.229031
2013-01-04,1.287568
2013-01-07,1.274111
2013-01-08,1.248086
2013-01-09,1.236845
2013-01-10,1.293997
2013-01-11,1.324127
2013-01-14,1.290733
2013-01-15,1.277894
2013-01-16,1.272515
2013-01-17,1.337676
2013-01-18,1.322640
2013-01-21,1.326529
2013-01-22,1.314615
2013-01-23,1.292152
2013-01-24,1.291932
2013-01-25,1.386591
2013-01-28,1.453207
2013-01-29,1.433164
2013-01-30,1.481021
2013-01-31,1.452841
2013-02-01,1.395094
2013-02-04,1.402497
2013-02-05,1.427116
2013-02-06,1.405429
2013-02-07,1.374824
2013-02-08,1.367671
2013-02-11,1.363034
2013-02-12,1.395775
2013-02-13,1.429981
2013-02-14,1.396462
2013-02-15,1.390782
2013-02-18,1.386568
2013-02-19,1.388358
2013-02-20,1.411245
2013-02-21,1.358623
2013-02-22,1.327428
2013-02-25,1.371398
2013-02-26,1.277263
2013-02-27,1.226722
2013-02-28,1.236514
2013-03-01,1.195790
2013-03-04,1.188791
2013-03-05,1.206110
2013-03-06,1.213700
2013-03-07,1.242180
2013-03-08,1.255917
2013-03-11,1.239185
2013-03-12,1.226902
2013-03-13,1.219864
2013-03-14,1.219083
2013-03-15,1.198314
2013-03-18,1.154239
2013-03-19,1.141088
2013-03-20,1.160171
2013-03-21,1.139020
2013-03-22,1.155486
2013-03-25,1.139590
2013-03-26,1.162548
2013-03-27,1.112189
2013-03-28,1.123529
2013-04-02,1.149287
2013-04-03,1.111700
2013-04-04,1.060425
2013-04-05,0.980544
2013-04-08,0.990315
2013-04-09,1.037330
2013-04-10,1.097270
2013-04-11,1.079918
2013-04-12,1.056722
2013-04-15,1.043737
2013-04-16,1.046855
2013-04-17,1.036258
2013-04-18,1.010785
2013-04-19,1.037379
2013-04-22,0.995278
2013-04-23,1.001151
2013-04-24,0.993425
2013-04-25,1.002617
2013-04-26,0.989603
2013-04-29,0.978378
2013-04-30,0.964419
2013-05-02,0.950039
2013-05-03,0.979984
2013-05-06,0.996940
2013-05-07,1.026086
2013-05-08,1.022261
2013-05-09,1.009579
2013-05-10,1.091393
2013-05-13,1.089047
2013-05-14,1.084313
2013-05-15,1.083521
2013-05-16,1.044689
2013-05-17,1.028562
2013-05-20,1.039239
2013-05-21,1.108374
2013-05-22,1.053919
2013-05-23,1.088393
2013-05-24,1.114156
2013-05-27,1.137443
2013-05-28,1.163987
2013-05-29,1.220724
2013-05-30,1.222437
2013-05-31,1.224398
2013-06-03,1.250217
2013-06-04,1.264166
2013-06-05,1.239394
2013-06-06,1.291961
2013-06-07,1.288031
2013-06-10,1.312740
2013-06-11,1.405219
2013-06-12,1.375797
2013-06-13,1.318125
2013-06-14,1.256710
2013-06-17,1.252758
2013-06-18,1.302480
2013-06-19,1.286262
2013-06-20,1.455087
2013-06-21,1.502285
2013-06-24,1.671816
2013-06-25,1.640826
2013-06-26,1.557486
2013-06-27,1.490320
2013-06-28,1.543265
2013-07-01,1.507070
2013-07-02,1.473298
2013-07-03,1.452831
2013-07-04,1.394673
2013-07-05,1.462904
2013-07-08,1.416323
2013-07-09,1.390060
2013-07-10,1.396181
2013-07-11,1.387962
2013-07-12,1.334421
2013-07-15,1.251421
2013-07-16,1.241510
2013-07-17,1.225411
2013-07-18,1.209168
2013-07-19,1.186077
2013-07-22,1.194476
2013-07-23,1.254910
2013-07-24,1.312154
2013-07-25,1.339194
2013-07-26,1.334562
2013-07-29,1.349831
2013-07-30,1.347416
2013-07-31,1.364356
2013-08-01,1.354158
2013-08-02,1.339839
2013-08-05,1.358259
2013-08-06,1.377608
2013-08-07,1.374618
2013-08-08,1.367855
2013-08-09,1.359742
2013-08-12,1.366907
2013-08-13,1.459500
2013-08-14,1.479326
2013-08-15,1.539225
2013-08-16,1.526726
2013-08-19,1.573463
2013-08-20,1.536630
2013-08-21,1.574257
2013-08-22,1.594899
2013-08-23,1.656647
2013-08-26,1.588233
2013-08-27,1.560091
2013-08-28,1.569148
2013-08-29,1.564753
2013-08-30,1.576220
2013-09-02,1.607266
2013-09-03,1.616498
2013-09-04,1.627268
2013-09-05,1.740630
2013-09-06,1.647716
2013-09-09,1.656106
2013-09-10,1.733937
2013-09-11,1.685268
2013-09-12,1.621010
2013-09-13,1.615431
2013-09-16,1.574248
2013-09-17,1.603728
2013-09-18,1.635377
2013-09-19,1.555915
2013-09-20,1.588539
2013-09-23,1.557332
2013-09-24,1.496029
2013-09-25,1.487938
2013-09-26,1.486712
2013-09-27,1.442119
2013-09-30,1.446363
2013-10-01,1.445932
2013-10-02,1.448442
2013-10-03,1.467437
2013-10-04,1.488811
2013-10-07,1.453167
2013-10-08,1.473233
2013-10-09,1.466735
2013-10-10,1.513531
2013-10-11,1.507027
2013-10-14,1.508244
2013-10-15,1.526271
2013-10-16,1.582022
2013-10-17,1.531005
2013-10-18,1.481023
2013-10-21,1.485073
2013-10-22,1.440838
2013-10-23,1.417672
2013-10-24,1.407353
2013-10-25,1.414331
2013-10-28,1.401332
2013-10-29,1.400701
2013-10-30,1.363243
2013-10-31,1.318080
2013-11-01,1.312341
2013-11-04,1.302708
2013-11-05,1.372551
2013-11-06,1.382357
2013-11-07,1.305089
2013-11-08,1.371770
2013-11-11,1.364883
2013-11-12,1.398243
2013-11-13,1.363048
2013-11-14,1.340143
2013-11-15,1.346164
2013-11-18,1.331285
2013-11-19,1.344819
2013-11-20,1.358976
2013-11-21,1.390303
2013-11-22,1.379269
2013-11-25,1.350027
2013-11-26,1.343486
2013-11-27,1.346739
2013-11-28,1.338275
2013-11-29,1.341365
2013-12-02,1.373070
2013-12-03,1.370140
2013-12-04,1.413903
2013-12-05,1.475753
2013-12-06,1.493213
2013-12-09,1.474341
2013-12-10,1.468472
2013-12-11,1.472155
2013-12-12,1.489298
2013-12-13,1.490632
2013-12-16,1.484803
2013-12-17,1.479211
2013-12-18,1.492740
2013-12-19,1.529616
2013-12-20,1.544867
2013-12-23,1.546663
2013-12-24,1.546968
2013-12-27,1.619691
2013-12-30,1.618394
2013-12-31,1.619091
2014-01-02,1.616442
2014-01-03,1.607324
2014-01-06,1.574175
2014-01-07,1.558231
2014-01-08,1.560087
2014-01-09,1.575459
2014-01-10,1.528466
2014-01-13,1.502973
2014-01-14,1.499131
2014-01-15,1.523735
2014-01-16,1.469581
2014-01-17,1.451976
2014-01-20,1.412168
2014-01-21,1.419675
2014-01-22,1.444195
2014-01-23,1.405494
2014-01-24,1.363961
2014-01-27,1.366481
2014-01-28,1.370944
2014-01-29,1.344122
2014-01-30,1.318369
2014-01-31,1.271890
2014-02-03,1.255127
2014-02-04,1.259301
2014-02-05,1.257113
2014-02-06,1.315173
2014-02-07,1.280106
2014-02-10,1.292904
2014-02-11,1.305298
2014-02-12,1.310591
2014-02-13,1.283284
2014-02-14,1.299358
2014-02-17,1.299915
2014-02-18,1.285921
2014-02-19,1.271062
2014-02-20,1.299813
2014-02-21,1.281374
2014-02-24,1.301508
2014-02-25,1.278307
2014-02-26,1.237257
2014-02-27,1.187560
2014-02-28,1.274868
2014-03-03,1.217227
2014-03-04,1.228826
2014-03-05,1.237879
2014-03-06,1.282480
2014-03-07,1.293781
2014-03-10,1.254296
2014-03-11,1.278019
2014-03-12,1.232381
2014-03-13,1.209950
2014-03-14,1.183019
2014-03-17,1.196047
2014-03-18,1.205560
2014-03-19,1.235261
2014-03-20,1.303479
2014-03-21,1.278554
2014-03-24,1.245718
2014-03-25,1.228789
2014-03-26,1.203512
2014-03-27,1.178127
2014-03-28,1.196963
2014-03-31,1.227420
2014-04-01,1.231486
2014-04-02,1.258897
2014-04-03,1.253761
2014-04-04,1.195504
2014-04-07,1.178154
2014-04-08,1.204044
2014-04-09,1.231548
2014-04-10,1.188014
2014-04-11,1.155965
2014-04-14,1.162026
2014-04-15,1.152636
2014-04-16,1.133307
2014-04-17,1.161111
2014-04-22,1.193697
2014-04-23,1.194085
2014-04-24,1.177539
2014-04-25,1.156660
2014-04-28,1.178528
2014-04-29,1.179319
2014-04-30,1.147461
2014-05-02,1.130198
2014-05-05,1.113778
2014-05-06,1.123016
2014-05-07,1.151994
2014-05-08,1.112022
2014-05-09,1.103504
2014-05-12,1.111382
2014-05-13,1.071849
2014-05-14,1.021829
2014-05-15,0.980720
2014-05-16,1.000308
2014-05-19,1.008583
2014-05-20,1.021673
2014-05-21,1.044721
2014-05-22,1.017147
2014-05-23,1.015037
2014-05-26,1.008383
2014-05-27,0.985138
2014-05-28,0.951141
2014-05-29,0.955903
2014-05-30,0.983159
2014-06-02,0.975519
2014-06-03,1.029630
2014-06-04,1.041593
2014-06-05,1.032906
2014-06-06,0.922344
2014-06-09,0.949105
2014-06-10,0.986047
2014-06-11,0.981104
2014-06-12,0.974695
2014-06-13,0.968921
2014-06-16,0.944213
2014-06-17,0.980654
2014-06-18,0.969430
2014-06-19,0.908227
2014-06-20,0.946864
2014-06-23,0.922336
2014-06-24,0.927336
2014-06-25,0.881757
2014-06-26,0.864197
2014-06-27,0.879288
2014-06-30,0.878108
2014-07-01,0.858284
2014-07-02,0.880704
2014-07-03,0.894320
2014-07-04,0.852937
2014-07-07,0.857637
2014-07-08,0.826739
2014-07-09,0.827892
2014-07-10,0.804296
2014-07-11,0.812240
2014-07-14,0.821659
2014-07-15,0.801048
2014-07-16,0.808144
2014-07-17,0.793173
2014-07-18,0.777438
2014-07-21,0.776932
2014-07-22,0.796292
2014-07-23,0.770778
2014-07-24,0.804532
2014-07-25,0.781486
2014-07-28,0.772195
2014-07-29,0.756399
2014-07-30,0.780060
2014-07-31,0.809812
2014-08-01,0.789012
2014-08-04,0.762925
2014-08-05,0.795976
2014-08-06,0.749421
2014-08-07,0.735540
2014-08-08,0.711338
2014-08-11,0.716258
2014-08-12,0.718932
2014-08-13,0.703136
2014-08-14,0.679309
2014-08-15,0.673617
2014-08-18,0.687061
2014-08-19,0.674067
2014-08-20,0.659362
2014-08-21,0.661876
2014-08-22,0.661379
2014-08-25,0.616237
2014-08-26,0.615668
2014-08-27,0.571827
2014-08-28,0.573034
2014-08-29,0.586115
2014-09-01,0.578718
2014-09-02,0.617631
2014-09-03,0.630856
2014-09-04,0.601718
2014-09-05,0.576828
2014-09-08,0.574062
2014-09-09,0.632395
2014-09-10,0.649222
2014-09-11,0.645847
2014-09-12,0.690276
2014-09-15,0.659111
2014-09-16,0.667965
2014-09-17,0.658449
2014-09-18,0.701505
2014-09-19,0.656035
2014-09-22,0.634087
2014-09-23,0.640750
2014-09-24,0.620409
2014-09-25,0.599534
2014-09-26,0.596048
2014-09-29,0.586058
2014-09-30,0.574394
2014-10-01,0.537991
2014-10-02,0.559313
2014-10-03,0.584918
2014-10-06,0.568191
2014-10-07,0.564168
2014-10-08,0.551817
2014-10-09,0.538591
2014-10-10,0.548729
2014-10-13,0.564985
2014-10-14,0.522845
2014-10-15,0.468541
2014-10-16,0.510367
2014-10-17,0.564576
2014-10-20,0.541643
2014-10-21,0.559912
2014-10-22,0.561522
2014-10-23,0.565805
2014-10-24,0.567653
2014-10-27,0.563492
2014-10-28,0.565982
2014-10-29,0.567460
2014-10-30,0.530686
2014-10-31,0.519331
2014-11-03,0.520548
2014-11-04,0.498704
2014-11-05,0.503305
2014-11-06,0.501143
2014-11-07,0.499539
2014-11-10,0.497826
2014-11-11,0.500468
2014-11-12,0.483422
2014-11-13,0.485915
2014-11-14,0.478941
2014-11-17,0.492585
2014-11-18,0.485491
2014-11-19,0.534117
2014-11-20,0.504981
2014-11-21,0.476349
2014-11-24,0.477177
2014-11-25,0.456916
2014-11-26,0.448341
2014-11-27,0.421598
2014-11-28,0.419055
2014-12-01,0.427421
2014-12-02,0.463262
2014-12-03,0.462651
2014-12-04,0.458296
2014-12-05,0.473296
2014-12-08,0.435656
2014-12-09,0.426067
2014-12-10,0.421969
2014-12-11,0.411247
2014-12-12,0.389262
2014-12-15,0.392177
2014-12-16,0.353908
2014-12-17,0.353578
2014-12-18,0.374095
2014-12-19,0.361104
2014-12-22,0.354263
2014-12-23,0.348471
2014-12-24,0.347616
2014-12-29,0.313863
2014-12-30,0.296780
2014-12-31,0.295845
2015-01-02,0.273335
2015-01-05,0.263106
2015-01-06,0.232680
2015-01-07,0.261942
2015-01-08,0.286069
2015-01-09,0.289578
2015-01-12,0.252925
2015-01-13,0.249178
2015-01-14,0.204822
2015-01-15,0.194285
2015-01-16,0.183741
2015-01-19,0.184811
2015-01-20,0.206471
2015-01-21,0.250656
2015-01-22,0.276686
2015-01-23,0.143687
2015-01-26,0.161151
2015-01-27,0.174508
2015-01-28,0.171631
2015-01-29,0.154777
2015-01-30,0.144408
2015-02-02,0.110371
2015-02-03,0.132108
2015-02-04,0.147574
2015-02-05,0.157475
2015-02-06,0.150547
2015-02-09,0.160809
2015-02-10,0.179818
2015-02-11,0.171519
2015-02-12,0.148997
2015-02-13,0.138984
2015-02-16,0.140793
2015-02-17,0.152046
2015-02-18,0.166961
2015-02-19,0.160190
2015-02-20,0.126475
2015-02-23,0.136279
2015-02-24,0.150641
2015-02-25,0.110290
2015-02-26,0.075964
2015-02-27,0.098745
2015-03-02,0.105664
2015-03-03,0.136456
2015-03-04,0.143654
2015-03-05,0.121355
2015-03-06,0.143059
2015-03-09,0.093526
2015-03-10,0.038453
2015-03-11,0.026819
2015-03-12,0.051054
2015-03-13,0.082691
2015-03-16,0.089793
2015-03-17,0.112570
2015-03-18,0.053573
2015-03-19,0.048970
2015-03-20,0.042884
2015-03-23,0.080061
2015-03-24,0.095169
2015-03-25,0.103197
2015-03-26,0.092753
2015-03-27,0.087214
2015-03-30,0.076878
2015-03-31,0.069779
2015-04-01,0.044954
2015-04-02,0.065748
2015-04-07,0.061501
2015-04-08,0.045706
2015-04-09,0.027740
2015-04-10,0.028257
2015-04-13,0.023949
2015-04-14,0.014431
2015-04-15,-0.009144
2015-04-16,-0.017279
2015-04-17,-0.028754
2015-04-20,-0.022383
2015-04-21,-0.007058
2015-04-22,0.026318
2015-04-23,0.043612
2015-04-24,0.044685
2015-04-27,0.049161
2015-04-28,0.033957
2015-04-29,0.121266
2015-04-30,0.200095
2015-05-04,0.250242
2015-05-05,0.303440
2015-05-06,0.351438
2015-05-07,0.376103
2015-05-08,0.339614
2015-05-11,0.361073
2015-05-12,0.449033
2015-05-13,0.417708
2015-05-14,0.450509
2015-05-15,0.416638
2015-05-18,0.419494
2015-05-19,0.393855
2015-05-20,0.387068
2015-05-21,0.397873
2015-05-22,0.386829
2015-05-25,0.386884
2015-05-26,0.360696
2015-05-27,0.341565
2015-05-28,0.320526
2015-05-29,0.303875
2015-06-01,0.293399
2015-06-02,0.427283
2015-06-03,0.559551
2015-06-04,0.556372
2015-06-05,0.579208
2015-06-08,0.594431
2015-06-09,0.658796
2015-06-10,0.664784
2015-06-11,0.618028
2015-06-12,0.591444
2015-06-15,0.575273
2015-06-16,0.581465
2015-06-17,0.575156
2015-06-18,0.560936
2015-06-19,0.537078
2015-06-22,0.619487
2015-06-23,0.613701
2015-06-24,0.565481
2015-06-25,0.586956
2015-06-26,0.637405
2015-06-29,0.570490
2015-06-30,0.538274
2015-07-01,0.574646
2015-07-02,0.587220
2015-07-03,0.550845
2015-07-06,0.516744
2015-07-07,0.440439
2015-07-08,0.453096
2015-07-09,0.477994
2015-07-10,0.582173
2015-07-13,0.573659
2015-07-14,0.546325
2015-07-15,0.479871
2015-07-16,0.511630
2015-07-17,0.449334
2015-07-20,0.427010
2015-07-21,0.443861
2015-07-22,0.427285
2015-07-23,0.420269
2015-07-24,0.381544
2015-07-27,0.367002
2015-07-28,0.390475
2015-07-29,0.388405
2015-07-30,0.352659
2015-07-31,0.352850
2015-08-03,0.328147
2015-08-04,0.340860
2015-08-05,0.413683
2015-08-06,0.389707
2015-08-07,0.351344
2015-08-10,0.357742
2015-08-11,0.321621
2015-08-12,0.310780
2015-08-13,0.330606
2015-08-14,0.341076
2015-08-17,0.328130
2015-08-18,0.346623
2015-08-19,0.355357
2015-08-20,0.301095
2015-08-21,0.313520
2015-08-24,0.284914
2015-08-25,0.419328
2015-08-26,0.415098
2015-08-27,0.427504
2015-08-28,0.403016
2015-08-31,0.428800
2015-09-01,0.493211
2015-09-02,0.491809
2015-09-03,0.428704
2015-09-04,0.387629
2015-09-07,0.370361
2015-09-08,0.381942
2015-09-09,0.402214
2015-09-10,0.383440
2015-09-11,0.361536
2015-09-14,0.344161
2015-09-15,0.407906
2015-09-16,0.439731
2015-09-17,0.458992
2015-09-18,0.356716
2015-09-21,0.383180
2015-09-22,0.323440
2015-09-23,0.323575
2015-09-24,0.306443
2015-09-25,0.363025
2015-09-28,0.331954
2015-09-29,0.327704
2015-09-30,0.327629
2015-10-01,0.281643
2015-10-02,0.237802
2015-10-05,0.286617
2015-10-06,0.337785
2015-10-07,0.335148
2015-10-08,0.312170
2015-10-09,0.335442
2015-10-12,0.306813
2015-10-13,0.315065
2015-10-14,0.284538
2015-10-15,0.281155
2015-10-16,0.285996
2015-10-19,0.292402
2015-10-20,0.353664
2015-10-21,0.313542
2015-10-22,0.204109
2015-10-23,0.232155
2015-10-26,0.223187
2015-10-27,0.185311
2015-10-28,0.199171
2015-10-29,0.237864
2015-10-30,0.258072
2015-11-02,0.291463
2015-11-03,0.286178
2015-11-04,0.278294
2015-11-05,0.302107
2015-11-06,0.365924
2015-11-09,0.356556
2015-11-10,0.310034
2015-11-11,0.298224
2015-11-12,0.295750
2015-11-13,0.249226
2015-11-16,0.231205
2015-11-17,0.232065
2015-11-18,0.220093
2015-11-19,0.195294
2015-11-20,0.184234
2015-11-23,0.226833
2015-11-24,0.210086
2015-11-25,0.169783
2015-11-26,0.174975
2015-11-27,0.149300
2015-11-30,0.169338
2015-12-01,0.166492
2015-12-02,0.156994
2015-12-03,0.285155
2015-12-04,0.369254
2015-12-07,0.301080
2015-12-08,0.286284
2015-12-09,0.286173
2015-12-10,0.275604
2015-12-11,0.234066
2015-12-14,0.274441
2015-12-15,0.344704
2015-12-16,0.354412
2015-12-17,0.321379
2015-12-18,0.274732
2015-12-21,0.268580
2015-12-22,0.303291
2015-12-23,0.339736
2015-12-28,0.329483
2015-12-29,0.354665
2015-12-30,0.344696
2016-01-04,0.287602
2016-01-05,0.276659
2016-01-06,0.248064
2016-01-07,0.279244
2016-01-08,0.259407
2016-01-11,0.286755
2016-01-12,0.315220
2016-01-13,0.273965
2016-01-14,0.245448
2016-01-15,0.227225
2016-01-18,0.228128
2016-01-19,0.229329
2016-01-20,0.190466
2016-01-21,0.138975
2016-01-22,0.174354
2016-01-25,0.162596
2016-01-26,0.139903
2016-01-27,0.147735
2016-01-28,0.106683
2016-01-29,0.052842
2016-02-01,0.046894
2016-02-02,0.028264
2016-02-03,0.029603
2016-02-04,0.031850
2016-02-05,0.039096
2016-02-08,-0.007255
2016-02-09,0.010544
2016-02-10,0.001215
2016-02-11,-0.030403
2016-02-12,-0.009368
2016-02-15,0.005977
2016-02-16,0.020503
2016-02-17,0.015153
2016-02-18,-0.020310
2016-02-19,-0.046013
2016-02-22,-0.052386
2016-02-23,-0.018296
2016-02-24,-0.085352
2016-02-25,-0.077113
2016-02-26,-0.087249
2016-02-29,-0.125325
2016-03-01,-0.106828
2016-03-02,-0.065635
2016-03-03,-0.069012
2016-03-04,-0.048835
2016-03-07,-0.052953
2016-03-08,-0.089659
2016-03-09,-0.032520
2016-03-10,-0.051559
2016-03-11,0.010344
2016-03-14,0.000509
2016-03-15,0.045107
2016-03-16,0.020572
2016-03-17,-0.011941
2016-03-18,-0.034058
2016-03-21,-0.021197
2016-03-22,-0.022103
2016-03-23,-0.012025
2016-03-24,-0.043634
2016-03-29,-0.074453
2016-03-30,-0.059989
2016-03-31,-0.062587
2016-04-01,-0.089282
2016-04-04,-0.078759
2016-04-05,-0.118677
2016-04-06,-0.101336
2016-04-07,-0.123387
2016-04-08,-0.121210
2016-04-11,-0.096758
2016-04-12,-0.134806
2016-04-13,-0.130714
2016-04-14,-0.125895
2016-04-15,-0.140805
2016-04-18,-0.126566
2016-04-19,-0.109421
2016-04-20,-0.129587
2016-04-21,-0.077301
2016-04-22,-0.059962
2016-04-25,-0.034291
2016-04-26,-0.015803
2016-04-27,-0.011855
2016-04-28,-0.045119
2016-04-29,-0.012745
2016-05-02,-0.017377
2016-05-03,-0.081420
2016-05-04,-0.064386
2016-05-05,-0.097160
2016-05-06,-0.112339
2016-05-09,-0.130223
2016-05-10,-0.145419
2016-05-11,-0.151412
2016-05-12,-0.134139
2016-05-13,-0.135481
2016-05-16,-0.124302
2016-05-17,-0.134088
2016-05-18,-0.096100
2016-05-19,-0.115385
2016-05-20,-0.099343
2016-05-23,-0.099584
2016-05-24,-0.105508
2016-05-25,-0.123674
2016-05-26,-0.124125
2016-05-27,-0.150306
2016-05-30,-0.106712
2016-05-31,-0.102255
2016-06-01,-0.139369
2016-06-02,-0.133527
2016-06-03,-0.176016
2016-06-06,-0.168767
2016-06-07,-0.186203
2016-06-08,-0.187201
2016-06-09,-0.211140
2016-06-10,-0.216512
2016-06-13,-0.208260
2016-06-14,-0.229195
2016-06-15,-0.239270
2016-06-16,-0.243867
2016-06-17,-0.230684
2016-06-20,-0.207308
2016-06-21,-0.217812
2016-06-22,-0.202410
2016-06-23,-0.185562
2016-06-24,-0.300900
2016-06-27,-0.321757
2016-06-28,-0.323834
2016-06-29,-0.344817
2016-06-30,-0.347265
2016-07-01,-0.361135
2016-07-04,-0.365873
2016-07-05,-0.395240
2016-07-06,-0.405074
2016-07-07,-0.390077
2016-07-08,-0.418039
2016-07-11,-0.419671
2016-07-12,-0.366221
2016-07-13,-0.388773
2016-07-14,-0.341253
2016-07-15,-0.334984
2016-07-18,-0.353683
2016-07-19,-0.342539
2016-07-20,-0.334252
2016-07-21,-0.310377
2016-07-22,-0.321735
2016-07-25,-0.341948
2016-07-26,-0.337221
2016-07-27,-0.357954
2016-07-28,-0.360802
2016-07-29,-0.388126
2016-08-01,-0.390346
2016-08-02,-0.329298
2016-08-03,-0.338720
2016-08-04,-0.382410
2016-08-05,-0.367474
2016-08-08,-0.349196
2016-08-09,-0.370706
2016-08-10,-0.398125
2016-08-11,-0.399793
2016-08-12,-0.400402
2016-08-15,-0.367025
2016-08-16,-0.353310
2016-08-17,-0.348935
2016-08-18,-0.379311
2016-08-19,-0.359872
2016-08-22,-0.371337
2016-08-23,-0.380887
2016-08-24,-0.374370
2016-08-25,-0.350803
2016-08-26,-0.362138
2016-08-29,-0.360424
2016-08-30,-0.373753
2016-08-31,-0.369173
2016-09-01,-0.333706
2016-09-02,-0.342232
2016-09-05,-0.346005
2016-09-06,-0.376264
2016-09-07,-0.413853
2016-09-08,-0.383201
2016-09-09,-0.314069
2016-09-12,-0.290284
2016-09-13,-0.288750
2016-09-14,-0.297124
2016-09-15,-0.275317
2016-09-16,-0.308649
2016-09-19,-0.306183
2016-09-20,-0.328340
2016-09-21,-0.312914
2016-09-22,-0.370826
2016-09-23,-0.372016
2016-09-26,-0.395415
2016-09-27,-0.431641
2016-09-28,-0.429412
2016-09-29,-0.404616
2016-09-30,-0.423453
2016-10-03,-0.401302
2016-10-04,-0.387136
2016-10-05,-0.341348
2016-10-06,-0.311847
2016-10-07,-0.314055
2016-10-10,-0.273129
2016-10-11,-0.275994
2016-10-12,-0.260673
2016-10-13,-0.284005
2016-10-14,-0.263072
2016-10-17,-0.262476
2016-10-18,-0.273413
2016-10-19,-0.298769
2016-10-20,-0.289526
2016-10-21,-0.305344
2016-10-24,-0.293712
2016-10-25,-0.276400
2016-10-26,-0.225578
2016-10-27,-0.166285
2016-10-28,-0.152499
2016-10-31,-0.158695
2016-11-01,-0.137189
2016-11-02,-0.168751
2016-11-03,-0.150847
2016-11-04,-0.185465
2016-11-07,-0.164075
2016-11-08,-0.161402
2016-11-09,-0.155852
2016-11-10,-0.037545
2016-11-11,-0.027795
2016-11-14,0.016076
2016-11-15,-0.012351
2016-11-16,-0.000685
2016-11-17,-0.013379
2016-11-18,-0.043922
2016-11-21,-0.033233
2016-11-22,-0.087018
2016-11-23,-0.032154
2016-11-24,-0.074289
2016-11-25,-0.084010
2016-11-28,-0.119649
2016-11-29,-0.099537
2016-11-30,-0.100697
2016-12-01,-0.039835
2016-12-02,-0.010562
2016-12-05,0.002643
2016-12-06,0.002489
2016-12-07,0.011002
2016-12-08,0.036652
2016-12-09,-0.039763
2016-12-12,0.019710
2016-12-13,-0.028680
2016-12-14,-0.053568
2016-12-15,-0.026810
2016-12-16,-0.057029
2016-12-19,-0.077987
2016-12-20,-0.085525
2016-12-21,-0.096334
2016-12-22,-0.087500
2016-12-23,-0.111503
2016-12-27,-0.118926
2016-12-28,-0.139972
2016-12-29,-0.136758
2016-12-30,-0.143497
2017-01-02,-0.174519
2017-01-03,-0.100350
2017-01-04,-0.089545
2017-01-05,-0.065462
2017-01-06,-0.057408
2017-01-09,-0.065546
2017-01-10,-0.062566
2017-01-11,-0.079259
2017-01-12,-0.084438
2017-01-13,-0.083224
2017-01-16,-0.083178
2017-01-17,-0.123780
2017-01-18,-0.063592
2017-01-19,-0.021275
2017-01-20,-0.011190
2017-01-23,-0.010029
2017-01-24,-0.012681
2017-01-25,0.049093
2017-01-26,0.067034
2017-01-27,0.072448
2017-01-30,0.077326
2017-01-31,0.077753
2017-02-01,0.080948
2017-02-02,0.028649
2017-02-03,0.035961
2017-02-06,-0.021897
2017-02-07,-0.000791
2017-02-08,-0.058277
2017-02-09,-0.070737
2017-02-10,-0.039460
2017-02-13,-0.043859
2017-02-14,-0.045267
2017-02-15,-0.014511
2017-02-16,-0.028687
2017-02-17,-0.078203
2017-02-20,-0.071371
2017-02-21,-0.065170
2017-02-22,-0.139668
2017-02-23,-0.153770
2017-02-24,-0.189519
2017-02-27,-0.192504
2017-02-28,-0.185583
2017-03-01,-0.137954
2017-03-02,-0.101664
2017-03-03,-0.056990
2017-03-06,-0.059968
2017-03-07,-0.080826
2017-03-08,-0.030628
2017-03-09,-0.014239
2017-03-10,0.051345
2017-03-13,0.075876
2017-03-14,0.067550
2017-03-15,0.037503
2017-03-16,0.070807
2017-03-17,0.068331
2017-03-20,0.063610
2017-03-21,0.094680
2017-03-22,0.030877
2017-03-23,0.030320
2017-03-24,0.043557
2017-03-27,0.032437
2017-03-28,0.030472
2017-03-29,-0.009823
2017-03-30,-0.016365
2017-03-31,-0.030295
2017-04-03,-0.055129
2017-04-04,-0.111874
2017-04-05,-0.091843
2017-04-06,-0.106880
2017-04-07,-0.136675
2017-04-10,-0.137432
2017-04-11,-0.136035
2017-04-12,-0.138928
2017-04-13,-0.168394
2017-04-18,-0.154192
2017-04-19,-0.130963
2017-04-20,-0.086769
2017-04-21,-0.080166
2017-04-24,0.012184
2017-04-25,0.018983
2017-04-26,0.022912
2017-04-27,-0.014832
2017-04-28,-0.020994
2017-05-02,-0.026314
2017-05-03,-0.025984
2017-05-04,0.026973
2017-05-05,0.045590
2017-05-08,0.059784
2017-05-09,0.080431
2017-05-10,0.052408
2017-05-11,0.081234
2017-05-12,0.051684
2017-05-15,0.065355
2017-05-16,0.070203
2017-05-17,0.034544
2017-05-18,-0.005613
2017-05-19,0.018802
2017-05-22,0.041241
2017-05-23,0.042215
2017-05-24,0.044000
2017-05-25,0.015606
2017-05-26,-0.011810
2017-05-29,-0.043444
2017-05-30,-0.049620
2017-05-31,-0.059931
2017-06-01,-0.036884
2017-06-02,-0.066220
2017-06-05,-0.055025
2017-06-06,-0.073748
2017-06-07,-0.076278
2017-06-08,-0.070345
2017-06-09,-0.067628
2017-06-12,-0.080728
2017-06-13,-0.065578
2017-06-14,-0.076291
2017-06-15,-0.021065
2017-06-16,-0.040139
2017-06-19,-0.032870
2017-06-20,-0.047186
2017-06-21,-0.039220
2017-06-22,-0.055078
2017-06-23,-0.047119
2017-06-26,-0.060315
2017-06-27,0.024055
2017-06-28,0.068280
2017-06-29,0.122023
2017-06-30,0.148990
2017-07-03,0.130873
2017-07-04,0.139417
2017-07-05,0.150365
2017-07-06,0.227252
2017-07-07,0.231491
2017-07-10,0.213365
2017-07-11,0.225465
2017-07-12,0.198186
2017-07-13,0.196044
2017-07-14,0.184987
2017-07-17,0.189596
2017-07-18,0.177324
2017-07-19,0.155694
2017-07-20,0.148235
2017-07-21,0.124319
2017-07-24,0.114627
2017-07-25,0.164181
2017-07-26,0.160486
2017-07-27,0.136351
2017-07-28,0.156943
2017-07-31,0.148594
2017-08-01,0.123805
2017-08-02,0.097111
2017-08-03,0.089855
2017-08-04,0.093322
2017-08-07,0.087102
2017-08-08,0.089998
2017-08-09,0.048572
2017-08-10,0.041419
2017-08-11,0.015170
2017-08-14,0.038950
2017-08-15,0.066213
2017-08-16,0.070326
2017-08-17,0.064826
2017-08-18,0.026631
2017-08-21,0.030249
2017-08-22,0.034904
2017-08-23,0.013852
2017-08-24,-0.002230
2017-08-25,0.019482
2017-08-28,-0.005414
2017-08-29,-0.036294
2017-08-30,-0.006066
2017-08-31,-0.022340
2017-09-01,0.003781
2017-09-04,-0.013038
2017-09-05,-0.026013
2017-09-06,-0.031922
2017-09-07,-0.051298
2017-09-08,-0.049753
2017-09-11,-0.041702
2017-09-12,-0.001047
2017-09-13,0.024770
2017-09-14,0.033188
2017-09-15,0.059124
2017-09-18,0.080866
2017-09-19,0.067737
2017-09-20,0.059411
2017-09-21,0.078708
2017-09-22,0.082378
2017-09-25,0.054298
2017-09-26,0.044629
2017-09-27,0.094203
2017-09-28,0.103979
2017-09-29,0.094537
2017-10-02,0.075249
2017-10-03,0.090055
2017-10-04,0.067283
2017-10-05,0.080826
2017-10-06,0.132516
2017-10-09,0.082897
2017-10-10,0.085795
2017-10-11,0.092066
2017-10-12,0.080523
2017-10-13,0.043058
2017-10-16,0.018615
2017-10-17,0.008552
2017-10-18,0.031192
2017-10-19,0.031713
2017-10-20,0.085533
2017-10-23,0.062727
2017-10-24,0.102802
2017-10-25,0.120046
2017-10-26,0.079415
2017-10-27,0.041671
2017-10-30,0.012645
2017-10-31,0.018197
2017-11-01,0.015308
2017-11-02,0.022919
2017-11-03,0.002522
2017-11-06,-0.016580
2017-11-07,-0.012938
2017-11-08,-0.034167
2017-11-09,0.015080
2017-11-10,0.033051
2017-11-13,0.047801
2017-11-14,0.050870
2017-11-15,0.004681
2017-11-16,0.022080
2017-11-17,0.021357
2017-11-20,0.015294
2017-11-21,0.008388
2017-11-22,0.026370
2017-11-23,0.023588
2017-11-24,0.031146
2017-11-27,0.019837
2017-11-28,0.016499
2017-11-29,0.061971
2017-11-30,0.047474
2017-12-01,0.017381
2017-12-04,0.011480
2017-12-05,0.003909
2017-12-06,-0.032754
2017-12-07,-0.029411
2017-12-08,-0.021935
2017-12-11,-0.020491
2017-12-12,-0.003935
2017-12-13,-0.000601
2017-12-14,0.022548
2017-12-15,0.001630
2017-12-18,0.011738
2017-12-19,0.062077
2017-12-20,0.110795
2017-12-21,0.130923
2017-12-22,0.125365
2017-12-27,0.098842
2017-12-28,0.132025
2017-12-29,0.148531
2018-01-02,0.158085
2018-01-03,0.144852
2018-01-04,0.160989
2018-01-05,0.149828
2018-01-08,0.131257
2018-01-09,0.151853
2018-01-10,0.181346
2018-01-11,0.244616
2018-01-12,0.256363
2018-01-15,0.242621
2018-01-16,0.226488
2018-01-17,0.229999
2018-01-18,0.248128
2018-01-19,0.246778
2018-01-22,0.247030
2018-01-23,0.232216
2018-01-24,0.261223
2018-01-25,0.319275
2018-01-26,0.321970
2018-01-29,0.386522
2018-01-30,0.383751
2018-01-31,0.371020
2018-02-01,0.399929
2018-02-02,0.439489
2018-02-05,0.409371
2018-02-06,0.389838
2018-02-07,0.403834
2018-02-08,0.477881
2018-02-09,0.435211
2018-02-12,0.433755
2018-02-13,0.420358
2018-02-14,0.442269
2018-02-15,0.448934
2018-02-16,0.401797
2018-02-19,0.429718
2018-02-20,0.412446
2018-02-21,0.405813
2018-02-22,0.398487
2018-02-23,0.354855
2018-02-26,0.347631
2018-02-27,0.367742
2018-02-28,0.351442
2018-03-01,0.329412
2018-03-02,0.320300
2018-03-05,0.325119
2018-03-06,0.370856
2018-03-07,0.360587
2018-03-08,0.350972
2018-03-09,0.351085
2018-03-12,0.328216
2018-03-13,0.329723
2018-03-14,0.312329
2018-03-15,0.281726
2018-03-16,0.288529
2018-03-19,0.291002
2018-03-20,0.292638
2018-03-21,0.302784
2018-03-22,0.235745
2018-03-23,0.247521
2018-03-26,0.245206
2018-03-27,0.223142
2018-03-28,0.212728
2018-03-29,0.206548
2018-04-03,0.212414
2018-04-04,0.207331
2018-04-05,0.227288
2018-04-06,0.218406
2018-04-09,0.221002
2018-04-10,0.231045
2018-04-11,0.220537
2018-04-12,0.227920
2018-04-13,0.234002
2018-04-16,0.233596
2018-04-17,0.226331
2018-04-18,0.232475
2018-04-19,0.293965
2018-04-20,0.308902
2018-04-23,0.326842
2018-04-24,0.341766
2018-04-25,0.337829
2018-04-26,0.324573
2018-04-27,0.277601
2018-04-30,0.278820
2018-05-02,0.283163
2018-05-03,0.255474
2018-05-04,0.253675
2018-05-07,0.239664
2018-05-08,0.261256
2018-05-09,0.276180
2018-05-10,0.252918
2018-05-11,0.274422
2018-05-14,0.321372
2018-05-15,0.347405
2018-05-16,0.314998
2018-05-17,0.326789
2018-05-18,0.317646
2018-05-21,0.260473
2018-05-22,0.263917
2018-05-23,0.224512
2018-05-24,0.186701
2018-05-25,0.118130
2018-05-28,0.073797
2018-05-29,0.048295
2018-05-30,0.042121
2018-05-31,0.056437
2018-06-01,0.119666
2018-06-04,0.136455
2018-06-05,0.109186
2018-06-06,0.182418
2018-06-07,0.218873
2018-06-08,0.171592
2018-06-11,0.222037
2018-06-12,0.225421
2018-06-13,0.196768
2018-06-14,0.162967
2018-06-15,0.115571
2018-06-18,0.109208
2018-06-19,0.076442
2018-06-20,0.088345
2018-06-21,0.053458
2018-06-22,0.049281
2018-06-25,0.047586
2018-06-26,0.055633
2018-06-27,0.047422
2018-06-28,0.031098
2018-06-29,0.035924
2018-07-02,0.027465
2018-07-03,0.029973
2018-07-04,0.031917
2018-07-05,0.040203
2018-07-06,0.027027
2018-07-09,0.047589
2018-07-10,0.052247
2018-07-11,0.048581
2018-07-12,0.035371
2018-07-13,0.017215
2018-07-16,0.045147
2018-07-17,0.032934
2018-07-18,0.022152
2018-07-19,0.019574
2018-07-20,0.042697
2018-07-23,0.077441
2018-07-24,0.087492
2018-07-25,0.079837
2018-07-26,0.077671
2018-07-27,0.089058
2018-07-30,0.130957
2018-07-31,0.125244
2018-08-01,0.168762
2018-08-02,0.153167
2018-08-03,0.103291
2018-08-06,0.086001
2018-08-07,0.102316
2018-08-08,0.093767
2018-08-09,0.065157
2018-08-10,0.019439
2018-08-13,0.019606
2018-08-14,0.017815
2018-08-15,0.003386
2018-08-16,0.004538
2018-08-17,-0.005018
2018-08-20,-0.004384
2018-08-21,0.025200
2018-08-22,0.032162
2018-08-23,0.045191
2018-08-24,0.059173
2018-08-27,0.077163
2018-08-28,0.085056
2018-08-29,0.109926
2018-08-30,0.062078
2018-08-31,0.044635
2018-09-03,0.038628
2018-09-04,0.052819
2018-09-05,0.099968
2018-09-06,0.079679
2018-09-07,0.094606
2018-09-10,0.108465
2018-09-11,0.136234
2018-09-12,0.106225
2018-09-13,0.131366
2018-09-14,0.151000
2018-09-17,0.165310
2018-09-18,0.177408
2018-09-19,0.189186
2018-09-20,0.190356
2018-09-21,0.164377
2018-09-24,0.216875
2018-09-25,0.241356
2018-09-26,0.243081
2018-09-27,0.236918
2018-09-28,0.193224
2018-10-01,0.215792
2018-10-02,0.155918
2018-10-03,0.178948
2018-10-04,0.244259
2018-10-05,0.269332
2018-10-08,0.252781
2018-10-09,0.254747
2018-10-10,0.272529
2018-10-11,0.251448
2018-10-12,0.228645
2018-10-15,0.217634
2018-10-16,0.207464
2018-10-17,0.187168
2018-10-18,0.181013
2018-10-19,0.158037
2018-10-22,0.168852
2018-10-23,0.145536
2018-10-24,0.128137
2018-10-25,0.126725
2018-10-26,0.091725
2018-10-29,0.123201
2018-10-30,0.101745
2018-10-31,0.112471
2018-11-01,0.131976
2018-11-02,0.153429
2018-11-05,0.148159
2018-11-06,0.151219
2018-11-07,0.169905
2018-11-08,0.176803
2018-11-09,0.145766
2018-11-12,0.119355
2018-11-13,0.127755
2018-11-14,0.139025
2018-11-15,0.087481
2018-11-16,0.095062
2018-11-19,0.113892
2018-11-20,0.084397
2018-11-21,0.102237
2018-11-22,0.108202
2018-11-23,0.077318
2018-11-26,0.102453
2018-11-27,0.081776
2018-11-28,0.089216
2018-11-29,0.060677
2018-11-30,0.041778
2018-12-03,0.046320
2018-12-04,0.024440
2018-12-05,0.014670
2018-12-06,-0.016318
2018-12-07,0.020661
2018-12-10,0.020419
2018-12-11,0.005709
2018-12-12,0.030165
2018-12-13,0.021021
2018-12-14,0.014355
2018-12-17,0.021738
2018-12-18,0.014836
2018-12-19,0.013713
2018-12-20,0.001389
2018-12-21,0.010148
2018-12-27,-0.003752
2018-12-28,0.003816
2019-01-02,-0.074804
2019-01-03,-0.059644
2019-01-04,-0.038758
2019-01-07,-0.024336
2019-01-08,-0.001545
2019-01-09,-0.011192
2019-01-10,-0.043680
2019-01-11,-0.060891
2019-01-14,-0.068412
2019-01-15,-0.076671
2019-01-16,-0.058371
2019-01-17,-0.046229
2019-01-18,-0.032931
2019-01-21,-0.026643
2019-01-22,-0.042191
2019-01-23,-0.044681
2019-01-24,-0.087611
2019-01-25,-0.072768
2019-01-28,-0.066998
2019-01-29,-0.068316
2019-01-30,-0.073292
2019-01-31,-0.097722
2019-02-01,-0.101782
2019-02-04,-0.084717
2019-02-05,-0.073582
2019-02-06,-0.088900
2019-02-07,-0.138599
2019-02-08,-0.162942
2019-02-11,-0.138679
2019-02-12,-0.118136
2019-02-13,-0.114496
2019-02-14,-0.148909
2019-02-15,-0.136623
2019-02-18,-0.135311
2019-02-19,-0.135809
2019-02-20,-0.141921
2019-02-21,-0.102744
2019-02-22,-0.136960
2019-02-25,-0.125671
2019-02-26,-0.122383
2019-02-27,-0.090052
2019-02-28,-0.058467
2019-03-01,-0.036222
2019-03-04,-0.062678
2019-03-05,-0.071036
2019-03-06,-0.104287
2019-03-07,-0.155858
2019-03-08,-0.153536
2019-03-11,-0.167724
2019-03-12,-0.163093
2019-03-13,-0.163093
2019-03-14,-0.148156
2019-03-15,-0.145798
2019-03-18,-0.140993
2019-03-19,-0.118252
2019-03-20,-0.135638
2019-03-21,-0.171966
2019-03-22,-0.231470
2019-03-25,-0.217199
2019-03-26,-0.216685
2019-03-27,-0.286435
2019-03-28,-0.270737
2019-03-29,-0.268953
2019-04-01,-0.252889
2019-04-02,-0.250787
2019-04-03,-0.213053
2019-04-04,-0.219063
2019-04-05,-0.212374
2019-04-08,-0.210742
2019-04-09,-0.220448
2019-04-10,-0.250705
2019-04-11,-0.234585
2019-04-12,-0.177570
2019-04-15,-0.161291
2019-04-16,-0.169812
2019-04-17,-0.149274
2019-04-18,-0.197407
2019-04-23,-0.187311
2019-04-24,-0.226634
2019-04-25,-0.227275
2019-04-26,-0.236586
2019-04-29,-0.212729
2019-04-30,-0.193139
2019-05-02,-0.214871
2019-05-03,-0.211619
2019-05-06,-0.214527
2019-05-07,-0.254131
2019-05-08,-0.268001
2019-05-09,-0.276674
2019-05-10,-0.253249
2019-05-13,-0.272187
2019-05-14,-0.284821
2019-05-15,-0.318471
2019-05-16,-0.292707
2019-05-17,-0.312761
2019-05-20,-0.300078
2019-05-21,-0.287249
2019-05-22,-0.291497
2019-05-23,-0.320944
2019-05-24,-0.314808
2019-05-27,-0.338261
2019-05-28,-0.347761
2019-05-29,-0.367154
2019-05-30,-0.358186
2019-05-31,-0.389120
2019-06-03,-0.389947
2019-06-04,-0.387667
2019-06-05,-0.415103
2019-06-06,-0.403240
2019-06-07,-0.434721
2019-06-10,-0.405160
2019-06-11,-0.413159
2019-06-12,-0.414395
2019-06-13,-0.419608
2019-06-14,-0.424702
2019-06-17,-0.416275
2019-06-18,-0.492489
2019-06-19,-0.464921
2019-06-20,-0.486774
2019-06-21,-0.449024
2019-06-24,-0.465187
2019-06-25,-0.490716
2019-06-26,-0.482137
2019-06-27,-0.472135
2019-06-28,-0.488588
2019-07-01,-0.512136
2019-07-02,-0.522639
2019-07-03,-0.537288
2019-07-04,-0.549645
2019-07-05,-0.499940
2019-07-08,-0.530796
2019-07-09,-0.501382
2019-07-10,-0.460203
2019-07-11,-0.440798
2019-07-12,-0.421569
2019-07-15,-0.455973
2019-07-16,-0.459928
2019-07-17,-0.493760
2019-07-18,-0.501339
2019-07-19,-0.523266
2019-07-22,-0.536790
2019-07-23,-0.548175
2019-07-24,-0.574951
2019-07-25,-0.527796
2019-07-26,-0.557799
2019-07-29,-0.579309
2019-07-30,-0.579040
2019-07-31,-0.595451
2019-08-01,-0.613227
2019-08-02,-0.636622
2019-08-05,-0.666734
2019-08-06,-0.681265
2019-08-07,-0.744475
2019-08-08,-0.707312
2019-08-09,-0.721270
2019-08-12,-0.735759
2019-08-13,-0.733827
2019-08-14,-0.772458
2019-08-15,-0.804772
2019-08-16,-0.816546
2019-08-19,-0.778074
2019-08-20,-0.824306
2019-08-21,-0.799717
2019-08-22,-0.764974
2019-08-23,-0.776290
2019-08-26,-0.782697
2019-08-27,-0.797462
2019-08-28,-0.822075
2019-08-29,-0.811098
2019-08-30,-0.820261
2019-09-02,-0.812991
2019-09-03,-0.812607
2019-09-04,-0.774765
2019-09-05,-0.724046
2019-09-06,-0.757602
2019-09-09,-0.715564
2019-09-10,-0.712230
2019-09-11,-0.709358
2019-09-12,-0.695438
2019-09-13,-0.622085
2019-09-16,-0.610290
2019-09-17,-0.611438
2019-09-18,-0.624783
2019-09-19,-0.615341
2019-09-20,-0.629132
2019-09-23,-0.683790
2019-09-24,-0.681064
2019-09-25,-0.694217
2019-09-26,-0.672587
2019-09-27,-0.686923
2019-09-30,-0.677031
2019-10-01,-0.651437
2019-10-02,-0.649688
2019-10-03,-0.695664
2019-10-04,-0.692835
2019-10-07,-0.693025
2019-10-08,-0.707031
2019-10-09,-0.679821
2019-10-10,-0.598111
2019-10-11,-0.576889
2019-10-14,-0.578914
2019-10-15,-0.584153
2019-10-16,-0.518446
2019-10-17,-0.524375
2019-10-18,-0.504708
2019-10-21,-0.481371
2019-10-22,-0.497845
2019-10-23,-0.517163
2019-10-24,-0.518578
2019-10-25,-0.496431
2019-10-28,-0.458189
2019-10-29,-0.470148
2019-10-30,-0.476868
2019-10-31,-0.523336
2019-11-01,-0.511899
2019-11-04,-0.480446
2019-11-05,-0.453117
2019-11-06,-0.453393
2019-11-07,-0.402725
2019-11-08,-0.393203
2019-11-11,-0.393150
2019-11-12,-0.384464
2019-11-13,-0.426884
2019-11-14,-0.456552
2019-11-15,-0.456709
2019-11-18,-0.460583
2019-11-19,-0.454565
2019-11-20,-0.477923
2019-11-21,-0.444826
2019-11-22,-0.464674
2019-11-25,-0.472052
2019-11-26,-0.491726
2019-11-27,-0.475979
2019-11-28,-0.475705
2019-11-29,-0.462793
2019-12-02,-0.399985
2019-12-03,-0.452058
2019-12-04,-0.460003
2019-12-05,-0.411933
2019-12-06,-0.417564
2019-12-09,-0.433562
2019-12-10,-0.418973
2019-12-11,-0.434532
2019-12-12,-0.420343
2019-12-13,-0.392012
2019-12-16,-0.414829
2019-12-17,-0.407097
2019-12-18,-0.380492
2019-12-19,-0.348567
2019-12-20,-0.365068
2019-12-23,-0.373106
2019-12-27,-0.373758
2019-12-30,-0.319983
2020-01-02,-0.352676
2020-01-03,-0.399247
2020-01-06,-0.422779
2020-01-07,-0.410620
2020-01-08,-0.388244
2020-01-09,-0.353778
2020-01-10,-0.352970
2020-01-13,-0.329246
2020-01-14,-0.340718
2020-01-15,-0.363332
2020-01-16,-0.371166
2020-01-17,-0.365997
2020-01-20,-0.373069
2020-01-21,-0.373634
2020-01-22,-0.408726
2020-01-23,-0.439474
2020-01-24,-0.450200
2020-01-27,-0.502726
2020-01-28,-0.492095
2020-01-29,-0.501337
2020-01-30,-0.519250
2020-01-31,-0.548929
2020-02-03,-0.557155
2020-02-04,-0.525044
2020-02-05,-0.498653
2020-02-06,-0.485218
2020-02-07,-0.522664
2020-02-10,-0.526222
2020-02-11,-0.526543
2020-02-12,-0.511798
2020-02-13,-0.512832
2020-02-14,-0.534964
2020-02-17,-0.530404
2020-02-18,-0.528289
2020-02-19,-0.533900
2020-02-20,-0.545255
2020-02-21,-0.553188
2020-02-24,-0.583678
2020-02-25,-0.597779
2020-02-26,-0.597582
2020-02-27,-0.650083
2020-02-28,-0.706419
2020-03-02,-0.726360
2020-03-03,-0.693814
2020-03-04,-0.731018
2020-03-05,-0.763197
2020-03-06,-0.810824
2020-03-09,-0.936307
2020-03-10,-0.852361
2020-03-11,-0.821264
2020-03-12,-0.816711
2020-03-13,-0.649262
2020-03-16,-0.536075
2020-03-17,-0.494642
2020-03-18,-0.333400
2020-03-19,-0.257395
2020-03-20,-0.384973
2020-03-23,-0.427852
2020-03-24,-0.401739
2020-03-25,-0.378435
2020-03-26,-0.426465
2020-03-27,-0.547265
2020-03-30,-0.601317
2020-03-31,-0.572791
2020-04-01,-0.530236
2020-04-02,-0.499647
2020-04-03,-0.505737
2020-04-06,-0.479654
2020-04-07,-0.407949
2020-04-08,-0.376521
2020-04-09,-0.403709
2020-04-14,-0.451195
2020-04-15,-0.517535
2020-04-16,-0.514879
2020-04-17,-0.522596
2020-04-20,-0.498920
2020-04-21,-0.514878
2020-04-22,-0.481299
2020-04-23,-0.484777
2020-04-24,-0.507803
2020-04-27,-0.498877
2020-04-28,-0.526580
2020-04-29,-0.562894
2020-04-30,-0.617422
2020-05-04,-0.608701
2020-05-05,-0.623924
2020-05-06,-0.593921
2020-05-07,-0.594844
2020-05-08,-0.602198
2020-05-11,-0.590417
2020-05-12,-0.561007
2020-05-13,-0.589129
2020-05-14,-0.615852
2020-05-15,-0.616851
2020-05-18,-0.580062
2020-05-19,-0.533148
2020-05-20,-0.547813
2020-05-21,-0.555505
2020-05-22,-0.552157
2020-05-25,-0.554637
2020-05-26,-0.499648
2020-05-27,-0.485817
2020-05-28,-0.496211
2020-05-29,-0.513812
2020-06-01,-0.485150
2020-06-02,-0.498664
2020-06-03,-0.452859
2020-06-04,-0.426046
2020-06-05,-0.388195
2020-06-08,-0.424534
2020-06-09,-0.430343
2020-06-10,-0.426076
2020-06-11,-0.494248
2020-06-12,-0.511164
2020-06-15,-0.528096
2020-06-16,-0.505785
2020-06-17,-0.517459
2020-06-18,-0.528185
2020-06-19,-0.535114
2020-06-22,-0.573044
2020-06-23,-0.549098
2020-06-24,-0.539894
2020-06-25,-0.592110
2020-06-26,-0.587330
2020-06-29,-0.577443
2020-06-30,-0.601420
2020-07-01,-0.522467
2020-07-02,-0.547377
2020-07-03,-0.561600
2020-07-06,-0.552955
2020-07-07,-0.551033
2020-07-08,-0.553620
2020-07-09,-0.570906
2020-07-10,-0.595405
2020-07-13,-0.535826
2020-07-14,-0.555532
2020-07-15,-0.554903
2020-07-16,-0.582314
2020-07-17,-0.579176
2020-07-20,-0.590525
2020-07-21,-0.581804
2020-07-22,-0.611447
2020-07-23,-0.597612
2020-07-24,-0.564508
2020-07-27,-0.599763
2020-07-28,-0.613628
2020-07-29,-0.618545
2020-07-30,-0.661182
2020-07-31,-0.635897
2020-08-03,-0.623236
2020-08-04,-0.666694
2020-08-05,-0.621585
2020-08-06,-0.656174
2020-08-07,-0.645589
2020-08-10,-0.644313
2020-08-11,-0.598726
2020-08-12,-0.581769
2020-08-13,-0.539690
2020-08-14,-0.542286
2020-08-17,-0.553098
2020-08-18,-0.571022
2020-08-19,-0.593013
2020-08-20,-0.623850
2020-08-21,-0.619309
2020-08-24,-0.617754
2020-08-25,-0.558835
2020-08-26,-0.540333
2020-08-27,-0.544888
2020-08-28,-0.551814
2020-08-31,-0.533874
2020-09-01,-0.539003
2020-09-02,-0.590356
2020-09-03,-0.613793
2020-09-04,-0.600486
2020-09-07,-0.599129
2020-09-08,-0.621747
2020-09-09,-0.590986
2020-09-10,-0.563935
2020-09-11,-0.594690
2020-09-14,-0.613734
2020-09-15,-0.603121
2020-09-16,-0.611845
2020-09-17,-0.618025
2020-09-18,-0.620484
2020-09-21,-0.646521
2020-09-22,-0.632518
2020-09-23,-0.629483
2020-09-24,-0.633937
2020-09-25,-0.636921
2020-09-28,-0.639824
2020-09-29,-0.645271
2020-09-30,-0.638098
2020-10-01,-0.628500
2020-10-02,-0.651386
2020-10-05,-0.634476
2020-10-06,-0.637997
2020-10-07,-0.615859
2020-10-08,-0.635663
2020-10-09,-0.659323
2020-10-12,-0.663816
2020-10-13,-0.672694
2020-10-14,-0.694278
2020-10-15,-0.726497
2020-10-16,-0.736445
2020-10-19,-0.726781
2020-10-20,-0.724362
2020-10-21,-0.707046
2020-10-22,-0.693964
2020-10-23,-0.677157
2020-10-26,-0.679784
2020-10-27,-0.716211
2020-10-28,-0.733379
2020-10-29,-0.739868
2020-10-30,-0.736384
2020-11-02,-0.739311
2020-11-03,-0.731307
2020-11-04,-0.748230
2020-11-05,-0.730098
2020-11-06,-0.720878
2020-11-09,-0.655559
2020-11-10,-0.607570
2020-11-11,-0.629167
2020-11-12,-0.643371
2020-11-13,-0.664038
2020-11-16,-0.664476
2020-11-17,-0.672222
2020-11-18,-0.668689
2020-11-19,-0.679269
2020-11-20,-0.693250
2020-11-23,-0.688336
2020-11-24,-0.689205
2020-11-25,-0.686449
2020-11-26,-0.690458
2020-11-27,-0.690084
2020-11-30,-0.680939
2020-12-01,-0.645952
2020-12-02,-0.624353
2020-12-03,-0.661335
2020-12-04,-0.664915
2020-12-07,-0.694659
2020-12-08,-0.718631
2020-12-09,-0.712953
2020-12-10,-0.713521
2020-12-11,-0.743070
2020-12-14,-0.718816
2020-12-15,-0.723064
2020-12-16,-0.670508
2020-12-17,-0.691281
2020-12-18,-0.682251
2020-12-21,-0.696489
2020-12-22,-0.691321
2020-12-23,-0.652262
2020-12-28,-0.639303
2020-12-29,-0.662928
2020-12-30,-0.667657
2021-01-04,-0.685789
2021-01-05,-0.688817
2021-01-06,-0.659541
2021-01-07,-0.664035
2021-01-08,-0.664806
2021-01-11,-0.642743
2021-01-12,-0.621142
2021-01-13,-0.647732
2021-01-14,-0.685758
2021-01-15,-0.671999
2021-01-18,-0.658528
2021-01-19,-0.647230
2021-01-20,-0.660024
2021-01-21,-0.630619
2021-01-22,-0.646299
2021-01-25,-0.678913
2021-01-26,-0.672302
2021-01-27,-0.688069
2021-01-28,-0.679035
2021-01-29,-0.655820
2021-02-01,-0.650049
2021-02-02,-0.626442
2021-02-03,-0.613133
2021-02-04,-0.596920
2021-02-05,-0.606075
2021-02-08,-0.578923
2021-02-09,-0.595166
2021-02-10,-0.602931
2021-02-11,-0.615330
2021-02-12,-0.581688
2021-02-15,-0.546232
2021-02-16,-0.528421
2021-02-17,-0.529492
2021-02-18,-0.497833
2021-02-19,-0.490208
2021-02-22,-0.513107
2021-02-23,-0.476019
2021-02-24,-0.457138
2021-02-25,-0.419768
2021-02-26,-0.428969
2021-03-01,-0.507261
2021-03-02,-0.499522
2021-03-03,-0.488143
2021-03-04,-0.498516
2021-03-05,-0.479044
2021-03-08,-0.471391
2021-03-09,-0.494191
2021-03-10,-0.487160
2021-03-11,-0.511703
2021-03-12,-0.480349
2021-03-15,-0.498625
2021-03-16,-0.522447
2021-03-17,-0.488939
2021-03-18,-0.462138
2021-03-19,-0.488892
2021-03-22,-0.504199
2021-03-23,-0.532363
2021-03-24,-0.535298
2021-03-25,-0.559193
2021-03-26,-0.538055
2021-03-29,-0.521551
2021-03-30,-0.472320
2021-03-31,-0.485309
2021-04-01,-0.513664
2021-04-06,-0.501006
2021-04-07,-0.510281
2021-04-08,-0.531958
2021-04-09,-0.481069
2021-04-12,-0.485896
2021-04-13,-0.487373
2021-04-14,-0.473373
2021-04-15,-0.466779
2021-04-16,-0.454388
2021-04-19,-0.419805
2021-04-20,-0.439012
2021-04-21,-0.468673
2021-04-22,-0.463531
2021-04-23,-0.451587
2021-04-26,-0.457091
2021-04-27,-0.445105
2021-04-28,-0.429359
2021-04-29,-0.389164
2021-04-30,-0.411416
2021-05-03,-0.409179
2021-05-04,-0.446333
2021-05-05,-0.434635
2021-05-06,-0.431357
2021-05-07,-0.427826
2021-05-10,-0.417307
2021-05-11,-0.374034
2021-05-12,-0.338600
2021-05-13,-0.324440
2021-05-14,-0.334313
2021-05-17,-0.317793
2021-05-18,-0.321098
2021-05-19,-0.318352
2021-05-20,-0.314326
2021-05-21,-0.343399
2021-05-24,-0.338441
2021-05-25,-0.375024
2021-05-26,-0.409391
2021-05-27,-0.381838
2021-05-28,-0.391615
2021-05-31,-0.381389
2021-06-01,-0.386100
2021-06-02,-0.401984
2021-06-03,-0.395697
2021-06-04,-0.417373
2021-06-07,-0.398396
2021-06-08,-0.420568
2021-06-09,-0.454817
2021-06-10,-0.439906
2021-06-11,-0.470696
2021-06-14,-0.446428
2021-06-15,-0.434204
2021-06-16,-0.436413
2021-06-17,-0.412441
2021-06-18,-0.416930
2021-06-21,-0.389871
2021-06-22,-0.385564
2021-06-23,-0.404575
2021-06-24,-0.405363
2021-06-25,-0.388085
2021-06-28,-0.395602
2021-06-29,-0.388539
2021-06-30,-0.415321
2021-07-01,-0.426214
2021-07-02,-0.448536
2021-07-05,-0.429706
2021-07-06,-0.467452
2021-07-07,-0.501778
2021-07-08,-0.516370
2021-07-09,-0.494124
2021-07-12,-0.500468
2021-07-13,-0.508996
2021-07-14,-0.509191
2021-07-15,-0.528110
2021-07-16,-0.537498
2021-07-19,-0.564781
2021-07-20,-0.605433
2021-07-21,-0.583353
2021-07-22,-0.590271
2021-07-23,-0.598002
2021-07-26,-0.593810
2021-07-27,-0.622248
2021-07-28,-0.625208
2021-07-29,-0.624408
2021-07-30,-0.630085
2021-08-02,-0.649001
2021-08-03,-0.671957
2021-08-04,-0.686850
2021-08-05,-0.680402
2021-08-06,-0.637992
2021-08-09,-0.645074
2021-08-10,-0.648544
2021-08-11,-0.626176
2021-08-12,-0.622189
2021-08-13,-0.625407
2021-08-16,-0.651219
2021-08-17,-0.635269
2021-08-18,-0.643912
2021-08-19,-0.644974
2021-08-20,-0.651522
2021-08-23,-0.643529
2021-08-24,-0.638424
2021-08-25,-0.605940
2021-08-26,-0.579596
2021-08-27,-0.578242
2021-08-30,-0.594901
2021-08-31,-0.570306
2021-09-01,-0.560350
2021-09-02,-0.569188
2021-09-03,-0.543638
2021-09-06,-0.545385
2021-09-07,-0.505035
2021-09-08,-0.504042
2021-09-09,-0.528004
2021-09-10,-0.521740
2021-09-13,-0.518810
2021-09-14,-0.517781
2021-09-15,-0.502280
2021-09-16,-0.488013
2021-09-17,-0.472609
2021-09-20,-0.505129
2021-09-21,-0.521050
2021-09-22,-0.507495
2021-09-23,-0.457116
2021-09-24,-0.417349
2021-09-27,-0.413390
2021-09-28,-0.377743
2021-09-29,-0.417958
2021-09-30,-0.384366
2021-10-01,-0.427481
2021-10-04,-0.404980
2021-10-05,-0.403893
2021-10-06,-0.391327
2021-10-07,-0.393165
2021-10-08,-0.366927
2021-10-11,-0.333364
2021-10-12,-0.314298
2021-10-13,-0.330238
2021-10-14,-0.370862
2021-10-15,-0.351101
2021-10-18,-0.321095
2021-10-19,-0.272081
2021-10-20,-0.308391
2021-10-21,-0.272583
2021-10-22,-0.266792
2021-10-25,-0.292342
2021-10-26,-0.302499
2021-10-27,-0.339192
2021-10-28,-0.305020
2021-10-29,-0.225785
2021-11-01,-0.245532
2021-11-02,-0.326304
2021-11-03,-0.322837
2021-11-04,-0.406738
2021-11-05,-0.445509
2021-11-08,-0.441250
2021-11-09,-0.455090
2021-11-10,-0.424427
2021-11-11,-0.385263
2021-11-12,-0.418528
2021-11-15,-0.407105
2021-11-16,-0.409540
2021-11-17,-0.410772
2021-11-18,-0.422212
2021-11-19,-0.490476
2021-11-22,-0.483372
2021-11-23,-0.409285
2021-11-24,-0.387314
2021-11-25,-0.411626
2021-11-26,-0.486852
2021-11-29,-0.456503
2021-11-30,-0.505439
2021-12-01,-0.460271
2021-12-02,-0.508126
2021-12-03,-0.491070
2021-12-06,-0.513814
2021-12-07,-0.491405
2021-12-08,-0.447799
2021-12-09,-0.485845
2021-12-10,-0.477485
2021-12-13,-0.496716
2021-12-15,-0.481546
2021-12-16,-0.479120
2021-12-17,-0.504730
2021-12-20,-0.503214
2021-12-21,-0.458485
2021-12-22,-0.424736
2021-12-23,-0.397671
2021-12-24,-0.397718
2021-12-27,-0.387287
2021-12-28,-0.384952
2021-12-29,-0.358723
2021-12-30,-0.344060
2021-12-31,-0.344864
2022-01-03,-0.291308
2022-01-04,-0.283043
2022-01-05,-0.274247
2022-01-06,-0.251123
2022-01-07,-0.233999
2022-01-10,-0.210807
2022-01-11,-0.204687
2022-01-12,-0.231301
2022-01-13,-0.243216
2022-01-14,-0.224876
2022-01-17,-0.190714
2022-01-18,-0.191928
2022-01-19,-0.170181
2022-01-20,-0.193751
2022-01-21,-0.231015
2022-01-24,-0.263102
2022-01-25,-0.258046
2022-01-26,-0.232638
2022-01-27,-0.207454
2022-01-28,-0.187309
2022-01-31,-0.118029
2022-02-01,-0.100596
2022-02-02,-0.079121
2022-02-03,0.030490
2022-02-04,0.118100
2022-02-07,0.159557
2022-02-08,0.189867
2022-02-09,0.143093
2022-02-10,0.176113
2022-02-11,0.183553
2022-02-14,0.161738
2022-02-15,0.222839
2022-02-16,0.177902
2022-02-17,0.145038
2022-02-18,0.103098
2022-02-21,0.095748
2022-02-22,0.183268
2022-02-23,0.182775
2022-02-24,0.094088
2022-02-25,0.138242
2022-02-28,0.060969
2022-03-01,-0.142031
2022-03-02,-0.129937
2022-03-03,-0.055869
2022-03-04,-0.200322
2022-03-07,-0.144680
2022-03-08,-0.025206
2022-03-09,0.077464
2022-03-10,0.153150
2022-03-11,0.185471
2022-03-14,0.246490
2022-03-15,0.223561
2022-03-16,0.267675
2022-03-17,0.286340
2022-03-18,0.266154
2022-03-21,0.330651
2022-03-22,0.415558
2022-03-23,0.393968
2022-03-24,0.428568
2022-03-25,0.489143
2022-03-28,0.504822
2022-03-29,0.538539
2022-03-30,0.645151
2022-03-31,0.534441
2022-04-01,0.552917
2022-04-04,0.480752
2022-04-05,0.544968
2022-04-06,0.621376
2022-04-07,0.648672
2022-04-08,0.655240
2022-04-11,0.763754
2022-04-12,0.736636
2022-04-13,0.724999
2022-04-14,0.760005
2022-04-19,0.859534
2022-04-20,0.780048
2022-04-21,0.824651
2022-04-22,0.892571
2022-04-25,0.807875
2022-04-26,0.779524
2022-04-27,0.752016
2022-04-28,0.846397
2022-04-29,0.855601
2022-05-02,0.911025
2022-05-03,0.863312
2022-05-04,0.942260
2022-05-05,0.939667
2022-05-06,1.031710
2022-05-09,1.034989
2022-05-10,0.936639
2022-05-11,0.950216
2022-05-12,0.792360
2022-05-13,0.868143
2022-05-16,0.867413
2022-05-17,0.981538
2022-05-18,0.993975
2022-05-19,0.897679
2022-05-20,0.926966
2022-05-23,0.940005
2022-05-24,0.967927
2022-05-25,0.922270
2022-05-26,0.922441
2022-05-27,0.907984
2022-05-30,1.043445
2022-05-31,1.111128
2022-06-01,1.106707
2022-06-02,1.218778
2022-06-03,1.252065
2022-06-06,1.279813
2022-06-07,1.269954
2022-06-08,1.339272
2022-06-09,1.406804
2022-06-10,1.457534
2022-06-13,1.592599
2022-06-14,1.679618
2022-06-15,1.639257
2022-06-16,1.782032
2022-06-17,1.662405
2022-06-20,1.667451
2022-06-21,1.699997
2022-06-22,1.559943
2022-06-23,1.304837
2022-06-24,1.406201
2022-06-27,1.438448
2022-06-28,1.569942
2022-06-29,1.487019
2022-06-30,1.311797
2022-07-01,1.188726
2022-07-04,1.241455
2022-07-05,1.127220
2022-07-06,1.019899
2022-07-07,1.144334
2022-07-08,1.163089
2022-07-11,1.101381
2022-07-12,0.973194
2022-07-13,1.057985
2022-07-14,1.087030
2022-07-15,1.031510
2022-07-18,1.103420
2022-07-19,1.147958
2022-07-20,1.136518
2022-07-21,1.190850
2022-07-22,0.931082
2022-07-25,0.972313
2022-07-26,0.818202
2022-07-27,0.835669
2022-07-28,0.688513
2022-07-29,0.732679
2022-08-01,0.656357
2022-08-02,0.639916
2022-08-03,0.756023
2022-08-04,0.698199
2022-08-05,0.794747
2022-08-08,0.765639
2022-08-09,0.836164
2022-08-10,0.765887
2022-08-11,0.820925
2022-08-12,0.845100
2022-08-15,0.813448
2022-08-16,0.868692
2022-08-17,0.970157
2022-08-18,1.000434
2022-08-19,1.138698
2022-08-22,1.188720
2022-08-23,1.269704
2022-08-24,1.301136
2022-08-25,1.267096
2022-08-26,1.356483
2022-08-29,1.458756
2022-08-30,1.415099
2022-08-31,1.466385
2022-09-01,1.505247
2022-09-02,1.397923
2022-09-05,1.490205
2022-09-06,1.505852
2022-09-07,1.492751
2022-09-08,1.550343
2022-09-09,1.634242
2022-09-12,1.592689
2022-09-13,1.678543
2022-09-14,1.704516
2022-09-15,1.694097
2022-09-16,1.770297
2022-09-19,1.780039
2022-09-20,1.921308
2022-09-21,1.866054
2022-09-22,1.953827
2022-09-23,1.989394
2022-09-26,2.064282
2022-09-27,2.138381
2022-09-28,2.126488
2022-09-29,2.180515
2022-09-30,2.055717
2022-10-03,1.957276
2022-10-04,1.843137
2022-10-05,1.943068
2022-10-06,2.035389
2022-10-07,2.150074
2022-10-10,2.163450
2022-10-11,2.282923
2022-10-12,2.293746
2022-10-13,2.271540
2022-10-14,2.201915
2022-10-17,2.194874
2022-10-18,2.197461
2022-10-19,2.298030
2022-10-20,2.350888
2022-10-21,2.370372
2022-10-24,2.256228
2022-10-25,2.147568
2022-10-26,2.129181
2022-10-27,2.020577
2022-10-28,2.047562
2022-10-31,2.108961
2022-11-01,2.109347
2022-11-02,2.109652
2022-11-03,2.223161
2022-11-04,2.258472
2022-11-07,2.312983
2022-11-08,2.297570
2022-11-09,2.297570
2022-11-10,2.106311
2022-11-11,2.148783
2022-11-14,2.114127
2022-11-15,2.106682
2022-11-16,2.037677
2022-11-17,2.061374
2022-11-18,2.038469
2022-11-21,1.996991
2022-11-22,2.020204
2022-11-23,1.984457
2022-11-24,1.891233
2022-11-25,2.002457
2022-11-28,2.028293
2022-11-29,1.963001
2022-11-30,1.977117
2022-12-01,1.857486
2022-12-02,1.885771
2022-12-05,1.903752
2022-12-06,1.846549
2022-12-07,1.825416
2022-12-08,1.854452
2022-12-09,1.954850
2022-12-12,1.934823
2022-12-13,1.908824
2022-12-14,1.970125
2022-12-15,2.018030
2022-12-16,2.222004
2022-12-19,2.235427
2022-12-20,2.315301
2022-12-21,2.320134
2022-12-22,2.401988
2022-12-23,2.431327
2022-12-27,2.454734
2022-12-28,2.463835
2022-12-29,2.460569
2022-12-30,2.484482
2023-01-02,2.466266
2023-01-03,2.396927
2023-01-04,2.311307
2023-01-05,2.378171
2023-01-06,2.327049
2023-01-09,2.318679
2023-01-10,2.333069
2023-01-11,2.246685
2023-01-12,2.192726
2023-01-13,2.163476
2023-01-16,2.171467
2023-01-17,2.164904
2023-01-18,2.041815
2023-01-19,2.079805
2023-01-20,2.176258
2023-01-23,2.215704
2023-01-24,2.218480
2023-01-25,2.139456
2023-01-26,2.208804
2023-01-27,2.266943
2023-01-30,2.311568
2023-01-31,2.292976
2023-02-01,2.306404
2023-02-02,2.192670
2023-02-03,2.206771
2023-02-06,2.289632
2023-02-07,2.319607
2023-02-08,2.368096
2023-02-09,2.307827
2023-02-10,2.374809
2023-02-13,2.397408
2023-02-14,2.457227
2023-02-15,2.493358
2023-02-16,2.563235
2023-02-17,2.499653
2023-02-20,2.482195
2023-02-21,2.600310
2023-02-22,2.571234
2023-02-23,2.541928
2023-02-24,2.612087
2023-02-27,2.629221
2023-02-28,2.764804
2023-03-01,2.755616
2023-03-02,2.785212
2023-03-03,2.768248
2023-03-06,2.826139
2023-03-07,2.752930
2023-03-08,2.741034
2023-03-09,2.747106
2023-03-10,2.552015
2023-03-13,2.275794
2023-03-14,2.503185
2023-03-15,2.220362
2023-03-16,2.239450
2023-03-17,2.164132
2023-03-20,2.142365
2023-03-21,2.282418
2023-03-22,2.399987
2023-03-23,2.261774
2023-03-24,2.134789
2023-03-27,2.282163
2023-03-28,2.285324
2023-03-29,2.332588
2023-03-30,2.396629
2023-03-31,2.355528
2023-04-03,2.340089
2023-04-04,2.363207
2023-04-05,2.246385
2023-04-06,2.197080
2023-04-11,2.335505
2023-04-12,2.385261
2023-04-13,2.390461
2023-04-14,2.428209
2023-04-17,2.485244
2023-04-18,2.487854
2023-04-19,2.536107
2023-04-20,2.511096
2023-04-21,2.519513
2023-04-24,2.526452
2023-04-25,2.442580
2023-04-26,2.389912
2023-04-27,2.457002
2023-04-28,2.381457
2023-05-02,2.383000
2023-05-03,2.272352
2023-05-04,2.282272
2023-05-05,2.290728
2023-05-08,2.331848
2023-05-09,2.330278
2023-05-10,2.286719
2023-05-11,2.214233
2023-05-12,2.251149
2023-05-15,2.302910
2023-05-16,2.317866
2023-05-17,2.333272
2023-05-18,2.411590
2023-05-19,2.478398
2023-05-22,2.469037
2023-05-23,2.493219
2023-05-24,2.452755
2023-05-25,2.504055
2023-05-26,2.543098
2023-05-29,2.481262
2023-05-30,2.394467
2023-05-31,2.304081
2023-06-01,2.279355
2023-06-02,2.327556
2023-06-05,2.414784
2023-06-06,2.385680
2023-06-07,2.412993
2023-06-08,2.429028
2023-06-09,2.433330
2023-06-12,2.410751
2023-06-13,2.442714
2023-06-14,2.496336
2023-06-15,2.503540
2023-06-16,2.528025
2023-06-19,2.564762
2023-06-20,2.499391
2023-06-21,2.502047
2023-06-22,2.544908
2023-06-23,2.408171
2023-06-26,2.405534
2023-06-27,2.376988
2023-06-28,2.409073
2023-06-29,2.456750
2023-06-30,2.508153
2023-07-03,2.497529
2023-07-04,2.521674
2023-07-05,2.520682
2023-07-06,2.649252
2023-07-07,2.676999
2023-07-10,2.704938
2023-07-11,2.712156
2023-07-12,2.676148
2023-07-13,2.571168
2023-07-14,2.516819
2023-07-17,2.529370
2023-07-18,2.425863
2023-07-19,2.439959
2023-07-20,2.525153
2023-07-21,2.486602
2023-07-24,2.487216
2023-07-25,2.472765
2023-07-26,2.521356
2023-07-27,2.473081
2023-07-28,2.505832
2023-07-31,2.506700
2023-08-01,2.506963
2023-08-02,2.513797
2023-08-03,2.585859
2023-08-04,2.609030
2023-08-07,2.586192
2023-08-08,2.468361
2023-08-09,2.509092
2023-08-10,2.520211
2023-08-11,2.613430
2023-08-14,2.621302
2023-08-15,2.681672
2023-08-16,2.657865
2023-08-17,2.687098
2023-08-18,2.636755
2023-08-21,2.671309
2023-08-22,2.660357
2023-08-23,2.522064
2023-08-24,2.536026
2023-08-25,2.558310
2023-08-28,2.570108
2023-08-29,2.582982
2023-08-30,2.541675
2023-08-31,2.513479
2023-09-01,2.558140
2023-09-04,2.572466
2023-09-05,2.593601
2023-09-06,2.612620
2023-09-07,2.660323
2023-09-08,2.635726
2023-09-11,2.625067
2023-09-12,2.637532
2023-09-13,2.654830
2023-09-14,2.629476
2023-09-15,2.672840
2023-09-18,2.734665
2023-09-19,2.753165
2023-09-20,2.714879
2023-09-21,2.758862
2023-09-22,2.743081
2023-09-25,2.785624
2023-09-26,2.787466
2023-09-27,2.775150
2023-09-28,2.936454
2023-09-29,2.791280
2023-10-02,2.836730
2023-10-03,2.861284
2023-10-04,2.889229
2023-10-05,2.840846
2023-10-06,2.853787
2023-10-09,2.779047
2023-10-10,2.769952
2023-10-11,2.688330
2023-10-12,2.715691
2023-10-13,2.792983
2023-10-16,2.763740
2023-10-17,2.827539
2023-10-18,2.840956
2023-10-19,2.902242
2023-10-20,2.838893
2023-10-23,2.867681
2023-10-24,2.793273
2023-10-25,2.811477
2023-10-26,2.789034
2023-10-27,2.781038
2023-10-30,2.785496
2023-10-31,2.716330
2023-11-01,2.710318
2023-11-02,2.649033
2023-11-03,2.606595
2023-11-06,2.665671
2023-11-07,2.625505
2023-11-08,2.595906
2023-11-09,2.606061
2023-11-10,2.647234
2023-11-13,2.680787
2023-11-14,2.592385
2023-11-15,2.586219
2023-11-16,2.540303
2023-11-17,2.537332
2023-11-20,2.564120
2023-11-21,2.533149
2023-11-22,2.501398
2023-11-23,2.578954
2023-11-24,2.598227
2023-11-27,2.544556
2023-11-28,2.503916
2023-11-29,2.396073
2023-11-30,2.429794
2023-12-01,2.370516
2023-12-04,2.275025
2023-12-05,2.229278
2023-12-06,2.199279
2023-12-07,2.135989
2023-12-08,2.256426
2023-12-11,2.221764
2023-12-12,2.199255
2023-12-13,2.145116
2023-12-14,2.079787
2023-12-15,2.006347
2023-12-18,2.033694
2023-12-19,1.979667
2023-12-20,1.937157
2023-12-21,1.927373
2023-12-22,1.877357
2023-12-27,1.854659
2023-12-28,1.856999
2023-12-29,1.917399
2024-01-02,1.962526
2024-01-03,1.966437
2024-01-04,2.055319
2024-01-05,2.110662
2024-01-08,2.087760
2024-01-09,2.117001
2024-01-10,2.142330
2024-01-11,2.126752
2024-01-12,2.078322
2024-01-15,2.129449
2024-01-16,2.108292
2024-01-17,2.202474
2024-01-18,2.224279
2024-01-19,2.249517
2024-01-22,2.205354
2024-01-23,2.251532
2024-01-24,2.246040
2024-01-25,2.221809
2024-01-26,2.237109
2024-01-29,2.167846
2024-01-30,2.176945
2024-01-31,2.109817
2024-02-01,2.104710
2024-02-02,2.140209
2024-02-05,2.244948
2024-02-06,2.248652
2024-02-07,2.234999
2024-02-08,2.293433
2024-02-09,2.335978
2024-02-12,2.326718
2024-02-13,2.346300
2024-02-14,2.332360
2024-02-15,2.280022
2024-02-16,2.374340
2024-02-19,2.371493
2024-02-20,2.338447
2024-02-21,2.374962
2024-02-22,2.399410
2024-02-23,2.360514
2024-02-26,2.391372
2024-02-27,2.409838
2024-02-28,2.432423
2024-02-29,2.403400
2024-03-01,2.415614
2024-03-04,2.351718
2024-03-05,2.292266
2024-03-06,2.286235
2024-03-07,2.271676
2024-03-08,2.215640
2024-03-11,2.272187
2024-03-12,2.298994
2024-03-13,2.323473
2024-03-14,2.399272
2024-03-15,2.415712
2024-03-18,2.427764
2024-03-19,2.393610
2024-03-20,2.403495
2024-03-21,2.375041
2024-03-22,2.286619
2024-03-25,2.342261
2024-03-26,2.321400
2024-03-27,2.264440
2024-03-28,2.276628
2024-04-02,2.378961
2024-04-03,2.379747
2024-04-04,2.312514
2024-04-05,2.337038
2024-04-08,2.397629
2024-04-09,2.346485
2024-04-10,2.390062
2024-04-11,2.420544
2024-04-12,2.301576
2024-04-15,2.394919
2024-04-16,2.450280
2024-04-17,2.437177
2024-04-18,2.456425
2024-04-19,2.488778
2024-04-22,2.467347
2024-04-23,2.465073
2024-04-24,2.543541
2024-04-25,2.600569
2024-04-26,2.534992
2024-04-29,2.501892
2024-04-30,2.559044
2024-05-02,2.538314
2024-05-03,2.462578
2024-05-06,2.431183
2024-05-07,2.399859
2024-05-08,2.437865
2024-05-09,2.463602
2024-05-10,2.481935
2024-05-13,2.471957
2024-05-14,2.502090
2024-05-15,2.415025
2024-05-16,2.424728
2024-05-17,2.493151
2024-05-20,2.509915
2024-05-21,2.482833
2024-05-22,2.515468
2024-05-23,2.578817
2024-05-24,2.592767
2024-05-27,2.533388
2024-05-28,2.554646
2024-05-29,2.639458
2024-05-30,2.651395
2024-05-31,2.623650
2024-06-03,2.581514
2024-06-04,2.521097
2024-06-05,2.495092
2024-06-06,2.553661
2024-06-07,2.623068
2024-06-10,2.658558
2024-06-11,2.612042
2024-06-12,2.512533
2024-06-13,2.498242
2024-06-14,2.315353
2024-06-17,2.391759
2024-06-18,2.384323
2024-06-19,2.386890
2024-06-20,2.421000
2024-06-21,2.356314
2024-06-24,2.387393
2024-06-25,2.357072
2024-06-26,2.398356
2024-06-27,2.400971
2024-06-28,2.405610
2024-07-01,2.535524
2024-07-02,2.529551
2024-07-03,2.534148
2024-07-04,2.534510
2024-07-05,2.508546
2024-07-08,2.476346
2024-07-09,2.500777
2024-07-10,2.467119
2024-07-11,2.397814
2024-07-12,2.420280
2024-07-15,2.403785
2024-07-16,2.359517
2024-07-17,2.356449
2024-07-18,2.329257
2024-07-19,2.381582
2024-07-22,2.396516
2024-07-23,2.358654
2024-07-24,2.337589
2024-07-25,2.297632
2024-07-26,2.294585
2024-07-29,2.273879
2024-07-30,2.220669
2024-07-31,2.192625
2024-08-01,2.143211
2024-08-02,2.054044
2024-08-05,2.069424
2024-08-06,2.108202
2024-08-07,2.208162
2024-08-08,2.195237
2024-08-09,2.155644
2024-08-12,2.163572
2024-08-13,2.127429
2024-08-14,2.124183
2024-08-15,2.197508
2024-08-16,2.193553
2024-08-19,2.207077
2024-08-20,2.183099
2024-08-21,2.165574
2024-08-22,2.182352
2024-08-23,2.199472
2024-08-26,2.204195
2024-08-27,2.233004
2024-08-28,2.212143
2024-08-29,2.220706
2024-08-30,2.228664
2024-09-02,2.284952
2024-09-03,2.218737
2024-09-04,2.160482
2024-09-05,2.150022
2024-09-06,2.137578
2024-09-09,2.122086
2024-09-10,2.112510
2024-09-11,2.045401
2024-09-12,2.069959
2024-09-13,2.094949
2024-09-16,2.084636
2024-09-17,2.095583
2024-09-18,2.140842
2024-09-19,2.138011
2024-09-20,2.156592
2024-09-23,2.121842
2024-09-24,2.092973
2024-09-25,2.106154
2024-09-26,2.066822
2024-09-27,2.067442
2024-09-30,2.052634
2024-10-01,1.964505
2024-10-02,2.040454
2024-10-03,2.099246
2024-10-04,2.139745
2024-10-07,2.190292
2024-10-08,2.200887
2024-10-09,2.191837
2024-10-10,2.206543
2024-10-11,2.230145
2024-10-14,2.228090
2024-10-15,2.169626
2024-10-16,2.121071
2024-10-17,2.137730
2024-10-18,2.111592
2024-10-21,2.196315
2024-10-22,2.208763
2024-10-23,2.231604
2024-10-24,2.179253
2024-10-25,2.210722
2024-10-28,2.194500
2024-10-29,2.248395
2024-10-30,2.305462
2024-10-31,2.363900
2024-11-01,2.324987
2024-11-04,2.333033
2024-11-05,2.342506
2024-11-06,2.334103
2024-11-07,2.344661
2024-11-08,2.301689
2024-11-11,2.270139
2024-11-12,2.260526
2024-11-13,2.307658
2024-11-14,2.279455
2024-11-15,2.290874
2024-11-18,2.311977
2024-11-19,2.266626
2024-11-20,2.282965
2024-11-21,2.231762
2024-11-22,2.188849
2024-11-25,2.143246
2024-11-26,2.147729
2024-11-27,2.115749
2024-11-28,2.080980
2024-11-29,2.038508
2024-12-02,1.980556
2024-12-03,1.985960
2024-12-04,2.022045
2024-12-05,2.060617
2024-12-06,2.031110
2024-12-09,2.040974
2024-12-10,2.027673
2024-12-11,2.033960
2024-12-12,2.100934
2024-12-13,2.152826
2024-12-16,2.148307
2024-12-17,2.143793
2024-12-18,2.169492
2024-12-19,2.233655
2024-12-20,2.197112
2024-12-23,2.228808
2024-12-24,2.233272
2024-12-27,2.266681
2024-12-30,2.275102
2025-01-02,2.258844
2025-01-03,2.314642
2025-01-06,2.369878
2025-01-07,2.370342
2025-01-08,2.416518
2025-01-09,2.428117
2025-01-10,2.474277
2025-01-13,2.502773
2025-01-14,2.541544
2025-01-15,2.450298
2025-01-16,2.466739
2025-01-17,2.410226
2025-01-20,2.415781
2025-01-21,2.410873
2025-01-22,2.410873
2025-01-23,2.445711
2025-01-24,2.484327
2025-01-27,2.437572
2025-01-28,2.449209
2025-01-29,2.438825
2025-01-30,2.395237
2025-01-31,2.353441
2025-02-03,2.273827
2025-02-04,2.307838
2025-02-05,2.262827
2025-02-06,2.265771
2025-02-07,2.294828
2025-02-10,2.251998
2025-02-11,2.320581
2025-02-12,2.375360
2025-02-13,2.314110
2025-02-14,2.319304
2025-02-17,2.365953
2025-02-18,2.378123
2025-02-19,2.429184
2025-02-20,2.418331
2025-02-21,2.355140
2025-02-24,2.346046
2025-02-25,2.337978
2025-02-26,2.319385
2025-02-27,2.289977
2025-02-28,2.267559
2025-03-03,2.363398
2025-03-04,2.320724
2025-03-05,2.578356
2025-03-06,2.723808
2025-03-07,2.652300
2025-03-10,2.638382
2025-03-11,2.694167
2025-03-12,2.699768
2025-03-13,2.674043
2025-03-14,2.686876
2025-03-17,2.635732
2025-03-18,2.662817
2025-03-19,2.630365
2025-03-20,2.601264
2025-03-21,2.586974
2025-03-24,2.599749
2025-03-25,2.615095
2025-03-26,2.611314
2025-03-27,2.592974
2025-03-28,2.537485
2025-03-31,2.506347
2025-04-01,2.489970
2025-04-02,2.495662
2025-04-03,2.443472
2025-04-04,2.341075
2025-04-07,2.362719
2025-04-08,2.436475
2025-04-09,2.366065
2025-04-10,2.380017
2025-04-11,2.321344
2025-04-14,2.335176
2025-04-15,2.339092
2025-04-16,2.309578
2025-04-17,2.279940
2025-04-22,2.264915
2025-04-23,2.313714
2025-04-24,2.257021
2025-04-25,2.273201
2025-04-28,2.304466
2025-04-29,2.282442
2025-04-30,2.249732
2025-05-02,2.290039
2025-05-05,2.308305
2025-05-06,2.334205
2025-05-07,2.279605
2025-05-08,2.300182
2025-05-09,2.354736
2025-05-12,2.457260
2025-05-13,2.471615
2025-05-14,2.482099
2025-05-15,2.444399
2025-05-16,2.388707
2025-05-19,2.399329
2025-05-20,2.408466
2025-05-21,2.433716
2025-05-22,2.438287
2025-05-23,2.360293
2025-05-26,2.363535
2025-05-27,2.342717
2025-05-28,2.353240
2025-05-29,2.318676
2025-05-30,2.319816
2025-06-02,2.324531
2025-06-03,2.296586
2025-06-04,2.334543
2025-06-05,2.385117
2025-06-06,2.388424
2025-06-09,2.391661
2025-06-10,2.340778
2025-06-11,2.351572
2025-06-12,2.306866
2025-06-13,2.326080
2025-06-16,2.338399
2025-06-17,2.349245
2025-06-18,2.330085
2025-06-19,2.328821
2025-06-20,2.337329
2025-06-23,2.327852
2025-06-24,2.364756
2025-06-25,2.378430
2025-06-26,2.360368
2025-06-27,2.394006
2025-06-30,2.391273
2025-07-01,2.370120
2025-07-02,2.432199
2025-07-03,2.397047
2025-07-04,2.358439
2025-07-07,2.402929
2025-07-08,2.444819
2025-07-09,2.435991
2025-07-10,2.460741
2025-07-11,2.486623
2025-07-14,2.485407
2025-07-15,2.448449
2025-07-16,2.442667
2025-07-17,2.428286
2025-07-18,2.449162
2025-07-21,2.367887
2025-07-22,2.349097
2025-07-23,2.357970
2025-07-24,2.450490
2025-07-25,2.492796
2025-07-28,2.452190
2025-07-29,2.469424
2025-07-30,2.483089
2025-07-31,2.475715
2025-08-01,2.436830
2025-08-04,2.409646
2025-08-05,2.404517
2025-08-06,2.409245
2025-08-07,2.417532
2025-08-08,2.465516
2025-08-11,2.470126
2025-08-12,2.516371
2025-08-13,2.452482
2025-08-14,2.470020
2025-08-15,2.536551
2025-08-18,2.517042
2025-08-19,2.509473
2025-08-20,2.474263
2025-08-21,2.510953
2025-08-22,2.496044
2025-08-25,2.530675
2025-08-26,2.481173
2025-08-27,2.465904
2025-08-28,2.452383
2025-08-29,2.464111
2025-09-01,2.491593
2025-09-02,2.529978
2025-09-03,2.493727
2025-09-04,2.466131
2025-09-05,2.423639
2025-09-08,2.396718
2025-09-09,2.419827
2025-09-10,2.419274
2025-09-11,2.442849
2025-09-12,2.484664
2025-09-15,2.471877
2025-09-16,2.469069
2025-09-17,2.459049
2025-09-18,2.486813
2025-09-19,2.509323
2025-09-22,2.509251
2025-09-23,2.520031
2025-09-24,2.515054
2025-09-25,2.540591
2025-09-26,2.523310
2025-09-29,2.496428
2025-09-30,2.490376
2025-10-01,2.473771
2025-10-02,2.492788
2025-10-03,2.481801
2025-10-06,2.488452
2025-10-07,2.504531
2025-10-08,2.459211
2025-10-09,2.480317
2025-10-10,2.451138
2025-10-13,2.408331
2025-10-14,2.391437
2025-10-15,2.355945
2025-10-16,2.366726
2025-10-17,2.364420
2025-10-20,2.370183
2025-10-21,2.343897
2025-10-22,2.355888
2025-10-23,2.368111
2025-10-24,2.425295
2025-10-27,2.422522
2025-10-28,2.417022
2025-10-29,2.419925
2025-10-30,2.440635
2025-10-31,2.437753
2025-11-03,2.450451
2025-11-04,2.445448
2025-11-05,2.454104
2025-11-06,2.454225
2025-11-07,2.461816
2025-11-10,2.461156
2025-11-11,2.455538
2025-11-12,2.443155
2025-11-13,2.476680
2025-11-14,2.503391
2025-11-17,2.509580
2025-11-18,2.481726
2025-11-19,2.488096
2025-11-20,2.506943
2025-11-21,2.482741
2025-11-24,2.490989
2025-11-25,2.470869
2025-11-26,2.478074
2025-11-27,2.476648
2025-11-28,2.486687
2025-12-01,2.543572
2025-12-02,2.558803
2025-12-03,2.535911
2025-12-04,2.560875
2025-12-05,2.587118
2025-12-08,2.661944
2025-12-09,2.656681
2025-12-10,2.679316
2025-12-11,2.657095
2025-12-12,2.678216
2025-12-15,2.650428
2025-12-16,2.666389
2025-12-17,2.662685
2025-12-18,2.665276
2025-12-19,2.693490
2025-12-22,2.710139
2025-12-23,2.682354
2025-12-24,2.682907
2025-12-29,2.636624
2025-12-30,2.665676
2025-12-31,2.662958
2026-01-02,2.686651
2026-01-05,2.673745
2026-01-06,2.634988
2026-01-07,2.612733
2026-01-08,2.633934
2026-01-09,2.628657
2026-01-12,2.609163
2026-01-13,2.621865
2026-01-14,2.599249
2026-01-15,2.594998
2026-01-16,2.620548
2026-01-19,2.604545
2026-01-20,2.632726
2026-01-21,2.637304
2026-01-22,2.649769
2026-01-23,2.664635
2026-01-26,2.635907
2026-01-27,2.635947
2026-01-28,2.621148
2026-01-29,2.600134
2026-01-30,2.608374
2026-02-02,2.624593
2026-02-03,2.653922
2026-02-04,2.630759
2026-02-05,2.627490
2026-02-06,2.607425
2026-02-09,2.604020
2026-02-10,2.564992
2026-02-11,2.571167
2026-02-12,2.554394
2026-02-13,2.516759
2026-02-16,2.522871
2026-02-17,2.503552
2026-02-18,2.515725
2026-02-19,2.523143
2026-02-20,2.513703
2026-02-23,2.496472
2026-02-24,2.484416
2026-02-25,2.485736
2026-02-26,2.470357
2026-02-27,2.440041
2026-03-02,2.482850
2026-03-03,2.588173
2026-03-04,2.553040
2026-03-05,2.631773
2026-03-06,2.679979
2026-03-09,2.699052
2026-03-10,2.651541
2026-03-11,2.723349
2026-03-12,2.744732
2026-03-13,2.761685
2026-03-16,2.736132
2026-03-17,2.716723
2026-03-18,2.763863
2026-03-19,2.785846
2026-03-20,2.865552
2026-03-23,2.809713
2026-03-24,2.846510
2026-03-25,2.801631
2026-03-26,2.881988
2026-03-27,2.931119
2026-03-30,2.868789
2026-03-31,2.847502
2026-04-01,2.824140
2026-04-02,2.852716
2026-04-07,2.894135
2026-04-08,2.746886
2026-04-09,2.836316
2026-04-10,2.861766
2026-04-13,2.884863
2026-04-14,2.866698
2026-04-15,2.839267
2026-04-16,2.828672
2026-04-17,2.770009
2026-04-20,2.780385
2026-04-21,2.791249
2026-04-22,2.813067
2026-04-23,2.833570
2026-04-24,2.835508
2026-04-27,2.841132
2026-04-28,2.883498
2026-04-29,2.923403
2026-04-30,2.872922
2026-05-04,2.887771
2026-05-05,2.902044
2026-05-06,2.813343
2026-05-07,2.800849
2026-05-08,2.817124
2026-05-11,2.853416
2026-05-12,2.924685
2026-05-13,2.928106
2026-05-14,2.878617
2026-05-15,2.974070
2026-05-18,2.942152
2026-05-19,2.994322
2026-05-20,2.966454
2026-05-21,2.912886
2026-05-22,2.867919
2026-05-25,2.770639
2026-05-26,2.817837
2026-05-27,2.805576
2026-05-28,2.817798
2026-05-29,2.796936
2026-06-01,2.856414
2026-06-02,2.809804
2026-06-03,2.851422
2026-06-04,2.857513
2026-06-05,2.877624
2026-06-08,2.882941
2026-06-09,2.881005
2026-06-10,2.899996
2026-06-11,2.862605
2026-06-12,2.855977
2026-06-15,2.788845
2026-06-16,2.779352
2026-06-17,2.774818
2026-06-18,2.783370
2026-06-19,2.830229
2026-06-22,2.796919
2026-06-23,2.761535
2026-06-24,2.735030
2026-06-25,2.715398
2026-06-26,2.713318
2026-06-29,2.717770
2026-06-30,2.717868
2026-07-01,2.745751
2026-07-02,2.765507
2026-07-03,2.788129
2026-07-06,2.791132
2026-07-07,2.833157
2026-07-08,2.914227
2026-07-09,2.908002
2026-07-10,2.887694
2026-07-13,2.910082
2026-07-14,2.936873
2026-07-15,2.948475
2026-07-16,2.970496
2026-07-17,2.954135
2026-07-20,2.964649
2026-07-21,3.007928
2026-07-22,3.010980
2026-07-23,3.039895
2026-07-24,3.013731
2026-07-27,2.967919
2026-07-28,2.958222
2026-07-29,2.978565
2026-07-30,2.992406
2026-07-31,3.018541
2026-08-03,2.974487
2026-08-04,2.925641
2026-08-05,2.932100
2026-08-06,2.936617
2026-08-07,2.945292
2026-08-10,2.993027
2026-08-11,2.971786
2026-08-12,2.959608
2026-08-13,2.953547
2026-08-14,2.999197
2026-08-17,3.022758
2026-08-18,3.070981
2026-08-19,3.071614
2026-08-20,3.068689
2026-08-21,3.057527
2026-08-24,3.071658
2026-08-25,3.031302
2026-08-26,3.037435
2026-08-27,3.066620
2026-08-28,3.073349
2026-08-31,3.136149
2026-09-01,3.153110
2026-09-02,3.188249
2026-09-03,3.156242
2026-09-04,3.142720
2026-09-07,3.185246
2026-09-08,3.181452
2026-09-09,3.232496
2026-09-10,3.318931
2026-09-11,3.342944
2026-09-14,3.382691
2026-09-15,3.376920
2026-09-16,3.370486
2026-09-17,3.328691
2026-09-18,3.378748
2026-09-21,3.314938
2026-09-22,3.300997
2026-09-23,3.396401
2026-09-24,3.424574
2026-09-25,3.465100
2026-09-28,3.473481
2026-09-29,3.446508
2026-09-30,3.403679
2026-10-01,3.398610
2026-10-02,3.268610
2026-10-05,3.305120
2026-10-06,3.333194
2026-10-07,3.331952
