date,taux
2004-09-06,4.779293
2004-09-07,4.768947
2004-09-08,4.776881
2004-09-09,4.733254
2004-09-10,4.702037
2004-09-13,4.713933
2004-09-14,4.710675
2004-09-15,4.705733
2004-09-16,4.700320
2004-09-17,4.677443
2004-09-20,4.658545
2004-09-21,4.664328
2004-09-22,4.639476
2004-09-23,4.582513
2004-09-24,4.613604
2004-09-27,4.592868
2004-09-28,4.595773
2004-09-29,4.632432
2004-09-30,4.664518
2004-10-01,4.685772
2004-10-04,4.692609
2004-10-05,4.658768
2004-10-06,4.646221
2004-10-07,4.660624
2004-10-08,4.618684
2004-10-11,4.637617
2004-10-12,4.598720
2004-10-13,4.602230
2004-10-14,4.586854
2004-10-15,4.576646
2004-10-18,4.596523
2004-10-19,4.615450
2004-10-20,4.582606
2004-10-21,4.574455
2004-10-22,4.574280
2004-10-25,4.548707
2004-10-26,4.546168
2004-10-27,4.542700
2004-10-28,4.596816
2004-10-29,4.581997
2004-11-01,4.601572
2004-11-02,4.611089
2004-11-03,4.611985
2004-11-04,4.611615
2004-11-05,4.611322
2004-11-08,4.612874
2004-11-09,4.547417
2004-11-10,4.525166
2004-11-11,4.508934
2004-11-12,4.483120
2004-11-15,4.450729
2004-11-16,4.424534
2004-11-17,4.445380
2004-11-18,4.471165
2004-11-19,4.454819
2004-11-22,4.430642
2004-11-23,4.420374
2004-11-24,4.418323
2004-11-25,4.405297
2004-11-26,4.389460
2004-11-29,4.425555
2004-11-30,4.408758
2004-12-01,4.384260
2004-12-02,4.400625
2004-12-03,4.388070
2004-12-06,4.344761
2004-12-07,4.325039
2004-12-08,4.315085
2004-12-09,4.240080
2004-12-10,4.212894
2004-12-13,4.213818
2004-12-14,4.192030
2004-12-15,4.137906
2004-12-16,4.147723
2004-12-17,4.179495
2004-12-20,4.164192
2004-12-21,4.186146
2004-12-22,4.195822
2004-12-23,4.186617
2004-12-24,4.194385
2004-12-27,4.207273
2004-12-28,4.216821
2004-12-29,4.275282
2004-12-30,4.277870
2004-12-31,4.280351
2005-01-03,4.261873
2005-01-04,4.236022
2005-01-05,4.254532
2005-01-06,4.210780
2005-01-07,4.179653
2005-01-10,4.175479
2005-01-11,4.159338
2005-01-12,4.168654
2005-01-13,4.135713
2005-01-14,4.107527
2005-01-17,4.080063
2005-01-18,4.081153
2005-01-19,4.018001
2005-01-20,4.078302
2005-01-21,4.093307
2005-01-24,4.067445
2005-01-25,4.014135
2005-01-26,4.044567
2005-01-27,4.063415
2005-01-28,4.040412
2005-01-31,4.033802
2005-02-01,4.033310
2005-02-02,3.997654
2005-02-03,3.977942
2005-02-04,3.927304
2005-02-07,3.875118
2005-02-08,3.889848
2005-02-09,3.845677
2005-02-10,3.849095
2005-02-11,3.903710
2005-02-14,3.930871
2005-02-15,3.935408
2005-02-16,3.943557
2005-02-17,4.026614
2005-02-18,4.102729
2005-02-21,4.120772
2005-02-22,4.141706
2005-02-23,4.135954
2005-02-24,4.165673
2005-02-25,4.182492
2005-02-28,4.156296
2005-03-01,4.192444
2005-03-02,4.260436
2005-03-03,4.259354
2005-03-04,4.205763
2005-03-07,4.162086
2005-03-08,4.199279
2005-03-09,4.265365
2005-03-10,4.262934
2005-03-11,4.289402
2005-03-14,4.284160
2005-03-15,4.226797
2005-03-16,4.197525
2005-03-17,4.169412
2005-03-18,4.207112
2005-03-21,4.200681
2005-03-22,4.159709
2005-03-23,4.186052
2005-03-24,4.171746
2005-03-29,4.178141
2005-03-30,4.176000
2005-03-31,4.142254
2005-04-01,4.128645
2005-04-04,4.110150
2005-04-05,4.100506
2005-04-06,4.121123
2005-04-07,4.120367
2005-04-08,4.157459
2005-04-11,4.137332
2005-04-12,4.115007
2005-04-13,4.094094
2005-04-14,4.106751
2005-04-15,4.085781
2005-04-18,4.083903
2005-04-19,4.042869
2005-04-20,4.045394
2005-04-21,4.058658
2005-04-22,4.037892
2005-04-25,4.023054
2005-04-26,4.003121
2005-04-27,3.970572
2005-04-28,3.975101
2005-04-29,4.002251
2005-05-02,3.968076
2005-05-03,3.961447
2005-05-04,3.992289
2005-05-05,3.992693
2005-05-06,4.008895
2005-05-09,3.997250
2005-05-10,3.924747
2005-05-11,3.891355
2005-05-12,3.887354
2005-05-13,3.858639
2005-05-16,3.858243
2005-05-17,3.872197
2005-05-18,3.819619
2005-05-19,3.823143
2005-05-20,3.856499
2005-05-23,3.829110
2005-05-24,3.799349
2005-05-25,3.810708
2005-05-26,3.856390
2005-05-27,3.895968
2005-05-30,3.900024
2005-05-31,3.828399
2005-06-01,3.832265
2005-06-02,3.787848
2005-06-03,3.710806
2005-06-06,3.739984
2005-06-07,3.672020
2005-06-08,3.635944
2005-06-09,3.650725
2005-06-10,3.648873
2005-06-13,3.697757
2005-06-14,3.711025
2005-06-15,3.815948
2005-06-16,3.843110
2005-06-17,3.803727
2005-06-20,3.825829
2005-06-21,3.734447
2005-06-22,3.645732
2005-06-23,3.664028
2005-06-24,3.635715
2005-06-27,3.619578
2005-06-28,3.677772
2005-06-29,3.664354
2005-06-30,3.669540
2005-07-01,3.648219
2005-07-04,3.684666
2005-07-05,3.725349
2005-07-06,3.722523
2005-07-07,3.717546
2005-07-08,3.682689
2005-07-11,3.743647
2005-07-12,3.755246
2005-07-13,3.784101
2005-07-14,3.827895
2005-07-15,3.822581
2005-07-18,3.782834
2005-07-19,3.802391
2005-07-20,3.802136
2005-07-21,3.807687
2005-07-22,3.763105
2005-07-25,3.748325
2005-07-26,3.759376
2005-07-27,3.739623
2005-07-28,3.743343
2005-07-29,3.744636
2005-08-01,3.789470
2005-08-02,3.789395
2005-08-03,3.824838
2005-08-04,3.811298
2005-08-05,3.855227
2005-08-08,3.848065
2005-08-09,3.825559
2005-08-10,3.803659
2005-08-11,3.809499
2005-08-12,3.789270
2005-08-15,3.760303
2005-08-16,3.746419
2005-08-17,3.723130
2005-08-18,3.703134
2005-08-19,3.690598
2005-08-22,3.706316
2005-08-23,3.673972
2005-08-24,3.655065
2005-08-25,3.636629
2005-08-26,3.631905
2005-08-29,3.630969
2005-08-30,3.646138
2005-08-31,3.612937
2005-09-01,3.581935
2005-09-02,3.570182
2005-09-05,3.555620
2005-09-06,3.572130
2005-09-07,3.578287
2005-09-08,3.566163
2005-09-09,3.545441
2005-09-12,3.609351
2005-09-13,3.621938
2005-09-14,3.589802
2005-09-15,3.612133
2005-09-16,3.634553
2005-09-19,3.621769
2005-09-20,3.573806
2005-09-21,3.514839
2005-09-22,3.521308
2005-09-23,3.531917
2005-09-26,3.597514
2005-09-27,3.597859
2005-09-28,3.594139
2005-09-29,3.583236
2005-09-30,3.571779
2005-10-03,3.619225
2005-10-04,3.592211
2005-10-05,3.583537
2005-10-06,3.609063
2005-10-07,3.602975
2005-10-10,3.581450
2005-10-11,3.595958
2005-10-12,3.630669
2005-10-13,3.699311
2005-10-14,3.697706
2005-10-17,3.704451
2005-10-18,3.710813
2005-10-19,3.691802
2005-10-20,3.723207
2005-10-21,3.650198
2005-10-24,3.646836
2005-10-25,3.689903
2005-10-26,3.774678
2005-10-27,3.778872
2005-10-28,3.774990
2005-10-31,3.775592
2005-11-01,3.766769
2005-11-02,3.813184
2005-11-03,3.813211
2005-11-04,3.821165
2005-11-07,3.828334
2005-11-08,3.803957
2005-11-09,3.823416
2005-11-10,3.845764
2005-11-11,3.827132
2005-11-14,3.817838
2005-11-15,3.859084
2005-11-16,3.786600
2005-11-17,3.797675
2005-11-18,3.828564
2005-11-21,3.832266
2005-11-22,3.811804
2005-11-23,3.787906
2005-11-24,3.736292
2005-11-25,3.742652
2005-11-28,3.750671
2005-11-29,3.749494
2005-11-30,3.770869
2005-12-01,3.713683
2005-12-02,3.742062
2005-12-05,3.742172
2005-12-06,3.723820
2005-12-07,3.705897
2005-12-08,3.712907
2005-12-09,3.745093
2005-12-12,3.732016
2005-12-13,3.706617
2005-12-14,3.680900
2005-12-15,3.676015
2005-12-16,3.637131
2005-12-19,3.632427
2005-12-20,3.633039
2005-12-21,3.648103
2005-12-22,3.635735
2005-12-23,3.613957
2005-12-27,3.607313
2005-12-28,3.570646
2005-12-29,3.575532
2005-12-30,3.574862
2006-01-02,3.704434
2006-01-03,3.698324
2006-01-04,3.581334
2006-01-05,3.548079
2006-01-06,3.540329
2006-01-09,3.501892
2006-01-10,3.514753
2006-01-11,3.523204
2006-01-12,3.503255
2006-01-13,3.500480
2006-01-16,3.516748
2006-01-17,3.514630
2006-01-18,3.514680
2006-01-19,3.587974
2006-01-20,3.592562
2006-01-23,3.628942
2006-01-24,3.627729
2006-01-25,3.656433
2006-01-26,3.718393
2006-01-27,3.734847
2006-01-30,3.736324
2006-01-31,3.734184
2006-02-01,3.737216
2006-02-02,3.759007
2006-02-03,3.749011
2006-02-06,3.714667
2006-02-07,3.731736
2006-02-08,3.752853
2006-02-09,3.747351
2006-02-10,3.690397
2006-02-13,3.733688
2006-02-14,3.756244
2006-02-15,3.740854
2006-02-16,3.773495
2006-02-17,3.744420
2006-02-20,3.710299
2006-02-21,3.723857
2006-02-22,3.685437
2006-02-23,3.709212
2006-02-24,3.731148
2006-02-27,3.741369
2006-02-28,3.731911
2006-03-01,3.731492
2006-03-02,3.767347
2006-03-03,3.785116
2006-03-06,3.784195
2006-03-07,3.792016
2006-03-08,3.845509
2006-03-09,3.873102
2006-03-10,3.925365
2006-03-13,3.924132
2006-03-14,3.892133
2006-03-15,3.886431
2006-03-16,3.885602
2006-03-17,3.895669
2006-03-20,3.869292
2006-03-21,3.888632
2006-03-22,3.848862
2006-03-23,3.868464
2006-03-24,3.876148
2006-03-27,3.856905
2006-03-28,3.922345
2006-03-29,3.956927
2006-03-30,3.984363
2006-03-31,3.990058
2006-04-03,4.031287
2006-04-04,4.037731
2006-04-05,4.075047
2006-04-06,4.133902
2006-04-07,4.207806
2006-04-10,4.181725
2006-04-11,4.140295
2006-04-12,4.120244
2006-04-13,4.208660
2006-04-18,4.204507
2006-04-19,4.203728
2006-04-20,4.195179
2006-04-21,4.187748
2006-04-24,4.199377
2006-04-25,4.235052
2006-04-26,4.229249
2006-04-27,4.232641
2006-04-28,4.177281
2006-05-02,4.204359
2006-05-03,4.220817
2006-05-04,4.238998
2006-05-05,4.229703
2006-05-08,4.229421
2006-05-09,4.242948
2006-05-10,4.227252
2006-05-11,4.287983
2006-05-12,4.285153
2006-05-15,4.310201
2006-05-16,4.268386
2006-05-17,4.337601
2006-05-18,4.312624
2006-05-19,4.274694
2006-05-22,4.209734
2006-05-23,4.206070
2006-05-24,4.168236
2006-05-25,4.159950
2006-05-26,4.155610
2006-05-29,4.179144
2006-05-30,4.212947
2006-05-31,4.237675
2006-06-01,4.253455
2006-06-02,4.191290
2006-06-05,4.193106
2006-06-06,4.248284
2006-06-07,4.271655
2006-06-08,4.250707
2006-06-09,4.203722
2006-06-12,4.190065
2006-06-13,4.167493
2006-06-14,4.163060
2006-06-15,4.208211
2006-06-16,4.200631
2006-06-19,4.218513
2006-06-20,4.220665
2006-06-21,4.262785
2006-06-22,4.280265
2006-06-23,4.318536
2006-06-26,4.328158
2006-06-27,4.321384
2006-06-28,4.317520
2006-06-29,4.294263
2006-06-30,4.295398
2006-07-03,4.291512
2006-07-04,4.283584
2006-07-05,4.324589
2006-07-06,4.307884
2006-07-07,4.275441
2006-07-10,4.279934
2006-07-11,4.280142
2006-07-12,4.300409
2006-07-13,4.277037
2006-07-14,4.239866
2006-07-17,4.252844
2006-07-18,4.259450
2006-07-19,4.266009
2006-07-20,4.232344
2006-07-21,4.200579
2006-07-24,4.191480
2006-07-25,4.189343
2006-07-26,4.231638
2006-07-27,4.200567
2006-07-28,4.165552
2006-07-31,4.175674
2006-08-01,4.188180
2006-08-02,4.178888
2006-08-03,4.187153
2006-08-04,4.122524
2006-08-07,4.137072
2006-08-08,4.134826
2006-08-09,4.160614
2006-08-10,4.158797
2006-08-11,4.177677
2006-08-14,4.216497
2006-08-15,4.184223
2006-08-16,4.156919
2006-08-17,4.119229
2006-08-18,4.115017
2006-08-21,4.072809
2006-08-22,4.037189
2006-08-23,4.051031
2006-08-24,4.049952
2006-08-25,4.052110
2006-08-28,4.051697
2006-08-29,4.055805
2006-08-30,4.019779
2006-08-31,4.000450
2006-09-01,3.982993
2006-09-04,3.968925
2006-09-05,3.991659
2006-09-06,4.039150
2006-09-07,4.054561
2006-09-08,3.977839
2006-09-11,3.985029
2006-09-12,4.023888
2006-09-13,4.023204
2006-09-14,3.975257
2006-09-15,3.936662
2006-09-18,3.984360
2006-09-19,3.939229
2006-09-20,3.922267
2006-09-21,3.934876
2006-09-22,3.880954
2006-09-25,3.859721
2006-09-26,3.835604
2006-09-27,3.823885
2006-09-28,3.848992
2006-09-29,3.834960
2006-10-02,3.880595
2006-10-03,3.816849
2006-10-04,3.797254
2006-10-05,3.793434
2006-10-06,3.828113
2006-10-09,3.840551
2006-10-10,3.865285
2006-10-11,3.869243
2006-10-12,3.865870
2006-10-13,3.882647
2006-10-16,3.893693
2006-10-17,3.862065
2006-10-18,3.871877
2006-10-19,3.902699
2006-10-20,3.894353
2006-10-23,3.926590
2006-10-24,3.910857
2006-10-25,3.926886
2006-10-26,3.899111
2006-10-27,3.842872
2006-10-30,3.821661
2006-10-31,3.842573
2006-11-01,3.812407
2006-11-02,3.812475
2006-11-03,3.862442
2006-11-06,3.874351
2006-11-07,3.831478
2006-11-08,3.826584
2006-11-09,3.829986
2006-11-10,3.822507
2006-11-13,3.832362
2006-11-14,3.809875
2006-11-15,3.833697
2006-11-16,3.825696
2006-11-17,3.820288
2006-11-20,3.807210
2006-11-21,3.801291
2006-11-22,3.813671
2006-11-23,3.829374
2006-11-24,3.816920
2006-11-27,3.843247
2006-11-28,3.815990
2006-11-29,3.812196
2006-11-30,3.813962
2006-12-01,3.809027
2006-12-04,3.799998
2006-12-05,3.788429
2006-12-06,3.799375
2006-12-07,3.800804
2006-12-08,3.787788
2006-12-11,3.838928
2006-12-12,3.829680
2006-12-13,3.820443
2006-12-14,3.854872
2006-12-15,3.851537
2006-12-18,3.902960
2006-12-19,3.941783
2006-12-20,3.960447
2006-12-21,3.972148
2006-12-22,3.969583
2006-12-27,4.001354
2006-12-28,4.022045
2006-12-29,4.032419
2007-01-02,4.015953
2007-01-03,4.005694
2007-01-04,4.019866
2007-01-05,4.058143
2007-01-08,4.057740
2007-01-09,4.075568
2007-01-10,4.096868
2007-01-11,4.108112
2007-01-12,4.149499
2007-01-15,4.140553
2007-01-16,4.118208
2007-01-17,4.117771
2007-01-18,4.170355
2007-01-19,4.110347
2007-01-22,4.098040
2007-01-23,4.075075
2007-01-24,4.090108
2007-01-25,4.111912
2007-01-26,4.164860
2007-01-29,4.196550
2007-01-30,4.184665
2007-01-31,4.184290
2007-02-01,4.140176
2007-02-02,4.166948
2007-02-05,4.138029
2007-02-06,4.132708
2007-02-07,4.115875
2007-02-08,4.114857
2007-02-09,4.153162
2007-02-12,4.189971
2007-02-13,4.199990
2007-02-14,4.170715
2007-02-15,4.135398
2007-02-16,4.126936
2007-02-19,4.150479
2007-02-20,4.164309
2007-02-21,4.142256
2007-02-22,4.149799
2007-02-23,4.119357
2007-02-26,4.081659
2007-02-27,4.059432
2007-02-28,4.048417
2007-03-01,4.040681
2007-03-02,4.055764
2007-03-05,4.035444
2007-03-06,4.041837
2007-03-07,4.055588
2007-03-08,4.056471
2007-03-09,4.082811
2007-03-12,4.061539
2007-03-13,4.047162
2007-03-14,4.028561
2007-03-15,4.040549
2007-03-16,4.037324
2007-03-19,4.049855
2007-03-20,4.032517
2007-03-21,4.055562
2007-03-22,4.064336
2007-03-23,4.147040
2007-03-26,4.161928
2007-03-27,4.172249
2007-03-28,4.187999
2007-03-29,4.194654
2007-03-30,4.193160
2007-04-02,4.204120
2007-04-03,4.234304
2007-04-04,4.234595
2007-04-05,4.239597
2007-04-10,4.281554
2007-04-11,4.291863
2007-04-12,4.328595
2007-04-13,4.364170
2007-04-16,4.355775
2007-04-17,4.341591
2007-04-18,4.303590
2007-04-19,4.325183
2007-04-20,4.341602
2007-04-23,4.321313
2007-04-24,4.294540
2007-04-25,4.309981
2007-04-26,4.312330
2007-04-27,4.337937
2007-04-30,4.288234
2007-05-02,4.319368
2007-05-03,4.349588
2007-05-04,4.314220
2007-05-07,4.340211
2007-05-08,4.315962
2007-05-09,4.335964
2007-05-10,4.336346
2007-05-11,4.310490
2007-05-14,4.381912
2007-05-15,4.402759
2007-05-16,4.415402
2007-05-17,4.403711
2007-05-18,4.411239
2007-05-21,4.430729
2007-05-22,4.434575
2007-05-23,4.432717
2007-05-24,4.458595
2007-05-25,4.461041
2007-05-28,4.460784
2007-05-29,4.471122
2007-05-30,4.474366
2007-05-31,4.488730
2007-06-01,4.509672
2007-06-04,4.517260
2007-06-05,4.539598
2007-06-06,4.549480
2007-06-07,4.604489
2007-06-08,4.658258
2007-06-11,4.646843
2007-06-12,4.700031
2007-06-13,4.741564
2007-06-14,4.722311
2007-06-15,4.776524
2007-06-18,4.784505
2007-06-19,4.743193
2007-06-20,4.752585
2007-06-21,4.721704
2007-06-22,4.757801
2007-06-25,4.696372
2007-06-26,4.689525
2007-06-27,4.634489
2007-06-28,4.640619
2007-06-29,4.631628
2007-07-02,4.604645
2007-07-03,4.619555
2007-07-04,4.668990
2007-07-05,4.712746
2007-07-06,4.737117
2007-07-09,4.726430
2007-07-10,4.671445
2007-07-11,4.648533
2007-07-12,4.690814
2007-07-13,4.675542
2007-07-16,4.671632
2007-07-17,4.661901
2007-07-18,4.664213
2007-07-19,4.644037
2007-07-20,4.535723
2007-07-23,4.524206
2007-07-24,4.528246
2007-07-25,4.517061
2007-07-26,4.486060
2007-07-27,4.460310
2007-07-30,4.449559
2007-07-31,4.478695
2007-08-01,4.465732
2007-08-02,4.488180
2007-08-03,4.451631
2007-08-06,4.454883
2007-08-07,4.467648
2007-08-08,4.522856
2007-08-09,4.491339
2007-08-10,4.507184
2007-08-13,4.522622
2007-08-14,4.543523
2007-08-15,4.494333
2007-08-16,4.467255
2007-08-17,4.491286
2007-08-20,4.532061
2007-08-21,4.509041
2007-08-22,4.525111
2007-08-23,4.520037
2007-08-24,4.495261
2007-08-27,4.496801
2007-08-28,4.503106
2007-08-29,4.486642
2007-08-30,4.506816
2007-08-31,4.536865
2007-09-03,4.530690
2007-09-04,4.523792
2007-09-05,4.502028
2007-09-06,4.505053
2007-09-07,4.491818
2007-09-10,4.436829
2007-09-11,4.441896
2007-09-12,4.453624
2007-09-13,4.462245
2007-09-14,4.434601
2007-09-17,4.453781
2007-09-18,4.478465
2007-09-19,4.542983
2007-09-20,4.607148
2007-09-21,4.624366
2007-09-24,4.627600
2007-09-25,4.592575
2007-09-26,4.658155
2007-09-27,4.637583
2007-09-28,4.595965
2007-10-01,4.601204
2007-10-02,4.581969
2007-10-03,4.546051
2007-10-04,4.539538
2007-10-05,4.583395
2007-10-08,4.575289
2007-10-09,4.541941
2007-10-10,4.578007
2007-10-11,4.602924
2007-10-12,4.615557
2007-10-15,4.636204
2007-10-16,4.665994
2007-10-17,4.653257
2007-10-18,4.572553
2007-10-19,4.535392
2007-10-22,4.471838
2007-10-23,4.480763
2007-10-24,4.445412
2007-10-25,4.437014
2007-10-26,4.456373
2007-10-29,4.449956
2007-10-30,4.471904
2007-10-31,4.499357
2007-11-01,4.485611
2007-11-02,4.449281
2007-11-05,4.445092
2007-11-06,4.490179
2007-11-07,4.457832
2007-11-08,4.460965
2007-11-09,4.446424
2007-11-12,4.446396
2007-11-13,4.440754
2007-11-14,4.478574
2007-11-15,4.469834
2007-11-16,4.466246
2007-11-19,4.459776
2007-11-20,4.460426
2007-11-21,4.460482
2007-11-22,4.493230
2007-11-23,4.501719
2007-11-26,4.500061
2007-11-27,4.471048
2007-11-28,4.560455
2007-11-29,4.539398
2007-11-30,4.558783
2007-12-03,4.540103
2007-12-04,4.487708
2007-12-05,4.492543
2007-12-06,4.517434
2007-12-07,4.586053
2007-12-10,4.618351
2007-12-11,4.602274
2007-12-12,4.621654
2007-12-13,4.634646
2007-12-14,4.594103
2007-12-17,4.604241
2007-12-18,4.600016
2007-12-19,4.580040
2007-12-20,4.561663
2007-12-21,4.581899
2007-12-24,4.582386
2007-12-27,4.620786
2007-12-28,4.604123
2007-12-31,4.608655
2008-01-02,4.600659
2008-01-03,4.560184
2008-01-04,4.526422
2008-01-07,4.528777
2008-01-08,4.542012
2008-01-09,4.521899
2008-01-10,4.524802
2008-01-11,4.528654
2008-01-14,4.515026
2008-01-15,4.502896
2008-01-16,4.494260
2008-01-17,4.491921
2008-01-18,4.490920
2008-01-21,4.458626
2008-01-22,4.466460
2008-01-23,4.494254
2008-01-24,4.552013
2008-01-25,4.548560
2008-01-28,4.495947
2008-01-29,4.529842
2008-01-30,4.575558
2008-01-31,4.501205
2008-02-01,4.485112
2008-02-04,4.467081
2008-02-05,4.414534
2008-02-06,4.435592
2008-02-07,4.458084
2008-02-08,4.467738
2008-02-11,4.453120
2008-02-12,4.534127
2008-02-13,4.572204
2008-02-14,4.585383
2008-02-15,4.561840
2008-02-18,4.603604
2008-02-19,4.606652
2008-02-20,4.600610
2008-02-21,4.613644
2008-02-22,4.599843
2008-02-25,4.621693
2008-02-26,4.668483
2008-02-27,4.683149
2008-02-28,4.657361
2008-02-29,4.580986
2008-03-03,4.565885
2008-03-04,4.575825
2008-03-05,4.611255
2008-03-06,4.607496
2008-03-07,4.614934
2008-03-10,4.609661
2008-03-11,4.611855
2008-03-12,4.568196
2008-03-13,4.558247
2008-03-14,4.595516
2008-03-17,4.603719
2008-03-18,4.659073
2008-03-19,4.583231
2008-03-20,4.502397
2008-03-25,4.530339
2008-03-26,4.574593
2008-03-27,4.658730
2008-03-28,4.659008
2008-03-31,4.632440
2008-04-01,4.630602
2008-04-02,4.595044
2008-04-03,4.647351
2008-04-04,4.595063
2008-04-07,4.618817
2008-04-08,4.633996
2008-04-09,4.641349
2008-04-10,4.600232
2008-04-11,4.555860
2008-04-14,4.588449
2008-04-15,4.617205
2008-04-16,4.649837
2008-04-17,4.715644
2008-04-18,4.747065
2008-04-21,4.735179
2008-04-22,4.725161
2008-04-23,4.714265
2008-04-24,4.744975
2008-04-25,4.760940
2008-04-28,4.795699
2008-04-29,4.753981
2008-04-30,4.686355
2008-05-02,4.733650
2008-05-05,4.676882
2008-05-06,4.648666
2008-05-07,4.699729
2008-05-08,4.627757
2008-05-09,4.578644
2008-05-12,4.589522
2008-05-13,4.659764
2008-05-14,4.721759
2008-05-15,4.771367
2008-05-16,4.730424
2008-05-19,4.723233
2008-05-20,4.716224
2008-05-21,4.761361
2008-05-22,4.784132
2008-05-23,4.748191
2008-05-26,4.761440
2008-05-27,4.776189
2008-05-28,4.818595
2008-05-29,4.901631
2008-05-30,4.837160
2008-06-02,4.830329
2008-06-03,4.908191
2008-06-04,4.856233
2008-06-05,4.890310
2008-06-06,4.747016
2008-06-09,4.745862
2008-06-10,4.807035
2008-06-11,4.858790
2008-06-12,4.901474
2008-06-13,4.892436
2008-06-16,4.860325
2008-06-17,4.841565
2008-06-18,4.779654
2008-06-19,4.779071
2008-06-20,4.772660
2008-06-23,4.771947
2008-06-24,4.820069
2008-06-25,4.848451
2008-06-26,4.848926
2008-06-27,4.895750
2008-06-30,4.918068
2008-07-01,4.874630
2008-07-02,4.905735
2008-07-03,4.886226
2008-07-04,4.905877
2008-07-07,4.845771
2008-07-08,4.840110
2008-07-09,4.815189
2008-07-10,4.796003
2008-07-11,4.807610
2008-07-14,4.829923
2008-07-15,4.804148
2008-07-16,4.828564
2008-07-17,4.842852
2008-07-18,4.907426
2008-07-21,4.915251
2008-07-22,4.920107
2008-07-23,4.939514
2008-07-24,4.878497
2008-07-25,4.885952
2008-07-28,4.877779
2008-07-29,4.866617
2008-07-30,4.807342
2008-07-31,4.764223
2008-08-01,4.750020
2008-08-04,4.737640
2008-08-05,4.723617
2008-08-06,4.740619
2008-08-07,4.741294
2008-08-08,4.765486
2008-08-11,4.781974
2008-08-12,4.724519
2008-08-13,4.739190
2008-08-14,4.735843
2008-08-15,4.719390
2008-08-18,4.693795
2008-08-19,4.683664
2008-08-20,4.666895
2008-08-21,4.727901
2008-08-22,4.729963
2008-08-25,4.671738
2008-08-26,4.674740
2008-08-27,4.742715
2008-08-28,4.693811
2008-08-29,4.646117
2008-09-01,4.620177
2008-09-02,4.696062
2008-09-03,4.691994
2008-09-04,4.688086
2008-09-05,4.624306
2008-09-08,4.679495
2008-09-09,4.707344
2008-09-10,4.704450
2008-09-11,4.708485
2008-09-12,4.767206
2008-09-15,4.760613
2008-09-16,4.686441
2008-09-17,4.747367
2008-09-18,4.836608
2008-09-19,4.909268
2008-09-22,4.984930
2008-09-23,4.951589
2008-09-24,4.874212
2008-09-25,4.878214
2008-09-26,4.865004
2008-09-29,4.812917
2008-09-30,4.709880
2008-10-01,4.633391
2008-10-02,4.588579
2008-10-03,4.426058
2008-10-06,4.375674
2008-10-07,4.234347
2008-10-08,4.174236
2008-10-09,4.372368
2008-10-10,4.451163
2008-10-13,4.596349
2008-10-14,4.575768
2008-10-15,4.752955
2008-10-16,4.811317
2008-10-17,4.602597
2008-10-20,4.648669
2008-10-21,4.635711
2008-10-22,4.558503
2008-10-23,4.454624
2008-10-24,4.388204
2008-10-27,4.453124
2008-10-28,4.503354
2008-10-29,4.542263
2008-10-30,4.589098
2008-10-31,4.612086
2008-11-03,4.644781
2008-11-04,4.632524
2008-11-05,4.669004
2008-11-06,4.695560
2008-11-07,4.640164
2008-11-10,4.617872
2008-11-11,4.648502
2008-11-12,4.640371
2008-11-13,4.679737
2008-11-14,4.700866
2008-11-17,4.679906
2008-11-18,4.640939
2008-11-19,4.561634
2008-11-20,4.439225
2008-11-21,4.406527
2008-11-24,4.381749
2008-11-25,4.297732
2008-11-26,4.210695
2008-11-27,4.195803
2008-11-28,4.131743
2008-12-01,4.067465
2008-12-02,3.978486
2008-12-03,3.776009
2008-12-04,3.668002
2008-12-05,3.829475
2008-12-08,3.898313
2008-12-09,4.027579
2008-12-10,4.099359
2008-12-11,4.125346
2008-12-12,4.132366
2008-12-15,4.229931
2008-12-16,4.136217
2008-12-17,4.013411
2008-12-18,3.956423
2008-12-19,3.993686
2008-12-22,3.969264
2008-12-23,3.985494
2008-12-24,3.983389
2008-12-29,3.972257
2008-12-30,3.984346
2008-12-31,3.982746
2009-01-02,3.963312
2009-01-05,4.039394
2009-01-06,4.210660
2009-01-07,4.317198
2009-01-08,4.272615
2009-01-09,4.224142
2009-01-12,4.224975
2009-01-13,4.263619
2009-01-14,4.303553
2009-01-15,4.204580
2009-01-16,4.282966
2009-01-19,4.343145
2009-01-20,4.339353
2009-01-21,4.379245
2009-01-22,4.412434
2009-01-23,4.578015
2009-01-26,4.687202
2009-01-27,4.606078
2009-01-28,4.470148
2009-01-29,4.380058
2009-01-30,4.431585
2009-02-02,4.462963
2009-02-03,4.444749
2009-02-04,4.531824
2009-02-05,4.519903
2009-02-06,4.543877
2009-02-09,4.507154
2009-02-10,4.494242
2009-02-11,4.430978
2009-02-12,4.340076
2009-02-13,4.351672
2009-02-16,4.314449
2009-02-17,4.327424
2009-02-18,4.355803
2009-02-19,4.471913
2009-02-20,4.425147
2009-02-23,4.413328
2009-02-24,4.373701
2009-02-25,4.380771
2009-02-26,4.476691
2009-02-27,4.435293
2009-03-02,4.449785
2009-03-03,4.481778
2009-03-04,4.577630
2009-03-05,4.464185
2009-03-06,4.395384
2009-03-09,4.347501
2009-03-10,4.381016
2009-03-11,4.473799
2009-03-12,4.435571
2009-03-13,4.525731
2009-03-16,4.557691
2009-03-17,4.615141
2009-03-18,4.591796
2009-03-19,4.484401
2009-03-20,4.433928
2009-03-23,4.419366
2009-03-24,4.507498
2009-03-25,4.520718
2009-03-26,4.499805
2009-03-27,4.409267
2009-03-30,4.399639
2009-03-31,4.375760
2009-04-01,4.406048
2009-04-02,4.486179
2009-04-03,4.493984
2009-04-06,4.536923
2009-04-07,4.547098
2009-04-08,4.519364
2009-04-09,4.576397
2009-04-14,4.527975
2009-04-15,4.515319
2009-04-16,4.537273
2009-04-17,4.542618
2009-04-20,4.488653
2009-04-21,4.434840
2009-04-22,4.467577
2009-04-23,4.436818
2009-04-24,4.453930
2009-04-27,4.411368
2009-04-28,4.400515
2009-04-29,4.383342
2009-04-30,4.362286
2009-05-04,4.429938
2009-05-05,4.406098
2009-05-06,4.427314
2009-05-07,4.568046
2009-05-08,4.623203
2009-05-11,4.558426
2009-05-12,4.586968
2009-05-13,4.588562
2009-05-14,4.596326
2009-05-15,4.599715
2009-05-18,4.603671
2009-05-19,4.648066
2009-05-20,4.653978
2009-05-21,4.629480
2009-05-22,4.705267
2009-05-25,4.761740
2009-05-26,4.701124
2009-05-27,4.727215
2009-05-28,4.747641
2009-05-29,4.748630
2009-06-01,4.804756
2009-06-02,4.831817
2009-06-03,4.710644
2009-06-04,4.757782
2009-06-05,4.740963
2009-06-08,4.672349
2009-06-09,4.642276
2009-06-10,4.664619
2009-06-11,4.742640
2009-06-12,4.678077
2009-06-15,4.655332
2009-06-16,4.675156
2009-06-17,4.664028
2009-06-18,4.705447
2009-06-19,4.750033
2009-06-22,4.654635
2009-06-23,4.678530
2009-06-24,4.687245
2009-06-25,4.681827
2009-06-26,4.640647
2009-06-29,4.610268
2009-06-30,4.602316
2009-07-01,4.597646
2009-07-02,4.563331
2009-07-03,4.553549
2009-07-06,4.510075
2009-07-07,4.525303
2009-07-08,4.528930
2009-07-09,4.514709
2009-07-10,4.497027
2009-07-13,4.447139
2009-07-14,4.467516
2009-07-15,4.501147
2009-07-16,4.505096
2009-07-17,4.558937
2009-07-20,4.597345
2009-07-21,4.591874
2009-07-22,4.573317
2009-07-23,4.574460
2009-07-24,4.570701
2009-07-27,4.604247
2009-07-28,4.537223
2009-07-29,4.490096
2009-07-30,4.452451
2009-07-31,4.336961
2009-08-03,4.353324
2009-08-04,4.341811
2009-08-05,4.322379
2009-08-06,4.317965
2009-08-07,4.369829
2009-08-10,4.373781
2009-08-11,4.304825
2009-08-12,4.338385
2009-08-13,4.319060
2009-08-14,4.283267
2009-08-17,4.240720
2009-08-18,4.239485
2009-08-19,4.202064
2009-08-20,4.220924
2009-08-21,4.225860
2009-08-24,4.246532
2009-08-25,4.251791
2009-08-26,4.217479
2009-08-27,4.215717
2009-08-28,4.253956
2009-08-31,4.259131
2009-09-01,4.288635
2009-09-02,4.286494
2009-09-03,4.348273
2009-09-04,4.295204
2009-09-07,4.339849
2009-09-08,4.380776
2009-09-09,4.456195
2009-09-10,4.412563
2009-09-11,4.361782
2009-09-14,4.316711
2009-09-15,4.342681
2009-09-16,4.377146
2009-09-17,4.385472
2009-09-18,4.413003
2009-09-21,4.450269
2009-09-22,4.440005
2009-09-23,4.416490
2009-09-24,4.399573
2009-09-25,4.298175
2009-09-28,4.251071
2009-09-29,4.245396
2009-09-30,4.204893
2009-10-01,4.259877
2009-10-02,4.242365
2009-10-05,4.229083
2009-10-06,4.249801
2009-10-07,4.210851
2009-10-08,4.204146
2009-10-09,4.269582
2009-10-12,4.272012
2009-10-13,4.270064
2009-10-14,4.319906
2009-10-15,4.379199
2009-10-16,4.369142
2009-10-19,4.375957
2009-10-20,4.329463
2009-10-21,4.408551
2009-10-22,4.383855
2009-10-23,4.437061
2009-10-26,4.465576
2009-10-27,4.390518
2009-10-28,4.352152
2009-10-29,4.385306
2009-10-30,4.333889
2009-11-02,4.333600
2009-11-03,4.351337
2009-11-04,4.407776
2009-11-05,4.436107
2009-11-06,4.450833
2009-11-09,4.416741
2009-11-10,4.370525
2009-11-11,4.379288
2009-11-12,4.393018
2009-11-13,4.380686
2009-11-16,4.373825
2009-11-17,4.322509
2009-11-18,4.310989
2009-11-19,4.283627
2009-11-20,4.302324
2009-11-23,4.307842
2009-11-24,4.301880
2009-11-25,4.313407
2009-11-26,4.289262
2009-11-27,4.295721
2009-11-30,4.248941
2009-12-01,4.248068
2009-12-02,4.263358
2009-12-03,4.274667
2009-12-04,4.307547
2009-12-07,4.250060
2009-12-08,4.221954
2009-12-09,4.240008
2009-12-10,4.286610
2009-12-11,4.330827
2009-12-14,4.308492
2009-12-15,4.306749
2009-12-16,4.288923
2009-12-17,4.229363
2009-12-18,4.209001
2009-12-21,4.241113
2009-12-22,4.302699
2009-12-23,4.337618
2009-12-24,4.334518
2009-12-28,4.370175
2009-12-29,4.384716
2009-12-30,4.396370
2009-12-31,4.395653
2010-01-04,4.391144
2010-01-05,4.380055
2010-01-06,4.410158
2010-01-07,4.367467
2010-01-08,4.347227
2010-01-11,4.346907
2010-01-12,4.322431
2010-01-13,4.349880
2010-01-14,4.360706
2010-01-15,4.324199
2010-01-18,4.308659
2010-01-19,4.330356
2010-01-20,4.339037
2010-01-21,4.373351
2010-01-22,4.336882
2010-01-25,4.329105
2010-01-26,4.315100
2010-01-27,4.274713
2010-01-28,4.275785
2010-01-29,4.284075
2010-02-01,4.253674
2010-02-02,4.245160
2010-02-03,4.293830
2010-02-04,4.251848
2010-02-05,4.197374
2010-02-08,4.170616
2010-02-09,4.215814
2010-02-10,4.234567
2010-02-11,4.244912
2010-02-12,4.252009
2010-02-15,4.268187
2010-02-16,4.277740
2010-02-17,4.265672
2010-02-18,4.299880
2010-02-19,4.315441
2010-02-22,4.312631
2010-02-23,4.237068
2010-02-24,4.189672
2010-02-25,4.182095
2010-02-26,4.163847
2010-03-01,4.178782
2010-03-02,4.181354
2010-03-03,4.220221
2010-03-04,4.213931
2010-03-05,4.228569
2010-03-08,4.226674
2010-03-09,4.211689
2010-03-10,4.224617
2010-03-11,4.232350
2010-03-12,4.242829
2010-03-15,4.208588
2010-03-16,4.197579
2010-03-17,4.175603
2010-03-18,4.195600
2010-03-19,4.200138
2010-03-22,4.156574
2010-03-23,4.130311
2010-03-24,4.143601
2010-03-25,4.161583
2010-03-26,4.184672
2010-03-29,4.152622
2010-03-30,4.156774
2010-03-31,4.105531
2010-04-01,4.095097
2010-04-06,4.072143
2010-04-07,4.055734
2010-04-08,4.051759
2010-04-09,4.104073
2010-04-12,4.109480
2010-04-13,4.093813
2010-04-14,4.101596
2010-04-15,4.114946
2010-04-16,4.099322
2010-04-19,4.072027
2010-04-20,4.086303
2010-04-21,4.094706
2010-04-22,4.062392
2010-04-23,4.088911
2010-04-26,4.059002
2010-04-27,4.017267
2010-04-28,3.968921
2010-04-29,4.015152
2010-04-30,3.974824
2010-05-03,4.082155
2010-05-04,4.005953
2010-05-05,3.943804
2010-05-06,3.975415
2010-05-07,3.955088
2010-05-10,4.102759
2010-05-11,4.094983
2010-05-12,4.094757
2010-05-13,4.075063
2010-05-14,3.983719
2010-05-17,4.006084
2010-05-18,4.034413
2010-05-19,3.962780
2010-05-20,3.881634
2010-05-21,3.811566
2010-05-24,3.800832
2010-05-25,3.748549
2010-05-26,3.829042
2010-05-27,3.847279
2010-05-28,3.606278
2010-05-31,3.575076
2010-06-01,3.549590
2010-06-02,3.565889
2010-06-03,3.656413
2010-06-04,3.621867
2010-06-07,3.634673
2010-06-08,3.606210
2010-06-09,3.611711
2010-06-10,3.627430
2010-06-11,3.597413
2010-06-14,3.618461
2010-06-15,3.664800
2010-06-16,3.648396
2010-06-17,3.664672
2010-06-18,3.682305
2010-06-21,3.707499
2010-06-22,3.651630
2010-06-23,3.649055
2010-06-24,3.644669
2010-06-25,3.654015
2010-06-28,3.607516
2010-06-29,3.566536
2010-06-30,3.552314
2010-07-01,3.547418
2010-07-02,3.563419
2010-07-05,3.513306
2010-07-06,3.556865
2010-07-07,3.536364
2010-07-08,3.555526
2010-07-09,3.533059
2010-07-12,3.506920
2010-07-13,3.532102
2010-07-14,3.519123
2010-07-15,3.566829
2010-07-16,3.532328
2010-07-19,3.555037
2010-07-20,3.533896
2010-07-21,3.537981
2010-07-22,3.550967
2010-07-23,3.551523
2010-07-26,3.601861
2010-07-27,3.626804
2010-07-28,3.624206
2010-07-29,3.626369
2010-07-30,3.578597
2010-08-02,3.601911
2010-08-03,3.527859
2010-08-04,3.488841
2010-08-05,3.450485
2010-08-06,3.413192
2010-08-09,3.415225
2010-08-10,3.461872
2010-08-11,3.387446
2010-08-12,3.360872
2010-08-13,3.373255
2010-08-16,3.256128
2010-08-17,3.231900
2010-08-18,3.192473
2010-08-19,3.203290
2010-08-20,3.127296
2010-08-23,3.127943
2010-08-24,3.011610
2010-08-25,2.907654
2010-08-26,2.902392
2010-08-27,2.855635
2010-08-30,2.904408
2010-08-31,2.886991
2010-09-01,2.991258
2010-09-02,3.083312
2010-09-03,3.184284
2010-09-06,3.170770
2010-09-07,3.089602
2010-09-08,3.109588
2010-09-09,3.110795
2010-09-10,3.172847
2010-09-13,3.253862
2010-09-14,3.180748
2010-09-15,3.235232
2010-09-16,3.350085
2010-09-17,3.258005
2010-09-20,3.286734
2010-09-21,3.278259
2010-09-22,3.212871
2010-09-23,3.176446
2010-09-24,3.223217
2010-09-27,3.175265
2010-09-28,3.131648
2010-09-29,3.127389
2010-09-30,3.145225
2010-10-01,3.177541
2010-10-04,3.102327
2010-10-05,3.115583
2010-10-06,3.101383
2010-10-07,3.124389
2010-10-08,3.158307
2010-10-11,3.151539
2010-10-12,3.112768
2010-10-13,3.169486
2010-10-14,3.193661
2010-10-15,3.252036
2010-10-18,3.260577
2010-10-19,3.280075
2010-10-20,3.257644
2010-10-21,3.276010
2010-10-22,3.263301
2010-10-25,3.244405
2010-10-26,3.267509
2010-10-27,3.335148
2010-10-28,3.303149
2010-10-29,3.283587
2010-11-01,3.244517
2010-11-02,3.201442
2010-11-03,3.150216
2010-11-04,3.208116
2010-11-05,3.259130
2010-11-08,3.247075
2010-11-09,3.254811
2010-11-10,3.260389
2010-11-11,3.314174
2010-11-12,3.357819
2010-11-15,3.404094
2010-11-16,3.435655
2010-11-17,3.438226
2010-11-18,3.515550
2010-11-19,3.502296
2010-11-22,3.471256
2010-11-23,3.380463
2010-11-24,3.449037
2010-11-25,3.482042
2010-11-26,3.512463
2010-11-29,3.523044
2010-11-30,3.482206
2010-12-01,3.540110
2010-12-02,3.572938
2010-12-03,3.661450
2010-12-06,3.650185
2010-12-07,3.726028
2010-12-08,3.761479
2010-12-09,3.660495
2010-12-10,3.662352
2010-12-13,3.703212
2010-12-14,3.754144
2010-12-15,3.762717
2010-12-16,3.795475
2010-12-17,3.785691
2010-12-20,3.719263
2010-12-21,3.733230
2010-12-22,3.720168
2010-12-23,3.735126
2010-12-24,3.733373
2010-12-27,3.783643
2010-12-28,3.714882
2010-12-29,3.778862
2010-12-30,3.754076
2010-12-31,3.751318
2011-01-03,3.725906
2011-01-04,3.692420
2011-01-05,3.708531
2011-01-06,3.782787
2011-01-07,3.747692
2011-01-10,3.710492
2011-01-11,3.747852
2011-01-12,3.834122
2011-01-13,3.820210
2011-01-14,3.766665
2011-01-17,3.795883
2011-01-18,3.821836
2011-01-19,3.836526
2011-01-20,3.887740
2011-01-21,3.878959
2011-01-24,3.847822
2011-01-25,3.857340
2011-01-26,3.892854
2011-01-27,3.900235
2011-01-28,3.886594
2011-01-31,3.875186
2011-02-01,3.961283
2011-02-02,3.938929
2011-02-03,3.971558
2011-02-04,3.976588
2011-02-07,4.004452
2011-02-08,4.012212
2011-02-09,4.051648
2011-02-10,4.050913
2011-02-11,4.030078
2011-02-14,4.063148
2011-02-15,4.067926
2011-02-16,4.002292
2011-02-17,3.976424
2011-02-18,4.005763
2011-02-21,3.960947
2011-02-22,3.938353
2011-02-23,3.882824
2011-02-24,3.901848
2011-02-25,3.905865
2011-02-28,3.922132
2011-03-01,3.953459
2011-03-02,3.944591
2011-03-03,3.994142
2011-03-04,3.967538
2011-03-07,3.988007
2011-03-08,3.979558
2011-03-09,3.982805
2011-03-10,3.937062
2011-03-11,3.913151
2011-03-14,3.900064
2011-03-15,3.839783
2011-03-16,3.840285
2011-03-17,3.897423
2011-03-18,3.934532
2011-03-21,3.945435
2011-03-22,3.954334
2011-03-23,3.945496
2011-03-24,3.988558
2011-03-25,3.999456
2011-03-28,4.033744
2011-03-29,4.011835
2011-03-30,4.045439
2011-03-31,4.031505
2011-04-01,4.059901
2011-04-04,4.052992
2011-04-05,4.054187
2011-04-06,4.102147
2011-04-07,4.123201
2011-04-08,4.154933
2011-04-11,4.165043
2011-04-12,4.141477
2011-04-13,4.141729
2011-04-14,4.089241
2011-04-15,4.074697
2011-04-18,4.020569
2011-04-19,3.994332
2011-04-20,4.001385
2011-04-21,3.991148
2011-04-26,3.991565
2011-04-27,4.006077
2011-04-28,3.975566
2011-04-29,3.950294
2011-05-02,3.948318
2011-05-03,3.959803
2011-05-04,4.009490
2011-05-05,3.990480
2011-05-06,3.909602
2011-05-09,3.855153
2011-05-10,3.883649
2011-05-11,3.905207
2011-05-12,3.887327
2011-05-13,3.877795
2011-05-16,3.901313
2011-05-17,3.894430
2011-05-18,3.881625
2011-05-19,3.925560
2011-05-20,3.862467
2011-05-23,3.841101
2011-05-24,3.874615
2011-05-25,3.871492
2011-05-26,3.837057
2011-05-27,3.826654
2011-05-30,3.815127
2011-05-31,3.866821
2011-06-01,3.840656
2011-06-02,3.833727
2011-06-03,3.837793
2011-06-06,3.855103
2011-06-07,3.906743
2011-06-08,3.903480
2011-06-09,3.870895
2011-06-10,3.838371
2011-06-13,3.831999
2011-06-14,3.881398
2011-06-15,3.897197
2011-06-16,3.860821
2011-06-17,3.872203
2011-06-20,3.886215
2011-06-21,3.913629
2011-06-22,3.932450
2011-06-23,3.844487
2011-06-24,3.848620
2011-06-27,3.879584
2011-06-28,3.927684
2011-06-29,3.965644
2011-06-30,3.985091
2011-07-01,3.957368
2011-07-04,3.935746
2011-07-05,3.919149
2011-07-06,3.870978
2011-07-07,3.900325
2011-07-08,3.803765
2011-07-11,3.669965
2011-07-12,3.693685
2011-07-13,3.724555
2011-07-14,3.777703
2011-07-15,3.683545
2011-07-18,3.642222
2011-07-19,3.698519
2011-07-20,3.755273
2011-07-21,3.859946
2011-07-22,3.817219
2011-07-25,3.808694
2011-07-26,3.776467
2011-07-27,3.673006
2011-07-28,3.678879
2011-07-29,3.640251
2011-08-01,3.629211
2011-08-02,3.585558
2011-08-03,3.553957
2011-08-04,3.504357
2011-08-05,3.479838
2011-08-08,3.467505
2011-08-09,3.482309
2011-08-10,3.437696
2011-08-11,3.444845
2011-08-12,3.494917
2011-08-15,3.522262
2011-08-16,3.541751
2011-08-17,3.507479
2011-08-18,3.319627
2011-08-19,3.300487
2011-08-22,3.314156
2011-08-23,3.305860
2011-08-24,3.381055
2011-08-25,3.377896
2011-08-26,3.320290
2011-08-29,3.428585
2011-08-30,3.352689
2011-08-31,3.418175
2011-09-01,3.427882
2011-09-02,3.326746
2011-09-05,3.228188
2011-09-06,3.236895
2011-09-07,3.253852
2011-09-08,3.145350
2011-09-09,3.114311
2011-09-12,3.026895
2011-09-13,3.064031
2011-09-14,3.104609
2011-09-15,3.239089
2011-09-16,3.133147
2011-09-19,2.998016
2011-09-20,3.004090
2011-09-21,3.018958
2011-09-22,2.928636
2011-09-23,2.908782
2011-09-26,2.962499
2011-09-27,3.135921
2011-09-28,3.175071
2011-09-29,3.188977
2011-09-30,3.088772
2011-10-03,3.042686
2011-10-04,2.968175
2011-10-05,3.085662
2011-10-06,3.139425
2011-10-07,3.227029
2011-10-10,3.261888
2011-10-11,3.275995
2011-10-12,3.389065
2011-10-13,3.343298
2011-10-14,3.432120
2011-10-17,3.349430
2011-10-18,3.342991
2011-10-19,3.391209
2011-10-20,3.405680
2011-10-21,3.430854
2011-10-24,3.446839
2011-10-25,3.396636
2011-10-26,3.345655
2011-10-27,3.467396
2011-10-28,3.517662
2011-10-31,3.437663
2011-11-01,3.243425
2011-11-02,3.339286
2011-11-03,3.431035
2011-11-04,3.353545
2011-11-07,3.383116
2011-11-08,3.349581
2011-11-09,3.230829
2011-11-10,3.344969
2011-11-11,3.416598
2011-11-14,3.401295
2011-11-15,3.470287
2011-11-16,3.459732
2011-11-17,3.457282
2011-11-18,3.452994
2011-11-21,3.358324
2011-11-22,3.429088
2011-11-23,3.494879
2011-11-24,3.588267
2011-11-25,3.610757
2011-11-28,3.609798
2011-11-29,3.602889
2011-11-30,3.557776
2011-12-01,3.486761
2011-12-02,3.429097
2011-12-05,3.396854
2011-12-06,3.426428
2011-12-07,3.314666
2011-12-08,3.347287
2011-12-09,3.289304
2011-12-12,3.209776
2011-12-13,3.211802
2011-12-14,3.069187
2011-12-15,3.016949
2011-12-16,3.052151
2011-12-19,3.058643
2011-12-20,3.128739
2011-12-21,3.117486
2011-12-22,3.119563
2011-12-23,3.094817
2011-12-27,3.056377
2011-12-28,3.039484
2011-12-29,3.053666
2011-12-30,3.061985
2012-01-02,3.150317
2012-01-03,3.200951
2012-01-04,3.233604
2012-01-05,3.216684
2012-01-06,3.221091
2012-01-09,3.219172
2012-01-10,3.200439
2012-01-11,3.173599
2012-01-12,3.112582
2012-01-13,3.082213
2012-01-16,3.107172
2012-01-17,3.128709
2012-01-18,3.169680
2012-01-19,3.216063
2012-01-20,3.243915
2012-01-23,3.293510
2012-01-24,3.341513
2012-01-25,3.318878
2012-01-26,3.284183
2012-01-27,3.238667
2012-01-30,3.191177
2012-01-31,3.207770
2012-02-01,3.170518
2012-02-02,3.157837
2012-02-03,3.205497
2012-02-06,3.179261
2012-02-07,3.215377
2012-02-08,3.231635
2012-02-09,3.250361
2012-02-10,3.208509
2012-02-13,3.186053
2012-02-14,3.176059
2012-02-15,3.144407
2012-02-16,3.140603
2012-02-17,3.167876
2012-02-20,3.188041
2012-02-21,3.193941
2012-02-22,3.189092
2012-02-23,3.151985
2012-02-24,3.160523
2012-02-27,3.142284
2012-02-28,3.141679
2012-02-29,3.137451
2012-03-01,3.117183
2012-03-02,3.102047
2012-03-05,3.130267
2012-03-06,3.135002
2012-03-07,3.119662
2012-03-08,3.102711
2012-03-09,3.098062
2012-03-12,3.092749
2012-03-13,3.142034
2012-03-14,3.219127
2012-03-15,3.248045
2012-03-16,3.325429
2012-03-19,3.284337
2012-03-20,3.283614
2012-03-21,3.250405
2012-03-22,3.232063
2012-03-23,3.191617
2012-03-26,3.210519
2012-03-27,3.215924
2012-03-28,3.217674
2012-03-29,3.201281
2012-03-30,3.166480
2012-04-02,3.128335
2012-04-03,3.156146
2012-04-04,3.156844
2012-04-05,3.176284
2012-04-10,3.146354
2012-04-11,3.145609
2012-04-12,3.125352
2012-04-13,3.104911
2012-04-16,3.127839
2012-04-17,3.139536
2012-04-18,3.115783
2012-04-19,3.127881
2012-04-20,3.159153
2012-04-23,3.152456
2012-04-24,3.155312
2012-04-25,3.146196
2012-04-26,3.140822
2012-04-27,3.114100
2012-04-30,3.088175
2012-05-02,3.076276
2012-05-03,3.065095
2012-05-04,3.019246
2012-05-07,2.998340
2012-05-08,2.962331
2012-05-09,2.963242
2012-05-10,2.969627
2012-05-11,2.880440
2012-05-14,2.782829
2012-05-15,2.801127
2012-05-16,2.819399
2012-05-17,2.762375
2012-05-18,2.759205
2012-05-21,2.757231
2012-05-22,2.754907
2012-05-23,2.677531
2012-05-24,2.582410
2012-05-25,2.586656
2012-05-28,2.594218
2012-05-29,2.563837
2012-05-30,2.484174
2012-05-31,2.399428
2012-06-01,2.293439
2012-06-04,2.329670
2012-06-05,2.330060
2012-06-06,2.441747
2012-06-07,2.575068
2012-06-08,2.541242
2012-06-11,2.608982
2012-06-12,2.706353
2012-06-13,2.786056
2012-06-14,2.796678
2012-06-15,2.717628
2012-06-18,2.700772
2012-06-19,2.795749
2012-06-20,2.882522
2012-06-21,2.808466
2012-06-22,2.821364
2012-06-25,2.776032
2012-06-26,2.839436
2012-06-27,2.858221
2012-06-28,2.868148
2012-06-29,2.930614
2012-07-02,2.878202
2012-07-03,2.906482
2012-07-04,2.871318
2012-07-05,2.808057
2012-07-06,2.727978
2012-07-09,2.719039
2012-07-10,2.729418
2012-07-11,2.626484
2012-07-12,2.620172
2012-07-13,2.602941
2012-07-16,2.570723
2012-07-17,2.555112
2012-07-18,2.527175
2012-07-19,2.504474
2012-07-20,2.458771
2012-07-23,2.480761
2012-07-24,2.588328
2012-07-25,2.608932
2012-07-26,2.585048
2012-07-27,2.645388
2012-07-30,2.633058
2012-07-31,2.540268
2012-08-01,2.567047
2012-08-02,2.500413
2012-08-03,2.537261
2012-08-06,2.570408
2012-08-07,2.635003
2012-08-08,2.581197
2012-08-09,2.601074
2012-08-10,2.550465
2012-08-13,2.596562
2012-08-14,2.615638
2012-08-15,2.659059
2012-08-16,2.634196
2012-08-17,2.631884
2012-08-20,2.634806
2012-08-21,2.668266
2012-08-22,2.596762
2012-08-23,2.537810
2012-08-24,2.504808
2012-08-27,2.519084
2012-08-28,2.521290
2012-08-29,2.559609
2012-08-30,2.545916
2012-08-31,2.566773
2012-09-03,2.560538
2012-09-04,2.605760
2012-09-05,2.644312
2012-09-06,2.769082
2012-09-07,2.775012
2012-09-10,2.814062
2012-09-11,2.791411
2012-09-12,2.870049
2012-09-13,2.788638
2012-09-14,2.906682
2012-09-17,2.885061
2012-09-18,2.835606
2012-09-19,2.848550
2012-09-20,2.840700
2012-09-21,2.856070
2012-09-24,2.847855
2012-09-25,2.825461
2012-09-26,2.749074
2012-09-27,2.720104
2012-09-28,2.710423
2012-10-01,2.746392
2012-10-02,2.755766
2012-10-03,2.745946
2012-10-04,2.751321
2012-10-05,2.783044
2012-10-08,2.752091
2012-10-09,2.750214
2012-10-10,2.726345
2012-10-11,2.724939
2012-10-12,2.690178
2012-10-15,2.680237
2012-10-16,2.760766
2012-10-17,2.826849
2012-10-18,2.815903
2012-10-19,2.785337
2012-10-22,2.788492
2012-10-23,2.775321
2012-10-24,2.790399
2012-10-25,2.821113
2012-10-26,2.764721
2012-10-29,2.729047
2012-10-30,2.717359
2012-10-31,2.717196
2012-11-01,2.707850
2012-11-02,2.683014
2012-11-05,2.668765
2012-11-06,2.677581
2012-11-07,2.620764
2012-11-08,2.631102
2012-11-09,2.606419
2012-11-12,2.606916
2012-11-13,2.588150
2012-11-14,2.618801
2012-11-15,2.637944
2012-11-16,2.649016
2012-11-19,2.654283
2012-11-20,2.688261
2012-11-21,2.727758
2012-11-22,2.740755
2012-11-23,2.755897
2012-11-26,2.747346
2012-11-27,2.727216
2012-11-28,2.634408
2012-11-29,2.655948
2012-11-30,2.641030
2012-12-03,2.675446
2012-12-04,2.660987
2012-12-05,2.614895
2012-12-06,2.593737
2012-12-07,2.602695
2012-12-10,2.595660
2012-12-11,2.617534
2012-12-12,2.601011
2012-12-13,2.602856
2012-12-14,2.585321
2012-12-17,2.606683
2012-12-18,2.618598
2012-12-19,2.642458
2012-12-20,2.585953
2012-12-21,2.583478
2012-12-24,2.582715
2012-12-27,2.539790
2012-12-28,2.505060
2012-12-31,2.503319
2013-01-02,2.631316
2013-01-03,2.684920
2013-01-04,2.747003
2013-01-07,2.717778
2013-01-08,2.683280
2013-01-09,2.690679
2013-01-10,2.762785
2013-01-11,2.782256
2013-01-14,2.729667
2013-01-15,2.719398
2013-01-16,2.715095
2013-01-17,2.752297
2013-01-18,2.682272
2013-01-21,2.667110
2013-01-22,2.679777
2013-01-23,2.677878
2013-01-24,2.701652
2013-01-25,2.723831
2013-01-28,2.774437
2013-01-29,2.756192
2013-01-30,2.776169
2013-01-31,2.749113
2013-02-01,2.728494
2013-02-04,2.746698
2013-02-05,2.772569
2013-02-06,2.767980
2013-02-07,2.780855
2013-02-08,2.776908
2013-02-11,2.785462
2013-02-12,2.797202
2013-02-13,2.837255
2013-02-14,2.830075
2013-02-15,2.826409
2013-02-18,2.827150
2013-02-19,2.837240
2013-02-20,2.861154
2013-02-21,2.811700
2013-02-22,2.807800
2013-02-25,2.853683
2013-02-26,2.770918
2013-02-27,2.721986
2013-02-28,2.734373
2013-03-01,2.697890
2013-03-04,2.697528
2013-03-05,2.721202
2013-03-06,2.740523
2013-03-07,2.760663
2013-03-08,2.773630
2013-03-11,2.772774
2013-03-12,2.769041
2013-03-13,2.770998
2013-03-14,2.775958
2013-03-15,2.774298
2013-03-18,2.730746
2013-03-19,2.692493
2013-03-20,2.696734
2013-03-21,2.644967
2013-03-22,2.655869
2013-03-25,2.666155
2013-03-26,2.693579
2013-03-27,2.631202
2013-03-28,2.657651
2013-04-02,2.677849
2013-04-03,2.685306
2013-04-04,2.659717
2013-04-05,2.499883
2013-04-08,2.473709
2013-04-09,2.513417
2013-04-10,2.578652
2013-04-11,2.585677
2013-04-12,2.582572
2013-04-15,2.569064
2013-04-16,2.571319
2013-04-17,2.578759
2013-04-18,2.563484
2013-04-19,2.583140
2013-04-22,2.542944
2013-04-23,2.535499
2013-04-24,2.527141
2013-04-25,2.513776
2013-04-26,2.503767
2013-04-29,2.475245
2013-04-30,2.446680
2013-05-02,2.418070
2013-05-03,2.495747
2013-05-06,2.507458
2013-05-07,2.531145
2013-05-08,2.520213
2013-05-09,2.520180
2013-05-10,2.605941
2013-05-13,2.618869
2013-05-14,2.608784
2013-05-15,2.617305
2013-05-16,2.586920
2013-05-17,2.569339
2013-05-20,2.584272
2013-05-21,2.640065
2013-05-22,2.579006
2013-05-23,2.611754
2013-05-24,2.606674
2013-05-27,2.644663
2013-05-28,2.674332
2013-05-29,2.701811
2013-05-30,2.685460
2013-05-31,2.713328
2013-06-03,2.730083
2013-06-04,2.735187
2013-06-05,2.708673
2013-06-06,2.768616
2013-06-07,2.721912
2013-06-10,2.747927
2013-06-11,2.781639
2013-06-12,2.787514
2013-06-13,2.758202
2013-06-14,2.712311
2013-06-17,2.734013
2013-06-18,2.765878
2013-06-19,2.755041
2013-06-20,2.837345
2013-06-21,2.882520
2013-06-24,2.949703
2013-06-25,2.925889
2013-06-26,2.896099
2013-06-27,2.834206
2013-06-28,2.871316
2013-07-01,2.851652
2013-07-02,2.834200
2013-07-03,2.795505
2013-07-04,2.797098
2013-07-05,2.889000
2013-07-08,2.881921
2013-07-09,2.837011
2013-07-10,2.853159
2013-07-11,2.819576
2013-07-12,2.766754
2013-07-15,2.615732
2013-07-16,2.623912
2013-07-17,2.613847
2013-07-18,2.607258
2013-07-19,2.614662
2013-07-22,2.593159
2013-07-23,2.617654
2013-07-24,2.650455
2013-07-25,2.696417
2013-07-26,2.704676
2013-07-29,2.702067
2013-07-30,2.683169
2013-07-31,2.686426
2013-08-01,2.655218
2013-08-02,2.649661
2013-08-05,2.689135
2013-08-06,2.693200
2013-08-07,2.682675
2013-08-08,2.682206
2013-08-09,2.673841
2013-08-12,2.690014
2013-08-13,2.771774
2013-08-14,2.809265
2013-08-15,2.872884
2013-08-16,2.851576
2013-08-19,2.898238
2013-08-20,2.854792
2013-08-21,2.900919
2013-08-22,2.897646
2013-08-23,2.915976
2013-08-26,2.855739
2013-08-27,2.831624
2013-08-28,2.836543
2013-08-29,2.847966
2013-08-30,2.865614
2013-09-02,2.894088
2013-09-03,2.906623
2013-09-04,2.911736
2013-09-05,2.984879
2013-09-06,2.920139
2013-09-09,2.947749
2013-09-10,3.021987
2013-09-11,3.000073
2013-09-12,2.950963
2013-09-13,2.930028
2013-09-16,2.910491
2013-09-17,2.932798
2013-09-18,2.962251
2013-09-19,2.944994
2013-09-20,2.986503
2013-09-23,2.957444
2013-09-24,2.910594
2013-09-25,2.864131
2013-09-26,2.854302
2013-09-27,2.814654
2013-09-30,2.813343
2013-10-01,2.823114
2013-10-02,2.833464
2013-10-03,2.856595
2013-10-04,2.884326
2013-10-07,2.859946
2013-10-08,2.873939
2013-10-09,2.861848
2013-10-10,2.918475
2013-10-11,2.913447
2013-10-14,2.927675
2013-10-15,2.942434
2013-10-16,2.981165
2013-10-17,2.943271
2013-10-18,2.908035
2013-10-21,2.905653
2013-10-22,2.859536
2013-10-23,2.851425
2013-10-24,2.831399
2013-10-25,2.841865
2013-10-28,2.826760
2013-10-29,2.835086
2013-10-30,2.814315
2013-10-31,2.790482
2013-11-01,2.813540
2013-11-04,2.792523
2013-11-05,2.836859
2013-11-06,2.850557
2013-11-07,2.835972
2013-11-08,2.878380
2013-11-11,2.865518
2013-11-12,2.895518
2013-11-13,2.876085
2013-11-14,2.842410
2013-11-15,2.838369
2013-11-18,2.819819
2013-11-19,2.827800
2013-11-20,2.840096
2013-11-21,2.882728
2013-11-22,2.850459
2013-11-25,2.822212
2013-11-26,2.818012
2013-11-27,2.826684
2013-11-28,2.816238
2013-11-29,2.813207
2013-12-02,2.831832
2013-12-03,2.815895
2013-12-04,2.855911
2013-12-05,2.900134
2013-12-06,2.893039
2013-12-09,2.882262
2013-12-10,2.881074
2013-12-11,2.879078
2013-12-12,2.876207
2013-12-13,2.868438
2013-12-16,2.864847
2013-12-17,2.867274
2013-12-18,2.853951
2013-12-19,2.885050
2013-12-20,2.872848
2013-12-23,2.871768
2013-12-24,2.871880
2013-12-27,2.926824
2013-12-30,2.929349
2013-12-31,2.928827
2014-01-02,2.941846
2014-01-03,2.955230
2014-01-06,2.923109
2014-01-07,2.906727
2014-01-08,2.907016
2014-01-09,2.919209
2014-01-10,2.913539
2014-01-13,2.881760
2014-01-14,2.872095
2014-01-15,2.884536
2014-01-16,2.848980
2014-01-17,2.836798
2014-01-20,2.816137
2014-01-21,2.813351
2014-01-22,2.834496
2014-01-23,2.791771
2014-01-24,2.751051
2014-01-27,2.744011
2014-01-28,2.751277
2014-01-29,2.728180
2014-01-30,2.712535
2014-01-31,2.672571
2014-02-03,2.666348
2014-02-04,2.669094
2014-02-05,2.660317
2014-02-06,2.701260
2014-02-07,2.688330
2014-02-10,2.705951
2014-02-11,2.716214
2014-02-12,2.722419
2014-02-13,2.705901
2014-02-14,2.717869
2014-02-17,2.732688
2014-02-18,2.740364
2014-02-19,2.720692
2014-02-20,2.738145
2014-02-21,2.724568
2014-02-24,2.745792
2014-02-25,2.708555
2014-02-26,2.658651
2014-02-27,2.608596
2014-02-28,2.650726
2014-03-03,2.596652
2014-03-04,2.618239
2014-03-05,2.646725
2014-03-06,2.675615
2014-03-07,2.680880
2014-03-10,2.650143
2014-03-11,2.699373
2014-03-12,2.652308
2014-03-13,2.632883
2014-03-14,2.606251
2014-03-17,2.622579
2014-03-18,2.630167
2014-03-19,2.653845
2014-03-20,2.680578
2014-03-21,2.656565
2014-03-24,2.624797
2014-03-25,2.610098
2014-03-26,2.602002
2014-03-27,2.588294
2014-03-28,2.584587
2014-03-31,2.604660
2014-04-01,2.613736
2014-04-02,2.643743
2014-04-03,2.649140
2014-04-04,2.634055
2014-04-07,2.613994
2014-04-08,2.632752
2014-04-09,2.627703
2014-04-10,2.595741
2014-04-11,2.556679
2014-04-14,2.556574
2014-04-15,2.553160
2014-04-16,2.523001
2014-04-17,2.532526
2014-04-22,2.567390
2014-04-23,2.551995
2014-04-24,2.531061
2014-04-25,2.491000
2014-04-28,2.500659
2014-04-29,2.530661
2014-04-30,2.511839
2014-05-02,2.500368
2014-05-05,2.484940
2014-05-06,2.492861
2014-05-07,2.502725
2014-05-08,2.492213
2014-05-09,2.512248
2014-05-12,2.522144
2014-05-13,2.493224
2014-05-14,2.438914
2014-05-15,2.392436
2014-05-16,2.392347
2014-05-19,2.398504
2014-05-20,2.429314
2014-05-21,2.446247
2014-05-22,2.413751
2014-05-23,2.424500
2014-05-26,2.416718
2014-05-27,2.411708
2014-05-28,2.365615
2014-05-29,2.371993
2014-05-30,2.403206
2014-06-02,2.397255
2014-06-03,2.451215
2014-06-04,2.461788
2014-06-05,2.483962
2014-06-06,2.439560
2014-06-09,2.435509
2014-06-10,2.455989
2014-06-11,2.457878
2014-06-12,2.486352
2014-06-13,2.459559
2014-06-16,2.431578
2014-06-17,2.462531
2014-06-18,2.446283
2014-06-19,2.385986
2014-06-20,2.433631
2014-06-23,2.411115
2014-06-24,2.414285
2014-06-25,2.358722
2014-06-26,2.311416
2014-06-27,2.314658
2014-06-30,2.318106
2014-07-01,2.324221
2014-07-02,2.352384
2014-07-03,2.392641
2014-07-04,2.342970
2014-07-07,2.347975
2014-07-08,2.313714
2014-07-09,2.303797
2014-07-10,2.260862
2014-07-11,2.265644
2014-07-14,2.267121
2014-07-15,2.231382
2014-07-16,2.225066
2014-07-17,2.198023
2014-07-18,2.163737
2014-07-21,2.160259
2014-07-22,2.179353
2014-07-23,2.152959
2014-07-24,2.190358
2014-07-25,2.154917
2014-07-28,2.129758
2014-07-29,2.092544
2014-07-30,2.119118
2014-07-31,2.183752
2014-08-01,2.166176
2014-08-04,2.130762
2014-08-05,2.157224
2014-08-06,2.079644
2014-08-07,2.064200
2014-08-08,2.001542
2014-08-11,2.020020
2014-08-12,2.038237
2014-08-13,2.041498
2014-08-14,1.990325
2014-08-15,1.975314
2014-08-18,1.983828
2014-08-19,1.964443
2014-08-20,1.929686
2014-08-21,1.920068
2014-08-22,1.904624
2014-08-25,1.876137
2014-08-26,1.865824
2014-08-27,1.826761
2014-08-28,1.791952
2014-08-29,1.805075
2014-09-01,1.828680
2014-09-02,1.891107
2014-09-03,1.926809
2014-09-04,1.966536
2014-09-05,1.963691
2014-09-08,1.936949
2014-09-09,2.021106
2014-09-10,2.031528
2014-09-11,2.008826
2014-09-12,2.057238
2014-09-15,2.026841
2014-09-16,2.050878
2014-09-17,2.060642
2014-09-18,2.083787
2014-09-19,2.044578
2014-09-22,2.010216
2014-09-23,1.975716
2014-09-24,1.962429
2014-09-25,1.954305
2014-09-26,1.948726
2014-09-29,1.912833
2014-09-30,1.904386
2014-10-01,1.858164
2014-10-02,1.876496
2014-10-03,1.875036
2014-10-06,1.855011
2014-10-07,1.859699
2014-10-08,1.841013
2014-10-09,1.845648
2014-10-10,1.836741
2014-10-13,1.851762
2014-10-14,1.791860
2014-10-15,1.672182
2014-10-16,1.680335
2014-10-17,1.790472
2014-10-20,1.778796
2014-10-21,1.814520
2014-10-22,1.822786
2014-10-23,1.838942
2014-10-24,1.823362
2014-10-27,1.805511
2014-10-28,1.804486
2014-10-29,1.812750
2014-10-30,1.766343
2014-10-31,1.776267
2014-11-03,1.789417
2014-11-04,1.746027
2014-11-05,1.769846
2014-11-06,1.789295
2014-11-07,1.789901
2014-11-10,1.766788
2014-11-11,1.770081
2014-11-12,1.734577
2014-11-13,1.732526
2014-11-14,1.721293
2014-11-17,1.727067
2014-11-18,1.718761
2014-11-19,1.764612
2014-11-20,1.722989
2014-11-21,1.691970
2014-11-24,1.702989
2014-11-25,1.675529
2014-11-26,1.644156
2014-11-27,1.595430
2014-11-28,1.581154
2014-12-01,1.590164
2014-12-02,1.632039
2014-12-03,1.656280
2014-12-04,1.639873
2014-12-05,1.658757
2014-12-08,1.599623
2014-12-09,1.551876
2014-12-10,1.531771
2014-12-11,1.493179
2014-12-12,1.452161
2014-12-15,1.454827
2014-12-16,1.368825
2014-12-17,1.380492
2014-12-18,1.448685
2014-12-19,1.443105
2014-12-22,1.445162
2014-12-23,1.438586
2014-12-24,1.438682
2014-12-29,1.378949
2014-12-30,1.367119
2014-12-31,1.367385
2015-01-02,1.306117
2015-01-05,1.269190
2015-01-06,1.140710
2015-01-07,1.164678
2015-01-08,1.206593
2015-01-09,1.223900
2015-01-12,1.148216
2015-01-13,1.144575
2015-01-14,1.082277
2015-01-15,1.087588
2015-01-16,1.083069
2015-01-19,1.068783
2015-01-20,1.076528
2015-01-21,1.103834
2015-01-22,1.220461
2015-01-23,0.990170
2015-01-26,0.967055
2015-01-27,0.971955
2015-01-28,0.946019
2015-01-29,0.921680
2015-01-30,0.879359
2015-02-02,0.818978
2015-02-03,0.859247
2015-02-04,0.876042
2015-02-05,0.871162
2015-02-06,0.855209
2015-02-09,0.862835
2015-02-10,0.880394
2015-02-11,0.862610
2015-02-12,0.831697
2015-02-13,0.840353
2015-02-16,0.859440
2015-02-17,0.873411
2015-02-18,0.941163
2015-02-19,0.963037
2015-02-20,0.929808
2015-02-23,0.976362
2015-02-24,0.987860
2015-02-25,0.924860
2015-02-26,0.856997
2015-02-27,0.884986
2015-03-02,0.907260
2015-03-03,0.931174
2015-03-04,0.932758
2015-03-05,0.894626
2015-03-06,0.890073
2015-03-09,0.829483
2015-03-10,0.684166
2015-03-11,0.628011
2015-03-12,0.648052
2015-03-13,0.667892
2015-03-16,0.629986
2015-03-17,0.664240
2015-03-18,0.604556
2015-03-19,0.587470
2015-03-20,0.589112
2015-03-23,0.614089
2015-03-24,0.612439
2015-03-25,0.610973
2015-03-26,0.628011
2015-03-27,0.620024
2015-03-30,0.592237
2015-03-31,0.576091
2015-04-01,0.544412
2015-04-02,0.579412
2015-04-07,0.617591
2015-04-08,0.606729
2015-04-09,0.594353
2015-04-10,0.590973
2015-04-13,0.568976
2015-04-14,0.547650
2015-04-15,0.495316
2015-04-16,0.452841
2015-04-17,0.435184
2015-04-20,0.419161
2015-04-21,0.468473
2015-04-22,0.505198
2015-04-23,0.556717
2015-04-24,0.564759
2015-04-27,0.578784
2015-04-28,0.576872
2015-04-29,0.703793
2015-04-30,0.807365
2015-05-04,0.897387
2015-05-05,0.941013
2015-05-06,1.075699
2015-05-07,1.091553
2015-05-08,1.066686
2015-05-11,1.129243
2015-05-12,1.277801
2015-05-13,1.246124
2015-05-14,1.336337
2015-05-15,1.231523
2015-05-18,1.262974
2015-05-19,1.198790
2015-05-20,1.186867
2015-05-21,1.230998
2015-05-22,1.210765
2015-05-25,1.210223
2015-05-26,1.177580
2015-05-27,1.155922
2015-05-28,1.120268
2015-05-29,1.094521
2015-06-01,1.064434
2015-06-02,1.248045
2015-06-03,1.488311
2015-06-04,1.475894
2015-06-05,1.507155
2015-06-08,1.543582
2015-06-09,1.639122
2015-06-10,1.673028
2015-06-11,1.606844
2015-06-12,1.553362
2015-06-15,1.482470
2015-06-16,1.511661
2015-06-17,1.526235
2015-06-18,1.508679
2015-06-19,1.471605
2015-06-22,1.620855
2015-06-23,1.639411
2015-06-24,1.575327
2015-06-25,1.626159
2015-06-26,1.723798
2015-06-29,1.617752
2015-06-30,1.587879
2015-07-01,1.675416
2015-07-02,1.716036
2015-07-03,1.648724
2015-07-06,1.588857
2015-07-07,1.433954
2015-07-08,1.417690
2015-07-09,1.485265
2015-07-10,1.687833
2015-07-13,1.711734
2015-07-14,1.677393
2015-07-15,1.583798
2015-07-16,1.621850
2015-07-17,1.510303
2015-07-20,1.479687
2015-07-21,1.507434
2015-07-22,1.479433
2015-07-23,1.466603
2015-07-24,1.404909
2015-07-27,1.380315
2015-07-28,1.414640
2015-07-29,1.422067
2015-07-30,1.382344
2015-07-31,1.340114
2015-08-03,1.310078
2015-08-04,1.348628
2015-08-05,1.485692
2015-08-06,1.452250
2015-08-07,1.414344
2015-08-10,1.411468
2015-08-11,1.349351
2015-08-12,1.323505
2015-08-13,1.349983
2015-08-14,1.353698
2015-08-17,1.318268
2015-08-18,1.350463
2015-08-19,1.373010
2015-08-20,1.286998
2015-08-21,1.280197
2015-08-24,1.200459
2015-08-25,1.418943
2015-08-26,1.425433
2015-08-27,1.462783
2015-08-28,1.404422
2015-08-31,1.448999
2015-09-01,1.530635
2015-09-02,1.524656
2015-09-03,1.489966
2015-09-04,1.409577
2015-09-07,1.409891
2015-09-08,1.428839
2015-09-09,1.483828
2015-09-10,1.448793
2015-09-11,1.437519
2015-09-14,1.412340
2015-09-15,1.500741
2015-09-16,1.537747
2015-09-17,1.537154
2015-09-18,1.375891
2015-09-21,1.426440
2015-09-22,1.372884
2015-09-23,1.344223
2015-09-24,1.281141
2015-09-25,1.391897
2015-09-28,1.346667
2015-09-29,1.338052
2015-09-30,1.308548
2015-10-01,1.254248
2015-10-02,1.197203
2015-10-05,1.270837
2015-10-06,1.354915
2015-10-07,1.340940
2015-10-08,1.303562
2015-10-09,1.342172
2015-10-12,1.303933
2015-10-13,1.328308
2015-10-14,1.295334
2015-10-15,1.286365
2015-10-16,1.284663
2015-10-19,1.302038
2015-10-20,1.368229
2015-10-21,1.321277
2015-10-22,1.226645
2015-10-23,1.251449
2015-10-26,1.228743
2015-10-27,1.174351
2015-10-28,1.191533
2015-10-29,1.217944
2015-10-30,1.245599
2015-11-02,1.298974
2015-11-03,1.314025
2015-11-04,1.338917
2015-11-05,1.388128
2015-11-06,1.477271
2015-11-09,1.547139
2015-11-10,1.506255
2015-11-11,1.476478
2015-11-12,1.438810
2015-11-13,1.378476
2015-11-16,1.362389
2015-11-17,1.362433
2015-11-18,1.346627
2015-11-19,1.273181
2015-11-20,1.234852
2015-11-23,1.283569
2015-11-24,1.294534
2015-11-25,1.259064
2015-11-26,1.277383
2015-11-27,1.251666
2015-11-30,1.288678
2015-12-01,1.319954
2015-12-02,1.321798
2015-12-03,1.443401
2015-12-04,1.474933
2015-12-07,1.405644
2015-12-08,1.356611
2015-12-09,1.374952
2015-12-10,1.382907
2015-12-11,1.333262
2015-12-14,1.363693
2015-12-15,1.434686
2015-12-16,1.445028
2015-12-17,1.384326
2015-12-18,1.310065
2015-12-21,1.309979
2015-12-22,1.353085
2015-12-23,1.427655
2015-12-28,1.398686
2015-12-29,1.450646
2015-12-30,1.469651
2016-01-04,1.392777
2016-01-05,1.395370
2016-01-06,1.363888
2016-01-07,1.408340
2016-01-08,1.376970
2016-01-11,1.391850
2016-01-12,1.392916
2016-01-13,1.333192
2016-01-14,1.306015
2016-01-15,1.296037
2016-01-18,1.310483
2016-01-19,1.338761
2016-01-20,1.246261
2016-01-21,1.199353
2016-01-22,1.284738
2016-01-25,1.252154
2016-01-26,1.216431
2016-01-27,1.222097
2016-01-28,1.157148
2016-01-29,1.092154
2016-02-01,1.080803
2016-02-02,1.050780
2016-02-03,1.049219
2016-02-04,1.030942
2016-02-05,1.037935
2016-02-08,0.944370
2016-02-09,0.946292
2016-02-10,0.966558
2016-02-11,0.893347
2016-02-12,0.916269
2016-02-15,0.959150
2016-02-16,1.002909
2016-02-17,0.992814
2016-02-18,0.946004
2016-02-19,0.903648
2016-02-22,0.898624
2016-02-23,0.915851
2016-02-24,0.819665
2016-02-25,0.849609
2016-02-26,0.863214
2016-02-29,0.830200
2016-03-01,0.900540
2016-03-02,0.978518
2016-03-03,0.966359
2016-03-04,0.977300
2016-03-07,0.993284
2016-03-08,0.960723
2016-03-09,1.000575
2016-03-10,0.960365
2016-03-11,1.007099
2016-03-14,0.991342
2016-03-15,1.047125
2016-03-16,1.006728
2016-03-17,0.941906
2016-03-18,0.899649
2016-03-21,0.925624
2016-03-22,0.910989
2016-03-23,0.923142
2016-03-24,0.861908
2016-03-29,0.815408
2016-03-30,0.834068
2016-03-31,0.829766
2016-04-01,0.776588
2016-04-04,0.758862
2016-04-05,0.710219
2016-04-06,0.747583
2016-04-07,0.718696
2016-04-08,0.742620
2016-04-11,0.806008
2016-04-12,0.803534
2016-04-13,0.803116
2016-04-14,0.797083
2016-04-15,0.776253
2016-04-18,0.791086
2016-04-19,0.834056
2016-04-20,0.801585
2016-04-21,0.859212
2016-04-22,0.908156
2016-04-25,0.967734
2016-04-26,0.977476
2016-04-27,1.005364
2016-04-28,0.968094
2016-04-29,0.978103
2016-05-02,0.949072
2016-05-03,0.856391
2016-05-04,0.889174
2016-05-05,0.842936
2016-05-06,0.816842
2016-05-09,0.790867
2016-05-10,0.757188
2016-05-11,0.771752
2016-05-12,0.811773
2016-05-13,0.797970
2016-05-16,0.804114
2016-05-17,0.786844
2016-05-18,0.848418
2016-05-19,0.816557
2016-05-20,0.839364
2016-05-23,0.842374
2016-05-24,0.838483
2016-05-25,0.821289
2016-05-26,0.806504
2016-05-27,0.783486
2016-05-30,0.835901
2016-05-31,0.825522
2016-06-01,0.768079
2016-06-02,0.758632
2016-06-03,0.689385
2016-06-06,0.683799
2016-06-07,0.651350
2016-06-08,0.624606
2016-06-09,0.557526
2016-06-10,0.519997
2016-06-13,0.538518
2016-06-14,0.494809
2016-06-15,0.494857
2016-06-16,0.453060
2016-06-17,0.510481
2016-06-20,0.574459
2016-06-21,0.567946
2016-06-22,0.587077
2016-06-23,0.624852
2016-06-24,0.437327
2016-06-27,0.338653
2016-06-28,0.372809
2016-06-29,0.335031
2016-06-30,0.311612
2016-07-01,0.333800
2016-07-04,0.347277
2016-07-05,0.305975
2016-07-06,0.289098
2016-07-07,0.326903
2016-07-08,0.301322
2016-07-11,0.300359
2016-07-12,0.382245
2016-07-13,0.346827
2016-07-14,0.422015
2016-07-15,0.435248
2016-07-18,0.427625
2016-07-19,0.436329
2016-07-20,0.444948
2016-07-21,0.464822
2016-07-22,0.434185
2016-07-25,0.379277
2016-07-26,0.366252
2016-07-27,0.342902
2016-07-28,0.311042
2016-07-29,0.278578
2016-08-01,0.277400
2016-08-02,0.361789
2016-08-03,0.347214
2016-08-04,0.313354
2016-08-05,0.345376
2016-08-08,0.383272
2016-08-09,0.356266
2016-08-10,0.319683
2016-08-11,0.318719
2016-08-12,0.321900
2016-08-15,0.361111
2016-08-16,0.381237
2016-08-17,0.377675
2016-08-18,0.336612
2016-08-19,0.358020
2016-08-22,0.339455
2016-08-23,0.317027
2016-08-24,0.335720
2016-08-25,0.374152
2016-08-26,0.359846
2016-08-29,0.381038
2016-08-30,0.342683
2016-08-31,0.349462
2016-09-01,0.418769
2016-09-02,0.423809
2016-09-05,0.435474
2016-09-06,0.399190
2016-09-07,0.317757
2016-09-08,0.357647
2016-09-09,0.507228
2016-09-12,0.512109
2016-09-13,0.515788
2016-09-14,0.531073
2016-09-15,0.576688
2016-09-16,0.543479
2016-09-19,0.551555
2016-09-20,0.481334
2016-09-21,0.489919
2016-09-22,0.398205
2016-09-23,0.385557
2016-09-26,0.360035
2016-09-27,0.335439
2016-09-28,0.338498
2016-09-29,0.357396
2016-09-30,0.341277
2016-10-03,0.359865
2016-10-04,0.395025
2016-10-05,0.467298
2016-10-06,0.511879
2016-10-07,0.527128
2016-10-10,0.591642
2016-10-11,0.577822
2016-10-12,0.591556
2016-10-13,0.544816
2016-10-14,0.581062
2016-10-17,0.592964
2016-10-18,0.577437
2016-10-19,0.555362
2016-10-20,0.518863
2016-10-21,0.505583
2016-10-24,0.536846
2016-10-25,0.553210
2016-10-26,0.623019
2016-10-27,0.722556
2016-10-28,0.715107
2016-10-31,0.691224
2016-11-01,0.734754
2016-11-02,0.675077
2016-11-03,0.700102
2016-11-04,0.645999
2016-11-07,0.672317
2016-11-08,0.679169
2016-11-09,0.712729
2016-11-10,0.872296
2016-11-11,0.881183
2016-11-14,0.919714
2016-11-15,0.863870
2016-11-16,0.874142
2016-11-17,0.847990
2016-11-18,0.809565
2016-11-21,0.841929
2016-11-22,0.802066
2016-11-23,0.875181
2016-11-24,0.846320
2016-11-25,0.836275
2016-11-28,0.775794
2016-11-29,0.828088
2016-11-30,0.835633
2016-12-01,0.920432
2016-12-02,0.947758
2016-12-05,0.953171
2016-12-06,0.942508
2016-12-07,0.964757
2016-12-08,1.012780
2016-12-09,1.052469
2016-12-12,1.148959
2016-12-13,1.064782
2016-12-14,1.012200
2016-12-15,1.060544
2016-12-16,0.971818
2016-12-19,0.947869
2016-12-20,0.917064
2016-12-21,0.900109
2016-12-22,0.905134
2016-12-23,0.864278
2016-12-27,0.823200
2016-12-28,0.833032
2016-12-29,0.810901
2016-12-30,0.856789
2017-01-02,0.826311
2017-01-03,0.928684
2017-01-04,0.949323
2017-01-05,0.955634
2017-01-06,0.947337
2017-01-09,0.971282
2017-01-10,0.970660
2017-01-11,0.936617
2017-01-12,0.951280
2017-01-13,0.988076
2017-01-16,0.988685
2017-01-17,0.934936
2017-01-18,1.013397
2017-01-19,1.057025
2017-01-20,1.077132
2017-01-23,1.090083
2017-01-24,1.079307
2017-01-25,1.155523
2017-01-26,1.134267
2017-01-27,1.124178
2017-01-30,1.105917
2017-01-31,1.113657
2017-02-01,1.149559
2017-02-02,1.095597
2017-02-03,1.126995
2017-02-06,1.050876
2017-02-07,1.106714
2017-02-08,1.028431
2017-02-09,1.003861
2017-02-10,1.053590
2017-02-13,1.068989
2017-02-14,1.071758
2017-02-15,1.141060
2017-02-16,1.106152
2017-02-17,1.019440
2017-02-20,1.043086
2017-02-21,1.075822
2017-02-22,0.989711
2017-02-23,0.966126
2017-02-24,0.908852
2017-02-27,0.894049
2017-02-28,0.922703
2017-03-01,0.993784
2017-03-02,1.034893
2017-03-03,1.066216
2017-03-06,1.037297
2017-03-07,1.065699
2017-03-08,1.106148
2017-03-09,1.115664
2017-03-10,1.185915
2017-03-13,1.151403
2017-03-14,1.128526
2017-03-15,1.106567
2017-03-16,1.132047
2017-03-17,1.112611
2017-03-20,1.112277
2017-03-21,1.138816
2017-03-22,1.051846
2017-03-23,1.065432
2017-03-24,1.074185
2017-03-27,1.033589
2017-03-28,1.042532
2017-03-29,1.030775
2017-03-30,1.022418
2017-03-31,1.018805
2017-04-03,1.010522
2017-04-04,0.945789
2017-04-05,0.975719
2017-04-06,0.945701
2017-04-07,0.900841
2017-04-10,0.904252
2017-04-11,0.894434
2017-04-12,0.877164
2017-04-13,0.838540
2017-04-18,0.831831
2017-04-19,0.830086
2017-04-20,0.876552
2017-04-21,0.874715
2017-04-24,0.997661
2017-04-25,1.020779
2017-04-26,1.029777
2017-04-27,0.998539
2017-04-28,1.011721
2017-05-02,1.003281
2017-05-03,1.004980
2017-05-04,1.069353
2017-05-05,1.086716
2017-05-08,1.100176
2017-05-09,1.135361
2017-05-10,1.097056
2017-05-11,1.131149
2017-05-12,1.098760
2017-05-15,1.133036
2017-05-16,1.136759
2017-05-17,1.104294
2017-05-18,1.059809
2017-05-19,1.099269
2017-05-22,1.126610
2017-05-23,1.125222
2017-05-24,1.122354
2017-05-25,1.096338
2017-05-26,1.058270
2017-05-29,1.037175
2017-05-30,1.035537
2017-05-31,1.034430
2017-06-01,1.062441
2017-06-02,1.023551
2017-06-05,1.044694
2017-06-06,1.020094
2017-06-07,1.009170
2017-06-08,1.010693
2017-06-09,1.026918
2017-06-12,1.003136
2017-06-13,1.007775
2017-06-14,0.968376
2017-06-15,1.009713
2017-06-16,1.011340
2017-06-19,1.019122
2017-06-20,0.979924
2017-06-21,0.961963
2017-06-22,0.945628
2017-06-23,0.965071
2017-06-26,0.950970
2017-06-27,1.019137
2017-06-28,1.054845
2017-06-29,1.122881
2017-06-30,1.161808
2017-07-03,1.161349
2017-07-04,1.193322
2017-07-05,1.206622
2017-07-06,1.258971
2017-07-07,1.280364
2017-07-10,1.259792
2017-07-11,1.271438
2017-07-12,1.239951
2017-07-13,1.247714
2017-07-14,1.224367
2017-07-17,1.232189
2017-07-18,1.216461
2017-07-19,1.193467
2017-07-20,1.200155
2017-07-21,1.186539
2017-07-24,1.180139
2017-07-25,1.233274
2017-07-26,1.229444
2017-07-27,1.212249
2017-07-28,1.243387
2017-07-31,1.225084
2017-08-01,1.174831
2017-08-02,1.147278
2017-08-03,1.125722
2017-08-04,1.132062
2017-08-07,1.128852
2017-08-08,1.128615
2017-08-09,1.080468
2017-08-10,1.068278
2017-08-11,1.038501
2017-08-14,1.075584
2017-08-15,1.101590
2017-08-16,1.117123
2017-08-17,1.106263
2017-08-18,1.051814
2017-08-21,1.053864
2017-08-22,1.073907
2017-08-23,1.051912
2017-08-24,1.029449
2017-08-25,1.058753
2017-08-28,1.054843
2017-08-29,1.012532
2017-08-30,1.033393
2017-08-31,1.022644
2017-09-01,1.068444
2017-09-04,1.065287
2017-09-05,1.042283
2017-09-06,1.017242
2017-09-07,1.002955
2017-09-08,1.014644
2017-09-11,1.030128
2017-09-12,1.075475
2017-09-13,1.114056
2017-09-14,1.121707
2017-09-15,1.130360
2017-09-18,1.163993
2017-09-19,1.142578
2017-09-20,1.130420
2017-09-21,1.141861
2017-09-22,1.133673
2017-09-25,1.116782
2017-09-26,1.109856
2017-09-27,1.174481
2017-09-28,1.187162
2017-09-29,1.166346
2017-10-02,1.136884
2017-10-03,1.164947
2017-10-04,1.136246
2017-10-05,1.142594
2017-10-06,1.197050
2017-10-09,1.143935
2017-10-10,1.146413
2017-10-11,1.154698
2017-10-12,1.153650
2017-10-13,1.121935
2017-10-16,1.099114
2017-10-17,1.076748
2017-10-18,1.092112
2017-10-19,1.097167
2017-10-20,1.163731
2017-10-23,1.143601
2017-10-24,1.181626
2017-10-25,1.201575
2017-10-26,1.168241
2017-10-27,1.163897
2017-10-30,1.123620
2017-10-31,1.105950
2017-11-01,1.103793
2017-11-02,1.116136
2017-11-03,1.081776
2017-11-06,1.070174
2017-11-07,1.073451
2017-11-08,1.044581
2017-11-09,1.105575
2017-11-10,1.135626
2017-11-13,1.151926
2017-11-14,1.155639
2017-11-15,1.096522
2017-11-16,1.111458
2017-11-17,1.107140
2017-11-20,1.086939
2017-11-21,1.056986
2017-11-22,1.052515
2017-11-23,1.035497
2017-11-24,1.050529
2017-11-27,1.038956
2017-11-28,1.038684
2017-11-29,1.080069
2017-11-30,1.048959
2017-12-01,1.016884
2017-12-04,1.019789
2017-12-05,1.016341
2017-12-06,0.970110
2017-12-07,0.984347
2017-12-08,1.001556
2017-12-11,0.980473
2017-12-12,0.997975
2017-12-13,1.010796
2017-12-14,1.018030
2017-12-15,0.975129
2017-12-18,0.968875
2017-12-19,1.047669
2017-12-20,1.098596
2017-12-21,1.109093
2017-12-22,1.085353
2017-12-27,1.075865
2017-12-28,1.084139
2017-12-29,1.120177
2018-01-02,1.149487
2018-01-03,1.124464
2018-01-04,1.122404
2018-01-05,1.120726
2018-01-08,1.109810
2018-01-09,1.132443
2018-01-10,1.182166
2018-01-11,1.204766
2018-01-12,1.175538
2018-01-15,1.184623
2018-01-16,1.145117
2018-01-17,1.139223
2018-01-18,1.172800
2018-01-19,1.182396
2018-01-22,1.185909
2018-01-23,1.158235
2018-01-24,1.188724
2018-01-25,1.173794
2018-01-26,1.151270
2018-01-29,1.198664
2018-01-30,1.234130
2018-01-31,1.186531
2018-02-01,1.229196
2018-02-02,1.266242
2018-02-05,1.267567
2018-02-06,1.247651
2018-02-07,1.245097
2018-02-08,1.315337
2018-02-09,1.273773
2018-02-12,1.284606
2018-02-13,1.295031
2018-02-14,1.310403
2018-02-15,1.317194
2018-02-16,1.273580
2018-02-19,1.304402
2018-02-20,1.293387
2018-02-21,1.282059
2018-02-22,1.275098
2018-02-23,1.220692
2018-02-26,1.197239
2018-02-27,1.215428
2018-02-28,1.213053
2018-03-01,1.189560
2018-03-02,1.182127
2018-03-05,1.193172
2018-03-06,1.231849
2018-03-07,1.210348
2018-03-08,1.188724
2018-03-09,1.194032
2018-03-12,1.181042
2018-03-13,1.185665
2018-03-14,1.172415
2018-03-15,1.127406
2018-03-16,1.133401
2018-03-19,1.126315
2018-03-20,1.129681
2018-03-21,1.137074
2018-03-22,1.066408
2018-03-23,1.083060
2018-03-26,1.075801
2018-03-27,1.060977
2018-03-28,1.050085
2018-03-29,1.058022
2018-04-03,1.055856
2018-04-04,1.054382
2018-04-05,1.085199
2018-04-06,1.074714
2018-04-09,1.074382
2018-04-10,1.064697
2018-04-11,1.052512
2018-04-12,1.080480
2018-04-13,1.093591
2018-04-16,1.093172
2018-04-17,1.083144
2018-04-18,1.076973
2018-04-19,1.133104
2018-04-20,1.163995
2018-04-23,1.181973
2018-04-24,1.203367
2018-04-25,1.193180
2018-04-26,1.167505
2018-04-27,1.125138
2018-04-30,1.138900
2018-05-02,1.144987
2018-05-03,1.127334
2018-05-04,1.117072
2018-05-07,1.100239
2018-05-08,1.127718
2018-05-09,1.149210
2018-05-10,1.118314
2018-05-11,1.129969
2018-05-14,1.172018
2018-05-15,1.202029
2018-05-16,1.177142
2018-05-17,1.195135
2018-05-18,1.197054
2018-05-21,1.152979
2018-05-22,1.137865
2018-05-23,1.115358
2018-05-24,1.066957
2018-05-25,1.008419
2018-05-28,0.970040
2018-05-29,0.956563
2018-05-30,0.949557
2018-05-31,0.921991
2018-06-01,0.969327
2018-06-04,0.985643
2018-06-05,0.975977
2018-06-06,1.034570
2018-06-07,1.069413
2018-06-08,1.029653
2018-06-11,1.084122
2018-06-12,1.085685
2018-06-13,1.051160
2018-06-14,1.063456
2018-06-15,1.036177
2018-06-18,1.050711
2018-06-19,1.011126
2018-06-20,1.032360
2018-06-21,1.001479
2018-06-22,0.998619
2018-06-25,0.990141
2018-06-26,0.991532
2018-06-27,0.963482
2018-06-28,0.932062
2018-06-29,0.903198
2018-07-02,0.895331
2018-07-03,0.881648
2018-07-04,0.884524
2018-07-05,0.886135
2018-07-06,0.881223
2018-07-09,0.923794
2018-07-10,0.921157
2018-07-11,0.900475
2018-07-12,0.891888
2018-07-13,0.880630
2018-07-16,0.906290
2018-07-17,0.889768
2018-07-18,0.879541
2018-07-19,0.880658
2018-07-20,0.900477
2018-07-23,0.940174
2018-07-24,0.940126
2018-07-25,0.926526
2018-07-26,0.926418
2018-07-27,0.938706
2018-07-30,0.986584
2018-07-31,0.968241
2018-08-01,1.010739
2018-08-02,0.999907
2018-08-03,0.947464
2018-08-06,0.921605
2018-08-07,0.942143
2018-08-08,0.941111
2018-08-09,0.923305
2018-08-10,0.870941
2018-08-13,0.872872
2018-08-14,0.869495
2018-08-15,0.861697
2018-08-16,0.859504
2018-08-17,0.852344
2018-08-20,0.854174
2018-08-21,0.883760
2018-08-22,0.883947
2018-08-23,0.891270
2018-08-24,0.908193
2018-08-27,0.930850
2018-08-28,0.945526
2018-08-29,0.967820
2018-08-30,0.918652
2018-08-31,0.895404
2018-09-03,0.887132
2018-09-04,0.901766
2018-09-05,0.946591
2018-09-06,0.924132
2018-09-07,0.943291
2018-09-10,0.963629
2018-09-11,0.991969
2018-09-12,0.962077
2018-09-13,0.987925
2018-09-14,1.002132
2018-09-17,0.997488
2018-09-18,1.007904
2018-09-19,1.023663
2018-09-20,1.028858
2018-09-21,1.004200
2018-09-24,1.033459
2018-09-25,1.051065
2018-09-26,1.042006
2018-09-27,1.009525
2018-09-28,0.977993
2018-10-01,1.012123
2018-10-02,0.960769
2018-10-03,0.974016
2018-10-04,1.028672
2018-10-05,1.063897
2018-10-08,1.059626
2018-10-09,1.072706
2018-10-10,1.078809
2018-10-11,1.051281
2018-10-12,1.034229
2018-10-15,1.036235
2018-10-16,1.025143
2018-10-17,1.006414
2018-10-18,1.000870
2018-10-19,0.968988
2018-10-22,0.969434
2018-10-23,0.942956
2018-10-24,0.938201
2018-10-25,0.937698
2018-10-26,0.901917
2018-10-29,0.948505
2018-10-30,0.930226
2018-10-31,0.933498
2018-11-01,0.948709
2018-11-02,0.971414
2018-11-05,0.968459
2018-11-06,0.978665
2018-11-07,0.990611
2018-11-08,0.997826
2018-11-09,0.965163
2018-11-12,0.945332
2018-11-13,0.960505
2018-11-14,0.981145
2018-11-15,0.945540
2018-11-16,0.952271
2018-11-19,0.971397
2018-11-20,0.936164
2018-11-21,0.949866
2018-11-22,0.961232
2018-11-23,0.917209
2018-11-26,0.939494
2018-11-27,0.928271
2018-11-28,0.940013
2018-11-29,0.913818
2018-11-30,0.895014
2018-12-03,0.893928
2018-12-04,0.857548
2018-12-05,0.837921
2018-12-06,0.793535
2018-12-07,0.828353
2018-12-10,0.779194
2018-12-11,0.771873
2018-12-12,0.779582
2018-12-13,0.788456
2018-12-14,0.827578
2018-12-17,0.822417
2018-12-18,0.802072
2018-12-19,0.790867
2018-12-20,0.758712
2018-12-21,0.779537
2018-12-27,0.779304
2018-12-28,0.799922
2019-01-02,0.705274
2019-01-03,0.731166
2019-01-04,0.759223
2019-01-07,0.773029
2019-01-08,0.791957
2019-01-09,0.785080
2019-01-10,0.755493
2019-01-11,0.738002
2019-01-14,0.734797
2019-01-15,0.740107
2019-01-16,0.759699
2019-01-17,0.762049
2019-01-18,0.775569
2019-01-21,0.784838
2019-01-22,0.759052
2019-01-23,0.756831
2019-01-24,0.707937
2019-01-25,0.701469
2019-01-28,0.719885
2019-01-29,0.719450
2019-01-30,0.698399
2019-01-31,0.670405
2019-02-01,0.676051
2019-02-04,0.692581
2019-02-05,0.697704
2019-02-06,0.677124
2019-02-07,0.643422
2019-02-08,0.619304
2019-02-11,0.655774
2019-02-12,0.674494
2019-02-13,0.673809
2019-02-14,0.620735
2019-02-15,0.639034
2019-02-18,0.658699
2019-02-19,0.657992
2019-02-20,0.645585
2019-02-21,0.677347
2019-02-22,0.646845
2019-02-25,0.655407
2019-02-26,0.656248
2019-02-27,0.697095
2019-02-28,0.723831
2019-03-01,0.758581
2019-03-04,0.728128
2019-03-05,0.721791
2019-03-06,0.690949
2019-03-07,0.663037
2019-03-08,0.631131
2019-03-11,0.627536
2019-03-12,0.632874
2019-03-13,0.632874
2019-03-14,0.645199
2019-03-15,0.645576
2019-03-18,0.644961
2019-03-19,0.665536
2019-03-20,0.646126
2019-03-21,0.593620
2019-03-22,0.489159
2019-03-25,0.506821
2019-03-26,0.491771
2019-03-27,0.449917
2019-03-28,0.455414
2019-03-29,0.476527
2019-04-01,0.509304
2019-04-02,0.507932
2019-04-03,0.565710
2019-04-04,0.542687
2019-04-05,0.546096
2019-04-08,0.547578
2019-04-09,0.533499
2019-04-10,0.518027
2019-04-11,0.534766
2019-04-12,0.588586
2019-04-15,0.630725
2019-04-16,0.624217
2019-04-17,0.633221
2019-04-18,0.580866
2019-04-23,0.590615
2019-04-24,0.539583
2019-04-25,0.539245
2019-04-26,0.535116
2019-04-29,0.565023
2019-04-30,0.577351
2019-05-02,0.559146
2019-05-03,0.567657
2019-05-06,0.565338
2019-05-07,0.526400
2019-05-08,0.500644
2019-05-09,0.492951
2019-05-10,0.525150
2019-05-13,0.496699
2019-05-14,0.470986
2019-05-15,0.429412
2019-05-16,0.457185
2019-05-17,0.442246
2019-05-20,0.463234
2019-05-21,0.489657
2019-05-22,0.486431
2019-05-23,0.459002
2019-05-24,0.458532
2019-05-27,0.427820
2019-05-28,0.413574
2019-05-29,0.382426
2019-05-30,0.398029
2019-05-31,0.356484
2019-06-03,0.329157
2019-06-04,0.316262
2019-06-05,0.313297
2019-06-06,0.294746
2019-06-07,0.241512
2019-06-10,0.313170
2019-06-11,0.294249
2019-06-12,0.286378
2019-06-13,0.271879
2019-06-14,0.247731
2019-06-17,0.267946
2019-06-18,0.198760
2019-06-19,0.219286
2019-06-20,0.171938
2019-06-21,0.201346
2019-06-24,0.194619
2019-06-25,0.160930
2019-06-26,0.178567
2019-06-27,0.182249
2019-06-28,0.181711
2019-07-01,0.164534
2019-07-02,0.165439
2019-07-03,0.117990
2019-07-04,0.103590
2019-07-05,0.161288
2019-07-08,0.118561
2019-07-09,0.164622
2019-07-10,0.221460
2019-07-11,0.266617
2019-07-12,0.288653
2019-07-15,0.235691
2019-07-16,0.223515
2019-07-17,0.185901
2019-07-18,0.181569
2019-07-19,0.171813
2019-07-22,0.155291
2019-07-23,0.153283
2019-07-24,0.103549
2019-07-25,0.123153
2019-07-26,0.112817
2019-07-29,0.075537
2019-07-30,0.072738
2019-07-31,0.047623
2019-08-01,-0.001755
2019-08-02,-0.054491
2019-08-05,-0.113225
2019-08-06,-0.120474
2019-08-07,-0.216952
2019-08-08,-0.146805
2019-08-09,-0.148610
2019-08-12,-0.177442
2019-08-13,-0.213328
2019-08-14,-0.265346
2019-08-15,-0.327528
2019-08-16,-0.347287
2019-08-19,-0.221369
2019-08-20,-0.278127
2019-08-21,-0.252411
2019-08-22,-0.224003
2019-08-23,-0.220049
2019-08-26,-0.246402
2019-08-27,-0.280555
2019-08-28,-0.347137
2019-08-29,-0.302972
2019-08-30,-0.298505
2019-09-02,-0.277622
2019-09-03,-0.299305
2019-09-04,-0.248742
2019-09-05,-0.139029
2019-09-06,-0.204680
2019-09-09,-0.120522
2019-09-10,-0.116678
2019-09-11,-0.106654
2019-09-12,-0.162853
2019-09-13,-0.038872
2019-09-16,-0.031452
2019-09-17,-0.045747
2019-09-18,-0.080238
2019-09-19,-0.103212
2019-09-20,-0.121391
2019-09-23,-0.201325
2019-09-24,-0.218204
2019-09-25,-0.253531
2019-09-26,-0.218945
2019-09-27,-0.215688
2019-09-30,-0.175903
2019-10-01,-0.135503
2019-10-02,-0.140103
2019-10-03,-0.198627
2019-10-04,-0.194802
2019-10-07,-0.179166
2019-10-08,-0.188909
2019-10-09,-0.156247
2019-10-10,-0.074392
2019-10-11,-0.027009
2019-10-14,-0.041415
2019-10-15,-0.045429
2019-10-16,0.047320
2019-10-17,0.025218
2019-10-18,0.045160
2019-10-21,0.088765
2019-10-22,0.041664
2019-10-23,0.004340
2019-10-24,0.004501
2019-10-25,0.036290
2019-10-28,0.104842
2019-10-29,0.072079
2019-10-30,0.060603
2019-10-31,-0.006090
2019-11-01,0.023202
2019-11-04,0.073938
2019-11-05,0.112031
2019-11-06,0.096872
2019-11-07,0.160181
2019-11-08,0.170821
2019-11-11,0.160083
2019-11-12,0.175969
2019-11-13,0.110408
2019-11-14,0.072894
2019-11-15,0.072357
2019-11-18,0.068612
2019-11-19,0.075678
2019-11-20,0.049374
2019-11-21,0.091232
2019-11-22,0.064958
2019-11-25,0.054877
2019-11-26,0.042449
2019-11-27,0.047795
2019-11-28,0.049540
2019-11-29,0.062569
2019-12-02,0.133056
2019-12-03,0.084419
2019-12-04,0.083497
2019-12-05,0.134059
2019-12-06,0.124731
2019-12-09,0.119088
2019-12-10,0.132881
2019-12-11,0.113286
2019-12-12,0.138312
2019-12-13,0.145073
2019-12-16,0.123024
2019-12-17,0.124237
2019-12-18,0.159287
2019-12-19,0.199154
2019-12-20,0.184862
2019-12-23,0.177989
2019-12-27,0.191934
2019-12-30,0.241356
2020-01-02,0.198143
2020-01-03,0.146965
2020-01-06,0.123653
2020-01-07,0.143301
2020-01-08,0.177490
2020-01-09,0.214923
2020-01-10,0.216737
2020-01-13,0.255820
2020-01-14,0.233343
2020-01-15,0.200286
2020-01-16,0.189322
2020-01-17,0.199236
2020-01-20,0.189084
2020-01-21,0.174288
2020-01-22,0.140084
2020-01-23,0.106360
2020-01-24,0.091170
2020-01-27,0.026081
2020-01-28,0.038024
2020-01-29,0.025517
2020-01-30,0.003226
2020-01-31,-0.031340
2020-02-03,-0.034450
2020-02-04,0.011659
2020-02-05,0.047253
2020-02-06,0.061870
2020-02-07,0.009449
2020-02-10,0.008790
2020-02-11,0.017480
2020-02-12,0.032970
2020-02-13,0.018812
2020-02-14,-0.002631
2020-02-17,0.004728
2020-02-18,0.009059
2020-02-19,-0.002326
2020-02-20,-0.043158
2020-02-21,-0.078263
2020-02-24,-0.106266
2020-02-25,-0.124405
2020-02-26,-0.103083
2020-02-27,-0.157531
2020-02-28,-0.257979
2020-03-02,-0.286165
2020-03-03,-0.246657
2020-03-04,-0.262416
2020-03-05,-0.300588
2020-03-06,-0.400854
2020-03-09,-0.491482
2020-03-10,-0.514812
2020-03-11,-0.485886
2020-03-12,-0.471794
2020-03-13,-0.275046
2020-03-16,-0.190761
2020-03-17,-0.179455
2020-03-18,0.019317
2020-03-19,0.107680
2020-03-20,-0.024372
2020-03-23,-0.069650
2020-03-24,-0.027008
2020-03-25,0.028332
2020-03-26,0.046601
2020-03-27,-0.087540
2020-03-30,-0.130013
2020-03-31,-0.076499
2020-04-01,-0.062424
2020-04-02,-0.084598
2020-04-03,-0.096879
2020-04-06,-0.050140
2020-04-07,0.045119
2020-04-08,0.072608
2020-04-09,0.035059
2020-04-14,-0.004920
2020-04-15,-0.099567
2020-04-16,-0.118357
2020-04-17,-0.097886
2020-04-20,-0.066253
2020-04-21,-0.096285
2020-04-22,-0.057859
2020-04-23,-0.069270
2020-04-24,-0.097352
2020-04-27,-0.085914
2020-04-28,-0.095875
2020-04-29,-0.138398
2020-04-30,-0.182228
2020-05-04,-0.163995
2020-05-05,-0.158864
2020-05-06,-0.115454
2020-05-07,-0.104580
2020-05-08,-0.114041
2020-05-11,-0.101737
2020-05-12,-0.091210
2020-05-13,-0.135626
2020-05-14,-0.149903
2020-05-15,-0.172218
2020-05-18,-0.116279
2020-05-19,-0.079954
2020-05-20,-0.097882
2020-05-21,-0.115402
2020-05-22,-0.098250
2020-05-25,-0.106306
2020-05-26,-0.046050
2020-05-27,-0.023359
2020-05-28,-0.033424
2020-05-29,-0.055738
2020-06-01,0.004642
2020-06-02,-0.009359
2020-06-03,0.027515
2020-06-04,0.100394
2020-06-05,0.160503
2020-06-08,0.120179
2020-06-09,0.078095
2020-06-10,0.096562
2020-06-11,-0.012193
2020-06-12,-0.023054
2020-06-15,-0.044057
2020-06-16,-0.009559
2020-06-17,-0.030647
2020-06-18,-0.058457
2020-06-19,-0.067333
2020-06-22,-0.095646
2020-06-23,-0.048588
2020-06-24,-0.048261
2020-06-25,-0.097640
2020-06-26,-0.110090
2020-06-29,-0.086610
2020-06-30,-0.122197
2020-07-01,-0.025014
2020-07-02,-0.038424
2020-07-03,-0.052279
2020-07-06,-0.046089
2020-07-07,-0.062222
2020-07-08,-0.086692
2020-07-09,-0.100229
2020-07-10,-0.143130
2020-07-13,-0.070958
2020-07-14,-0.102843
2020-07-15,-0.080011
2020-07-16,-0.115664
2020-07-17,-0.107293
2020-07-20,-0.132645
2020-07-21,-0.098543
2020-07-22,-0.154302
2020-07-23,-0.152132
2020-07-24,-0.128555
2020-07-27,-0.154777
2020-07-28,-0.181140
2020-07-29,-0.174640
2020-07-30,-0.225032
2020-07-31,-0.183314
2020-08-03,-0.168247
2020-08-04,-0.232614
2020-08-05,-0.180578
2020-08-06,-0.206378
2020-08-07,-0.189816
2020-08-10,-0.200535
2020-08-11,-0.132261
2020-08-12,-0.117500
2020-08-13,-0.062417
2020-08-14,-0.076139
2020-08-17,-0.076842
2020-08-18,-0.099274
2020-08-19,-0.122066
2020-08-20,-0.171669
2020-08-21,-0.151617
2020-08-24,-0.162008
2020-08-25,-0.083006
2020-08-26,-0.060180
2020-08-27,-0.034207
2020-08-28,-0.037128
2020-08-31,-0.016220
2020-09-01,-0.018923
2020-09-02,-0.091879
2020-09-03,-0.142272
2020-09-04,-0.116875
2020-09-07,-0.108192
2020-09-08,-0.142455
2020-09-09,-0.112616
2020-09-10,-0.084558
2020-09-11,-0.097694
2020-09-14,-0.147091
2020-09-15,-0.133426
2020-09-16,-0.143512
2020-09-17,-0.162201
2020-09-18,-0.156509
2020-09-21,-0.190712
2020-09-22,-0.163303
2020-09-23,-0.160654
2020-09-24,-0.173593
2020-09-25,-0.188323
2020-09-28,-0.187237
2020-09-29,-0.197054
2020-09-30,-0.195346
2020-10-01,-0.183961
2020-10-02,-0.200963
2020-10-05,-0.179794
2020-10-06,-0.187357
2020-10-07,-0.155355
2020-10-08,-0.184596
2020-10-09,-0.213016
2020-10-12,-0.215136
2020-10-13,-0.228737
2020-10-14,-0.252648
2020-10-15,-0.303520
2020-10-16,-0.275911
2020-10-19,-0.284580
2020-10-20,-0.287894
2020-10-21,-0.259258
2020-10-22,-0.249900
2020-10-23,-0.235968
2020-10-26,-0.245974
2020-10-27,-0.282547
2020-10-28,-0.309800
2020-10-29,-0.303598
2020-10-30,-0.313003
2020-11-02,-0.313791
2020-11-03,-0.308807
2020-11-04,-0.332078
2020-11-05,-0.307532
2020-11-06,-0.292852
2020-11-09,-0.196149
2020-11-10,-0.150236
2020-11-11,-0.180383
2020-11-12,-0.209292
2020-11-13,-0.230323
2020-11-16,-0.239112
2020-11-17,-0.257048
2020-11-18,-0.250430
2020-11-19,-0.273340
2020-11-20,-0.277361
2020-11-23,-0.261227
2020-11-24,-0.261313
2020-11-25,-0.257353
2020-11-26,-0.275137
2020-11-27,-0.274767
2020-11-30,-0.266907
2020-12-01,-0.249249
2020-12-02,-0.198134
2020-12-03,-0.234898
2020-12-04,-0.232232
2020-12-07,-0.265059
2020-12-08,-0.295347
2020-12-09,-0.283402
2020-12-10,-0.291091
2020-12-11,-0.322210
2020-12-14,-0.304697
2020-12-15,-0.314606
2020-12-16,-0.259808
2020-12-17,-0.284685
2020-12-18,-0.280021
2020-12-21,-0.290543
2020-12-22,-0.296482
2020-12-23,-0.254478
2020-12-28,-0.266145
2020-12-29,-0.285423
2020-12-30,-0.289233
2021-01-04,-0.281879
2021-01-05,-0.285099
2021-01-06,-0.245751
2021-01-07,-0.245256
2021-01-08,-0.249554
2021-01-11,-0.210025
2021-01-12,-0.184703
2021-01-13,-0.226456
2021-01-14,-0.264298
2021-01-15,-0.235893
2021-01-18,-0.221069
2021-01-19,-0.208094
2021-01-20,-0.228626
2021-01-21,-0.189371
2021-01-22,-0.197977
2021-01-25,-0.242265
2021-01-26,-0.224495
2021-01-27,-0.236760
2021-01-28,-0.213379
2021-01-29,-0.176269
2021-02-01,-0.176730
2021-02-02,-0.150319
2021-02-03,-0.121647
2021-02-04,-0.099664
2021-02-05,-0.101867
2021-02-08,-0.060821
2021-02-09,-0.087378
2021-02-10,-0.091017
2021-02-11,-0.089638
2021-02-12,-0.040775
2021-02-15,0.005194
2021-02-16,0.033616
2021-02-17,0.034540
2021-02-18,0.067545
2021-02-19,0.090872
2021-02-22,0.064411
2021-02-23,0.109496
2021-02-24,0.128448
2021-02-25,0.147778
2021-02-26,0.102980
2021-03-01,0.045355
2021-03-02,0.070836
2021-03-03,0.102783
2021-03-04,0.092370
2021-03-05,0.111616
2021-03-08,0.115518
2021-03-09,0.081350
2021-03-10,0.080424
2021-03-11,0.061585
2021-03-12,0.117823
2021-03-15,0.117717
2021-03-16,0.081782
2021-03-17,0.139213
2021-03-18,0.183380
2021-03-19,0.167915
2021-03-22,0.156527
2021-03-23,0.118693
2021-03-24,0.106825
2021-03-25,0.064181
2021-03-26,0.101599
2021-03-29,0.129484
2021-03-30,0.171227
2021-03-31,0.141536
2021-04-01,0.125475
2021-04-06,0.136115
2021-04-07,0.127436
2021-04-08,0.099705
2021-04-09,0.153205
2021-04-12,0.155299
2021-04-13,0.153051
2021-04-14,0.164366
2021-04-15,0.172873
2021-04-16,0.194220
2021-04-19,0.222605
2021-04-20,0.207197
2021-04-21,0.166381
2021-04-22,0.162205
2021-04-23,0.182800
2021-04-26,0.181238
2021-04-27,0.192544
2021-04-28,0.207194
2021-04-29,0.269831
2021-04-30,0.251984
2021-05-03,0.255951
2021-05-04,0.214551
2021-05-05,0.233734
2021-05-06,0.242070
2021-05-07,0.241305
2021-05-10,0.262738
2021-05-11,0.309945
2021-05-12,0.349619
2021-05-13,0.352105
2021-05-14,0.329243
2021-05-17,0.357404
2021-05-18,0.359145
2021-05-19,0.367024
2021-05-20,0.355339
2021-05-21,0.329620
2021-05-24,0.338911
2021-05-25,0.299253
2021-05-26,0.254034
2021-05-27,0.286369
2021-05-28,0.286797
2021-05-31,0.287479
2021-06-01,0.281434
2021-06-02,0.267416
2021-06-03,0.275803
2021-06-04,0.248753
2021-06-07,0.272700
2021-06-08,0.228487
2021-06-09,0.193705
2021-06-10,0.220918
2021-06-11,0.180694
2021-06-14,0.201442
2021-06-15,0.212560
2021-06-16,0.213487
2021-06-17,0.219594
2021-06-18,0.184615
2021-06-21,0.210268
2021-06-22,0.239314
2021-06-23,0.216322
2021-06-24,0.215532
2021-06-25,0.238569
2021-06-28,0.229865
2021-06-29,0.239372
2021-06-30,0.200584
2021-07-01,0.196980
2021-07-02,0.173753
2021-07-05,0.186446
2021-07-06,0.148712
2021-07-07,0.075459
2021-07-08,0.056225
2021-07-09,0.105051
2021-07-12,0.100374
2021-07-13,0.108546
2021-07-14,0.086364
2021-07-15,0.056209
2021-07-16,0.031835
2021-07-19,-0.018848
2021-07-20,-0.044858
2021-07-21,-0.016640
2021-07-22,-0.014149
2021-07-23,-0.029514
2021-07-26,-0.012929
2021-07-27,-0.056412
2021-07-28,-0.044481
2021-07-29,-0.047625
2021-07-30,-0.059408
2021-08-02,-0.073989
2021-08-03,-0.113354
2021-08-04,-0.133195
2021-08-05,-0.141917
2021-08-06,-0.100541
2021-08-09,-0.114294
2021-08-10,-0.124761
2021-08-11,-0.099320
2021-08-12,-0.097937
2021-08-13,-0.114523
2021-08-16,-0.134921
2021-08-17,-0.119465
2021-08-18,-0.118069
2021-08-19,-0.126936
2021-08-20,-0.135408
2021-08-23,-0.113999
2021-08-24,-0.115101
2021-08-25,-0.064179
2021-08-26,-0.037707
2021-08-27,-0.035472
2021-08-30,-0.055697
2021-08-31,-0.032863
2021-09-01,-0.000681
2021-09-02,0.000852
2021-09-03,0.039227
2021-09-06,0.022447
2021-09-07,0.074360
2021-09-08,0.059627
2021-09-09,0.043402
2021-09-10,0.044126
2021-09-13,0.052062
2021-09-14,0.056452
2021-09-15,0.075190
2021-09-16,0.106515
2021-09-17,0.122955
2021-09-20,0.083063
2021-09-21,0.059019
2021-09-22,0.071571
2021-09-23,0.108697
2021-09-24,0.175369
2021-09-27,0.163482
2021-09-28,0.199572
2021-09-29,0.155645
2021-09-30,0.194687
2021-10-01,0.159863
2021-10-04,0.196953
2021-10-05,0.199945
2021-10-06,0.201568
2021-10-07,0.216168
2021-10-08,0.240379
2021-10-11,0.270536
2021-10-12,0.286525
2021-10-13,0.224743
2021-10-14,0.177887
2021-10-15,0.188466
2021-10-18,0.158191
2021-10-19,0.198482
2021-10-20,0.205472
2021-10-21,0.209905
2021-10-22,0.183179
2021-10-25,0.182350
2021-10-26,0.166346
2021-10-27,0.095454
2021-10-28,0.091339
2021-10-29,0.102682
2021-11-01,0.110047
2021-11-02,0.093877
2021-11-03,0.088120
2021-11-04,0.074134
2021-11-05,0.006998
2021-11-08,0.033948
2021-11-09,-0.039832
2021-11-10,-0.031131
2021-11-11,-0.000842
2021-11-12,-0.005379
2021-11-15,-0.009187
2021-11-16,0.027859
2021-11-17,0.018996
2021-11-18,-0.013040
2021-11-19,-0.070587
2021-11-22,-0.055526
2021-11-23,0.021381
2021-11-24,0.059076
2021-11-25,0.019307
2021-11-26,-0.062076
2021-11-29,-0.038467
2021-11-30,-0.115183
2021-12-01,-0.113558
2021-12-02,-0.142852
2021-12-03,-0.137043
2021-12-06,-0.164465
2021-12-07,-0.164658
2021-12-08,-0.123207
2021-12-09,-0.133074
2021-12-10,-0.126977
2021-12-13,-0.138059
2021-12-15,-0.123950
2021-12-16,-0.094500
2021-12-17,-0.128134
2021-12-20,-0.105984
2021-12-21,-0.036702
2021-12-22,-0.032044
2021-12-23,0.012632
2021-12-24,0.012398
2021-12-27,0.010629
2021-12-28,0.013044
2021-12-29,0.050092
2021-12-30,0.055839
2021-12-31,0.056398
2022-01-03,0.138110
2022-01-04,0.133429
2022-01-05,0.146858
2022-01-06,0.163405
2022-01-07,0.169249
2022-01-10,0.198774
2022-01-11,0.197897
2022-01-12,0.164901
2022-01-13,0.123429
2022-01-14,0.137554
2022-01-17,0.173527
2022-01-18,0.181830
2022-01-19,0.213302
2022-01-20,0.175830
2022-01-21,0.129124
2022-01-24,0.131043
2022-01-25,0.143950
2022-01-26,0.178925
2022-01-27,0.166560
2022-01-28,0.183606
2022-01-31,0.221532
2022-02-01,0.231024
2022-02-02,0.223476
2022-02-03,0.258857
2022-02-04,0.285961
2022-02-07,0.345214
2022-02-08,0.404522
2022-02-09,0.376911
2022-02-10,0.405935
2022-02-11,0.405682
2022-02-14,0.413470
2022-02-15,0.496133
2022-02-16,0.464073
2022-02-17,0.442002
2022-02-18,0.427848
2022-02-21,0.411322
2022-02-22,0.469642
2022-02-23,0.435958
2022-02-24,0.350022
2022-02-25,0.415613
2022-02-28,0.406712
2022-03-01,0.257579
2022-03-02,0.242099
2022-03-03,0.298490
2022-03-04,0.171053
2022-03-07,0.163196
2022-03-08,0.311098
2022-03-09,0.409477
2022-03-10,0.446557
2022-03-11,0.456187
2022-03-14,0.531452
2022-03-15,0.554184
2022-03-16,0.591017
2022-03-17,0.571644
2022-03-18,0.555656
2022-03-21,0.635192
2022-03-22,0.680890
2022-03-23,0.659134
2022-03-24,0.673063
2022-03-25,0.719767
2022-03-28,0.704826
2022-03-29,0.729395
2022-03-30,0.820831
2022-03-31,0.715189
2022-04-01,0.736491
2022-04-04,0.660747
2022-04-05,0.735069
2022-04-06,0.822229
2022-04-07,0.848641
2022-04-08,0.844098
2022-04-11,0.950751
2022-04-12,0.937722
2022-04-13,0.932079
2022-04-14,0.999974
2022-04-19,1.122198
2022-04-20,1.017643
2022-04-21,1.033875
2022-04-22,1.075680
2022-04-25,1.006218
2022-04-26,0.974290
2022-04-27,0.965567
2022-04-28,1.053966
2022-04-29,1.037265
2022-05-02,1.129802
2022-05-03,1.061978
2022-05-04,1.138635
2022-05-05,1.147528
2022-05-06,1.240074
2022-05-09,1.292310
2022-05-10,1.194933
2022-05-11,1.231025
2022-05-12,1.097463
2022-05-13,1.150175
2022-05-16,1.160201
2022-05-17,1.216836
2022-05-18,1.195950
2022-05-19,1.096681
2022-05-20,1.160957
2022-05-23,1.172184
2022-05-24,1.194650
2022-05-25,1.180885
2022-05-26,1.256121
2022-05-27,1.221968
2022-05-30,1.302802
2022-05-31,1.346288
2022-06-01,1.376929
2022-06-02,1.442657
2022-06-03,1.474332
2022-06-06,1.500264
2022-06-07,1.491190
2022-06-08,1.545773
2022-06-09,1.583061
2022-06-10,1.611021
2022-06-13,1.733839
2022-06-14,1.829120
2022-06-15,1.789009
2022-06-16,1.951526
2022-06-17,1.958036
2022-06-20,2.002538
2022-06-21,2.019311
2022-06-22,1.897500
2022-06-23,1.787649
2022-06-24,1.848765
2022-06-27,1.835249
2022-06-28,1.935945
2022-06-29,1.890215
2022-06-30,1.727648
2022-07-01,1.672857
2022-07-04,1.721783
2022-07-05,1.592393
2022-07-06,1.553586
2022-07-07,1.651043
2022-07-08,1.645812
2022-07-11,1.614326
2022-07-12,1.465990
2022-07-13,1.525144
2022-07-14,1.487732
2022-07-15,1.470813
2022-07-18,1.546341
2022-07-19,1.547538
2022-07-20,1.531371
2022-07-21,1.574449
2022-07-22,1.351201
2022-07-25,1.419805
2022-07-26,1.293371
2022-07-27,1.299585
2022-07-28,1.189944
2022-07-29,1.202619
2022-08-01,1.127070
2022-08-02,1.095580
2022-08-03,1.151186
2022-08-04,1.131778
2022-08-05,1.216411
2022-08-08,1.193666
2022-08-09,1.267675
2022-08-10,1.192022
2022-08-11,1.268239
2022-08-12,1.316690
2022-08-15,1.236865
2022-08-16,1.340684
2022-08-17,1.397271
2022-08-18,1.395439
2022-08-19,1.491213
2022-08-22,1.532671
2022-08-23,1.594360
2022-08-24,1.615315
2022-08-25,1.611822
2022-08-26,1.716394
2022-08-29,1.787803
2022-08-30,1.686439
2022-08-31,1.711013
2022-09-01,1.817215
2022-09-02,1.752539
2022-09-05,1.817427
2022-09-06,1.921434
2022-09-07,1.759790
2022-09-08,1.810782
2022-09-09,1.884474
2022-09-12,1.854512
2022-09-13,1.899406
2022-09-14,1.888491
2022-09-15,1.852144
2022-09-16,1.878166
2022-09-19,1.920268
2022-09-20,2.057559
2022-09-21,1.969940
2022-09-22,2.037934
2022-09-23,2.044993
2022-09-26,2.125705
2022-09-27,2.234900
2022-09-28,2.275878
2022-09-29,2.336620
2022-09-30,2.227155
2022-10-03,2.147088
2022-10-04,2.045083
2022-10-05,2.151515
2022-10-06,2.185620
2022-10-07,2.302539
2022-10-10,2.356483
2022-10-11,2.513167
2022-10-12,2.607593
2022-10-13,2.563385
2022-10-14,2.517823
2022-10-17,2.475134
2022-10-18,2.475625
2022-10-19,2.521551
2022-10-20,2.602662
2022-10-21,2.655259
2022-10-24,2.528285
2022-10-25,2.369513
2022-10-26,2.337263
2022-10-27,2.261330
2022-10-28,2.253876
2022-10-31,2.293531
2022-11-01,2.318585
2022-11-02,2.253524
2022-11-03,2.332673
2022-11-04,2.346965
2022-11-07,2.412071
2022-11-08,2.365773
2022-11-09,2.365773
2022-11-10,2.115587
2022-11-11,2.264704
2022-11-14,2.241783
2022-11-15,2.210946
2022-11-16,2.114218
2022-11-17,2.133736
2022-11-18,2.117087
2022-11-21,2.065640
2022-11-22,2.075306
2022-11-23,1.977022
2022-11-24,1.898951
2022-11-25,1.991879
2022-11-28,2.009891
2022-11-29,1.952215
2022-11-30,1.937417
2022-12-01,1.844371
2022-12-02,1.845639
2022-12-05,1.833405
2022-12-06,1.782830
2022-12-07,1.783866
2022-12-08,1.803686
2022-12-09,1.868360
2022-12-12,1.846698
2022-12-13,1.853146
2022-12-14,1.945432
2022-12-15,2.077656
2022-12-16,2.128713
2022-12-19,2.203312
2022-12-20,2.322140
2022-12-21,2.307426
2022-12-22,2.376486
2022-12-23,2.397760
2022-12-27,2.480566
2022-12-28,2.524944
2022-12-29,2.534986
2022-12-30,2.584189
2023-01-02,2.502845
2023-01-03,2.405933
2023-01-04,2.334964
2023-01-05,2.391560
2023-01-06,2.335634
2023-01-09,2.306688
2023-01-10,2.332962
2023-01-11,2.242267
2023-01-12,2.203730
2023-01-13,2.162672
2023-01-16,2.243714
2023-01-17,2.213604
2023-01-18,1.993749
2023-01-19,2.088725
2023-01-20,2.199827
2023-01-23,2.251403
2023-01-24,2.253459
2023-01-25,2.184758
2023-01-26,2.224572
2023-01-27,2.290053
2023-01-30,2.287411
2023-01-31,2.320668
2023-02-01,2.292252
2023-02-02,2.186993
2023-02-03,2.221097
2023-02-06,2.336264
2023-02-07,2.357559
2023-02-08,2.403151
2023-02-09,2.341393
2023-02-10,2.396838
2023-02-13,2.388532
2023-02-14,2.436583
2023-02-15,2.469160
2023-02-16,2.550700
2023-02-17,2.491356
2023-02-20,2.460657
2023-02-21,2.568165
2023-02-22,2.557173
2023-02-23,2.525779
2023-02-24,2.549957
2023-02-27,2.598095
2023-02-28,2.729233
2023-03-01,2.712794
2023-03-02,2.752552
2023-03-03,2.722217
2023-03-06,2.748634
2023-03-07,2.695307
2023-03-08,2.619125
2023-03-09,2.653964
2023-03-10,2.477370
2023-03-13,2.319874
2023-03-14,2.501449
2023-03-15,2.273574
2023-03-16,2.310427
2023-03-17,2.214630
2023-03-20,2.258298
2023-03-21,2.361400
2023-03-22,2.446361
2023-03-23,2.381351
2023-03-24,2.274025
2023-03-27,2.418568
2023-03-28,2.427835
2023-03-29,2.468776
2023-03-30,2.511499
2023-03-31,2.463212
2023-04-03,2.430734
2023-04-04,2.464596
2023-04-05,2.375723
2023-04-06,2.322376
2023-04-11,2.440995
2023-04-12,2.512199
2023-04-13,2.502276
2023-04-14,2.534356
2023-04-17,2.632500
2023-04-18,2.605173
2023-04-19,2.627137
2023-04-20,2.615332
2023-04-21,2.633930
2023-04-24,2.635621
2023-04-25,2.562399
2023-04-26,2.543288
2023-04-27,2.605470
2023-04-28,2.517154
2023-05-02,2.513267
2023-05-03,2.439903
2023-05-04,2.468098
2023-05-05,2.520989
2023-05-08,2.553759
2023-05-09,2.564894
2023-05-10,2.527766
2023-05-11,2.444262
2023-05-12,2.488899
2023-05-15,2.554050
2023-05-16,2.583604
2023-05-17,2.579085
2023-05-18,2.688285
2023-05-19,2.735840
2023-05-22,2.683759
2023-05-23,2.699041
2023-05-24,2.655729
2023-05-25,2.687678
2023-05-26,2.736245
2023-05-29,2.624437
2023-05-30,2.588529
2023-05-31,2.516525
2023-06-01,2.482985
2023-06-02,2.534157
2023-06-05,2.602079
2023-06-06,2.614997
2023-06-07,2.597408
2023-06-08,2.639229
2023-06-09,2.612209
2023-06-12,2.593739
2023-06-13,2.609443
2023-06-14,2.646582
2023-06-15,2.601139
2023-06-16,2.599016
2023-06-19,2.647276
2023-06-20,2.540595
2023-06-21,2.566076
2023-06-22,2.562274
2023-06-23,2.447870
2023-06-26,2.450041
2023-06-27,2.405090
2023-06-28,2.432252
2023-06-29,2.492855
2023-06-30,2.515763
2023-07-03,2.457986
2023-07-04,2.507836
2023-07-05,2.525806
2023-07-06,2.659904
2023-07-07,2.714147
2023-07-10,2.734134
2023-07-11,2.743008
2023-07-12,2.699764
2023-07-13,2.579000
2023-07-14,2.572655
2023-07-17,2.579629
2023-07-18,2.482383
2023-07-19,2.501818
2023-07-20,2.549221
2023-07-21,2.539086
2023-07-24,2.511780
2023-07-25,2.543265
2023-07-26,2.569987
2023-07-27,2.538270
2023-07-28,2.625338
2023-07-31,2.624690
2023-08-01,2.659048
2023-08-02,2.675810
2023-08-03,2.755494
2023-08-04,2.725931
2023-08-07,2.752682
2023-08-08,2.610948
2023-08-09,2.660041
2023-08-10,2.665203
2023-08-11,2.772799
2023-08-14,2.790560
2023-08-15,2.825871
2023-08-16,2.806785
2023-08-17,2.849906
2023-08-18,2.777687
2023-08-21,2.863015
2023-08-22,2.830752
2023-08-23,2.699208
2023-08-24,2.684511
2023-08-25,2.715193
2023-08-28,2.729039
2023-08-29,2.727844
2023-08-30,2.707420
2023-08-31,2.652507
2023-09-01,2.709258
2023-09-04,2.747306
2023-09-05,2.792190
2023-09-06,2.792808
2023-09-07,2.785522
2023-09-08,2.751271
2023-09-11,2.801597
2023-09-12,2.812380
2023-09-13,2.807083
2023-09-14,2.779661
2023-09-15,2.856397
2023-09-18,2.884478
2023-09-19,2.899614
2023-09-20,2.890523
2023-09-21,2.937605
2023-09-22,2.954361
2023-09-25,3.008348
2023-09-26,3.015278
2023-09-27,3.010350
2023-09-28,3.200239
2023-09-29,3.038995
2023-10-02,3.115235
2023-10-03,3.174959
2023-10-04,3.206443
2023-10-05,3.161059
2023-10-06,3.174508
2023-10-09,3.087212
2023-10-10,3.080296
2023-10-11,2.932109
2023-10-12,2.991796
2023-10-13,2.985040
2023-10-16,3.047277
2023-10-17,3.143609
2023-10-18,3.161848
2023-10-19,3.153318
2023-10-20,3.150745
2023-10-23,3.176313
2023-10-24,3.094816
2023-10-25,3.143103
2023-10-26,3.141385
2023-10-27,3.146617
2023-10-30,3.145470
2023-10-31,3.066976
2023-11-01,3.072603
2023-11-02,2.994257
2023-11-03,2.945621
2023-11-06,3.035204
2023-11-07,2.967634
2023-11-08,2.880601
2023-11-09,2.910700
2023-11-10,2.991607
2023-11-13,3.025127
2023-11-14,2.897339
2023-11-15,2.911341
2023-11-16,2.848506
2023-11-17,2.870954
2023-11-20,2.878436
2023-11-21,2.836224
2023-11-22,2.785733
2023-11-23,2.869756
2023-11-24,2.896695
2023-11-27,2.830582
2023-11-28,2.790296
2023-11-29,2.698133
2023-11-30,2.765815
2023-12-01,2.729354
2023-12-04,2.647651
2023-12-05,2.559131
2023-12-06,2.488519
2023-12-07,2.487585
2023-12-08,2.558818
2023-12-11,2.546701
2023-12-12,2.511589
2023-12-13,2.464427
2023-12-14,2.457653
2023-12-15,2.333746
2023-12-18,2.390624
2023-12-19,2.314473
2023-12-20,2.271017
2023-12-21,2.278659
2023-12-22,2.299175
2023-12-27,2.255950
2023-12-28,2.283899
2023-12-29,2.390138
2024-01-02,2.397980
2024-01-03,2.398437
2024-01-04,2.471728
2024-01-05,2.493880
2024-01-08,2.493207
2024-01-09,2.501337
2024-01-10,2.498571
2024-01-11,2.489854
2024-01-12,2.493182
2024-01-15,2.546087
2024-01-16,2.533694
2024-01-17,2.589234
2024-01-18,2.619288
2024-01-19,2.612836
2024-01-22,2.552142
2024-01-23,2.617158
2024-01-24,2.612871
2024-01-25,2.600269
2024-01-26,2.614578
2024-01-29,2.561051
2024-01-30,2.569147
2024-01-31,2.505327
2024-02-01,2.482760
2024-02-02,2.499829
2024-02-05,2.594747
2024-02-06,2.611731
2024-02-07,2.600421
2024-02-08,2.641544
2024-02-09,2.666912
2024-02-12,2.656358
2024-02-13,2.658876
2024-02-14,2.652605
2024-02-15,2.597938
2024-02-16,2.656673
2024-02-19,2.670924
2024-02-20,2.634114
2024-02-21,2.667067
2024-02-22,2.643011
2024-02-23,2.603247
2024-02-26,2.643900
2024-02-27,2.682971
2024-02-28,2.701064
2024-02-29,2.652644
2024-03-01,2.694259
2024-03-04,2.640463
2024-03-05,2.562504
2024-03-06,2.562597
2024-03-07,2.546185
2024-03-08,2.526444
2024-03-11,2.568859
2024-03-12,2.570486
2024-03-13,2.583426
2024-03-14,2.660370
2024-03-15,2.662440
2024-03-18,2.680683
2024-03-19,2.683601
2024-03-20,2.663326
2024-03-21,2.672356
2024-03-22,2.598846
2024-03-25,2.618075
2024-03-26,2.614213
2024-03-27,2.556115
2024-03-28,2.544576
2024-04-02,2.691130
2024-04-03,2.687839
2024-04-04,2.613069
2024-04-05,2.648477
2024-04-08,2.672992
2024-04-09,2.612396
2024-04-10,2.643979
2024-04-11,2.693653
2024-04-12,2.590200
2024-04-15,2.678124
2024-04-16,2.742174
2024-04-17,2.714294
2024-04-18,2.715323
2024-04-19,2.730388
2024-04-22,2.739172
2024-04-23,2.719249
2024-04-24,2.813738
2024-04-25,2.865503
2024-04-26,2.786705
2024-04-29,2.762516
2024-04-30,2.793779
2024-05-02,2.771221
2024-05-03,2.712638
2024-05-06,2.706240
2024-05-07,2.669234
2024-05-08,2.697580
2024-05-09,2.748199
2024-05-10,2.742836
2024-05-13,2.741659
2024-05-14,2.768030
2024-05-15,2.700071
2024-05-16,2.693744
2024-05-17,2.748836
2024-05-20,2.763177
2024-05-21,2.735406
2024-05-22,2.761945
2024-05-23,2.804440
2024-05-24,2.811978
2024-05-27,2.768438
2024-05-28,2.792910
2024-05-29,2.894723
2024-05-30,2.911042
2024-05-31,2.871166
2024-06-03,2.833145
2024-06-04,2.764041
2024-06-05,2.739021
2024-06-06,2.787117
2024-06-07,2.837490
2024-06-10,2.902090
2024-06-11,2.906870
2024-06-12,2.808662
2024-06-13,2.798671
2024-06-14,2.653216
2024-06-17,2.706389
2024-06-18,2.689464
2024-06-19,2.694270
2024-06-20,2.730863
2024-06-21,2.702651
2024-06-24,2.737266
2024-06-25,2.715552
2024-06-26,2.744659
2024-06-27,2.748949
2024-06-28,2.766044
2024-07-01,2.875192
2024-07-02,2.882598
2024-07-03,2.880835
2024-07-04,2.861886
2024-07-05,2.848928
2024-07-08,2.813507
2024-07-09,2.825582
2024-07-10,2.801461
2024-07-11,2.767554
2024-07-12,2.787865
2024-07-15,2.784633
2024-07-16,2.734489
2024-07-17,2.722594
2024-07-18,2.712600
2024-07-19,2.783654
2024-07-22,2.770176
2024-07-23,2.759172
2024-07-24,2.778847
2024-07-25,2.764082
2024-07-26,2.738261
2024-07-29,2.676061
2024-07-30,2.677446
2024-07-31,2.650591
2024-08-01,2.616219
2024-08-02,2.545759
2024-08-05,2.470330
2024-08-06,2.469305
2024-08-07,2.587803
2024-08-08,2.599917
2024-08-09,2.547765
2024-08-12,2.555140
2024-08-13,2.524620
2024-08-14,2.507773
2024-08-15,2.574983
2024-08-16,2.546347
2024-08-19,2.557502
2024-08-20,2.534613
2024-08-21,2.519538
2024-08-22,2.533629
2024-08-23,2.556575
2024-08-26,2.562962
2024-08-27,2.609698
2024-08-28,2.568676
2024-08-29,2.585787
2024-08-30,2.587772
2024-09-02,2.654923
2024-09-03,2.572465
2024-09-04,2.553479
2024-09-05,2.525613
2024-09-06,2.530687
2024-09-09,2.532861
2024-09-10,2.527990
2024-09-11,2.459530
2024-09-12,2.483128
2024-09-13,2.507078
2024-09-16,2.494632
2024-09-17,2.474739
2024-09-18,2.532759
2024-09-19,2.562211
2024-09-20,2.583542
2024-09-23,2.579474
2024-09-24,2.578600
2024-09-25,2.570941
2024-09-26,2.535169
2024-09-27,2.519246
2024-09-30,2.511411
2024-10-01,2.418682
2024-10-02,2.508531
2024-10-03,2.547692
2024-10-04,2.571667
2024-10-07,2.613603
2024-10-08,2.628775
2024-10-09,2.611664
2024-10-10,2.629353
2024-10-11,2.652729
2024-10-14,2.644362
2024-10-15,2.587299
2024-10-16,2.532009
2024-10-17,2.572275
2024-10-18,2.557999
2024-10-21,2.647109
2024-10-22,2.674378
2024-10-23,2.711902
2024-10-24,2.646919
2024-10-25,2.652428
2024-10-28,2.636410
2024-10-29,2.679985
2024-10-30,2.685186
2024-10-31,2.698457
2024-11-01,2.691954
2024-11-04,2.661294
2024-11-05,2.674485
2024-11-06,2.721909
2024-11-07,2.737365
2024-11-08,2.671336
2024-11-11,2.636445
2024-11-12,2.587429
2024-11-13,2.621027
2024-11-14,2.621671
2024-11-15,2.642072
2024-11-18,2.653855
2024-11-19,2.612856
2024-11-20,2.622813
2024-11-21,2.586612
2024-11-22,2.565525
2024-11-25,2.479678
2024-11-26,2.474812
2024-11-27,2.415384
2024-11-28,2.399937
2024-11-29,2.357334
2024-12-02,2.323789
2024-12-03,2.297109
2024-12-04,2.335425
2024-12-05,2.349054
2024-12-06,2.335693
2024-12-09,2.360610
2024-12-10,2.379311
2024-12-11,2.394549
2024-12-12,2.461476
2024-12-13,2.512622
2024-12-16,2.522252
2024-12-17,2.496227
2024-12-18,2.519500
2024-12-19,2.582243
2024-12-20,2.563700
2024-12-23,2.581349
2024-12-24,2.581791
2024-12-27,2.604784
2024-12-30,2.629104
2025-01-02,2.625759
2025-01-03,2.673312
2025-01-06,2.719691
2025-01-07,2.727952
2025-01-08,2.805642
2025-01-09,2.810090
2025-01-10,2.850071
2025-01-13,2.866641
2025-01-14,2.907925
2025-01-15,2.828355
2025-01-16,2.859833
2025-01-17,2.793735
2025-01-20,2.806757
2025-01-21,2.785039
2025-01-22,2.785039
2025-01-23,2.815609
2025-01-24,2.841334
2025-01-27,2.800113
2025-01-28,2.811692
2025-01-29,2.822616
2025-01-30,2.773192
2025-01-31,2.738414
2025-02-03,2.653421
2025-02-04,2.678882
2025-02-05,2.615829
2025-02-06,2.628417
2025-02-07,2.661433
2025-02-10,2.636347
2025-02-11,2.707276
2025-02-12,2.758899
2025-02-13,2.691746
2025-02-14,2.697934
2025-02-17,2.761881
2025-02-18,2.767371
2025-02-19,2.820861
2025-02-20,2.821174
2025-02-21,2.750366
2025-02-24,2.759083
2025-02-25,2.754238
2025-02-26,2.734956
2025-02-27,2.729263
2025-02-28,2.712983
2025-03-03,2.842088
2025-03-04,2.861974
2025-03-05,3.054375
2025-03-06,3.165378
2025-03-07,3.120565
2025-03-10,3.125519
2025-03-11,3.185883
2025-03-12,3.194257
2025-03-13,3.191464
2025-03-14,3.226923
2025-03-17,3.132287
2025-03-18,3.182502
2025-03-19,3.119108
2025-03-20,3.090218
2025-03-21,3.128120
2025-03-24,3.146287
2025-03-25,3.160191
2025-03-26,3.156702
2025-03-27,3.156684
2025-03-28,3.117554
2025-03-31,3.089496
2025-04-01,3.041469
2025-04-02,3.053423
2025-04-03,3.064942
2025-04-04,2.988356
2025-04-07,3.029604
2025-04-08,3.107369
2025-04-09,3.033927
2025-04-10,2.994562
2025-04-11,2.909139
2025-04-14,2.901048
2025-04-15,2.959320
2025-04-16,2.915006
2025-04-17,2.928248
2025-04-22,2.886428
2025-04-23,2.939005
2025-04-24,2.897533
2025-04-25,2.903288
2025-04-28,2.964376
2025-04-29,2.948041
2025-04-30,2.921387
2025-05-02,2.962250
2025-05-05,3.002365
2025-05-06,3.040910
2025-05-07,2.967826
2025-05-08,2.982702
2025-05-09,3.033500
2025-05-12,3.077994
2025-05-13,3.107297
2025-05-14,3.123596
2025-05-15,3.094169
2025-05-16,3.030260
2025-05-19,3.050763
2025-05-20,3.103562
2025-05-21,3.135424
2025-05-22,3.159435
2025-05-23,3.078472
2025-05-26,3.068600
2025-05-27,3.017253
2025-05-28,3.025396
2025-05-29,2.994443
2025-05-30,3.000284
2025-06-02,3.020896
2025-06-03,2.987489
2025-06-04,3.013597
2025-06-05,3.000897
2025-06-06,3.016085
2025-06-09,3.047308
2025-06-10,2.965220
2025-06-11,2.979496
2025-06-12,2.949838
2025-06-13,2.960756
2025-06-16,2.978378
2025-06-17,2.993915
2025-06-18,2.967068
2025-06-19,2.967215
2025-06-20,2.984964
2025-06-23,2.981709
2025-06-24,3.024847
2025-06-25,3.053912
2025-06-26,3.060948
2025-06-27,3.076537
2025-06-30,3.055636
2025-07-01,3.020891
2025-07-02,3.110480
2025-07-03,3.071533
2025-07-04,3.046176
2025-07-07,3.091637
2025-07-08,3.142671
2025-07-09,3.142349
2025-07-10,3.170702
2025-07-11,3.206139
2025-07-14,3.212981
2025-07-15,3.162676
2025-07-16,3.174339
2025-07-17,3.173522
2025-07-18,3.192020
2025-07-21,3.114562
2025-07-22,3.100382
2025-07-23,3.109485
2025-07-24,3.184706
2025-07-25,3.218688
2025-07-28,3.184290
2025-07-29,3.192462
2025-07-30,3.197279
2025-07-31,3.172592
2025-08-01,3.153657
2025-08-04,3.133158
2025-08-05,3.127786
2025-08-06,3.138393
2025-08-07,3.132054
2025-08-08,3.188592
2025-08-11,3.197278
2025-08-12,3.251976
2025-08-13,3.219236
2025-08-14,3.236822
2025-08-15,3.306435
2025-08-18,3.306622
2025-08-19,3.297159
2025-08-20,3.266489
2025-08-21,3.297269
2025-08-22,3.282328
2025-08-25,3.319990
2025-08-26,3.302496
2025-08-27,3.300010
2025-08-28,3.272979
2025-08-29,3.292986
2025-09-01,3.329428
2025-09-02,3.372863
2025-09-03,3.336099
2025-09-04,3.296216
2025-09-05,3.274644
2025-09-08,3.242851
2025-09-09,3.255769
2025-09-10,3.251502
2025-09-11,3.245598
2025-09-12,3.261796
2025-09-15,3.250641
2025-09-16,3.246645
2025-09-17,3.207044
2025-09-18,3.271198
2025-09-19,3.291825
2025-09-22,3.317456
2025-09-23,3.303826
2025-09-24,3.308026
2025-09-25,3.308346
2025-09-26,3.292792
2025-09-29,3.252591
2025-09-30,3.247422
2025-10-01,3.248915
2025-10-02,3.261821
2025-10-03,3.242500
2025-10-06,3.267484
2025-10-07,3.287283
2025-10-08,3.240254
2025-10-09,3.249902
2025-10-10,3.220286
2025-10-13,3.193469
2025-10-14,3.156991
2025-10-15,3.131885
2025-10-16,3.151241
2025-10-17,3.154550
2025-10-20,3.156648
2025-10-21,3.114347
2025-10-22,3.127305
2025-10-23,3.144529
2025-10-24,3.185604
2025-10-27,3.176525
2025-10-28,3.167663
2025-10-29,3.172950
2025-10-30,3.173329
2025-10-31,3.191296
2025-11-03,3.196391
2025-11-04,3.199472
2025-11-05,3.206962
2025-11-06,3.205164
2025-11-07,3.243475
2025-11-10,3.227294
2025-11-11,3.209984
2025-11-12,3.202045
2025-11-13,3.225461
2025-11-14,3.254890
2025-11-17,3.264656
2025-11-18,3.265616
2025-11-19,3.282246
2025-11-20,3.326522
2025-11-21,3.295898
2025-11-24,3.298596
2025-11-25,3.263145
2025-11-26,3.277486
2025-11-27,3.273567
2025-11-28,3.280916
2025-12-01,3.352390
2025-12-02,3.335685
2025-12-03,3.335194
2025-12-04,3.349648
2025-12-05,3.368821
2025-12-08,3.416178
2025-12-09,3.412593
2025-12-10,3.413238
2025-12-11,3.398980
2025-12-12,3.437360
2025-12-15,3.404304
2025-12-16,3.431521
2025-12-17,3.433097
2025-12-18,3.443239
2025-12-19,3.480697
2025-12-22,3.487904
2025-12-23,3.442873
2025-12-24,3.444905
2025-12-29,3.415156
2025-12-30,3.435272
2025-12-31,3.438564
2026-01-02,3.467039
2026-01-05,3.466964
2026-01-06,3.422254
2026-01-07,3.403774
2026-01-08,3.417179
2026-01-09,3.445364
2026-01-12,3.384495
2026-01-13,3.404923
2026-01-14,3.380604
2026-01-15,3.348218
2026-01-16,3.372200
2026-01-19,3.383296
2026-01-20,3.438264
2026-01-21,3.444040
2026-01-22,3.435664
2026-01-23,3.446825
2026-01-26,3.414318
2026-01-27,3.423619
2026-01-28,3.422060
2026-01-29,3.418579
2026-01-30,3.426973
2026-02-02,3.437465
2026-02-03,3.472889
2026-02-04,3.466725
2026-02-05,3.455201
2026-02-06,3.437670
2026-02-09,3.454360
2026-02-10,3.413142
2026-02-11,3.404597
2026-02-12,3.372716
2026-02-13,3.337981
2026-02-16,3.342557
2026-02-17,3.330700
2026-02-18,3.331198
2026-02-19,3.333750
2026-02-20,3.308377
2026-02-23,3.320057
2026-02-24,3.303827
2026-02-25,3.308377
2026-02-26,3.278361
2026-02-27,3.273214
2026-03-02,3.296501
2026-03-03,3.340563
2026-03-04,3.337260
2026-03-05,3.372967
2026-03-06,3.346621
2026-03-09,3.360979
2026-03-10,3.364436
2026-03-11,3.425527
2026-03-12,3.443858
2026-03-13,3.456229
2026-03-16,3.439454
2026-03-17,3.413205
2026-03-18,3.422297
2026-03-19,3.417983
2026-03-20,3.472609
2026-03-23,3.434741
2026-03-24,3.434306
2026-03-25,3.371667
2026-03-26,3.447842
2026-03-27,3.509028
2026-03-30,3.462144
2026-03-31,3.439703
2026-04-01,3.422899
2026-04-02,3.453415
2026-04-07,3.476356
2026-04-08,3.396063
2026-04-09,3.483606
2026-04-10,3.523820
2026-04-13,3.540100
2026-04-14,3.540635
2026-04-15,3.522377
2026-04-16,3.514484
2026-04-17,3.478949
2026-04-20,3.489783
2026-04-21,3.468832
2026-04-22,3.474412
2026-04-23,3.483778
2026-04-24,3.482722
2026-04-27,3.501664
2026-04-28,3.529362
2026-04-29,3.529671
2026-04-30,3.495288
2026-05-04,3.504069
2026-05-05,3.530060
2026-05-06,3.469540
2026-05-07,3.456931
2026-05-08,3.472432
2026-05-11,3.497458
2026-05-12,3.562887
2026-05-13,3.562523
2026-05-14,3.516740
2026-05-15,3.600057
2026-05-18,3.592727
2026-05-19,3.636655
2026-05-20,3.601103
2026-05-21,3.551785
2026-05-22,3.500412
2026-05-25,3.406493
2026-05-26,3.446614
2026-05-27,3.445301
2026-05-28,3.458591
2026-05-29,3.444090
2026-06-01,3.484342
2026-06-02,3.437778
2026-06-03,3.479789
2026-06-04,3.487083
2026-06-05,3.505526
2026-06-08,3.508767
2026-06-09,3.520454
2026-06-10,3.530099
2026-06-11,3.493838
2026-06-12,3.492891
2026-06-15,3.447176
2026-06-16,3.424049
2026-06-17,3.408557
2026-06-18,3.397112
2026-06-19,3.455468
2026-06-22,3.437735
2026-06-23,3.400371
2026-06-24,3.354461
2026-06-25,3.329004
2026-06-26,3.343992
2026-06-29,3.344147
2026-06-30,3.347884
2026-07-01,3.398738
2026-07-02,3.425568
2026-07-03,3.442006
2026-07-06,3.460779
2026-07-07,3.497702
2026-07-08,3.565422
2026-07-09,3.567267
2026-07-10,3.545609
2026-07-13,3.554670
2026-07-14,3.563819
2026-07-15,3.572626
2026-07-16,3.597306
2026-07-17,3.555243
2026-07-20,3.581130
2026-07-21,3.616075
2026-07-22,3.603155
2026-07-23,3.611854
2026-07-24,3.592862
2026-07-27,3.558965
2026-07-28,3.556802
2026-07-29,3.564294
2026-07-30,3.606008
2026-07-31,3.627950
2026-08-03,3.596982
2026-08-04,3.564635
2026-08-05,3.561836
2026-08-06,3.558987
2026-08-07,3.568681
2026-08-10,3.610116
2026-08-11,3.584754
2026-08-12,3.572815
2026-08-13,3.568597
2026-08-14,3.635849
2026-08-17,3.668425
2026-08-18,3.708933
2026-08-19,3.681954
2026-08-20,3.691035
2026-08-21,3.685164
2026-08-24,3.689524
2026-08-25,3.659514
2026-08-26,3.658674
2026-08-27,3.688330
2026-08-28,3.687214
2026-08-31,3.743121
2026-09-01,3.755941
2026-09-02,3.776364
2026-09-03,3.757883
2026-09-04,3.738356
2026-09-07,3.776923
2026-09-08,3.756243
2026-09-09,3.793369
2026-09-10,3.848029
2026-09-11,3.844004
2026-09-14,3.836472
2026-09-15,3.848422
2026-09-16,3.830035
2026-09-17,3.783327
2026-09-18,3.801528
2026-09-21,3.764300
2026-09-22,3.743275
2026-09-23,3.786988
2026-09-24,3.812498
2026-09-25,3.866187
2026-09-28,3.906298
2026-09-29,3.889365
2026-09-30,3.874745
2026-10-01,3.900831
2026-10-02,3.770411
2026-10-05,3.817818
2026-10-06,3.824320
2026-10-07,3.854403
2026-10-08,3.825086
