record_date,account_type,close_today_bal,open_today_bal
2024-10-04,Treasury General Account (TGA) Opening Balance,null,795948
2024-10-04,Total TGA Deposits (Table II),null,15877
2024-10-04,Total TGA Withdrawals (Table II) (-),null,11574
2024-10-04,Treasury General Account (TGA) Closing Balance,null,800250
2024-10-07,Treasury General Account (TGA) Opening Balance,null,800250
2024-10-07,Total TGA Deposits (Table II),null,26297
2024-10-07,Total TGA Withdrawals (Table II) (-),null,16030
2024-10-07,Treasury General Account (TGA) Closing Balance,null,810517
2024-10-08,Treasury General Account (TGA) Opening Balance,null,810517
2024-10-08,Total TGA Deposits (Table II),null,263894
2024-10-08,Total TGA Withdrawals (Table II) (-),null,254219
2024-10-08,Treasury General Account (TGA) Closing Balance,null,820191
2024-10-09,Treasury General Account (TGA) Opening Balance,null,820191
2024-10-09,Total TGA Deposits (Table II),null,17130
2024-10-09,Total TGA Withdrawals (Table II) (-),null,49926
2024-10-09,Treasury General Account (TGA) Closing Balance,null,787395
2024-10-10,Treasury General Account (TGA) Opening Balance,null,787395
2024-10-10,Total TGA Deposits (Table II),null,249358
2024-10-10,Total TGA Withdrawals (Table II) (-),null,253409
2024-10-10,Treasury General Account (TGA) Closing Balance,null,783345
2024-10-11,Treasury General Account (TGA) Opening Balance,null,783345
2024-10-11,Total TGA Deposits (Table II),null,18107
2024-10-11,Total TGA Withdrawals (Table II) (-),null,21753
2024-10-11,Treasury General Account (TGA) Closing Balance,null,779699
2024-10-15,Treasury General Account (TGA) Opening Balance,null,779699
2024-10-15,Total TGA Deposits (Table II),null,422370
2024-10-15,Total TGA Withdrawals (Table II) (-),null,376416
2024-10-15,Treasury General Account (TGA) Closing Balance,null,825653
2024-10-16,Treasury General Account (TGA) Opening Balance,null,825653
2024-10-16,Total TGA Deposits (Table II),null,32914
2024-10-16,Total TGA Withdrawals (Table II) (-),null,43816
2024-10-16,Treasury General Account (TGA) Closing Balance,null,814751
2024-10-17,Treasury General Account (TGA) Opening Balance,null,814751
2024-10-17,Total TGA Deposits (Table II),null,261109
2024-10-17,Total TGA Withdrawals (Table II) (-),null,247014
2024-10-17,Treasury General Account (TGA) Closing Balance,null,828847
2024-10-18,Treasury General Account (TGA) Opening Balance,null,828847
2024-10-18,Total TGA Deposits (Table II),null,15352
2024-10-18,Total TGA Withdrawals (Table II) (-),null,16401
2024-10-18,Treasury General Account (TGA) Closing Balance,null,827798
2024-10-21,Treasury General Account (TGA) Opening Balance,null,827798
2024-10-21,Total TGA Deposits (Table II),null,28631
2024-10-21,Total TGA Withdrawals (Table II) (-),null,14833
2024-10-21,Treasury General Account (TGA) Closing Balance,null,841596
2024-10-22,Treasury General Account (TGA) Opening Balance,null,841596
2024-10-22,Total TGA Deposits (Table II),null,261347
2024-10-22,Total TGA Withdrawals (Table II) (-),null,264253
2024-10-22,Treasury General Account (TGA) Closing Balance,null,838690
2024-10-23,Treasury General Account (TGA) Opening Balance,null,838690
2024-10-23,Total TGA Deposits (Table II),null,25831
2024-10-23,Total TGA Withdrawals (Table II) (-),null,47111
2024-10-23,Treasury General Account (TGA) Closing Balance,null,817410
2024-10-24,Treasury General Account (TGA) Opening Balance,null,817410
2024-10-24,Total TGA Deposits (Table II),null,250704
2024-10-24,Total TGA Withdrawals (Table II) (-),null,233979
2024-10-24,Treasury General Account (TGA) Closing Balance,null,834134
2024-10-25,Treasury General Account (TGA) Opening Balance,null,834134
2024-10-25,Total TGA Deposits (Table II),null,14753
2024-10-25,Total TGA Withdrawals (Table II) (-),null,21409
2024-10-25,Treasury General Account (TGA) Closing Balance,null,827478
2024-10-28,Treasury General Account (TGA) Opening Balance,null,827478
2024-10-28,Total TGA Deposits (Table II),null,31479
2024-10-28,Total TGA Withdrawals (Table II) (-),null,23063
2024-10-28,Treasury General Account (TGA) Closing Balance,null,835894
2024-10-29,Treasury General Account (TGA) Opening Balance,null,835894
2024-10-29,Total TGA Deposits (Table II),null,263002
2024-10-29,Total TGA Withdrawals (Table II) (-),null,251833
2024-10-29,Treasury General Account (TGA) Closing Balance,null,847063
2024-10-30,Treasury General Account (TGA) Opening Balance,null,847063
2024-10-30,Total TGA Deposits (Table II),null,20069
2024-10-30,Total TGA Withdrawals (Table II) (-),null,19995
2024-10-30,Treasury General Account (TGA) Closing Balance,null,847137
2024-10-31,Treasury General Account (TGA) Opening Balance,null,847137
2024-10-31,Total TGA Deposits (Table II),null,571150
2024-10-31,Total TGA Withdrawals (Table II) (-),null,497245
2024-10-31,Treasury General Account (TGA) Closing Balance,null,921042
2024-11-01,Treasury General Account (TGA) Opening Balance,null,921042
2024-11-01,Total TGA Deposits (Table II),null,33529
2024-11-01,Total TGA Withdrawals (Table II) (-),null,135341
2024-11-01,Treasury General Account (TGA) Closing Balance,null,819229
2024-11-04,Treasury General Account (TGA) Opening Balance,null,819229
2024-11-04,Total TGA Deposits (Table II),null,34144
2024-11-04,Total TGA Withdrawals (Table II) (-),null,16771
2024-11-04,Treasury General Account (TGA) Closing Balance,null,836603
2024-11-05,Treasury General Account (TGA) Opening Balance,null,836603
2024-11-05,Total TGA Deposits (Table II),null,262880
2024-11-05,Total TGA Withdrawals (Table II) (-),null,260683
2024-11-05,Treasury General Account (TGA) Closing Balance,null,838800
2024-11-06,Treasury General Account (TGA) Opening Balance,null,838800
2024-11-06,Total TGA Deposits (Table II),null,19212
2024-11-06,Total TGA Withdrawals (Table II) (-),null,17784
2024-11-06,Treasury General Account (TGA) Closing Balance,null,840227
2024-11-07,Treasury General Account (TGA) Opening Balance,null,840227
2024-11-07,Total TGA Deposits (Table II),null,251513
2024-11-07,Total TGA Withdrawals (Table II) (-),null,251777
2024-11-07,Treasury General Account (TGA) Closing Balance,null,839963
2024-11-08,Treasury General Account (TGA) Opening Balance,null,839963
2024-11-08,Total TGA Deposits (Table II),null,14618
2024-11-08,Total TGA Withdrawals (Table II) (-),null,23303
2024-11-08,Treasury General Account (TGA) Closing Balance,null,831278
2024-11-12,Treasury General Account (TGA) Opening Balance,null,831278
2024-11-12,Total TGA Deposits (Table II),null,283031
2024-11-12,Total TGA Withdrawals (Table II) (-),null,262937
2024-11-12,Treasury General Account (TGA) Closing Balance,null,851371
2024-11-13,Treasury General Account (TGA) Opening Balance,null,851371
2024-11-13,Total TGA Deposits (Table II),null,12881
2024-11-13,Total TGA Withdrawals (Table II) (-),null,55395
2024-11-13,Treasury General Account (TGA) Closing Balance,null,808857
2024-11-14,Treasury General Account (TGA) Opening Balance,null,808857
2024-11-14,Total TGA Deposits (Table II),null,265294
2024-11-14,Total TGA Withdrawals (Table II) (-),null,258458
2024-11-14,Treasury General Account (TGA) Closing Balance,null,815693
2024-11-15,Treasury General Account (TGA) Opening Balance,null,815693
2024-11-15,Total TGA Deposits (Table II),null,173369
2024-11-15,Total TGA Withdrawals (Table II) (-),null,258151
2024-11-15,Treasury General Account (TGA) Closing Balance,null,730911
2024-11-18,Treasury General Account (TGA) Opening Balance,null,730911
2024-11-18,Total TGA Deposits (Table II),null,39549
2024-11-18,Total TGA Withdrawals (Table II) (-),null,16327
2024-11-18,Treasury General Account (TGA) Closing Balance,null,754133
2024-11-19,Treasury General Account (TGA) Opening Balance,null,754133
2024-11-19,Total TGA Deposits (Table II),null,266973
2024-11-19,Total TGA Withdrawals (Table II) (-),null,258389
2024-11-19,Treasury General Account (TGA) Closing Balance,null,762717
2024-11-20,Treasury General Account (TGA) Opening Balance,null,762717
2024-11-20,Total TGA Deposits (Table II),null,18925
2024-11-20,Total TGA Withdrawals (Table II) (-),null,43808
2024-11-20,Treasury General Account (TGA) Closing Balance,null,737834
2024-11-21,Treasury General Account (TGA) Opening Balance,null,737834
2024-11-21,Total TGA Deposits (Table II),null,301989
2024-11-21,Total TGA Withdrawals (Table II) (-),null,260126
2024-11-21,Treasury General Account (TGA) Closing Balance,null,779696
2024-11-22,Treasury General Account (TGA) Opening Balance,null,779696
2024-11-22,Total TGA Deposits (Table II),null,13743
2024-11-22,Total TGA Withdrawals (Table II) (-),null,34776
2024-11-22,Treasury General Account (TGA) Closing Balance,null,758663
2024-11-25,Treasury General Account (TGA) Opening Balance,null,758663
2024-11-25,Total TGA Deposits (Table II),null,37018
2024-11-25,Total TGA Withdrawals (Table II) (-),null,18566
2024-11-25,Treasury General Account (TGA) Closing Balance,null,777116
2024-11-26,Treasury General Account (TGA) Opening Balance,null,777116
2024-11-26,Total TGA Deposits (Table II),null,301729
2024-11-26,Total TGA Withdrawals (Table II) (-),null,267602
2024-11-26,Treasury General Account (TGA) Closing Balance,null,811242
2024-11-27,Total TGA Deposits (Table II),null,21167
2024-11-27,Treasury General Account (TGA) Opening Balance,null,811242
2024-11-27,Total TGA Withdrawals (Table II) (-),null,49705
2024-11-27,Treasury General Account (TGA) Closing Balance,null,782704
2024-11-29,Treasury General Account (TGA) Opening Balance,null,782704
2024-11-29,Total TGA Deposits (Table II),null,357270
2024-11-29,Total TGA Withdrawals (Table II) (-),null,383096
2024-11-29,Treasury General Account (TGA) Closing Balance,null,756878
2024-12-02,Treasury General Account (TGA) Opening Balance,null,756878
2024-12-02,Total TGA Deposits (Table II),null,256354
2024-12-02,Total TGA Withdrawals (Table II) (-),null,170451
2024-12-02,Treasury General Account (TGA) Closing Balance,null,842781
2024-12-03,Treasury General Account (TGA) Opening Balance,null,842781
2024-12-03,Total TGA Deposits (Table II),null,264694
2024-12-03,Total TGA Withdrawals (Table II) (-),null,291993
2024-12-03,Treasury General Account (TGA) Closing Balance,null,815482
2024-12-04,Treasury General Account (TGA) Opening Balance,null,815482
2024-12-04,Total TGA Deposits (Table II),null,19026
2024-12-04,Total TGA Withdrawals (Table II) (-),null,19497
2024-12-04,Treasury General Account (TGA) Closing Balance,null,815011
2024-12-05,Treasury General Account (TGA) Opening Balance,null,815011
2024-12-05,Total TGA Deposits (Table II),null,236415
2024-12-05,Total TGA Withdrawals (Table II) (-),null,252772
2024-12-05,Treasury General Account (TGA) Closing Balance,null,798654
2024-12-06,Treasury General Account (TGA) Opening Balance,null,798654
2024-12-06,Total TGA Deposits (Table II),null,14784
2024-12-06,Total TGA Withdrawals (Table II) (-),null,24683
2024-12-06,Treasury General Account (TGA) Closing Balance,null,788754
2024-12-09,Treasury General Account (TGA) Opening Balance,null,788754
2024-12-09,Total TGA Deposits (Table II),null,31082
2024-12-09,Total TGA Withdrawals (Table II) (-),null,18946
2024-12-09,Treasury General Account (TGA) Closing Balance,null,800890
2024-12-10,Treasury General Account (TGA) Opening Balance,null,800890
2024-12-10,Total TGA Deposits (Table II),null,243222
2024-12-10,Total TGA Withdrawals (Table II) (-),null,295803
2024-12-10,Treasury General Account (TGA) Closing Balance,null,748309
2024-12-11,Treasury General Account (TGA) Opening Balance,null,748309
2024-12-11,Total TGA Deposits (Table II),null,20665
2024-12-11,Total TGA Withdrawals (Table II) (-),null,57620
2024-12-11,Treasury General Account (TGA) Closing Balance,null,711354
2024-12-12,Treasury General Account (TGA) Opening Balance,null,711354
2024-12-12,Total TGA Deposits (Table II),null,241716
2024-12-12,Total TGA Withdrawals (Table II) (-),null,249394
2024-12-12,Treasury General Account (TGA) Closing Balance,null,703676
2024-12-13,Treasury General Account (TGA) Opening Balance,null,703676
2024-12-13,Total TGA Deposits (Table II),null,40872
2024-12-13,Total TGA Withdrawals (Table II) (-),null,19224
2024-12-13,Treasury General Account (TGA) Closing Balance,null,725325
2024-12-16,Treasury General Account (TGA) Opening Balance,null,725325
2024-12-16,Total TGA Deposits (Table II),null,220522
2024-12-16,Total TGA Withdrawals (Table II) (-),null,84630
2024-12-16,Treasury General Account (TGA) Closing Balance,null,861216
2024-12-17,Treasury General Account (TGA) Opening Balance,null,861216
2024-12-17,Total TGA Deposits (Table II),null,238311
2024-12-17,Total TGA Withdrawals (Table II) (-),null,268847
2024-12-17,Treasury General Account (TGA) Closing Balance,null,830681
2024-12-18,Treasury General Account (TGA) Opening Balance,null,830681
2024-12-18,Total TGA Deposits (Table II),null,21687
2024-12-18,Total TGA Withdrawals (Table II) (-),null,48393
2024-12-18,Treasury General Account (TGA) Closing Balance,null,803975
2024-12-19,Treasury General Account (TGA) Opening Balance,null,803975
2024-12-19,Total TGA Deposits (Table II),null,230718
2024-12-19,Total TGA Withdrawals (Table II) (-),null,246710
2024-12-19,Treasury General Account (TGA) Closing Balance,null,787982
2024-12-20,Treasury General Account (TGA) Opening Balance,null,787982
2024-12-20,Total TGA Deposits (Table II),null,19956
2024-12-20,Total TGA Withdrawals (Table II) (-),null,40448
2024-12-20,Treasury General Account (TGA) Closing Balance,null,767489
2024-12-23,Treasury General Account (TGA) Opening Balance,null,767489
2024-12-23,Total TGA Deposits (Table II),null,47154
2024-12-23,Total TGA Withdrawals (Table II) (-),null,21779
2024-12-23,Treasury General Account (TGA) Closing Balance,null,792864
2024-12-24,Treasury General Account (TGA) Opening Balance,null,792864
2024-12-24,Total TGA Deposits (Table II),null,236416
2024-12-24,Total TGA Withdrawals (Table II) (-),null,294240
2024-12-24,Treasury General Account (TGA) Closing Balance,null,735039
2024-12-26,Treasury General Account (TGA) Opening Balance,null,735039
2024-12-26,Total TGA Deposits (Table II),null,287164
2024-12-26,Total TGA Withdrawals (Table II) (-),null,333505
2024-12-26,Treasury General Account (TGA) Closing Balance,null,688699
2024-12-27,Treasury General Account (TGA) Opening Balance,null,688699
2024-12-27,Total TGA Deposits (Table II),null,51473
2024-12-27,Total TGA Withdrawals (Table II) (-),null,19772
2024-12-27,Treasury General Account (TGA) Closing Balance,null,720401
2024-12-30,Treasury General Account (TGA) Opening Balance,null,720401
2024-12-30,Total TGA Deposits (Table II),null,44060
2024-12-30,Total TGA Withdrawals (Table II) (-),null,19033
2024-12-30,Treasury General Account (TGA) Closing Balance,null,745427
2024-12-31,Treasury General Account (TGA) Opening Balance,null,745427
2024-12-31,Total TGA Deposits (Table II),null,456284
2024-12-31,Total TGA Withdrawals (Table II) (-),null,479819
2024-12-31,Treasury General Account (TGA) Closing Balance,null,721892
2025-01-02,Treasury General Account (TGA) Opening Balance,null,721892
2025-01-02,Total TGA Deposits (Table II),null,287029
2025-01-02,Total TGA Withdrawals (Table II) (-),null,331876
2025-01-02,Treasury General Account (TGA) Closing Balance,null,677045
2025-01-03,Treasury General Account (TGA) Opening Balance,null,677045
2025-01-03,Total TGA Deposits (Table II),null,19063
2025-01-03,Total TGA Withdrawals (Table II) (-),null,45831
2025-01-03,Treasury General Account (TGA) Closing Balance,null,650277
2025-01-06,Treasury General Account (TGA) Opening Balance,null,650277
2025-01-06,Total TGA Deposits (Table II),null,38384
2025-01-06,Total TGA Withdrawals (Table II) (-),null,20104
2025-01-06,Treasury General Account (TGA) Closing Balance,null,668557
2025-01-07,Treasury General Account (TGA) Opening Balance,null,668557
2025-01-07,Total TGA Deposits (Table II),null,243690
2025-01-07,Total TGA Withdrawals (Table II) (-),null,260759
2025-01-07,Treasury General Account (TGA) Closing Balance,null,651488
2025-01-08,Treasury General Account (TGA) Opening Balance,null,651488
2025-01-08,Total TGA Deposits (Table II),null,17590
2025-01-08,Total TGA Withdrawals (Table II) (-),null,48546
2025-01-08,Treasury General Account (TGA) Closing Balance,null,620531
2025-01-09,Treasury General Account (TGA) Opening Balance,null,620531
2025-01-09,Total TGA Deposits (Table II),null,258241
2025-01-09,Total TGA Withdrawals (Table II) (-),null,255044
2025-01-09,Treasury General Account (TGA) Closing Balance,null,623729
2025-01-10,Treasury General Account (TGA) Opening Balance,null,623729
2025-01-10,Total TGA Deposits (Table II),null,17007
2025-01-10,Total TGA Withdrawals (Table II) (-),null,9152
2025-01-10,Treasury General Account (TGA) Closing Balance,null,631584
2025-01-13,Treasury General Account (TGA) Opening Balance,null,631584
2025-01-13,Total TGA Deposits (Table II),null,38633
2025-01-13,Total TGA Withdrawals (Table II) (-),null,22862
2025-01-13,Treasury General Account (TGA) Closing Balance,null,647354
2025-01-14,Treasury General Account (TGA) Opening Balance,null,647354
2025-01-14,Total TGA Deposits (Table II),null,279196
2025-01-14,Total TGA Withdrawals (Table II) (-),null,255000
2025-01-14,Treasury General Account (TGA) Closing Balance,null,671551
2025-01-15,Treasury General Account (TGA) Opening Balance,null,671551
2025-01-15,Total TGA Deposits (Table II),null,209529
2025-01-15,Total TGA Withdrawals (Table II) (-),null,229892
2025-01-15,Treasury General Account (TGA) Closing Balance,null,651187
2025-01-16,Treasury General Account (TGA) Opening Balance,null,651187
2025-01-16,Total TGA Deposits (Table II),null,282912
2025-01-16,Total TGA Withdrawals (Table II) (-),null,256911
2025-01-16,Treasury General Account (TGA) Closing Balance,null,677188
2025-01-17,Total TGA Withdrawals (Table II) (-),null,21313
2025-01-17,Treasury General Account (TGA) Closing Balance,null,673357
2025-01-17,Treasury General Account (TGA) Opening Balance,null,677188
2025-01-17,Total TGA Deposits (Table II),null,17481
2025-01-21,Treasury General Account (TGA) Opening Balance,null,673357
2025-01-21,Total TGA Deposits (Table II),null,287577
2025-01-21,Total TGA Withdrawals (Table II) (-),null,256060
2025-01-21,Treasury General Account (TGA) Closing Balance,null,704874
2025-01-22,Treasury General Account (TGA) Opening Balance,null,704874
2025-01-22,Total TGA Deposits (Table II),null,17145
2025-01-22,Total TGA Withdrawals (Table II) (-),null,56534
2025-01-22,Treasury General Account (TGA) Closing Balance,null,665485
2025-01-23,Treasury General Account (TGA) Opening Balance,null,665485
2025-01-23,Total TGA Deposits (Table II),null,397101
2025-01-23,Total TGA Withdrawals (Table II) (-),null,302543
2025-01-23,Treasury General Account (TGA) Closing Balance,null,760043
2025-01-24,Treasury General Account (TGA) Opening Balance,null,760043
2025-01-24,Total TGA Deposits (Table II),null,25320
2025-01-24,Total TGA Withdrawals (Table II) (-),null,16379
2025-01-24,Treasury General Account (TGA) Closing Balance,null,768984
2025-01-27,Treasury General Account (TGA) Opening Balance,null,768984
2025-01-27,Total TGA Deposits (Table II),null,42089
2025-01-27,Total TGA Withdrawals (Table II) (-),null,13614
2025-01-27,Treasury General Account (TGA) Closing Balance,null,797458
2025-01-28,Treasury General Account (TGA) Opening Balance,null,797458
2025-01-28,Total TGA Deposits (Table II),null,264123
2025-01-28,Total TGA Withdrawals (Table II) (-),null,248138
2025-01-28,Treasury General Account (TGA) Closing Balance,null,813442
2025-01-29,Treasury General Account (TGA) Opening Balance,null,813442
2025-01-29,Total TGA Deposits (Table II),null,24035
2025-01-29,Total TGA Withdrawals (Table II) (-),null,25928
2025-01-29,Treasury General Account (TGA) Closing Balance,null,811549
2025-01-30,Treasury General Account (TGA) Opening Balance,null,811549
2025-01-30,Total TGA Deposits (Table II),null,269398
2025-01-30,Total TGA Withdrawals (Table II) (-),null,254996
2025-01-30,Treasury General Account (TGA) Closing Balance,null,825951
2025-01-31,Treasury General Account (TGA) Opening Balance,null,825951
2025-01-31,Total TGA Deposits (Table II),null,286444
2025-01-31,Total TGA Withdrawals (Table II) (-),null,319370
2025-01-31,Treasury General Account (TGA) Closing Balance,null,793025
2025-02-03,Treasury General Account (TGA) Opening Balance,null,793025
2025-02-03,Total TGA Deposits (Table II),null,66063
2025-02-03,Total TGA Withdrawals (Table II) (-),null,59083
2025-02-03,Treasury General Account (TGA) Closing Balance,null,800006
2025-02-04,Treasury General Account (TGA) Opening Balance,null,800006
2025-02-04,Total TGA Deposits (Table II),null,269809
2025-02-04,Total TGA Withdrawals (Table II) (-),null,253648
2025-02-04,Treasury General Account (TGA) Closing Balance,null,816166
2025-02-05,Treasury General Account (TGA) Opening Balance,null,816166
2025-02-05,Total TGA Deposits (Table II),null,19279
2025-02-05,Total TGA Withdrawals (Table II) (-),null,17493
2025-02-05,Treasury General Account (TGA) Closing Balance,null,817953
2025-02-06,Treasury General Account (TGA) Opening Balance,null,817953
2025-02-06,Total TGA Deposits (Table II),null,261451
2025-02-06,Total TGA Withdrawals (Table II) (-),null,249081
2025-02-06,Treasury General Account (TGA) Closing Balance,null,830323
2025-02-07,Treasury General Account (TGA) Opening Balance,null,830323
2025-02-07,Total TGA Deposits (Table II),null,14412
2025-02-07,Total TGA Withdrawals (Table II) (-),null,18984
2025-02-07,Treasury General Account (TGA) Closing Balance,null,825751
2025-02-10,Treasury General Account (TGA) Opening Balance,null,825751
2025-02-10,Total TGA Deposits (Table II),null,30902
2025-02-10,Total TGA Withdrawals (Table II) (-),null,18848
2025-02-10,Treasury General Account (TGA) Closing Balance,null,837805
2025-02-11,Treasury General Account (TGA) Opening Balance,null,837805
2025-02-11,Total TGA Deposits (Table II),null,263150
2025-02-11,Total TGA Withdrawals (Table II) (-),null,258773
2025-02-11,Treasury General Account (TGA) Closing Balance,null,842182
2025-02-12,Treasury General Account (TGA) Opening Balance,null,842182
2025-02-12,Total TGA Deposits (Table II),null,17488
2025-02-12,Total TGA Withdrawals (Table II) (-),null,50515
2025-02-12,Treasury General Account (TGA) Closing Balance,null,809154
2025-02-13,Treasury General Account (TGA) Opening Balance,null,809154
2025-02-13,Total TGA Deposits (Table II),null,262323
2025-02-13,Total TGA Withdrawals (Table II) (-),null,262139
2025-02-13,Treasury General Account (TGA) Closing Balance,null,809338
2025-02-14,Treasury General Account (TGA) Opening Balance,null,809338
2025-02-14,Total TGA Deposits (Table II),null,19115
2025-02-14,Total TGA Withdrawals (Table II) (-),null,26369
2025-02-14,Treasury General Account (TGA) Closing Balance,null,802084
2025-02-18,Treasury General Account (TGA) Opening Balance,null,802084
2025-02-18,Total TGA Deposits (Table II),null,461482
2025-02-18,Total TGA Withdrawals (Table II) (-),null,489740
2025-02-18,Treasury General Account (TGA) Closing Balance,null,773826
2025-02-19,Treasury General Account (TGA) Opening Balance,null,773826
2025-02-19,Total TGA Deposits (Table II),null,13473
2025-02-19,Total TGA Withdrawals (Table II) (-),null,48360
2025-02-19,Treasury General Account (TGA) Closing Balance,null,738938
2025-02-20,Treasury General Account (TGA) Opening Balance,null,738938
2025-02-20,Total TGA Deposits (Table II),null,313241
2025-02-20,Total TGA Withdrawals (Table II) (-),null,324299
2025-02-20,Treasury General Account (TGA) Closing Balance,null,727881
2025-02-21,Treasury General Account (TGA) Opening Balance,null,727881
2025-02-21,Total TGA Deposits (Table II),null,15458
2025-02-21,Total TGA Withdrawals (Table II) (-),null,29697
2025-02-21,Treasury General Account (TGA) Closing Balance,null,713642
2025-02-24,Treasury General Account (TGA) Opening Balance,null,713642
2025-02-24,Total TGA Deposits (Table II),null,34415
2025-02-24,Total TGA Withdrawals (Table II) (-),null,40999
2025-02-24,Treasury General Account (TGA) Closing Balance,null,707057
2025-02-25,Treasury General Account (TGA) Opening Balance,null,707057
2025-02-25,Total TGA Deposits (Table II),null,246553
2025-02-25,Total TGA Withdrawals (Table II) (-),null,329899
2025-02-25,Treasury General Account (TGA) Closing Balance,null,623711
2025-02-26,Treasury General Account (TGA) Opening Balance,null,623711
2025-02-26,Total TGA Deposits (Table II),null,20477
2025-02-26,Total TGA Withdrawals (Table II) (-),null,75637
2025-02-26,Treasury General Account (TGA) Closing Balance,null,568550
2025-02-27,Treasury General Account (TGA) Opening Balance,null,568550
2025-02-27,Total TGA Deposits (Table II),null,239184
2025-02-27,Total TGA Withdrawals (Table II) (-),null,270441
2025-02-27,Treasury General Account (TGA) Closing Balance,null,537294
2025-02-28,Treasury General Account (TGA) Opening Balance,null,537294
2025-02-28,Total TGA Deposits (Table II),null,281285
2025-02-28,Total TGA Withdrawals (Table II) (-),null,258997
2025-02-28,Treasury General Account (TGA) Closing Balance,null,559582
2025-03-03,Treasury General Account (TGA) Opening Balance,null,559582
2025-03-03,Total TGA Deposits (Table II),null,69621
2025-03-03,Total TGA Withdrawals (Table II) (-),null,62494
2025-03-03,Treasury General Account (TGA) Closing Balance,null,566710
2025-03-04,Treasury General Account (TGA) Opening Balance,null,566710
2025-03-04,Total TGA Deposits (Table II),null,233477
2025-03-04,Total TGA Withdrawals (Table II) (-),null,267436
2025-03-04,Treasury General Account (TGA) Closing Balance,null,532751
2025-03-05,Treasury General Account (TGA) Opening Balance,null,532751
2025-03-05,Total TGA Deposits (Table II),null,22497
2025-03-05,Total TGA Withdrawals (Table II) (-),null,32430
2025-03-05,Treasury General Account (TGA) Closing Balance,null,522818
2025-03-06,Treasury General Account (TGA) Opening Balance,null,522818
2025-03-06,Total TGA Deposits (Table II),null,267248
2025-03-06,Total TGA Withdrawals (Table II) (-),null,260578
2025-03-06,Treasury General Account (TGA) Closing Balance,null,529488
2025-03-07,Treasury General Account (TGA) Opening Balance,null,529488
2025-03-07,Total TGA Deposits (Table II),null,17194
2025-03-07,Total TGA Withdrawals (Table II) (-),null,25221
2025-03-07,Treasury General Account (TGA) Closing Balance,null,521461
2025-03-10,Treasury General Account (TGA) Opening Balance,null,521461
2025-03-10,Total TGA Deposits (Table II),null,42688
2025-03-10,Total TGA Withdrawals (Table II) (-),null,21561
2025-03-10,Treasury General Account (TGA) Closing Balance,null,542588
2025-03-11,Treasury General Account (TGA) Opening Balance,null,542588
2025-03-11,Total TGA Deposits (Table II),null,227295
2025-03-11,Total TGA Withdrawals (Table II) (-),null,268986
2025-03-11,Treasury General Account (TGA) Closing Balance,null,500897
2025-03-12,Treasury General Account (TGA) Opening Balance,null,500897
2025-03-12,Total TGA Deposits (Table II),null,21614
2025-03-12,Total TGA Withdrawals (Table II) (-),null,71798
2025-03-12,Treasury General Account (TGA) Closing Balance,null,450713
2025-03-13,Treasury General Account (TGA) Opening Balance,null,450713
2025-03-13,Total TGA Deposits (Table II),null,227987
2025-03-13,Total TGA Withdrawals (Table II) (-),null,266277
2025-03-13,Treasury General Account (TGA) Closing Balance,null,412423
2025-03-14,Treasury General Account (TGA) Opening Balance,null,412423
2025-03-14,Total TGA Deposits (Table II),null,29819
2025-03-14,Total TGA Withdrawals (Table II) (-),null,28102
2025-03-14,Treasury General Account (TGA) Closing Balance,null,414141
2025-03-17,Treasury General Account (TGA) Opening Balance,null,414141
2025-03-17,Total TGA Deposits (Table II),null,199103
2025-03-17,Total TGA Withdrawals (Table II) (-),null,82492
2025-03-17,Treasury General Account (TGA) Closing Balance,null,530752
2025-03-18,Treasury General Account (TGA) Opening Balance,null,530752
2025-03-18,Total TGA Deposits (Table II),null,225488
2025-03-18,Total TGA Withdrawals (Table II) (-),null,306087
2025-03-18,Treasury General Account (TGA) Closing Balance,null,450153
2025-03-19,Treasury General Account (TGA) Opening Balance,null,450153
2025-03-19,Total TGA Deposits (Table II),null,20342
2025-03-19,Total TGA Withdrawals (Table II) (-),null,54695
2025-03-19,Treasury General Account (TGA) Closing Balance,null,415799
2025-03-20,Total TGA Deposits (Table II),null,270474
2025-03-20,Treasury General Account (TGA) Opening Balance,null,415799
2025-03-20,Total TGA Withdrawals (Table II) (-),null,303027
2025-03-20,Treasury General Account (TGA) Closing Balance,null,383246
2025-03-21,Treasury General Account (TGA) Opening Balance,null,383246
2025-03-21,Total TGA Deposits (Table II),null,15482
2025-03-21,Total TGA Withdrawals (Table II) (-),null,36783
2025-03-21,Treasury General Account (TGA) Closing Balance,null,361945
2025-03-24,Treasury General Account (TGA) Opening Balance,null,361945
2025-03-24,Total TGA Deposits (Table II),null,40714
2025-03-24,Total TGA Withdrawals (Table II) (-),null,16973
2025-03-24,Treasury General Account (TGA) Closing Balance,null,385686
2025-03-25,Treasury General Account (TGA) Opening Balance,null,385686
2025-03-25,Total TGA Deposits (Table II),null,224427
2025-03-25,Total TGA Withdrawals (Table II) (-),null,259615
2025-03-25,Treasury General Account (TGA) Closing Balance,null,350498
2025-03-26,Treasury General Account (TGA) Opening Balance,null,350498
2025-03-26,Total TGA Deposits (Table II),null,19302
2025-03-26,Total TGA Withdrawals (Table II) (-),null,53830
2025-03-26,Treasury General Account (TGA) Closing Balance,null,315970
2025-03-27,Treasury General Account (TGA) Opening Balance,null,315970
2025-03-27,Total TGA Deposits (Table II),null,227067
2025-03-27,Total TGA Withdrawals (Table II) (-),null,262388
2025-03-27,Treasury General Account (TGA) Closing Balance,null,280650
2025-03-28,Treasury General Account (TGA) Opening Balance,null,280650
2025-03-28,Total TGA Deposits (Table II),null,51337
2025-03-28,Total TGA Withdrawals (Table II) (-),null,30198
2025-03-28,Treasury General Account (TGA) Closing Balance,null,301789
2025-03-31,Treasury General Account (TGA) Opening Balance,null,301789
2025-03-31,Total TGA Deposits (Table II),null,262527
2025-03-31,Total TGA Withdrawals (Table II) (-),null,158530
2025-03-31,Treasury General Account (TGA) Closing Balance,null,405786
2025-04-01,Treasury General Account (TGA) Opening Balance,null,405786
2025-04-01,Total TGA Deposits (Table II),null,250278
2025-04-01,Total TGA Withdrawals (Table II) (-),null,356206
2025-04-01,Treasury General Account (TGA) Closing Balance,null,299858
2025-04-02,Treasury General Account (TGA) Opening Balance,null,299858
2025-04-02,Total TGA Deposits (Table II),null,27109
2025-04-02,Total TGA Withdrawals (Table II) (-),null,25342
2025-04-02,Treasury General Account (TGA) Closing Balance,null,301624
2025-04-03,Treasury General Account (TGA) Opening Balance,null,301624
2025-04-03,Total TGA Deposits (Table II),null,288860
2025-04-03,Total TGA Withdrawals (Table II) (-),null,294124
2025-04-03,Treasury General Account (TGA) Closing Balance,null,296360
2025-04-04,Treasury General Account (TGA) Opening Balance,null,296360
2025-04-04,Total TGA Deposits (Table II),null,19612
2025-04-04,Total TGA Withdrawals (Table II) (-),null,24580
2025-04-04,Treasury General Account (TGA) Closing Balance,null,291391
2025-04-07,Treasury General Account (TGA) Opening Balance,null,291391
2025-04-07,Total TGA Deposits (Table II),null,35099
2025-04-07,Total TGA Withdrawals (Table II) (-),null,16502
2025-04-07,Treasury General Account (TGA) Closing Balance,null,309989
2025-04-08,Treasury General Account (TGA) Opening Balance,null,309989
2025-04-08,Total TGA Deposits (Table II),null,288345
2025-04-08,Total TGA Withdrawals (Table II) (-),null,251699
2025-04-08,Treasury General Account (TGA) Closing Balance,null,346635
2025-04-09,Treasury General Account (TGA) Opening Balance,null,346635
2025-04-09,Total TGA Deposits (Table II),null,26367
2025-04-09,Total TGA Withdrawals (Table II) (-),null,57813
2025-04-09,Treasury General Account (TGA) Closing Balance,null,315189
2025-04-10,Treasury General Account (TGA) Opening Balance,null,315189
2025-04-10,Total TGA Deposits (Table II),null,260870
2025-04-10,Total TGA Withdrawals (Table II) (-),null,261591
2025-04-10,Treasury General Account (TGA) Closing Balance,null,314467
2025-04-11,Treasury General Account (TGA) Opening Balance,null,314467
2025-04-11,Total TGA Deposits (Table II),null,50474
2025-04-11,Total TGA Withdrawals (Table II) (-),null,34438
2025-04-11,Treasury General Account (TGA) Closing Balance,null,330503
2025-04-14,Treasury General Account (TGA) Opening Balance,null,330503
2025-04-14,Total TGA Deposits (Table II),null,105437
2025-04-14,Total TGA Withdrawals (Table II) (-),null,20270
2025-04-14,Treasury General Account (TGA) Closing Balance,null,415670
2025-04-15,Treasury General Account (TGA) Opening Balance,null,415670
2025-04-15,Total TGA Deposits (Table II),null,549487
2025-04-15,Total TGA Withdrawals (Table II) (-),null,364703
2025-04-15,Treasury General Account (TGA) Closing Balance,null,600455
2025-04-16,Treasury General Account (TGA) Opening Balance,null,600455
2025-04-16,Total TGA Deposits (Table II),null,89851
2025-04-16,Total TGA Withdrawals (Table II) (-),null,51524
2025-04-16,Treasury General Account (TGA) Closing Balance,null,638783
2025-04-17,Treasury General Account (TGA) Opening Balance,null,638783
2025-04-17,Total TGA Deposits (Table II),null,324754
2025-04-17,Total TGA Withdrawals (Table II) (-),null,363544
2025-04-17,Treasury General Account (TGA) Closing Balance,null,599993
2025-04-18,Treasury General Account (TGA) Opening Balance,null,599993
2025-04-18,Total TGA Deposits (Table II),null,31002
2025-04-18,Total TGA Withdrawals (Table II) (-),null,18614
2025-04-18,Treasury General Account (TGA) Closing Balance,null,612381
2025-04-21,Treasury General Account (TGA) Opening Balance,null,612381
2025-04-21,Total TGA Deposits (Table II),null,43567
2025-04-21,Total TGA Withdrawals (Table II) (-),null,29504
2025-04-21,Treasury General Account (TGA) Closing Balance,null,626444
2025-04-22,Treasury General Account (TGA) Opening Balance,null,626444
2025-04-22,Total TGA Deposits (Table II),null,275121
2025-04-22,Total TGA Withdrawals (Table II) (-),null,294880
2025-04-22,Treasury General Account (TGA) Closing Balance,null,606684
2025-04-23,Treasury General Account (TGA) Opening Balance,null,606684
2025-04-23,Total TGA Deposits (Table II),null,32571
2025-04-23,Total TGA Withdrawals (Table II) (-),null,63096
2025-04-23,Treasury General Account (TGA) Closing Balance,null,576159
2025-04-24,Treasury General Account (TGA) Opening Balance,null,576159
2025-04-24,Total TGA Deposits (Table II),null,245127
2025-04-24,Total TGA Withdrawals (Table II) (-),null,258527
2025-04-24,Treasury General Account (TGA) Closing Balance,null,562759
2025-04-25,Treasury General Account (TGA) Opening Balance,null,562759
2025-04-25,Total TGA Deposits (Table II),null,28870
2025-04-25,Total TGA Withdrawals (Table II) (-),null,19939
2025-04-25,Treasury General Account (TGA) Closing Balance,null,571691
2025-04-28,Treasury General Account (TGA) Opening Balance,null,571691
2025-04-28,Total TGA Deposits (Table II),null,46359
2025-04-28,Total TGA Withdrawals (Table II) (-),null,20052
2025-04-28,Treasury General Account (TGA) Closing Balance,null,597998
2025-04-29,Treasury General Account (TGA) Opening Balance,null,597998
2025-04-29,Total TGA Deposits (Table II),null,254501
2025-04-29,Total TGA Withdrawals (Table II) (-),null,235793
2025-04-29,Treasury General Account (TGA) Closing Balance,null,616705
2025-04-30,Treasury General Account (TGA) Opening Balance,null,616705
2025-04-30,Total TGA Deposits (Table II),null,307733
2025-04-30,Total TGA Withdrawals (Table II) (-),null,246782
2025-04-30,Treasury General Account (TGA) Closing Balance,null,677657
2025-05-01,Treasury General Account (TGA) Opening Balance,null,677657
2025-05-01,Total TGA Deposits (Table II),null,278368
2025-05-01,Total TGA Withdrawals (Table II) (-),null,362936
2025-05-01,Treasury General Account (TGA) Closing Balance,null,593088
2025-05-02,Treasury General Account (TGA) Opening Balance,null,593088
2025-05-02,Total TGA Deposits (Table II),null,23149
2025-05-02,Total TGA Withdrawals (Table II) (-),null,41892
2025-05-02,Treasury General Account (TGA) Closing Balance,null,574345
2025-05-05,Treasury General Account (TGA) Opening Balance,null,574345
2025-05-05,Total TGA Deposits (Table II),null,33350
2025-05-05,Total TGA Withdrawals (Table II) (-),null,17345
2025-05-05,Treasury General Account (TGA) Closing Balance,null,590351
2025-05-06,Treasury General Account (TGA) Opening Balance,null,590351
2025-05-06,Total TGA Deposits (Table II),null,235920
2025-05-06,Total TGA Withdrawals (Table II) (-),null,242518
2025-05-06,Treasury General Account (TGA) Closing Balance,null,583753
2025-05-07,Treasury General Account (TGA) Opening Balance,null,583753
2025-05-07,Total TGA Deposits (Table II),null,29899
2025-05-07,Total TGA Withdrawals (Table II) (-),null,17792
2025-05-07,Treasury General Account (TGA) Closing Balance,null,595860
2025-05-08,Treasury General Account (TGA) Opening Balance,null,595860
2025-05-08,Total TGA Deposits (Table II),null,236995
2025-05-08,Total TGA Withdrawals (Table II) (-),null,256627
2025-05-08,Treasury General Account (TGA) Closing Balance,null,576228
2025-05-09,Treasury General Account (TGA) Opening Balance,null,576228
2025-05-09,Total TGA Deposits (Table II),null,16488
2025-05-09,Total TGA Withdrawals (Table II) (-),null,19970
2025-05-09,Treasury General Account (TGA) Closing Balance,null,572746
2025-05-12,Treasury General Account (TGA) Opening Balance,null,572746
2025-05-12,Total TGA Deposits (Table II),null,32494
2025-05-12,Total TGA Withdrawals (Table II) (-),null,21871
2025-05-12,Treasury General Account (TGA) Closing Balance,null,583369
2025-05-13,Treasury General Account (TGA) Opening Balance,null,583369
2025-05-13,Total TGA Deposits (Table II),null,258949
2025-05-13,Total TGA Withdrawals (Table II) (-),null,251666
2025-05-13,Treasury General Account (TGA) Closing Balance,null,590652
2025-05-14,Treasury General Account (TGA) Opening Balance,null,590652
2025-05-14,Total TGA Deposits (Table II),null,19408
2025-05-14,Total TGA Withdrawals (Table II) (-),null,47626
2025-05-14,Treasury General Account (TGA) Closing Balance,null,562433
2025-05-15,Treasury General Account (TGA) Opening Balance,null,562433
2025-05-15,Total TGA Deposits (Table II),null,471703
2025-05-15,Total TGA Withdrawals (Table II) (-),null,537487
2025-05-15,Treasury General Account (TGA) Closing Balance,null,496649
2025-05-16,Treasury General Account (TGA) Opening Balance,null,496649
2025-05-16,Total TGA Deposits (Table II),null,27806
2025-05-16,Total TGA Withdrawals (Table II) (-),null,19749
2025-05-16,Treasury General Account (TGA) Closing Balance,null,504706
2025-05-19,Treasury General Account (TGA) Opening Balance,null,504706
2025-05-19,Total TGA Deposits (Table II),null,33868
2025-05-19,Total TGA Withdrawals (Table II) (-),null,15366
2025-05-19,Treasury General Account (TGA) Closing Balance,null,523207
2025-05-20,Treasury General Account (TGA) Opening Balance,null,523207
2025-05-20,Total TGA Deposits (Table II),null,233230
2025-05-20,Total TGA Withdrawals (Table II) (-),null,244911
2025-05-20,Treasury General Account (TGA) Closing Balance,null,511526
2025-05-21,Treasury General Account (TGA) Opening Balance,null,511526
2025-05-21,Total TGA Deposits (Table II),null,20116
2025-05-21,Total TGA Withdrawals (Table II) (-),null,55756
2025-05-21,Treasury General Account (TGA) Closing Balance,null,475886
2025-05-22,Treasury General Account (TGA) Opening Balance,null,475886
2025-05-22,Total TGA Deposits (Table II),null,252947
2025-05-22,Total TGA Withdrawals (Table II) (-),null,255085
2025-05-22,Treasury General Account (TGA) Closing Balance,null,473748
2025-05-23,Treasury General Account (TGA) Opening Balance,null,473748
2025-05-23,Total TGA Deposits (Table II),null,17089
2025-05-23,Total TGA Withdrawals (Table II) (-),null,20194
2025-05-23,Treasury General Account (TGA) Closing Balance,null,470643
2025-05-27,Treasury General Account (TGA) Opening Balance,null,470643
2025-05-27,Total TGA Deposits (Table II),null,256172
2025-05-27,Total TGA Withdrawals (Table II) (-),null,249334
2025-05-27,Treasury General Account (TGA) Closing Balance,null,477481
2025-05-28,Treasury General Account (TGA) Opening Balance,null,477481
2025-05-28,Total TGA Deposits (Table II),null,11373
2025-05-28,Total TGA Withdrawals (Table II) (-),null,52228
2025-05-28,Treasury General Account (TGA) Closing Balance,null,436627
2025-05-29,Treasury General Account (TGA) Opening Balance,null,436627
2025-05-29,Total TGA Deposits (Table II),null,241794
2025-05-29,Total TGA Withdrawals (Table II) (-),null,278577
2025-05-29,Treasury General Account (TGA) Closing Balance,null,399844
2025-05-30,Treasury General Account (TGA) Opening Balance,null,399844
2025-05-30,Total TGA Deposits (Table II),null,64365
2025-05-30,Total TGA Withdrawals (Table II) (-),null,112766
2025-05-30,Treasury General Account (TGA) Closing Balance,null,351443
2025-06-02,Treasury General Account (TGA) Opening Balance,null,351443
2025-06-02,Total TGA Deposits (Table II),null,277562
2025-06-02,Total TGA Withdrawals (Table II) (-),null,189642
2025-06-02,Treasury General Account (TGA) Closing Balance,null,439362
2025-06-03,Treasury General Account (TGA) Opening Balance,null,439362
2025-06-03,Total TGA Deposits (Table II),null,215789
2025-06-03,Total TGA Withdrawals (Table II) (-),null,272214
2025-06-03,Treasury General Account (TGA) Closing Balance,null,382937
2025-06-04,Treasury General Account (TGA) Opening Balance,null,382937
2025-06-04,Total TGA Deposits (Table II),null,19758
2025-06-04,Total TGA Withdrawals (Table II) (-),null,26536
2025-06-04,Treasury General Account (TGA) Closing Balance,null,376160
2025-06-05,Treasury General Account (TGA) Opening Balance,null,376160
2025-06-05,Total TGA Deposits (Table II),null,217052
2025-06-05,Total TGA Withdrawals (Table II) (-),null,242369
2025-06-05,Treasury General Account (TGA) Closing Balance,null,350843
2025-06-06,Treasury General Account (TGA) Opening Balance,null,350843
2025-06-06,Total TGA Deposits (Table II),null,16373
2025-06-06,Total TGA Withdrawals (Table II) (-),null,22458
2025-06-06,Treasury General Account (TGA) Closing Balance,null,344758
2025-06-09,Treasury General Account (TGA) Opening Balance,null,344758
2025-06-09,Total TGA Deposits (Table II),null,33349
2025-06-09,Total TGA Withdrawals (Table II) (-),null,19312
2025-06-09,Treasury General Account (TGA) Closing Balance,null,358796
2025-06-10,Treasury General Account (TGA) Opening Balance,null,358796
2025-06-10,Total TGA Deposits (Table II),null,199439
2025-06-10,Total TGA Withdrawals (Table II) (-),null,248826
2025-06-10,Treasury General Account (TGA) Closing Balance,null,309409
2025-06-11,Treasury General Account (TGA) Opening Balance,null,309409
2025-06-11,Total TGA Deposits (Table II),null,27397
2025-06-11,Total TGA Withdrawals (Table II) (-),null,59781
2025-06-11,Treasury General Account (TGA) Closing Balance,null,277025
2025-06-12,Treasury General Account (TGA) Opening Balance,null,277025
2025-06-12,Total TGA Deposits (Table II),null,276648
2025-06-12,Total TGA Withdrawals (Table II) (-),null,292866
2025-06-12,Treasury General Account (TGA) Closing Balance,null,260807
2025-06-13,Treasury General Account (TGA) Opening Balance,null,260807
2025-06-13,Total TGA Deposits (Table II),null,49868
2025-06-13,Total TGA Withdrawals (Table II) (-),null,22597
2025-06-13,Treasury General Account (TGA) Closing Balance,null,288078
2025-06-16,Treasury General Account (TGA) Opening Balance,null,288078
2025-06-16,Total TGA Deposits (Table II),null,232607
2025-06-16,Total TGA Withdrawals (Table II) (-),null,74382
2025-06-16,Treasury General Account (TGA) Closing Balance,null,446302
2025-06-17,Treasury General Account (TGA) Opening Balance,null,446302
2025-06-17,Total TGA Deposits (Table II),null,206443
2025-06-17,Total TGA Withdrawals (Table II) (-),null,243607
2025-06-17,Treasury General Account (TGA) Closing Balance,null,409139
2025-06-18,Treasury General Account (TGA) Opening Balance,null,409139
2025-06-18,Total TGA Deposits (Table II),null,29617
2025-06-18,Total TGA Withdrawals (Table II) (-),null,54904
2025-06-18,Treasury General Account (TGA) Closing Balance,null,383851
2025-06-20,Treasury General Account (TGA) Opening Balance,null,383851
2025-06-20,Total TGA Deposits (Table II),null,228967
2025-06-20,Total TGA Withdrawals (Table II) (-),null,246298
2025-06-20,Treasury General Account (TGA) Closing Balance,null,366520
2025-06-23,Treasury General Account (TGA) Opening Balance,null,366520
2025-06-23,Total TGA Deposits (Table II),null,37417
2025-06-23,Total TGA Withdrawals (Table II) (-),null,29368
2025-06-23,Treasury General Account (TGA) Closing Balance,null,374568
2025-06-24,Treasury General Account (TGA) Opening Balance,null,374568
2025-06-24,Total TGA Deposits (Table II),null,226684
2025-06-24,Total TGA Withdrawals (Table II) (-),null,243181
2025-06-24,Treasury General Account (TGA) Closing Balance,null,358071
2025-06-25,Treasury General Account (TGA) Opening Balance,null,358071
2025-06-25,Total TGA Deposits (Table II),null,24778
2025-06-25,Total TGA Withdrawals (Table II) (-),null,48270
2025-06-25,Treasury General Account (TGA) Closing Balance,null,334579
2025-06-26,Treasury General Account (TGA) Opening Balance,null,334579
2025-06-26,Total TGA Deposits (Table II),null,219365
2025-06-26,Total TGA Withdrawals (Table II) (-),null,249102
2025-06-26,Treasury General Account (TGA) Closing Balance,null,304841
2025-06-27,Treasury General Account (TGA) Opening Balance,null,304841
2025-06-27,Total TGA Deposits (Table II),null,50481
2025-06-27,Total TGA Withdrawals (Table II) (-),null,16974
2025-06-27,Treasury General Account (TGA) Closing Balance,null,338348
2025-06-30,Treasury General Account (TGA) Opening Balance,null,338348
2025-06-30,Total TGA Deposits (Table II),null,282619
2025-06-30,Total TGA Withdrawals (Table II) (-),null,163987
2025-06-30,Treasury General Account (TGA) Closing Balance,null,456980
2025-07-01,Treasury General Account (TGA) Opening Balance,null,456980
2025-07-01,Total TGA Deposits (Table II),null,265507
2025-07-01,Total TGA Withdrawals (Table II) (-),null,354975
2025-07-01,Treasury General Account (TGA) Closing Balance,null,367512
2025-07-02,Treasury General Account (TGA) Opening Balance,null,367512
2025-07-02,Total TGA Deposits (Table II),null,22411
2025-07-02,Total TGA Withdrawals (Table II) (-),null,17691
2025-07-02,Treasury General Account (TGA) Closing Balance,null,372232
2025-07-03,Treasury General Account (TGA) Opening Balance,null,372232
2025-07-03,Total TGA Deposits (Table II),null,224927
2025-07-03,Total TGA Withdrawals (Table II) (-),null,283997
2025-07-03,Treasury General Account (TGA) Closing Balance,null,313162
2025-07-07,Treasury General Account (TGA) Opening Balance,null,313162
2025-07-07,Total TGA Deposits (Table II),null,38702
2025-07-07,Total TGA Withdrawals (Table II) (-),null,19382
2025-07-07,Treasury General Account (TGA) Closing Balance,null,332482
2025-07-08,Treasury General Account (TGA) Opening Balance,null,332482
2025-07-08,Total TGA Deposits (Table II),null,237922
2025-07-08,Total TGA Withdrawals (Table II) (-),null,227357
2025-07-08,Treasury General Account (TGA) Closing Balance,null,343047
2025-07-09,Treasury General Account (TGA) Opening Balance,null,343047
2025-07-09,Total TGA Deposits (Table II),null,16206
2025-07-09,Total TGA Withdrawals (Table II) (-),null,48205
2025-07-09,Treasury General Account (TGA) Closing Balance,null,311048
2025-07-10,Treasury General Account (TGA) Opening Balance,null,311048
2025-07-10,Total TGA Deposits (Table II),null,276849
2025-07-10,Total TGA Withdrawals (Table II) (-),null,299502
2025-07-10,Treasury General Account (TGA) Closing Balance,null,288395
2025-07-11,Treasury General Account (TGA) Opening Balance,null,288395
2025-07-11,Total TGA Deposits (Table II),null,15386
2025-07-11,Total TGA Withdrawals (Table II) (-),null,21419
2025-07-11,Treasury General Account (TGA) Closing Balance,null,282363
2025-07-14,Treasury General Account (TGA) Opening Balance,null,282363
2025-07-14,Total TGA Deposits (Table II),null,30686
2025-07-14,Total TGA Withdrawals (Table II) (-),null,14825
2025-07-14,Treasury General Account (TGA) Closing Balance,null,298224
2025-07-15,Treasury General Account (TGA) Opening Balance,null,298224
2025-07-15,Total TGA Deposits (Table II),null,372370
2025-07-15,Total TGA Withdrawals (Table II) (-),null,342658
2025-07-15,Treasury General Account (TGA) Closing Balance,null,327937
2025-07-16,Treasury General Account (TGA) Opening Balance,null,327937
2025-07-16,Total TGA Deposits (Table II),null,29838
2025-07-16,Total TGA Withdrawals (Table II) (-),null,45690
2025-07-16,Treasury General Account (TGA) Closing Balance,null,312085
2025-07-17,Treasury General Account (TGA) Opening Balance,null,312085
2025-07-17,Total TGA Deposits (Table II),null,242555
2025-07-17,Total TGA Withdrawals (Table II) (-),null,237615
2025-07-17,Treasury General Account (TGA) Closing Balance,null,317026
2025-07-18,Treasury General Account (TGA) Opening Balance,null,317026
2025-07-18,Total TGA Deposits (Table II),null,17721
2025-07-18,Total TGA Withdrawals (Table II) (-),null,19089
2025-07-18,Treasury General Account (TGA) Closing Balance,null,315658
2025-07-21,Treasury General Account (TGA) Opening Balance,null,315658
2025-07-21,Total TGA Deposits (Table II),null,31580
2025-07-21,Total TGA Withdrawals (Table II) (-),null,27879
2025-07-21,Treasury General Account (TGA) Closing Balance,null,319359
2025-07-22,Treasury General Account (TGA) Opening Balance,null,319359
2025-07-22,Total TGA Deposits (Table II),null,246598
2025-07-22,Total TGA Withdrawals (Table II) (-),null,220622
2025-07-22,Treasury General Account (TGA) Closing Balance,null,345335
2025-07-23,Treasury General Account (TGA) Opening Balance,null,345335
2025-07-23,Total TGA Deposits (Table II),null,35019
2025-07-23,Total TGA Withdrawals (Table II) (-),null,46817
2025-07-23,Treasury General Account (TGA) Closing Balance,null,333538
2025-07-24,Treasury General Account (TGA) Opening Balance,null,333538
2025-07-24,Total TGA Deposits (Table II),null,250884
2025-07-24,Total TGA Withdrawals (Table II) (-),null,235014
2025-07-24,Treasury General Account (TGA) Closing Balance,null,349408
2025-07-25,Treasury General Account (TGA) Opening Balance,null,349408
2025-07-25,Total TGA Deposits (Table II),null,13692
2025-07-25,Total TGA Withdrawals (Table II) (-),null,15002
2025-07-25,Treasury General Account (TGA) Closing Balance,null,348098
2025-07-28,Treasury General Account (TGA) Opening Balance,null,348098
2025-07-28,Total TGA Deposits (Table II),null,30762
2025-07-28,Total TGA Withdrawals (Table II) (-),null,16290
2025-07-28,Treasury General Account (TGA) Closing Balance,null,362570
2025-07-29,Treasury General Account (TGA) Opening Balance,null,362570
2025-07-29,Total TGA Deposits (Table II),null,260748
2025-07-29,Total TGA Withdrawals (Table II) (-),null,205483
2025-07-29,Treasury General Account (TGA) Closing Balance,null,417834
2025-07-30,Treasury General Account (TGA) Opening Balance,null,417834
2025-07-30,Total TGA Deposits (Table II),null,16570
2025-07-30,Total TGA Withdrawals (Table II) (-),null,14958
2025-07-30,Treasury General Account (TGA) Closing Balance,null,419446
2025-07-31,Treasury General Account (TGA) Opening Balance,null,419446
2025-07-31,Total TGA Deposits (Table II),null,528382
2025-07-31,Total TGA Withdrawals (Table II) (-),null,450232
2025-07-31,Treasury General Account (TGA) Closing Balance,null,497596
2025-08-01,Treasury General Account (TGA) Opening Balance,null,497596
2025-08-01,Total TGA Deposits (Table II),null,36569
2025-08-01,Total TGA Withdrawals (Table II) (-),null,156385
2025-08-01,Treasury General Account (TGA) Closing Balance,null,377780
2025-08-04,Treasury General Account (TGA) Opening Balance,null,377780
2025-08-04,Total TGA Deposits (Table II),null,33914
2025-08-04,Total TGA Withdrawals (Table II) (-),null,18884
2025-08-04,Treasury General Account (TGA) Closing Balance,null,392810
2025-08-05,Treasury General Account (TGA) Opening Balance,null,392810
2025-08-05,Total TGA Deposits (Table II),null,260275
2025-08-05,Total TGA Withdrawals (Table II) (-),null,193845
2025-08-05,Treasury General Account (TGA) Closing Balance,null,459240
2025-08-06,Treasury General Account (TGA) Opening Balance,null,459240
2025-08-06,Total TGA Deposits (Table II),null,20385
2025-08-06,Total TGA Withdrawals (Table II) (-),null,15311
2025-08-06,Treasury General Account (TGA) Closing Balance,null,464315
2025-08-07,Treasury General Account (TGA) Opening Balance,null,464315
2025-08-07,Total TGA Deposits (Table II),null,311574
2025-08-07,Total TGA Withdrawals (Table II) (-),null,284198
2025-08-07,Treasury General Account (TGA) Closing Balance,null,491691
2025-08-08,Treasury General Account (TGA) Opening Balance,null,491691
2025-08-08,Total TGA Deposits (Table II),null,14780
2025-08-08,Total TGA Withdrawals (Table II) (-),null,15408
2025-08-08,Treasury General Account (TGA) Closing Balance,null,491063
2025-08-11,Treasury General Account (TGA) Opening Balance,null,491063
2025-08-11,Total TGA Deposits (Table II),null,28732
2025-08-11,Total TGA Withdrawals (Table II) (-),null,15515
2025-08-11,Treasury General Account (TGA) Closing Balance,null,504280
2025-08-12,Treasury General Account (TGA) Opening Balance,null,504280
2025-08-12,Total TGA Deposits (Table II),null,262338
2025-08-12,Total TGA Withdrawals (Table II) (-),null,221120
2025-08-12,Treasury General Account (TGA) Closing Balance,null,545499
2025-08-13,Treasury General Account (TGA) Opening Balance,null,545499
2025-08-13,Total TGA Deposits (Table II),null,16541
2025-08-13,Total TGA Withdrawals (Table II) (-),null,46571
2025-08-13,Treasury General Account (TGA) Closing Balance,null,515469
2025-08-14,Treasury General Account (TGA) Opening Balance,null,515469
2025-08-14,Total TGA Deposits (Table II),null,266513
2025-08-14,Total TGA Withdrawals (Table II) (-),null,232903
2025-08-14,Treasury General Account (TGA) Closing Balance,null,549080
2025-08-15,Treasury General Account (TGA) Opening Balance,null,549080
2025-08-15,Total TGA Deposits (Table II),null,185615
2025-08-15,Total TGA Withdrawals (Table II) (-),null,241588
2025-08-15,Treasury General Account (TGA) Closing Balance,null,493107
2025-08-18,Treasury General Account (TGA) Opening Balance,null,493107
2025-08-18,Total TGA Deposits (Table II),null,43871
2025-08-18,Total TGA Withdrawals (Table II) (-),null,17488
2025-08-18,Treasury General Account (TGA) Closing Balance,null,519490
2025-08-19,Treasury General Account (TGA) Opening Balance,null,519490
2025-08-19,Total TGA Deposits (Table II),null,268756
2025-08-19,Total TGA Withdrawals (Table II) (-),null,225462
2025-08-19,Treasury General Account (TGA) Closing Balance,null,562784
2025-08-20,Treasury General Account (TGA) Opening Balance,null,562784
2025-08-20,Total TGA Deposits (Table II),null,21882
2025-08-20,Total TGA Withdrawals (Table II) (-),null,58603
2025-08-20,Treasury General Account (TGA) Closing Balance,null,526063
2025-08-21,Treasury General Account (TGA) Opening Balance,null,526063
2025-08-21,Total TGA Deposits (Table II),null,262909
2025-08-21,Total TGA Withdrawals (Table II) (-),null,227723
2025-08-21,Treasury General Account (TGA) Closing Balance,null,561249
2025-08-22,Treasury General Account (TGA) Opening Balance,null,561249
2025-08-22,Total TGA Deposits (Table II),null,35825
2025-08-22,Total TGA Withdrawals (Table II) (-),null,15565
2025-08-22,Treasury General Account (TGA) Closing Balance,null,581509
2025-08-25,Treasury General Account (TGA) Opening Balance,null,581509
2025-08-25,Total TGA Deposits (Table II),null,31129
2025-08-25,Total TGA Withdrawals (Table II) (-),null,17119
2025-08-25,Treasury General Account (TGA) Closing Balance,null,595519
2025-08-26,Treasury General Account (TGA) Opening Balance,null,595519
2025-08-26,Total TGA Deposits (Table II),null,264917
2025-08-26,Total TGA Withdrawals (Table II) (-),null,227542
2025-08-26,Treasury General Account (TGA) Closing Balance,null,632894
2025-08-27,Treasury General Account (TGA) Opening Balance,null,632894
2025-08-27,Total TGA Deposits (Table II),null,19241
2025-08-27,Total TGA Withdrawals (Table II) (-),null,56337
2025-08-27,Treasury General Account (TGA) Closing Balance,null,595798
2025-08-28,Treasury General Account (TGA) Opening Balance,null,595798
2025-08-28,Total TGA Deposits (Table II),null,259306
2025-08-28,Total TGA Withdrawals (Table II) (-),null,245444
2025-08-28,Treasury General Account (TGA) Closing Balance,null,609660
2025-08-29,Treasury General Account (TGA) Opening Balance,null,609660
2025-08-29,Total TGA Deposits (Table II),null,55825
2025-08-29,Total TGA Withdrawals (Table II) (-),null,110261
2025-08-29,Treasury General Account (TGA) Closing Balance,null,555224
2025-09-02,Treasury General Account (TGA) Opening Balance,null,555224
2025-09-02,Total TGA Deposits (Table II),null,532388
2025-09-02,Total TGA Withdrawals (Table II) (-),null,397518
2025-09-02,Treasury General Account (TGA) Closing Balance,null,690094
2025-09-03,Treasury General Account (TGA) Opening Balance,null,690094
2025-09-03,Total TGA Deposits (Table II),null,14416
2025-09-03,Total TGA Withdrawals (Table II) (-),null,42571
2025-09-03,Treasury General Account (TGA) Closing Balance,null,661939
2025-09-04,Treasury General Account (TGA) Opening Balance,null,661939
2025-09-04,Total TGA Deposits (Table II),null,312315
2025-09-04,Total TGA Withdrawals (Table II) (-),null,304982
2025-09-04,Treasury General Account (TGA) Closing Balance,null,669272
2025-09-05,Total TGA Deposits (Table II),null,14977
2025-09-05,Treasury General Account (TGA) Opening Balance,null,669272
2025-09-05,Total TGA Withdrawals (Table II) (-),null,18112
2025-09-05,Treasury General Account (TGA) Closing Balance,null,666137
2025-09-08,Treasury General Account (TGA) Opening Balance,null,666137
2025-09-08,Total TGA Deposits (Table II),null,32472
2025-09-08,Total TGA Withdrawals (Table II) (-),null,18241
2025-09-08,Treasury General Account (TGA) Closing Balance,null,680369
2025-09-09,Treasury General Account (TGA) Opening Balance,null,680369
2025-09-09,Total TGA Deposits (Table II),null,265998
2025-09-09,Total TGA Withdrawals (Table II) (-),null,256086
2025-09-09,Treasury General Account (TGA) Closing Balance,null,690281
2025-09-10,Treasury General Account (TGA) Opening Balance,null,690281
2025-09-10,Total TGA Deposits (Table II),null,26012
2025-09-10,Total TGA Withdrawals (Table II) (-),null,48707
2025-09-10,Treasury General Account (TGA) Closing Balance,null,667585
2025-09-11,Treasury General Account (TGA) Opening Balance,null,667585
2025-09-11,Total TGA Deposits (Table II),null,271069
2025-09-11,Total TGA Withdrawals (Table II) (-),null,255922
2025-09-11,Treasury General Account (TGA) Closing Balance,null,682732
2025-09-12,Treasury General Account (TGA) Opening Balance,null,682732
2025-09-12,Total TGA Deposits (Table II),null,46724
2025-09-12,Total TGA Withdrawals (Table II) (-),null,21686
2025-09-12,Treasury General Account (TGA) Closing Balance,null,707770
2025-09-15,Treasury General Account (TGA) Opening Balance,null,707770
2025-09-15,Total TGA Deposits (Table II),null,222035
2025-09-15,Total TGA Withdrawals (Table II) (-),null,72095
2025-09-15,Treasury General Account (TGA) Closing Balance,null,857709
2025-09-16,Treasury General Account (TGA) Opening Balance,null,857709
2025-09-16,Total TGA Deposits (Table II),null,291628
2025-09-16,Total TGA Withdrawals (Table II) (-),null,325596
2025-09-16,Treasury General Account (TGA) Closing Balance,null,823741
2025-09-17,Treasury General Account (TGA) Opening Balance,null,823741
2025-09-17,Total TGA Deposits (Table II),null,31628
2025-09-17,Total TGA Withdrawals (Table II) (-),null,48226
2025-09-17,Treasury General Account (TGA) Closing Balance,null,807142
2025-09-18,Treasury General Account (TGA) Opening Balance,null,807142
2025-09-18,Total TGA Deposits (Table II),null,266402
2025-09-18,Total TGA Withdrawals (Table II) (-),null,257093
2025-09-18,Treasury General Account (TGA) Closing Balance,null,816451
2025-09-19,Treasury General Account (TGA) Opening Balance,null,816451
2025-09-19,Total TGA Deposits (Table II),null,20390
2025-09-19,Total TGA Withdrawals (Table II) (-),null,18312
2025-09-19,Treasury General Account (TGA) Closing Balance,null,818530
2025-09-22,Treasury General Account (TGA) Opening Balance,null,818530
2025-09-22,Total TGA Deposits (Table II),null,37345
2025-09-22,Total TGA Withdrawals (Table II) (-),null,33404
2025-09-22,Treasury General Account (TGA) Closing Balance,null,822471
2025-09-23,Treasury General Account (TGA) Opening Balance,null,822471
2025-09-23,Total TGA Deposits (Table II),null,291915
2025-09-23,Total TGA Withdrawals (Table II) (-),null,332874
2025-09-23,Treasury General Account (TGA) Closing Balance,null,781512
2025-09-24,Treasury General Account (TGA) Opening Balance,null,781512
2025-09-24,Total TGA Deposits (Table II),null,26915
2025-09-24,Total TGA Withdrawals (Table II) (-),null,50457
2025-09-24,Treasury General Account (TGA) Closing Balance,null,757970
2025-09-25,Treasury General Account (TGA) Opening Balance,null,757970
2025-09-25,Total TGA Deposits (Table II),null,267100
2025-09-25,Total TGA Withdrawals (Table II) (-),null,263983
2025-09-25,Treasury General Account (TGA) Closing Balance,null,761087
2025-09-26,Treasury General Account (TGA) Opening Balance,null,761087
2025-09-26,Total TGA Deposits (Table II),null,49676
2025-09-26,Total TGA Withdrawals (Table II) (-),null,24426
2025-09-26,Treasury General Account (TGA) Closing Balance,null,786337
2025-09-29,Treasury General Account (TGA) Opening Balance,null,786337
2025-09-29,Total TGA Deposits (Table II),null,40055
2025-09-29,Total TGA Withdrawals (Table II) (-),null,20718
2025-09-29,Treasury General Account (TGA) Closing Balance,null,805674
2025-09-30,Treasury General Account (TGA) Opening Balance,null,805674
2025-09-30,Total TGA Deposits (Table II),null,511022
2025-09-30,Total TGA Withdrawals (Table II) (-),null,425871
2025-09-30,Treasury General Account (TGA) Closing Balance,null,890825
2025-10-01,Treasury General Account (TGA) Opening Balance,null,890825
2025-10-01,Total TGA Deposits (Table II),null,40728
2025-10-01,Total TGA Withdrawals (Table II) (-),null,112174
2025-10-01,Treasury General Account (TGA) Closing Balance,null,819378
2025-10-02,Treasury General Account (TGA) Opening Balance,null,819378
2025-10-02,Total TGA Deposits (Table II),null,322096
2025-10-02,Total TGA Withdrawals (Table II) (-),null,317629
2025-10-02,Treasury General Account (TGA) Closing Balance,null,823845
2025-10-03,Treasury General Account (TGA) Opening Balance,null,823845
2025-10-03,Total TGA Deposits (Table II),null,17235
2025-10-03,Total TGA Withdrawals (Table II) (-),null,42713
2025-10-03,Treasury General Account (TGA) Closing Balance,null,798367
2025-10-06,Treasury General Account (TGA) Opening Balance,null,798367
2025-10-06,Total TGA Deposits (Table II),null,30873
2025-10-06,Total TGA Withdrawals (Table II) (-),null,13978
2025-10-06,Treasury General Account (TGA) Closing Balance,null,815262
2025-10-07,Treasury General Account (TGA) Opening Balance,null,815262
2025-10-07,Total TGA Deposits (Table II),null,277507
2025-10-07,Total TGA Withdrawals (Table II) (-),null,269032
2025-10-07,Treasury General Account (TGA) Closing Balance,null,823736
2025-10-08,Treasury General Account (TGA) Opening Balance,null,823736
2025-10-08,Total TGA Deposits (Table II),null,20370
2025-10-08,Total TGA Withdrawals (Table II) (-),null,50052
2025-10-08,Treasury General Account (TGA) Closing Balance,null,794054
2025-10-09,Treasury General Account (TGA) Opening Balance,null,794054
2025-10-09,Total TGA Deposits (Table II),null,270379
2025-10-09,Total TGA Withdrawals (Table II) (-),null,268410
2025-10-09,Treasury General Account (TGA) Closing Balance,null,796023
2025-10-10,Treasury General Account (TGA) Opening Balance,null,796023
2025-10-10,Total TGA Deposits (Table II),null,19078
2025-10-10,Total TGA Withdrawals (Table II) (-),null,20649
2025-10-10,Treasury General Account (TGA) Closing Balance,null,794452
2025-10-14,Treasury General Account (TGA) Opening Balance,null,794452
2025-10-14,Total TGA Deposits (Table II),null,319283
2025-10-14,Total TGA Withdrawals (Table II) (-),null,272369
2025-10-14,Treasury General Account (TGA) Closing Balance,null,841366
2025-10-15,Treasury General Account (TGA) Opening Balance,null,841366
2025-10-15,Total TGA Deposits (Table II),null,157796
2025-10-15,Total TGA Withdrawals (Table II) (-),null,147210
2025-10-15,Treasury General Account (TGA) Closing Balance,null,851952
2025-10-16,Treasury General Account (TGA) Opening Balance,null,851952
2025-10-16,Total TGA Deposits (Table II),null,311668
2025-10-16,Total TGA Withdrawals (Table II) (-),null,263938
2025-10-16,Treasury General Account (TGA) Closing Balance,null,899682
2025-10-17,Treasury General Account (TGA) Opening Balance,null,899682
2025-10-17,Total TGA Deposits (Table II),null,19919
2025-10-17,Total TGA Withdrawals (Table II) (-),null,14208
2025-10-17,Treasury General Account (TGA) Closing Balance,null,905393
2025-10-20,Treasury General Account (TGA) Opening Balance,null,905393
2025-10-20,Total TGA Deposits (Table II),null,30162
2025-10-20,Total TGA Withdrawals (Table II) (-),null,29801
2025-10-20,Treasury General Account (TGA) Closing Balance,null,905754
2025-10-21,Total TGA Deposits (Table II),null,289281
2025-10-21,Treasury General Account (TGA) Opening Balance,null,905754
2025-10-21,Total TGA Withdrawals (Table II) (-),null,265720
2025-10-21,Treasury General Account (TGA) Closing Balance,null,929315
2025-10-22,Total TGA Deposits (Table II),null,24819
2025-10-22,Treasury General Account (TGA) Opening Balance,null,929315
2025-10-22,Total TGA Withdrawals (Table II) (-),null,49060
2025-10-22,Treasury General Account (TGA) Closing Balance,null,905074
2025-10-23,Treasury General Account (TGA) Opening Balance,null,905074
2025-10-23,Total TGA Deposits (Table II),null,303217
2025-10-23,Total TGA Withdrawals (Table II) (-),null,263325
2025-10-23,Treasury General Account (TGA) Closing Balance,null,944965
2025-10-24,Treasury General Account (TGA) Opening Balance,null,944965
2025-10-24,Total TGA Deposits (Table II),null,15254
2025-10-24,Total TGA Withdrawals (Table II) (-),null,17725
2025-10-24,Treasury General Account (TGA) Closing Balance,null,942495
2025-10-27,Treasury General Account (TGA) Opening Balance,null,942495
2025-10-27,Total TGA Deposits (Table II),null,35349
2025-10-27,Total TGA Withdrawals (Table II) (-),null,13082
2025-10-27,Treasury General Account (TGA) Closing Balance,null,964762
2025-10-28,Treasury General Account (TGA) Opening Balance,null,964762
2025-10-28,Total TGA Deposits (Table II),null,288481
2025-10-28,Total TGA Withdrawals (Table II) (-),null,268385
2025-10-28,Treasury General Account (TGA) Closing Balance,null,984857
2025-10-29,Treasury General Account (TGA) Opening Balance,null,984857
2025-10-29,Total TGA Deposits (Table II),null,20651
2025-10-29,Total TGA Withdrawals (Table II) (-),null,21649
2025-10-29,Treasury General Account (TGA) Closing Balance,null,983859
2025-10-30,Treasury General Account (TGA) Opening Balance,null,983859
2025-10-30,Total TGA Deposits (Table II),null,334447
2025-10-30,Total TGA Withdrawals (Table II) (-),null,317673
2025-10-30,Treasury General Account (TGA) Closing Balance,null,1000632
2025-10-31,Treasury General Account (TGA) Opening Balance,null,1000632
2025-10-31,Total TGA Deposits (Table II),null,289542
2025-10-31,Total TGA Withdrawals (Table II) (-),null,363847
2025-10-31,Treasury General Account (TGA) Closing Balance,null,926328
2025-11-03,Treasury General Account (TGA) Opening Balance,null,926328
2025-11-03,Total TGA Deposits (Table II),null,55219
2025-11-03,Total TGA Withdrawals (Table II) (-),null,56590
2025-11-03,Treasury General Account (TGA) Closing Balance,null,924957
2025-11-04,Treasury General Account (TGA) Opening Balance,null,924957
2025-11-04,Total TGA Deposits (Table II),null,292339
2025-11-04,Total TGA Withdrawals (Table II) (-),null,277712
2025-11-04,Treasury General Account (TGA) Closing Balance,null,939584
2025-11-05,Treasury General Account (TGA) Opening Balance,null,939584
2025-11-05,Total TGA Deposits (Table II),null,21468
2025-11-05,Total TGA Withdrawals (Table II) (-),null,18353
2025-11-05,Treasury General Account (TGA) Closing Balance,null,942700
2025-11-06,Treasury General Account (TGA) Opening Balance,null,942700
2025-11-06,Total TGA Deposits (Table II),null,278887
2025-11-06,Total TGA Withdrawals (Table II) (-),null,268031
2025-11-06,Treasury General Account (TGA) Closing Balance,null,953555
2025-11-07,Treasury General Account (TGA) Opening Balance,null,953555
2025-11-07,Total TGA Deposits (Table II),null,14764
2025-11-07,Total TGA Withdrawals (Table II) (-),null,18515
2025-11-07,Treasury General Account (TGA) Closing Balance,null,949804
2025-11-10,Treasury General Account (TGA) Opening Balance,null,949804
2025-11-10,Total TGA Deposits (Table II),null,32679
2025-11-10,Total TGA Withdrawals (Table II) (-),null,17183
2025-11-10,Treasury General Account (TGA) Closing Balance,null,965301
2025-11-12,Treasury General Account (TGA) Opening Balance,null,965301
2025-11-12,Total TGA Deposits (Table II),null,293955
2025-11-12,Total TGA Withdrawals (Table II) (-),null,316111
2025-11-12,Treasury General Account (TGA) Closing Balance,null,943145
2025-11-13,Treasury General Account (TGA) Opening Balance,null,943145
2025-11-13,Total TGA Deposits (Table II),null,294086
2025-11-13,Total TGA Withdrawals (Table II) (-),null,275301
2025-11-13,Treasury General Account (TGA) Closing Balance,null,961929
2025-11-14,Treasury General Account (TGA) Opening Balance,null,961929
2025-11-14,Total TGA Deposits (Table II),null,20475
2025-11-14,Total TGA Withdrawals (Table II) (-),null,23292
2025-11-14,Treasury General Account (TGA) Closing Balance,null,959113
2025-11-17,Treasury General Account (TGA) Opening Balance,null,959113
2025-11-17,Total TGA Deposits (Table II),null,189063
2025-11-17,Total TGA Withdrawals (Table II) (-),null,223214
2025-11-17,Treasury General Account (TGA) Closing Balance,null,924961
2025-11-18,Treasury General Account (TGA) Opening Balance,null,924961
2025-11-18,Total TGA Deposits (Table II),null,288436
2025-11-18,Total TGA Withdrawals (Table II) (-),null,284975
2025-11-18,Treasury General Account (TGA) Closing Balance,null,928422
2025-11-19,Treasury General Account (TGA) Opening Balance,null,928422
2025-11-19,Total TGA Deposits (Table II),null,24257
2025-11-19,Total TGA Withdrawals (Table II) (-),null,51848
2025-11-19,Treasury General Account (TGA) Closing Balance,null,900832
2025-11-20,Treasury General Account (TGA) Opening Balance,null,900832
2025-11-20,Total TGA Deposits (Table II),null,285417
2025-11-20,Total TGA Withdrawals (Table II) (-),null,276674
2025-11-20,Treasury General Account (TGA) Closing Balance,null,909575
2025-11-21,Treasury General Account (TGA) Opening Balance,null,909575
2025-11-21,Total TGA Deposits (Table II),null,15964
2025-11-21,Total TGA Withdrawals (Table II) (-),null,33465
2025-11-21,Treasury General Account (TGA) Closing Balance,null,892074
2025-11-24,Treasury General Account (TGA) Opening Balance,null,892074
2025-11-24,Total TGA Deposits (Table II),null,34085
2025-11-24,Total TGA Withdrawals (Table II) (-),null,19612
2025-11-24,Treasury General Account (TGA) Closing Balance,null,906547
2025-11-25,Treasury General Account (TGA) Opening Balance,null,906547
2025-11-25,Total TGA Deposits (Table II),null,312361
2025-11-25,Total TGA Withdrawals (Table II) (-),null,287173
2025-11-25,Treasury General Account (TGA) Closing Balance,null,931736
2025-11-26,Treasury General Account (TGA) Opening Balance,null,931736
2025-11-26,Total TGA Deposits (Table II),null,25308
2025-11-26,Total TGA Withdrawals (Table II) (-),null,57366
2025-11-26,Treasury General Account (TGA) Closing Balance,null,899678
2025-11-28,Treasury General Account (TGA) Opening Balance,null,899678
2025-11-28,Total TGA Deposits (Table II),null,380045
2025-11-28,Total TGA Withdrawals (Table II) (-),null,323708
2025-11-28,Treasury General Account (TGA) Closing Balance,null,956014
2025-12-01,Treasury General Account (TGA) Opening Balance,null,956014
2025-12-01,Total TGA Deposits (Table II),null,265226
2025-12-01,Total TGA Withdrawals (Table II) (-),null,273162
2025-12-01,Treasury General Account (TGA) Closing Balance,null,948079
2025-12-02,Treasury General Account (TGA) Opening Balance,null,948079
2025-12-02,Total TGA Deposits (Table II),null,273699
2025-12-02,Total TGA Withdrawals (Table II) (-),null,285932
2025-12-02,Treasury General Account (TGA) Closing Balance,null,935847
2025-12-03,Treasury General Account (TGA) Opening Balance,null,935847
2025-12-03,Total TGA Deposits (Table II),null,19215
2025-12-03,Total TGA Withdrawals (Table II) (-),null,46539
2025-12-03,Treasury General Account (TGA) Closing Balance,null,908523
2025-12-04,Treasury General Account (TGA) Opening Balance,null,908523
2025-12-04,Total TGA Deposits (Table II),null,253068
2025-12-04,Total TGA Withdrawals (Table II) (-),null,282925
2025-12-04,Treasury General Account (TGA) Closing Balance,null,878666
2025-12-05,Treasury General Account (TGA) Opening Balance,null,878666
2025-12-05,Total TGA Deposits (Table II),null,15805
2025-12-05,Total TGA Withdrawals (Table II) (-),null,24238
2025-12-05,Treasury General Account (TGA) Closing Balance,null,870232
2025-12-08,Treasury General Account (TGA) Opening Balance,null,870232
2025-12-08,Total TGA Deposits (Table II),null,32651
2025-12-08,Total TGA Withdrawals (Table II) (-),null,22758
2025-12-08,Treasury General Account (TGA) Closing Balance,null,880125
2025-12-09,Treasury General Account (TGA) Opening Balance,null,880125
2025-12-09,Total TGA Deposits (Table II),null,255233
2025-12-09,Total TGA Withdrawals (Table II) (-),null,298052
2025-12-09,Treasury General Account (TGA) Closing Balance,null,837306
2025-12-10,Treasury General Account (TGA) Opening Balance,null,837306
2025-12-10,Total TGA Deposits (Table II),null,21458
2025-12-10,Total TGA Withdrawals (Table II) (-),null,52937
2025-12-10,Treasury General Account (TGA) Closing Balance,null,805827
2025-12-11,Treasury General Account (TGA) Opening Balance,null,805827
2025-12-11,Total TGA Deposits (Table II),null,265729
2025-12-11,Total TGA Withdrawals (Table II) (-),null,278890
2025-12-11,Treasury General Account (TGA) Closing Balance,null,792667
2025-12-12,Treasury General Account (TGA) Opening Balance,null,792667
2025-12-12,Total TGA Deposits (Table II),null,30376
2025-12-12,Total TGA Withdrawals (Table II) (-),null,30577
2025-12-12,Treasury General Account (TGA) Closing Balance,null,792465
2025-12-15,Treasury General Account (TGA) Opening Balance,null,792465
2025-12-15,Total TGA Deposits (Table II),null,192018
2025-12-15,Total TGA Withdrawals (Table II) (-),null,71488
2025-12-15,Treasury General Account (TGA) Closing Balance,null,912994
2025-12-16,Treasury General Account (TGA) Opening Balance,null,912994
2025-12-16,Total TGA Deposits (Table II),null,267834
2025-12-16,Total TGA Withdrawals (Table II) (-),null,293648
2025-12-16,Treasury General Account (TGA) Closing Balance,null,887180
2025-12-17,Treasury General Account (TGA) Opening Balance,null,887180
2025-12-17,Total TGA Deposits (Table II),null,22865
2025-12-17,Total TGA Withdrawals (Table II) (-),null,48629
2025-12-17,Treasury General Account (TGA) Closing Balance,null,861417
2025-12-18,Treasury General Account (TGA) Opening Balance,null,861417
2025-12-18,Total TGA Deposits (Table II),null,259892
2025-12-18,Total TGA Withdrawals (Table II) (-),null,278887
2025-12-18,Treasury General Account (TGA) Closing Balance,null,842422
2025-12-19,Treasury General Account (TGA) Opening Balance,null,842422
2025-12-19,Total TGA Deposits (Table II),null,22452
2025-12-19,Total TGA Withdrawals (Table II) (-),null,25076
2025-12-19,Treasury General Account (TGA) Closing Balance,null,839799
2025-12-22,Treasury General Account (TGA) Opening Balance,null,839799
2025-12-22,Total TGA Deposits (Table II),null,64508
2025-12-22,Total TGA Withdrawals (Table II) (-),null,32258
2025-12-22,Treasury General Account (TGA) Closing Balance,null,872048
2025-12-23,Treasury General Account (TGA) Opening Balance,null,872048
2025-12-23,Total TGA Deposits (Table II),null,248269
2025-12-23,Total TGA Withdrawals (Table II) (-),null,295878
2025-12-23,Treasury General Account (TGA) Closing Balance,null,824439
2025-12-24,Treasury General Account (TGA) Opening Balance,null,824439
2025-12-24,Total TGA Deposits (Table II),null,25616
2025-12-24,Total TGA Withdrawals (Table II) (-),null,48518
2025-12-24,Treasury General Account (TGA) Closing Balance,null,801537
2025-12-26,Treasury General Account (TGA) Opening Balance,null,801537
2025-12-26,Total TGA Deposits (Table II),null,346355
2025-12-26,Total TGA Withdrawals (Table II) (-),null,314109
2025-12-26,Treasury General Account (TGA) Closing Balance,null,833784
2025-12-29,Treasury General Account (TGA) Opening Balance,null,833784
2025-12-29,Total TGA Deposits (Table II),null,38156
2025-12-29,Total TGA Withdrawals (Table II) (-),null,12947
2025-12-29,Treasury General Account (TGA) Closing Balance,null,858993
2025-12-30,Treasury General Account (TGA) Opening Balance,null,858993
2025-12-30,Total TGA Deposits (Table II),null,255772
2025-12-30,Total TGA Withdrawals (Table II) (-),null,288359
2025-12-30,Treasury General Account (TGA) Closing Balance,null,826406
2025-12-31,Treasury General Account (TGA) Opening Balance,null,826406
2025-12-31,Total TGA Deposits (Table II),null,276369
2025-12-31,Total TGA Withdrawals (Table II) (-),null,229922
2025-12-31,Treasury General Account (TGA) Closing Balance,null,872853
2026-01-02,Treasury General Account (TGA) Opening Balance,null,872853
2026-01-02,Total TGA Deposits (Table II),null,299155
2026-01-02,Total TGA Withdrawals (Table II) (-),null,390804
2026-01-02,Treasury General Account (TGA) Closing Balance,null,781204
2026-01-05,Treasury General Account (TGA) Opening Balance,null,781204
2026-01-05,Total TGA Deposits (Table II),null,37177
2026-01-05,Total TGA Withdrawals (Table II) (-),null,17319
2026-01-05,Treasury General Account (TGA) Closing Balance,null,801062
2026-01-06,Treasury General Account (TGA) Opening Balance,null,801062
2026-01-06,Total TGA Deposits (Table II),null,247368
2026-01-06,Total TGA Withdrawals (Table II) (-),null,276495
2026-01-06,Treasury General Account (TGA) Closing Balance,null,771936
2026-01-07,Treasury General Account (TGA) Opening Balance,null,771936
2026-01-07,Total TGA Deposits (Table II),null,26905
2026-01-07,Total TGA Withdrawals (Table II) (-),null,15269
2026-01-07,Treasury General Account (TGA) Closing Balance,null,783571
2026-01-08,Treasury General Account (TGA) Opening Balance,null,783571
2026-01-08,Total TGA Deposits (Table II),null,263883
2026-01-08,Total TGA Withdrawals (Table II) (-),null,273746
2026-01-08,Treasury General Account (TGA) Closing Balance,null,773709
2026-01-09,Treasury General Account (TGA) Opening Balance,null,773709
2026-01-09,Total TGA Deposits (Table II),null,18965
2026-01-09,Total TGA Withdrawals (Table II) (-),null,17559
2026-01-09,Treasury General Account (TGA) Closing Balance,null,775114
2026-01-12,Treasury General Account (TGA) Opening Balance,null,775114
2026-01-12,Total TGA Deposits (Table II),null,40485
2026-01-12,Total TGA Withdrawals (Table II) (-),null,18278
2026-01-12,Treasury General Account (TGA) Closing Balance,null,797322
2026-01-13,Treasury General Account (TGA) Opening Balance,null,797322
2026-01-13,Total TGA Deposits (Table II),null,255308
2026-01-13,Total TGA Withdrawals (Table II) (-),null,271840
2026-01-13,Treasury General Account (TGA) Closing Balance,null,780790
2026-01-14,Treasury General Account (TGA) Opening Balance,null,780790
2026-01-14,Total TGA Deposits (Table II),null,45093
2026-01-14,Total TGA Withdrawals (Table II) (-),null,48822
2026-01-14,Treasury General Account (TGA) Closing Balance,null,777061
2026-01-15,Treasury General Account (TGA) Opening Balance,null,777061
2026-01-15,Total TGA Deposits (Table II),null,481122
2026-01-15,Total TGA Withdrawals (Table II) (-),null,417300
2026-01-15,Treasury General Account (TGA) Closing Balance,null,840883
2026-01-16,Treasury General Account (TGA) Opening Balance,null,840883
2026-01-16,Total TGA Deposits (Table II),null,46894
2026-01-16,Total TGA Withdrawals (Table II) (-),null,19550
2026-01-16,Treasury General Account (TGA) Closing Balance,null,868226
2026-01-20,Treasury General Account (TGA) Opening Balance,null,868226
2026-01-20,Total TGA Deposits (Table II),null,297770
2026-01-20,Total TGA Withdrawals (Table II) (-),null,266127
2026-01-20,Treasury General Account (TGA) Closing Balance,null,899869
2026-01-21,Treasury General Account (TGA) Opening Balance,null,899869
2026-01-21,Total TGA Deposits (Table II),null,19372
2026-01-21,Total TGA Withdrawals (Table II) (-),null,48072
2026-01-21,Treasury General Account (TGA) Closing Balance,null,871169
2026-01-22,Treasury General Account (TGA) Opening Balance,null,871169
2026-01-22,Total TGA Deposits (Table II),null,345408
2026-01-22,Total TGA Withdrawals (Table II) (-),null,328128
2026-01-22,Treasury General Account (TGA) Closing Balance,null,888450
2026-01-23,Treasury General Account (TGA) Opening Balance,null,888450
2026-01-23,Total TGA Deposits (Table II),null,27520
2026-01-23,Total TGA Withdrawals (Table II) (-),null,15428
2026-01-23,Treasury General Account (TGA) Closing Balance,null,900542
2026-01-26,Treasury General Account (TGA) Opening Balance,null,900542
2026-01-26,Total TGA Deposits (Table II),null,59203
2026-01-26,Total TGA Withdrawals (Table II) (-),null,16079
2026-01-26,Treasury General Account (TGA) Closing Balance,null,943665
2026-01-27,Treasury General Account (TGA) Opening Balance,null,943665
2026-01-27,Total TGA Deposits (Table II),null,281776
2026-01-27,Total TGA Withdrawals (Table II) (-),null,250593
2026-01-27,Treasury General Account (TGA) Closing Balance,null,974848
2026-01-28,Treasury General Account (TGA) Opening Balance,null,974848
2026-01-28,Total TGA Deposits (Table II),null,25787
2026-01-28,Total TGA Withdrawals (Table II) (-),null,47931
2026-01-28,Treasury General Account (TGA) Closing Balance,null,952705
2026-01-29,Treasury General Account (TGA) Opening Balance,null,952705
2026-01-29,Total TGA Deposits (Table II),null,282109
2026-01-29,Total TGA Withdrawals (Table II) (-),null,266748
2026-01-29,Treasury General Account (TGA) Closing Balance,null,968066
2026-01-30,Treasury General Account (TGA) Opening Balance,null,968066
2026-01-30,Total TGA Deposits (Table II),null,43755
2026-01-30,Total TGA Withdrawals (Table II) (-),null,118575
2026-01-30,Treasury General Account (TGA) Closing Balance,null,893245
2026-02-02,Treasury General Account (TGA) Opening Balance,null,893245
2026-02-02,Total TGA Deposits (Table II),null,310492
2026-02-02,Total TGA Withdrawals (Table II) (-),null,305754
2026-02-02,Treasury General Account (TGA) Closing Balance,null,897983
2026-02-03,Treasury General Account (TGA) Opening Balance,null,897983
2026-02-03,Total TGA Deposits (Table II),null,286821
2026-02-03,Total TGA Withdrawals (Table II) (-),null,276911
2026-02-03,Treasury General Account (TGA) Closing Balance,null,907892
2026-02-04,Treasury General Account (TGA) Opening Balance,null,907892
2026-02-04,Total TGA Deposits (Table II),null,18874
2026-02-04,Total TGA Withdrawals (Table II) (-),null,19029
2026-02-04,Treasury General Account (TGA) Closing Balance,null,907737
2026-02-05,Treasury General Account (TGA) Opening Balance,null,907737
2026-02-05,Total TGA Deposits (Table II),null,276335
2026-02-05,Total TGA Withdrawals (Table II) (-),null,269509
2026-02-05,Treasury General Account (TGA) Closing Balance,null,914563
2026-02-06,Treasury General Account (TGA) Opening Balance,null,914563
2026-02-06,Total TGA Deposits (Table II),null,14599
2026-02-06,Total TGA Withdrawals (Table II) (-),null,23881
2026-02-06,Treasury General Account (TGA) Closing Balance,null,905282
2026-02-09,Treasury General Account (TGA) Opening Balance,null,905282
2026-02-09,Total TGA Deposits (Table II),null,31679
2026-02-09,Total TGA Withdrawals (Table II) (-),null,19392
2026-02-09,Treasury General Account (TGA) Closing Balance,null,917568
2026-02-10,Treasury General Account (TGA) Opening Balance,null,917568
2026-02-10,Total TGA Deposits (Table II),null,285615
2026-02-10,Total TGA Withdrawals (Table II) (-),null,254549
2026-02-10,Treasury General Account (TGA) Closing Balance,null,948634
2026-02-11,Treasury General Account (TGA) Opening Balance,null,948634
2026-02-11,Total TGA Deposits (Table II),null,19944
2026-02-11,Total TGA Withdrawals (Table II) (-),null,58045
2026-02-11,Treasury General Account (TGA) Closing Balance,null,910533
2026-02-12,Treasury General Account (TGA) Opening Balance,null,910533
2026-02-12,Total TGA Deposits (Table II),null,279288
2026-02-12,Total TGA Withdrawals (Table II) (-),null,268822
2026-02-12,Treasury General Account (TGA) Closing Balance,null,920999
2026-02-13,Treasury General Account (TGA) Opening Balance,null,920999
2026-02-13,Total TGA Deposits (Table II),null,20717
2026-02-13,Total TGA Withdrawals (Table II) (-),null,28072
2026-02-13,Treasury General Account (TGA) Closing Balance,null,913645
2026-02-17,Treasury General Account (TGA) Opening Balance,null,913645
2026-02-17,Total TGA Deposits (Table II),null,494091
2026-02-17,Total TGA Withdrawals (Table II) (-),null,483076
2026-02-17,Treasury General Account (TGA) Closing Balance,null,924659
2026-02-18,Treasury General Account (TGA) Opening Balance,null,924659
2026-02-18,Total TGA Deposits (Table II),null,15757
2026-02-18,Total TGA Withdrawals (Table II) (-),null,51562
2026-02-18,Treasury General Account (TGA) Closing Balance,null,888854
2026-02-19,Treasury General Account (TGA) Opening Balance,null,888854
2026-02-19,Total TGA Deposits (Table II),null,341021
2026-02-19,Total TGA Withdrawals (Table II) (-),null,325017
2026-02-19,Treasury General Account (TGA) Closing Balance,null,904858
2026-02-20,Treasury General Account (TGA) Opening Balance,null,904858
2026-02-20,Total TGA Deposits (Table II),null,19415
2026-02-20,Total TGA Withdrawals (Table II) (-),null,30902
2026-02-20,Treasury General Account (TGA) Closing Balance,null,893370
2026-02-23,Treasury General Account (TGA) Opening Balance,null,893370
2026-02-23,Total TGA Deposits (Table II),null,38306
2026-02-23,Total TGA Withdrawals (Table II) (-),null,43512
2026-02-23,Treasury General Account (TGA) Closing Balance,null,888165
2026-02-24,Treasury General Account (TGA) Opening Balance,null,888165
2026-02-24,Total TGA Deposits (Table II),null,302651
2026-02-24,Total TGA Withdrawals (Table II) (-),null,289643
2026-02-24,Treasury General Account (TGA) Closing Balance,null,901173
2026-02-25,Treasury General Account (TGA) Opening Balance,null,901173
2026-02-25,Total TGA Deposits (Table II),null,21179
2026-02-25,Total TGA Withdrawals (Table II) (-),null,83378
2026-02-25,Treasury General Account (TGA) Closing Balance,null,838975
2026-02-26,Treasury General Account (TGA) Opening Balance,null,838975
2026-02-26,Total TGA Deposits (Table II),null,280814
2026-02-26,Total TGA Withdrawals (Table II) (-),null,270340
2026-02-26,Treasury General Account (TGA) Closing Balance,null,849449
2026-02-27,Treasury General Account (TGA) Opening Balance,null,849449
2026-02-27,Total TGA Deposits (Table II),null,61230
2026-02-27,Total TGA Withdrawals (Table II) (-),null,111736
2026-02-27,Treasury General Account (TGA) Closing Balance,null,798943
2026-03-02,Treasury General Account (TGA) Opening Balance,null,798943
2026-03-02,Total TGA Deposits (Table II),null,297319
2026-03-02,Total TGA Withdrawals (Table II) (-),null,224885
2026-03-02,Treasury General Account (TGA) Closing Balance,null,871377
2026-03-03,Treasury General Account (TGA) Opening Balance,null,871377
2026-03-03,Total TGA Deposits (Table II),null,293801
2026-03-03,Total TGA Withdrawals (Table II) (-),null,305439
2026-03-03,Treasury General Account (TGA) Closing Balance,null,859738
2026-03-04,Treasury General Account (TGA) Opening Balance,null,859738
2026-03-04,Total TGA Deposits (Table II),null,23806
2026-03-04,Total TGA Withdrawals (Table II) (-),null,36565
2026-03-04,Treasury General Account (TGA) Closing Balance,null,846979
2026-03-05,Treasury General Account (TGA) Opening Balance,null,846979
2026-03-05,Total TGA Deposits (Table II),null,273574
2026-03-05,Total TGA Withdrawals (Table II) (-),null,279703
2026-03-05,Treasury General Account (TGA) Closing Balance,null,840850
2026-03-06,Treasury General Account (TGA) Opening Balance,null,840850
2026-03-06,Total TGA Deposits (Table II),null,17677
2026-03-06,Total TGA Withdrawals (Table II) (-),null,25440
2026-03-06,Treasury General Account (TGA) Closing Balance,null,833086
2026-03-09,Treasury General Account (TGA) Opening Balance,null,833086
2026-03-09,Total TGA Deposits (Table II),null,44750
2026-03-09,Total TGA Withdrawals (Table II) (-),null,19289
2026-03-09,Treasury General Account (TGA) Closing Balance,null,858548
2026-03-10,Treasury General Account (TGA) Opening Balance,null,858548
2026-03-10,Total TGA Deposits (Table II),null,287104
2026-03-10,Total TGA Withdrawals (Table II) (-),null,282811
2026-03-10,Treasury General Account (TGA) Closing Balance,null,862841
2026-03-11,Treasury General Account (TGA) Opening Balance,null,862841
2026-03-11,Total TGA Deposits (Table II),null,23634
2026-03-11,Total TGA Withdrawals (Table II) (-),null,80669
2026-03-11,Treasury General Account (TGA) Closing Balance,null,805806
2026-03-12,Treasury General Account (TGA) Opening Balance,null,805806
2026-03-12,Total TGA Deposits (Table II),null,286038
2026-03-12,Total TGA Withdrawals (Table II) (-),null,282560
2026-03-12,Treasury General Account (TGA) Closing Balance,null,809284
2026-03-13,Treasury General Account (TGA) Opening Balance,null,809284
2026-03-13,Total TGA Deposits (Table II),null,28680
2026-03-13,Total TGA Withdrawals (Table II) (-),null,31629
2026-03-13,Treasury General Account (TGA) Closing Balance,null,806335
2026-03-16,Treasury General Account (TGA) Opening Balance,null,806335
2026-03-16,Total TGA Deposits (Table II),null,195826
2026-03-16,Total TGA Withdrawals (Table II) (-),null,64585
2026-03-16,Treasury General Account (TGA) Closing Balance,null,937577
2026-03-17,Treasury General Account (TGA) Opening Balance,null,937577
2026-03-17,Total TGA Deposits (Table II),null,279075
2026-03-17,Total TGA Withdrawals (Table II) (-),null,286984
2026-03-17,Treasury General Account (TGA) Closing Balance,null,929668
2026-03-18,Treasury General Account (TGA) Opening Balance,null,929668
2026-03-18,Total TGA Deposits (Table II),null,20951
2026-03-18,Total TGA Withdrawals (Table II) (-),null,74786
2026-03-18,Treasury General Account (TGA) Closing Balance,null,875833
2026-03-19,Treasury General Account (TGA) Opening Balance,null,875833
2026-03-19,Total TGA Deposits (Table II),null,335309
2026-03-19,Total TGA Withdrawals (Table II) (-),null,328320
2026-03-19,Treasury General Account (TGA) Closing Balance,null,882822
2026-03-20,Treasury General Account (TGA) Opening Balance,null,882822
2026-03-20,Total TGA Deposits (Table II),null,18005
2026-03-20,Total TGA Withdrawals (Table II) (-),null,29963
2026-03-20,Treasury General Account (TGA) Closing Balance,null,870864
2026-03-23,Treasury General Account (TGA) Opening Balance,null,870864
2026-03-23,Total TGA Deposits (Table II),null,56488
2026-03-23,Total TGA Withdrawals (Table II) (-),null,17843
2026-03-23,Treasury General Account (TGA) Closing Balance,null,909509
2026-03-24,Treasury General Account (TGA) Opening Balance,null,909509
2026-03-24,Total TGA Deposits (Table II),null,259082
2026-03-24,Total TGA Withdrawals (Table II) (-),null,292385
2026-03-24,Treasury General Account (TGA) Closing Balance,null,876206
2026-03-25,Treasury General Account (TGA) Opening Balance,null,876206
2026-03-25,Total TGA Deposits (Table II),null,19640
2026-03-25,Total TGA Withdrawals (Table II) (-),null,58434
2026-03-25,Treasury General Account (TGA) Closing Balance,null,837412
2026-03-26,Treasury General Account (TGA) Opening Balance,null,837412
2026-03-26,Total TGA Deposits (Table II),null,269001
2026-03-26,Total TGA Withdrawals (Table II) (-),null,283382
2026-03-26,Treasury General Account (TGA) Closing Balance,null,823031
2026-03-27,Treasury General Account (TGA) Opening Balance,null,823031
2026-03-27,Total TGA Deposits (Table II),null,47888
2026-03-27,Total TGA Withdrawals (Table II) (-),null,22264
2026-03-27,Treasury General Account (TGA) Closing Balance,null,848655
2026-03-30,Treasury General Account (TGA) Opening Balance,null,848655
2026-03-30,Total TGA Deposits (Table II),null,41713
2026-03-30,Total TGA Withdrawals (Table II) (-),null,21890
2026-03-30,Treasury General Account (TGA) Closing Balance,null,868478
2026-03-31,Treasury General Account (TGA) Opening Balance,null,868478
2026-03-31,Total TGA Deposits (Table II),null,496155
2026-03-31,Total TGA Withdrawals (Table II) (-),null,471633
2026-03-31,Treasury General Account (TGA) Closing Balance,null,893000
2026-04-01,Treasury General Account (TGA) Opening Balance,null,893000
2026-04-01,Total TGA Deposits (Table II),null,44981
2026-04-01,Total TGA Withdrawals (Table II) (-),null,134428
2026-04-01,Treasury General Account (TGA) Closing Balance,null,803553
2026-04-02,Treasury General Account (TGA) Opening Balance,null,803553
2026-04-02,Total TGA Deposits (Table II),null,273357
2026-04-02,Total TGA Withdrawals (Table II) (-),null,300834
2026-04-02,Treasury General Account (TGA) Closing Balance,null,776076
2026-04-03,Treasury General Account (TGA) Opening Balance,null,776076
2026-04-03,Total TGA Deposits (Table II),null,21405
2026-04-03,Total TGA Withdrawals (Table II) (-),null,43543
2026-04-03,Treasury General Account (TGA) Closing Balance,null,753938
2026-04-06,Treasury General Account (TGA) Opening Balance,null,753938
2026-04-06,Total TGA Deposits (Table II),null,37543
2026-04-06,Total TGA Withdrawals (Table II) (-),null,16048
2026-04-06,Treasury General Account (TGA) Closing Balance,null,775433
2026-04-07,Treasury General Account (TGA) Opening Balance,null,775433
2026-04-07,Total TGA Deposits (Table II),null,246048
2026-04-07,Total TGA Withdrawals (Table II) (-),null,293253
2026-04-07,Treasury General Account (TGA) Closing Balance,null,728227
2026-04-08,Treasury General Account (TGA) Opening Balance,null,728227
2026-04-08,Total TGA Deposits (Table II),null,27848
2026-04-08,Total TGA Withdrawals (Table II) (-),null,58996
2026-04-08,Treasury General Account (TGA) Closing Balance,null,697079
2026-04-09,Treasury General Account (TGA) Opening Balance,null,697079
2026-04-09,Total TGA Deposits (Table II),null,274618
2026-04-09,Total TGA Withdrawals (Table II) (-),null,284727
2026-04-09,Treasury General Account (TGA) Closing Balance,null,686969
2026-04-10,Treasury General Account (TGA) Opening Balance,null,686969
2026-04-10,Total TGA Deposits (Table II),null,43439
2026-04-10,Total TGA Withdrawals (Table II) (-),null,27191
2026-04-10,Treasury General Account (TGA) Closing Balance,null,703218
2026-04-13,Treasury General Account (TGA) Opening Balance,null,703218
2026-04-13,Total TGA Deposits (Table II),null,75880
2026-04-13,Total TGA Withdrawals (Table II) (-),null,20188
2026-04-13,Treasury General Account (TGA) Closing Balance,null,758910
2026-04-14,Treasury General Account (TGA) Opening Balance,null,758910
2026-04-14,Total TGA Deposits (Table II),null,308054
2026-04-14,Total TGA Withdrawals (Table II) (-),null,287458
2026-04-14,Treasury General Account (TGA) Closing Balance,null,779506
2026-04-15,Treasury General Account (TGA) Opening Balance,null,779506
2026-04-15,Total TGA Deposits (Table II),null,313370
2026-04-15,Total TGA Withdrawals (Table II) (-),null,168441
2026-04-15,Treasury General Account (TGA) Closing Balance,null,924435
2026-04-16,Treasury General Account (TGA) Opening Balance,null,924435
2026-04-16,Total TGA Deposits (Table II),null,381713
2026-04-16,Total TGA Withdrawals (Table II) (-),null,334993
2026-04-16,Treasury General Account (TGA) Closing Balance,null,971155
2026-04-17,Treasury General Account (TGA) Opening Balance,null,971155
2026-04-17,Total TGA Deposits (Table II),null,62607
2026-04-17,Total TGA Withdrawals (Table II) (-),null,35126
2026-04-17,Treasury General Account (TGA) Closing Balance,null,998636
2026-04-20,Treasury General Account (TGA) Opening Balance,null,998636
2026-04-20,Total TGA Deposits (Table II),null,57658
2026-04-20,Total TGA Withdrawals (Table II) (-),null,18259
2026-04-20,Treasury General Account (TGA) Closing Balance,null,1038035
2026-04-21,Treasury General Account (TGA) Opening Balance,null,1038035
2026-04-21,Total TGA Deposits (Table II),null,269503
2026-04-21,Total TGA Withdrawals (Table II) (-),null,278028
2026-04-21,Treasury General Account (TGA) Closing Balance,null,1029510
2026-04-22,Treasury General Account (TGA) Opening Balance,null,1029510
2026-04-22,Total TGA Deposits (Table II),null,51277
2026-04-22,Total TGA Withdrawals (Table II) (-),null,73615
2026-04-22,Treasury General Account (TGA) Closing Balance,null,1007172
2026-04-23,Treasury General Account (TGA) Opening Balance,null,1007172
2026-04-23,Total TGA Deposits (Table II),null,272244
2026-04-23,Total TGA Withdrawals (Table II) (-),null,309572
2026-04-23,Treasury General Account (TGA) Closing Balance,null,969844
2026-04-24,Treasury General Account (TGA) Opening Balance,null,969844
2026-04-24,Total TGA Deposits (Table II),null,25794
2026-04-24,Total TGA Withdrawals (Table II) (-),null,21388
2026-04-24,Treasury General Account (TGA) Closing Balance,null,974251
2026-04-27,Treasury General Account (TGA) Opening Balance,null,974251
2026-04-27,Total TGA Deposits (Table II),null,45966
2026-04-27,Total TGA Withdrawals (Table II) (-),null,17835
2026-04-27,Treasury General Account (TGA) Closing Balance,null,1002382
2026-04-28,Treasury General Account (TGA) Opening Balance,null,1002382
2026-04-28,Total TGA Deposits (Table II),null,263294
2026-04-28,Total TGA Withdrawals (Table II) (-),null,275255
2026-04-28,Treasury General Account (TGA) Closing Balance,null,990422
2026-04-29,Treasury General Account (TGA) Opening Balance,null,990422
2026-04-29,Total TGA Deposits (Table II),null,25891
2026-04-29,Total TGA Withdrawals (Table II) (-),null,28211
2026-04-29,Treasury General Account (TGA) Closing Balance,null,988102
2026-04-30,Treasury General Account (TGA) Opening Balance,null,988102
2026-04-30,Total TGA Deposits (Table II),null,563836
2026-04-30,Total TGA Withdrawals (Table II) (-),null,582555
2026-04-30,Treasury General Account (TGA) Closing Balance,null,969383
2026-05-01,Treasury General Account (TGA) Opening Balance,null,969383
2026-05-01,Total TGA Deposits (Table II),null,43050
2026-05-01,Total TGA Withdrawals (Table II) (-),null,155122
2026-05-01,Treasury General Account (TGA) Closing Balance,null,857311
2026-05-04,Treasury General Account (TGA) Opening Balance,null,857311
2026-05-04,Total TGA Deposits (Table II),null,39449
2026-05-04,Total TGA Withdrawals (Table II) (-),null,16792
2026-05-04,Treasury General Account (TGA) Closing Balance,null,879968
2026-05-05,Treasury General Account (TGA) Opening Balance,null,879968
2026-05-05,Total TGA Deposits (Table II),null,247798
2026-05-05,Total TGA Withdrawals (Table II) (-),null,267479
2026-05-05,Treasury General Account (TGA) Closing Balance,null,860287
2026-05-06,Treasury General Account (TGA) Opening Balance,null,860287
2026-05-06,Total TGA Deposits (Table II),null,22697
2026-05-06,Total TGA Withdrawals (Table II) (-),null,20227
2026-05-06,Treasury General Account (TGA) Closing Balance,null,862757
2026-05-07,Treasury General Account (TGA) Opening Balance,null,862757
2026-05-07,Total TGA Deposits (Table II),null,265366
2026-05-07,Total TGA Withdrawals (Table II) (-),null,281561
2026-05-07,Treasury General Account (TGA) Closing Balance,null,846562
2026-05-08,Treasury General Account (TGA) Opening Balance,null,846562
2026-05-08,Total TGA Deposits (Table II),null,18392
2026-05-08,Total TGA Withdrawals (Table II) (-),null,25793
2026-05-08,Treasury General Account (TGA) Closing Balance,null,839161
2026-05-11,Treasury General Account (TGA) Opening Balance,null,839161
2026-05-11,Total TGA Deposits (Table II),null,35483
2026-05-11,Total TGA Withdrawals (Table II) (-),null,20054
2026-05-11,Treasury General Account (TGA) Closing Balance,null,854589
2026-05-12,Treasury General Account (TGA) Opening Balance,null,854589
2026-05-12,Total TGA Deposits (Table II),null,260464
2026-05-12,Total TGA Withdrawals (Table II) (-),null,271017
2026-05-12,Treasury General Account (TGA) Closing Balance,null,844036
2026-05-13,Treasury General Account (TGA) Opening Balance,null,844036
2026-05-13,Total TGA Deposits (Table II),null,16744
2026-05-13,Total TGA Withdrawals (Table II) (-),null,53360
2026-05-13,Treasury General Account (TGA) Closing Balance,null,807420
2026-05-14,Treasury General Account (TGA) Opening Balance,null,807420
2026-05-14,Total TGA Deposits (Table II),null,324909
2026-05-14,Total TGA Withdrawals (Table II) (-),null,329917
2026-05-14,Treasury General Account (TGA) Closing Balance,null,802412
2026-05-15,Treasury General Account (TGA) Opening Balance,null,802412
2026-05-15,Total TGA Deposits (Table II),null,182579
2026-05-15,Total TGA Withdrawals (Table II) (-),null,226172
2026-05-15,Treasury General Account (TGA) Closing Balance,null,758819
2026-05-18,Treasury General Account (TGA) Opening Balance,null,758819
2026-05-18,Total TGA Deposits (Table II),null,44865
2026-05-18,Total TGA Withdrawals (Table II) (-),null,17759
2026-05-18,Treasury General Account (TGA) Closing Balance,null,785925
2026-05-19,Treasury General Account (TGA) Opening Balance,null,785925
2026-05-19,Total TGA Deposits (Table II),null,293814
2026-05-19,Total TGA Withdrawals (Table II) (-),null,257464
2026-05-19,Treasury General Account (TGA) Closing Balance,null,822275
2026-05-20,Treasury General Account (TGA) Opening Balance,null,822275
2026-05-20,Total TGA Deposits (Table II),null,21204
2026-05-20,Total TGA Withdrawals (Table II) (-),null,61499
2026-05-20,Treasury General Account (TGA) Closing Balance,null,781979
2026-05-21,Treasury General Account (TGA) Opening Balance,null,781979
2026-05-21,Total TGA Deposits (Table II),null,275602
2026-05-21,Total TGA Withdrawals (Table II) (-),null,271699
2026-05-21,Treasury General Account (TGA) Closing Balance,null,785882
2026-05-22,Treasury General Account (TGA) Opening Balance,null,785882
2026-05-22,Total TGA Deposits (Table II),null,57786
2026-05-22,Total TGA Withdrawals (Table II) (-),null,18118
2026-05-22,Treasury General Account (TGA) Closing Balance,null,825550
2026-05-26,Treasury General Account (TGA) Opening Balance,null,825550
2026-05-26,Total TGA Deposits (Table II),null,314691
2026-05-26,Total TGA Withdrawals (Table II) (-),null,258912
2026-05-26,Treasury General Account (TGA) Closing Balance,null,881329
2026-05-27,Treasury General Account (TGA) Opening Balance,null,881329
2026-05-27,Total TGA Deposits (Table II),null,13328
2026-05-27,Total TGA Withdrawals (Table II) (-),null,51997
2026-05-27,Treasury General Account (TGA) Closing Balance,null,842660
2026-05-28,Treasury General Account (TGA) Opening Balance,null,842660
2026-05-28,Total TGA Deposits (Table II),null,279622
2026-05-28,Total TGA Withdrawals (Table II) (-),null,272572
2026-05-28,Treasury General Account (TGA) Closing Balance,null,849710
2026-05-29,Treasury General Account (TGA) Opening Balance,null,849710
2026-05-29,Total TGA Deposits (Table II),null,68288
2026-05-29,Total TGA Withdrawals (Table II) (-),null,14117
2026-05-29,Treasury General Account (TGA) Closing Balance,null,903881
2026-06-01,Treasury General Account (TGA) Opening Balance,null,903881
2026-06-01,Total TGA Deposits (Table II),null,280267
2026-06-01,Total TGA Withdrawals (Table II) (-),null,327307
2026-06-01,Treasury General Account (TGA) Closing Balance,null,856842
2026-06-02,Treasury General Account (TGA) Opening Balance,null,856842
2026-06-02,Total TGA Deposits (Table II),null,263280
2026-06-02,Total TGA Withdrawals (Table II) (-),null,254047
2026-06-02,Treasury General Account (TGA) Closing Balance,null,866075
2026-06-03,Treasury General Account (TGA) Opening Balance,null,866075
2026-06-03,Total TGA Deposits (Table II),null,24707
2026-06-03,Total TGA Withdrawals (Table II) (-),null,45061
2026-06-03,Treasury General Account (TGA) Closing Balance,null,845722
2026-06-04,Treasury General Account (TGA) Opening Balance,null,845722
2026-06-04,Total TGA Deposits (Table II),null,266134
2026-06-04,Total TGA Withdrawals (Table II) (-),null,267334
2026-06-04,Treasury General Account (TGA) Closing Balance,null,844521
2026-06-05,Treasury General Account (TGA) Opening Balance,null,844521
2026-06-05,Total TGA Deposits (Table II),null,15580
2026-06-05,Total TGA Withdrawals (Table II) (-),null,34561
2026-06-05,Treasury General Account (TGA) Closing Balance,null,825540
2026-06-08,Treasury General Account (TGA) Opening Balance,null,825540
2026-06-08,Total TGA Deposits (Table II),null,38313
2026-06-08,Total TGA Withdrawals (Table II) (-),null,19623
2026-06-08,Treasury General Account (TGA) Closing Balance,null,844229
2026-06-09,Treasury General Account (TGA) Opening Balance,null,844229
2026-06-09,Total TGA Deposits (Table II),null,247518
2026-06-09,Total TGA Withdrawals (Table II) (-),null,261349
2026-06-09,Treasury General Account (TGA) Closing Balance,null,830399
2026-06-10,Treasury General Account (TGA) Opening Balance,null,830399
2026-06-10,Total TGA Deposits (Table II),null,27211
2026-06-10,Total TGA Withdrawals (Table II) (-),null,56525
2026-06-10,Treasury General Account (TGA) Closing Balance,null,801084
2026-06-11,Treasury General Account (TGA) Opening Balance,null,801084
2026-06-11,Total TGA Deposits (Table II),null,321512
2026-06-11,Total TGA Withdrawals (Table II) (-),null,323080
2026-06-11,Treasury General Account (TGA) Closing Balance,null,799517
2026-06-12,Treasury General Account (TGA) Opening Balance,null,799517
2026-06-12,Total TGA Deposits (Table II),null,46695
2026-06-12,Total TGA Withdrawals (Table II) (-),null,30188
2026-06-12,Treasury General Account (TGA) Closing Balance,null,816023
2026-06-15,Treasury General Account (TGA) Opening Balance,null,816023
2026-06-15,Total TGA Deposits (Table II),null,234538
2026-06-15,Total TGA Withdrawals (Table II) (-),null,70770
2026-06-15,Treasury General Account (TGA) Closing Balance,null,979791
2026-06-16,Treasury General Account (TGA) Opening Balance,null,979791
2026-06-16,Total TGA Deposits (Table II),null,271427
2026-06-16,Total TGA Withdrawals (Table II) (-),null,270105
2026-06-16,Treasury General Account (TGA) Closing Balance,null,981113
2026-06-17,Treasury General Account (TGA) Opening Balance,null,981113
2026-06-17,Total TGA Deposits (Table II),null,26126
2026-06-17,Total TGA Withdrawals (Table II) (-),null,50738
2026-06-17,Treasury General Account (TGA) Closing Balance,null,956502
2026-06-18,Treasury General Account (TGA) Opening Balance,null,956502
2026-06-18,Total TGA Deposits (Table II),null,267105
2026-06-18,Total TGA Withdrawals (Table II) (-),null,308523
2026-06-18,Treasury General Account (TGA) Closing Balance,null,915085
2026-06-22,Treasury General Account (TGA) Opening Balance,null,915085
2026-06-22,Total TGA Deposits (Table II),null,60855
2026-06-22,Total TGA Withdrawals (Table II) (-),null,33125
2026-06-22,Treasury General Account (TGA) Closing Balance,null,942815
2026-06-23,Treasury General Account (TGA) Opening Balance,null,942815
2026-06-23,Total TGA Deposits (Table II),null,262522
2026-06-23,Total TGA Withdrawals (Table II) (-),null,279461
2026-06-23,Treasury General Account (TGA) Closing Balance,null,925876
2026-06-24,Treasury General Account (TGA) Opening Balance,null,925876
2026-06-24,Total TGA Deposits (Table II),null,27014
2026-06-24,Total TGA Withdrawals (Table II) (-),null,51046
2026-06-24,Treasury General Account (TGA) Closing Balance,null,901845
2026-06-25,Treasury General Account (TGA) Opening Balance,null,901845
2026-06-25,Total TGA Deposits (Table II),null,258447
2026-06-25,Total TGA Withdrawals (Table II) (-),null,288823
2026-06-25,Treasury General Account (TGA) Closing Balance,null,871469
2026-06-26,Treasury General Account (TGA) Opening Balance,null,871469
2026-06-26,Total TGA Deposits (Table II),null,45318
2026-06-26,Total TGA Withdrawals (Table II) (-),null,21210
2026-06-26,Treasury General Account (TGA) Closing Balance,null,895576
2026-06-29,Treasury General Account (TGA) Opening Balance,null,895576
2026-06-29,Total TGA Deposits (Table II),null,33876
2026-06-29,Total TGA Withdrawals (Table II) (-),null,52491
2026-06-29,Treasury General Account (TGA) Closing Balance,null,876961
2026-06-30,Treasury General Account (TGA) Opening Balance,null,876961
2026-06-30,Total TGA Deposits (Table II),null,494841
2026-06-30,Total TGA Withdrawals (Table II) (-),null,452657
2026-06-30,Treasury General Account (TGA) Closing Balance,null,919145
2026-07-01,Treasury General Account (TGA) Opening Balance,null,919145
2026-07-01,Total TGA Deposits (Table II),null,43064
2026-07-01,Total TGA Withdrawals (Table II) (-),null,154850
2026-07-01,Treasury General Account (TGA) Closing Balance,null,807359
2026-07-02,Treasury General Account (TGA) Opening Balance,null,807359
2026-07-02,Total TGA Deposits (Table II),null,283480
2026-07-02,Total TGA Withdrawals (Table II) (-),null,320253
2026-07-02,Treasury General Account (TGA) Closing Balance,null,770587
2026-07-03,Treasury General Account (TGA) Opening Balance,null,770587
2026-07-03,Total TGA Deposits (Table II),null,14572
2026-07-03,Total TGA Withdrawals (Table II) (-),null,8315
2026-07-03,Treasury General Account (TGA) Closing Balance,null,776843
2026-07-06,Treasury General Account (TGA) Opening Balance,null,776843
2026-07-06,Total TGA Deposits (Table II),null,28574
2026-07-06,Total TGA Withdrawals (Table II) (-),null,22311
2026-07-06,Treasury General Account (TGA) Closing Balance,null,783107
2026-07-07,Treasury General Account (TGA) Opening Balance,null,783107
2026-07-07,Total TGA Deposits (Table II),null,262298
2026-07-07,Total TGA Withdrawals (Table II) (-),null,260441
2026-07-07,Treasury General Account (TGA) Closing Balance,null,784964
2026-07-08,Treasury General Account (TGA) Opening Balance,null,784964
2026-07-08,Total TGA Deposits (Table II),null,18298
2026-07-08,Total TGA Withdrawals (Table II) (-),null,54019
2026-07-08,Treasury General Account (TGA) Closing Balance,null,749244
2026-07-09,Treasury General Account (TGA) Opening Balance,null,749244
2026-07-09,Total TGA Deposits (Table II),null,335959
2026-07-09,Total TGA Withdrawals (Table II) (-),null,340566
2026-07-09,Treasury General Account (TGA) Closing Balance,null,744637
2026-07-10,Treasury General Account (TGA) Opening Balance,null,744637
2026-07-10,Total TGA Deposits (Table II),null,14755
2026-07-10,Total TGA Withdrawals (Table II) (-),null,21120
2026-07-10,Treasury General Account (TGA) Closing Balance,null,738273
2026-07-13,Treasury General Account (TGA) Opening Balance,null,738273
2026-07-13,Total TGA Deposits (Table II),null,31143
2026-07-13,Total TGA Withdrawals (Table II) (-),null,19134
2026-07-13,Treasury General Account (TGA) Closing Balance,null,750282
2026-07-14,Treasury General Account (TGA) Opening Balance,null,750282
2026-07-14,Total TGA Deposits (Table II),null,300990
2026-07-14,Total TGA Withdrawals (Table II) (-),null,263458
2026-07-14,Treasury General Account (TGA) Closing Balance,null,787814
2026-07-15,Treasury General Account (TGA) Opening Balance,null,787814
2026-07-15,Total TGA Deposits (Table II),null,164297
2026-07-15,Total TGA Withdrawals (Table II) (-),null,156135
2026-07-15,Treasury General Account (TGA) Closing Balance,null,795976
2026-07-16,Treasury General Account (TGA) Opening Balance,null,795976
2026-07-16,Total TGA Deposits (Table II),null,298520
2026-07-16,Total TGA Withdrawals (Table II) (-),null,271986
2026-07-16,Treasury General Account (TGA) Closing Balance,null,822510
2026-07-17,Treasury General Account (TGA) Opening Balance,null,822510
2026-07-17,Total TGA Deposits (Table II),null,14393
2026-07-17,Total TGA Withdrawals (Table II) (-),null,21484
2026-07-17,Treasury General Account (TGA) Closing Balance,null,815418
2026-07-20,Treasury General Account (TGA) Opening Balance,null,815418
2026-07-20,Total TGA Deposits (Table II),null,32881
2026-07-20,Total TGA Withdrawals (Table II) (-),null,20103
2026-07-20,Treasury General Account (TGA) Closing Balance,null,828197
2026-07-21,Treasury General Account (TGA) Opening Balance,null,828197
2026-07-21,Total TGA Deposits (Table II),null,310515
2026-07-21,Total TGA Withdrawals (Table II) (-),null,263732
2026-07-21,Treasury General Account (TGA) Closing Balance,null,874980
2026-07-22,Treasury General Account (TGA) Opening Balance,null,874980
2026-07-22,Total TGA Deposits (Table II),null,18798
2026-07-22,Total TGA Withdrawals (Table II) (-),null,58360
2026-07-22,Treasury General Account (TGA) Closing Balance,null,835417
2026-07-23,Treasury General Account (TGA) Opening Balance,null,835417
2026-07-23,Total TGA Deposits (Table II),null,308468
2026-07-23,Total TGA Withdrawals (Table II) (-),null,266684
2026-07-23,Treasury General Account (TGA) Closing Balance,null,877201
2026-07-24,Treasury General Account (TGA) Opening Balance,null,877201
2026-07-24,Total TGA Deposits (Table II),null,27042
2026-07-24,Total TGA Withdrawals (Table II) (-),null,17944
2026-07-24,Treasury General Account (TGA) Closing Balance,null,886300
2026-07-27,Treasury General Account (TGA) Opening Balance,null,886300
2026-07-27,Total TGA Deposits (Table II),null,33776
2026-07-27,Total TGA Withdrawals (Table II) (-),null,17325
2026-07-27,Treasury General Account (TGA) Closing Balance,null,902751
2026-07-28,Treasury General Account (TGA) Opening Balance,null,902751
2026-07-28,Total TGA Deposits (Table II),null,309447
2026-07-28,Total TGA Withdrawals (Table II) (-),null,246062
2026-07-28,Treasury General Account (TGA) Closing Balance,null,966136
2026-07-29,Treasury General Account (TGA) Opening Balance,null,966136
2026-07-29,Total TGA Deposits (Table II),null,22514
2026-07-29,Total TGA Withdrawals (Table II) (-),null,18208
2026-07-29,Treasury General Account (TGA) Closing Balance,null,970442
2026-07-30,Treasury General Account (TGA) Opening Balance,null,970442
2026-07-30,Total TGA Deposits (Table II),null,293729
2026-07-30,Total TGA Withdrawals (Table II) (-),null,266225
2026-07-30,Treasury General Account (TGA) Closing Balance,null,997946
2026-07-31,Treasury General Account (TGA) Opening Balance,null,997946
2026-07-31,Total TGA Deposits (Table II),null,281854
2026-07-31,Total TGA Withdrawals (Table II) (-),null,403235
2026-07-31,Treasury General Account (TGA) Closing Balance,null,876566
2026-08-03,Treasury General Account (TGA) Opening Balance,null,876566
2026-08-03,Total TGA Deposits (Table II),null,59203
2026-08-03,Total TGA Withdrawals (Table II) (-),null,65686
2026-08-03,Treasury General Account (TGA) Closing Balance,null,870083
2026-08-04,Treasury General Account (TGA) Opening Balance,null,870083
2026-08-04,Total TGA Deposits (Table II),null,312260
2026-08-04,Total TGA Withdrawals (Table II) (-),null,258123
2026-08-04,Treasury General Account (TGA) Closing Balance,null,924219
2026-08-05,Treasury General Account (TGA) Opening Balance,null,924219
2026-08-05,Total TGA Deposits (Table II),null,21365
2026-08-05,Total TGA Withdrawals (Table II) (-),null,16259
2026-08-05,Treasury General Account (TGA) Closing Balance,null,929325
2026-08-06,Treasury General Account (TGA) Opening Balance,null,929325
2026-08-06,Total TGA Deposits (Table II),null,350416
2026-08-06,Total TGA Withdrawals (Table II) (-),null,318015
2026-08-06,Treasury General Account (TGA) Closing Balance,null,961726
2026-08-07,Treasury General Account (TGA) Opening Balance,null,961726
2026-08-07,Total TGA Deposits (Table II),null,14542
2026-08-07,Total TGA Withdrawals (Table II) (-),null,22155
2026-08-07,Treasury General Account (TGA) Closing Balance,null,954113
2026-08-10,Treasury General Account (TGA) Opening Balance,null,954113
2026-08-10,Total TGA Deposits (Table II),null,30086
2026-08-10,Total TGA Withdrawals (Table II) (-),null,17348
2026-08-10,Treasury General Account (TGA) Closing Balance,null,966851
2026-08-11,Treasury General Account (TGA) Opening Balance,null,966851
2026-08-11,Total TGA Deposits (Table II),null,307531
2026-08-11,Total TGA Withdrawals (Table II) (-),null,277052
2026-08-11,Treasury General Account (TGA) Closing Balance,null,997330
2026-08-12,Treasury General Account (TGA) Opening Balance,null,997330
2026-08-12,Total TGA Deposits (Table II),null,17279
2026-08-12,Total TGA Withdrawals (Table II) (-),null,55204
2026-08-12,Treasury General Account (TGA) Closing Balance,null,959405
2026-08-13,Treasury General Account (TGA) Opening Balance,null,959405
2026-08-13,Total TGA Deposits (Table II),null,289110
2026-08-13,Total TGA Withdrawals (Table II) (-),null,281928
2026-08-13,Treasury General Account (TGA) Closing Balance,null,966587
2026-08-14,Treasury General Account (TGA) Opening Balance,null,966587
2026-08-14,Total TGA Deposits (Table II),null,19092
2026-08-14,Total TGA Withdrawals (Table II) (-),null,26495
2026-08-14,Treasury General Account (TGA) Closing Balance,null,959184
2026-08-17,Treasury General Account (TGA) Opening Balance,null,959184
2026-08-17,Total TGA Deposits (Table II),null,205240
2026-08-17,Total TGA Withdrawals (Table II) (-),null,231639
2026-08-17,Treasury General Account (TGA) Closing Balance,null,932785
2026-08-18,Treasury General Account (TGA) Opening Balance,null,932785
2026-08-18,Total TGA Deposits (Table II),null,315449
2026-08-18,Total TGA Withdrawals (Table II) (-),null,286282
2026-08-18,Treasury General Account (TGA) Closing Balance,null,961952
2026-08-19,Treasury General Account (TGA) Opening Balance,null,961952
2026-08-19,Total TGA Deposits (Table II),null,23396
2026-08-19,Total TGA Withdrawals (Table II) (-),null,48942
2026-08-19,Treasury General Account (TGA) Closing Balance,null,936406
2026-08-20,Treasury General Account (TGA) Opening Balance,null,936406
2026-08-20,Total TGA Deposits (Table II),null,295501
2026-08-20,Total TGA Withdrawals (Table II) (-),null,296830
2026-08-20,Treasury General Account (TGA) Closing Balance,null,935077
2026-08-21,Treasury General Account (TGA) Opening Balance,null,935077
2026-08-21,Total TGA Deposits (Table II),null,15764
2026-08-21,Total TGA Withdrawals (Table II) (-),null,17623
2026-08-21,Treasury General Account (TGA) Closing Balance,null,933218
2026-08-24,Treasury General Account (TGA) Opening Balance,null,933218
2026-08-24,Total TGA Deposits (Table II),null,50397
2026-08-24,Total TGA Withdrawals (Table II) (-),null,16765
2026-08-24,Treasury General Account (TGA) Closing Balance,null,966849
2026-08-25,Treasury General Account (TGA) Opening Balance,null,966849
2026-08-25,Total TGA Deposits (Table II),null,313926
2026-08-25,Total TGA Withdrawals (Table II) (-),null,286638
2026-08-25,Treasury General Account (TGA) Closing Balance,null,994137
2026-08-26,Treasury General Account (TGA) Opening Balance,null,994137
2026-08-26,Total TGA Deposits (Table II),null,18341
2026-08-26,Total TGA Withdrawals (Table II) (-),null,53043
2026-08-26,Treasury General Account (TGA) Closing Balance,null,959435
2026-08-27,Treasury General Account (TGA) Opening Balance,null,959435
2026-08-27,Total TGA Deposits (Table II),null,288576
2026-08-27,Total TGA Withdrawals (Table II) (-),null,297207
2026-08-27,Treasury General Account (TGA) Closing Balance,null,950804
2026-08-28,Treasury General Account (TGA) Opening Balance,null,950804
2026-08-28,Total TGA Deposits (Table II),null,44528
2026-08-28,Total TGA Withdrawals (Table II) (-),null,23989
2026-08-28,Treasury General Account (TGA) Closing Balance,null,971343
2026-08-31,Treasury General Account (TGA) Opening Balance,null,971343
2026-08-31,Total TGA Deposits (Table II),null,270397
2026-08-31,Total TGA Withdrawals (Table II) (-),null,218186
2026-08-31,Treasury General Account (TGA) Closing Balance,null,1023554
2026-09-01,Treasury General Account (TGA) Opening Balance,null,1023554
2026-09-01,Total TGA Deposits (Table II),null,319714
2026-09-01,Total TGA Withdrawals (Table II) (-),null,400475
2026-09-01,Treasury General Account (TGA) Closing Balance,null,942793
2026-09-02,Treasury General Account (TGA) Opening Balance,null,942793
2026-09-02,Total TGA Deposits (Table II),null,22980
2026-09-02,Total TGA Withdrawals (Table II) (-),null,21409
2026-09-02,Treasury General Account (TGA) Closing Balance,null,944364
2026-09-03,Treasury General Account (TGA) Opening Balance,null,944364
2026-09-03,Total TGA Deposits (Table II),null,336240
2026-09-03,Total TGA Withdrawals (Table II) (-),null,376676
2026-09-03,Treasury General Account (TGA) Closing Balance,null,903928
2026-09-04,Treasury General Account (TGA) Opening Balance,null,903928
2026-09-04,Total TGA Deposits (Table II),null,17562
2026-09-04,Total TGA Withdrawals (Table II) (-),null,32567
2026-09-04,Treasury General Account (TGA) Closing Balance,null,888923
2026-09-08,Treasury General Account (TGA) Opening Balance,null,888923
2026-09-08,Total TGA Deposits (Table II),null,300422
2026-09-08,Total TGA Withdrawals (Table II) (-),null,309326
2026-09-08,Treasury General Account (TGA) Closing Balance,null,880019
2026-09-09,Treasury General Account (TGA) Opening Balance,null,880019
2026-09-09,Total TGA Deposits (Table II),null,15943
2026-09-09,Total TGA Withdrawals (Table II) (-),null,52257
2026-09-09,Treasury General Account (TGA) Closing Balance,null,843705
2026-09-10,Treasury General Account (TGA) Opening Balance,null,843705
2026-09-10,Total TGA Deposits (Table II),null,291986
2026-09-10,Total TGA Withdrawals (Table II) (-),null,317581
2026-09-10,Treasury General Account (TGA) Closing Balance,null,818110
2026-09-11,Treasury General Account (TGA) Opening Balance,null,818110
2026-09-11,Total TGA Deposits (Table II),null,34042
2026-09-11,Total TGA Withdrawals (Table II) (-),null,29952
2026-09-11,Treasury General Account (TGA) Closing Balance,null,822200
2026-09-14,Treasury General Account (TGA) Opening Balance,null,822200
2026-09-14,Total TGA Deposits (Table II),null,75767
2026-09-14,Total TGA Withdrawals (Table II) (-),null,26743
2026-09-14,Treasury General Account (TGA) Closing Balance,null,871224
2026-09-15,Treasury General Account (TGA) Opening Balance,null,871224
2026-09-15,Total TGA Deposits (Table II),null,496853
2026-09-15,Total TGA Withdrawals (Table II) (-),null,376519
2026-09-15,Treasury General Account (TGA) Closing Balance,null,991557
2026-09-16,Treasury General Account (TGA) Opening Balance,null,991557
2026-09-16,Total TGA Deposits (Table II),null,50321
2026-09-16,Total TGA Withdrawals (Table II) (-),null,50170
2026-09-16,Treasury General Account (TGA) Closing Balance,null,991708
2026-09-17,Treasury General Account (TGA) Opening Balance,null,991708
2026-09-17,Total TGA Deposits (Table II),null,283312
2026-09-17,Total TGA Withdrawals (Table II) (-),null,302346
2026-09-17,Treasury General Account (TGA) Closing Balance,null,972675
2026-09-18,Treasury General Account (TGA) Opening Balance,null,972675
2026-09-18,Total TGA Deposits (Table II),null,32794
2026-09-18,Total TGA Withdrawals (Table II) (-),null,19537
2026-09-18,Treasury General Account (TGA) Closing Balance,null,985932
2026-09-21,Treasury General Account (TGA) Opening Balance,null,985932
2026-09-21,Total TGA Deposits (Table II),null,35366
2026-09-21,Total TGA Withdrawals (Table II) (-),null,16907
2026-09-21,Treasury General Account (TGA) Closing Balance,null,1004391
2026-09-22,Treasury General Account (TGA) Opening Balance,null,1004391
2026-09-22,Total TGA Deposits (Table II),null,283175
2026-09-22,Total TGA Withdrawals (Table II) (-),null,330157
2026-09-22,Treasury General Account (TGA) Closing Balance,null,957409
2026-09-23,Treasury General Account (TGA) Opening Balance,null,957409
2026-09-23,Total TGA Deposits (Table II),null,43980
2026-09-23,Total TGA Withdrawals (Table II) (-),null,54071
2026-09-23,Treasury General Account (TGA) Closing Balance,null,947317
2026-09-24,Treasury General Account (TGA) Opening Balance,null,947317
2026-09-24,Total TGA Deposits (Table II),null,278110
2026-09-24,Total TGA Withdrawals (Table II) (-),null,300800
2026-09-24,Treasury General Account (TGA) Closing Balance,null,924627
2026-09-25,Treasury General Account (TGA) Opening Balance,null,924627
2026-09-25,Total TGA Deposits (Table II),null,49518
2026-09-25,Total TGA Withdrawals (Table II) (-),null,28854
2026-09-25,Treasury General Account (TGA) Closing Balance,null,945290
2026-09-28,Treasury General Account (TGA) Opening Balance,null,945290
2026-09-28,Total TGA Deposits (Table II),null,34933
2026-09-28,Total TGA Withdrawals (Table II) (-),null,20651
2026-09-28,Treasury General Account (TGA) Closing Balance,null,959572
2026-09-29,Treasury General Account (TGA) Opening Balance,null,959572
2026-09-29,Total TGA Deposits (Table II),null,283527
2026-09-29,Total TGA Withdrawals (Table II) (-),null,306499
2026-09-29,Treasury General Account (TGA) Closing Balance,null,936600
2026-09-30,Treasury General Account (TGA) Opening Balance,null,936600
2026-09-30,Total TGA Deposits (Table II),null,261824
2026-09-30,Total TGA Withdrawals (Table II) (-),null,214379
2026-09-30,Treasury General Account (TGA) Closing Balance,null,984046
2026-10-01,Treasury General Account (TGA) Opening Balance,null,984046
2026-10-01,Total TGA Deposits (Table II),null,373651
2026-10-01,Total TGA Withdrawals (Table II) (-),null,463997
2026-10-01,Treasury General Account (TGA) Closing Balance,null,893699
2026-10-02,Treasury General Account (TGA) Opening Balance,null,893699
2026-10-02,Total TGA Deposits (Table II),null,20416
2026-10-02,Total TGA Withdrawals (Table II) (-),null,42933
2026-10-02,Treasury General Account (TGA) Closing Balance,null,871181
